/* SPDX-License-Identifier: (LGPL-2.1 OR BSD-2-Clause) */

/* THIS FILE IS AUTOGENERATED! */
#ifndef __XDP_LB_BPF_SKEL_H__
#define __XDP_LB_BPF_SKEL_H__

#include <errno.h>
#include <stdlib.h>
#include <bpf/libbpf.h>

struct xdp_lb_bpf {
	struct bpf_object_skeleton *skeleton;
	struct bpf_object *obj;
	struct {
		struct bpf_map *backends;
		struct bpf_map *data;
		struct bpf_map *rodata;
	} maps;
	struct {
		struct bpf_program *xdp_load_balancer;
	} progs;
	struct {
		struct bpf_link *xdp_load_balancer;
	} links;
	struct xdp_lb_bpf__data {
		int client_ip;
		unsigned char client_mac[6];
		int load_balancer_ip;
		unsigned char load_balancer_mac[6];
	} *data;
	struct xdp_lb_bpf__rodata {
	} *rodata;
};

static void
xdp_lb_bpf__destroy(struct xdp_lb_bpf *obj)
{
	if (!obj)
		return;
	if (obj->skeleton)
		bpf_object__destroy_skeleton(obj->skeleton);
	free(obj);
}

static inline int
xdp_lb_bpf__create_skeleton(struct xdp_lb_bpf *obj);

static inline struct xdp_lb_bpf *
xdp_lb_bpf__open_opts(const struct bpf_object_open_opts *opts)
{
	struct xdp_lb_bpf *obj;
	int err;

	obj = (struct xdp_lb_bpf *)calloc(1, sizeof(*obj));
	if (!obj) {
		errno = ENOMEM;
		return NULL;
	}

	err = xdp_lb_bpf__create_skeleton(obj);
	err = err ?: bpf_object__open_skeleton(obj->skeleton, opts);
	if (err)
		goto err_out;

	return obj;
err_out:
	xdp_lb_bpf__destroy(obj);
	errno = -err;
	return NULL;
}

static inline struct xdp_lb_bpf *
xdp_lb_bpf__open(void)
{
	return xdp_lb_bpf__open_opts(NULL);
}

static inline int
xdp_lb_bpf__load(struct xdp_lb_bpf *obj)
{
	return bpf_object__load_skeleton(obj->skeleton);
}

static inline struct xdp_lb_bpf *
xdp_lb_bpf__open_and_load(void)
{
	struct xdp_lb_bpf *obj;
	int err;

	obj = xdp_lb_bpf__open();
	if (!obj)
		return NULL;
	err = xdp_lb_bpf__load(obj);
	if (err) {
		xdp_lb_bpf__destroy(obj);
		errno = -err;
		return NULL;
	}
	return obj;
}

static inline int
xdp_lb_bpf__attach(struct xdp_lb_bpf *obj)
{
	return bpf_object__attach_skeleton(obj->skeleton);
}

static inline void
xdp_lb_bpf__detach(struct xdp_lb_bpf *obj)
{
	return bpf_object__detach_skeleton(obj->skeleton);
}

static inline int
xdp_lb_bpf__create_skeleton(struct xdp_lb_bpf *obj)
{
	struct bpf_object_skeleton *s;

	s = (struct bpf_object_skeleton *)calloc(1, sizeof(*s));
	if (!s)
		goto err;

	s->sz = sizeof(*s);
	s->name = "xdp_lb_bpf";
	s->obj = &obj->obj;

	/* maps */
	s->map_cnt = 3;
	s->map_skel_sz = sizeof(*s->maps);
	s->maps = (struct bpf_map_skeleton *)calloc(s->map_cnt, s->map_skel_sz);
	if (!s->maps)
		goto err;

	s->maps[0].name = "backends";
	s->maps[0].map = &obj->maps.backends;

	s->maps[1].name = "xdp_lb_b.data";
	s->maps[1].map = &obj->maps.data;
	s->maps[1].mmaped = (void **)&obj->data;

	s->maps[2].name = "xdp_lb_b.rodata";
	s->maps[2].map = &obj->maps.rodata;
	s->maps[2].mmaped = (void **)&obj->rodata;

	/* programs */
	s->prog_cnt = 1;
	s->prog_skel_sz = sizeof(*s->progs);
	s->progs = (struct bpf_prog_skeleton *)calloc(s->prog_cnt, s->prog_skel_sz);
	if (!s->progs)
		goto err;

	s->progs[0].name = "xdp_load_balancer";
	s->progs[0].prog = &obj->progs.xdp_load_balancer;
	s->progs[0].link = &obj->links.xdp_load_balancer;

	s->data_sz = 194520;
	s->data = (void *)"\
\x7f\x45\x4c\x46\x02\x01\x01\0\0\0\0\0\0\0\0\0\x01\0\xf7\0\x01\0\0\0\0\0\0\0\0\
\0\0\0\0\0\0\0\0\0\0\0\x18\xf4\x02\0\0\0\0\0\0\0\0\0\x40\0\0\0\0\0\x40\0\x0f\0\
\x01\0\x61\x18\x04\0\0\0\0\0\x61\x19\0\0\0\0\0\0\x18\x01\0\0\0\0\0\0\0\0\0\0\0\
\0\0\0\xb7\x02\0\0\x22\0\0\0\x85\0\0\0\x06\0\0\0\xb7\x07\0\0\x02\0\0\0\xbf\x96\
\0\0\0\0\0\0\x07\x06\0\0\x0e\0\0\0\x2d\x86\x70\x18\0\0\0\0\x71\x91\x0d\0\0\0\0\
\0\x67\x01\0\0\x08\0\0\0\x71\x92\x0c\0\0\0\0\0\x4f\x21\0\0\0\0\0\0\x55\x01\x6b\
\x18\x08\0\0\0\xbf\x91\0\0\0\0\0\0\x07\x01\0\0\x22\0\0\0\x2d\x81\x68\x18\0\0\0\
\0\x71\x91\x17\0\0\0\0\0\x55\x01\x66\x18\x06\0\0\0\xbf\x92\0\0\0\0\0\0\x07\x02\
\0\0\x0e\0\0\0\x71\x91\x0e\0\0\0\0\0\x67\x01\0\0\x02\0\0\0\x57\x01\0\0\x3c\0\0\
\0\x0f\x12\0\0\0\0\0\0\x7b\x2a\xc0\xff\0\0\0\0\xbf\x21\0\0\0\0\0\0\x07\x01\0\0\
\x14\0\0\0\x2d\x81\x5c\x18\0\0\0\0\x7b\x8a\xb8\xff\0\0\0\0\x61\x93\x1a\0\0\0\0\
\0\xdc\x03\0\0\x20\0\0\0\x18\x01\0\0\x22\0\0\0\0\0\0\0\0\0\0\0\xb7\x02\0\0\x19\
\0\0\0\x85\0\0\0\x06\0\0\0\x61\x93\x1e\0\0\0\0\0\xdc\x03\0\0\x20\0\0\0\x18\x01\
\0\0\x3b\0\0\0\0\0\0\0\0\0\0\0\xb7\x02\0\0\x1e\0\0\0\x85\0\0\0\x06\0\0\0\x71\
\x91\x06\0\0\0\0\0\x7b\x1a\xd0\xff\0\0\0\0\x71\x91\x07\0\0\0\0\0\x7b\x1a\xd8\
\xff\0\0\0\0\x71\x91\x08\0\0\0\0\0\x7b\x1a\xe0\xff\0\0\0\0\x71\x91\x09\0\0\0\0\
\0\x7b\x1a\xe8\xff\0\0\0\0\x71\x91\x0a\0\0\0\0\0\x7b\x1a\xf0\xff\0\0\0\0\x71\
\x91\x0b\0\0\0\0\0\x7b\x1a\xf8\xff\0\0\0\0\xbf\xa3\0\0\0\0\0\0\x07\x03\0\0\xd0\
\xff\xff\xff\x18\x01\0\0\x59\0\0\0\0\0\0\0\0\0\0\0\xb7\x02\0\0\x27\0\0\0\xb7\
\x04\0\0\x30\0\0\0\x85\0\0\0\xb1\0\0\0\x71\x91\0\0\0\0\0\0\x7b\x1a\xd0\xff\0\0\
\0\0\x71\x91\x01\0\0\0\0\0\x7b\x1a\xd8\xff\0\0\0\0\x71\x91\x02\0\0\0\0\0\x7b\
\x1a\xe0\xff\0\0\0\0\x71\x91\x03\0\0\0\0\0\x7b\x1a\xe8\xff\0\0\0\0\x71\x91\x04\
\0\0\0\0\0\x7b\x1a\xf0\xff\0\0\0\0\x71\x91\x05\0\0\0\0\0\x7b\x1a\xf8\xff\0\0\0\
\0\xbf\xa3\0\0\0\0\0\0\x07\x03\0\0\xd0\xff\xff\xff\x18\x01\0\0\x80\0\0\0\0\0\0\
\0\0\0\0\0\xb7\x02\0\0\x2c\0\0\0\xb7\x04\0\0\x30\0\0\0\x85\0\0\0\xb1\0\0\0\x18\
\x08\0\0\0\0\0\0\0\0\0\0\0\0\0\0\x61\x81\0\0\0\0\0\0\x61\x92\x1a\0\0\0\0\0\x5d\
\x12\x45\0\0\0\0\0\x18\x01\0\0\xac\0\0\0\0\0\0\0\0\0\0\0\xb7\x02\0\0\x13\0\0\0\
\x85\0\0\0\x06\0\0\0\x61\x91\x1a\0\0\0\0\0\x63\x1a\xd0\xff\0\0\0\0\x7b\x9a\xb0\
\xff\0\0\0\0\x61\x91\x1e\0\0\0\0\0\x63\x1a\xd4\xff\0\0\0\0\x79\xa2\xc0\xff\0\0\
\0\0\x69\x21\0\0\0\0\0\0\xdc\x01\0\0\x10\0\0\0\x6b\x1a\xd8\xff\0\0\0\0\x69\x21\
\x02\0\0\0\0\0\xdc\x01\0\0\x10\0\0\0\x6b\x1a\xda\xff\0\0\0\0\xb7\x08\0\0\x0c\0\
\0\0\xb7\x09\0\0\xbd\x67\x56\x16\xbf\xa1\0\0\0\0\0\0\x07\x01\0\0\xd0\xff\xff\
\xff\xb7\x02\0\0\x04\0\0\0\x18\x03\0\0\0\x80\xff\xff\0\0\0\0\0\0\0\0\xbf\x84\0\
\0\0\0\0\0\x67\x04\0\0\x20\0\0\0\x77\x04\0\0\x20\0\0\0\x2d\x42\x1a\0\0\0\0\0\
\x71\x10\x01\0\0\0\0\0\x67\0\0\0\x08\0\0\0\x71\x14\0\0\0\0\0\0\x4f\x40\0\0\0\0\
\0\0\x71\x14\x02\0\0\0\0\0\x67\x04\0\0\x10\0\0\0\x4f\x40\0\0\0\0\0\0\x71\x14\
\x03\0\0\0\0\0\x67\x04\0\0\x18\0\0\0\x4f\x40\0\0\0\0\0\0\x27\0\0\0\x3d\xae\xb2\
\xc2\x0f\x90\0\0\0\0\0\0\xbf\x04\0\0\0\0\0\0\x5f\x34\0\0\0\0\0\0\x67\0\0\0\x11\
\0\0\0\x77\x04\0\0\x0f\0\0\0\x4f\x40\0\0\0\0\0\0\x18\x05\0\0\xfc\xff\xff\xff\0\
\0\0\0\0\0\0\0\xb7\x04\0\0\x04\0\0\0\x27\0\0\0\x2f\xeb\xd4\x27\xbf\x09\0\0\0\0\
\0\0\x0f\x85\0\0\0\0\0\0\x0f\x41\0\0\0\0\0\0\xbf\x58\0\0\0\0\0\0\x05\0\xe2\xff\
\0\0\0\0\x15\x04\x24\0\0\0\0\0\x71\x10\0\0\0\0\0\0\x27\0\0\0\xb1\x67\x56\x16\
\x0f\x90\0\0\0\0\0\0\xbf\x04\0\0\0\0\0\0\x18\x05\0\0\0\0\xe0\xff\0\0\0\0\0\0\0\
\0\x5f\x54\0\0\0\0\0\0\x67\0\0\0\x0b\0\0\0\x77\x04\0\0\x15\0\0\0\x4f\x40\0\0\0\
\0\0\0\x18\x05\0\0\xff\xff\xff\xff\0\0\0\0\0\0\0\0\xb7\x04\0\0\x01\0\0\0\x27\0\
\0\0\xb1\x79\x37\x9e\x05\0\xeb\xff\0\0\0\0\x18\x01\0\0\xbf\0\0\0\0\0\0\0\0\0\0\
\0\xb7\x02\0\0\x14\0\0\0\x85\0\0\0\x06\0\0\0\x61\x81\0\0\0\0\0\0\x63\x19\x1e\0\
\0\0\0\0\x18\x01\0\0\0\0\0\0\0\0\0\0\0\0\0\0\x71\x12\x05\0\0\0\0\0\x73\x29\x05\
\0\0\0\0\0\x71\x12\x04\0\0\0\0\0\x73\x29\x04\0\0\0\0\0\x71\x12\x03\0\0\0\0\0\
\x73\x29\x03\0\0\0\0\0\x71\x12\x02\0\0\0\0\0\x73\x29\x02\0\0\0\0\0\x71\x12\x01\
\0\0\0\0\0\x73\x29\x01\0\0\0\0\0\x71\x11\0\0\0\0\0\0\x73\x19\0\0\0\0\0\0\x05\0\
\x28\0\0\0\0\0\x18\x01\0\0\0\x80\xff\xff\0\0\0\0\0\0\0\0\xbf\x92\0\0\0\0\0\0\
\x5f\x12\0\0\0\0\0\0\x77\x02\0\0\x0f\0\0\0\xaf\x92\0\0\0\0\0\0\x27\x02\0\0\x77\
\xca\xeb\x85\x18\x01\0\0\0\xe0\xff\xff\0\0\0\0\0\0\0\0\xbf\x23\0\0\0\0\0\0\x5f\
\x13\0\0\0\0\0\0\x77\x03\0\0\x0d\0\0\0\xaf\x23\0\0\0\0\0\0\x27\x03\0\0\x3d\xae\
\xb2\xc2\xbf\x31\0\0\0\0\0\0\x77\x01\0\0\x10\0\0\0\xaf\x31\0\0\0\0\0\0\x57\x01\
\0\0\x01\0\0\0\x63\x1a\xcc\xff\0\0\0\0\xbf\xa2\0\0\0\0\0\0\x07\x02\0\0\xcc\xff\
\xff\xff\x18\x01\0\0\0\0\0\0\0\0\0\0\0\0\0\0\x85\0\0\0\x01\0\0\0\x15\0\xb1\x17\
\0\0\0\0\x61\x01\0\0\0\0\0\0\x79\xa9\xb0\xff\0\0\0\0\x63\x19\x1e\0\0\0\0\0\x71\
\x01\x07\0\0\0\0\0\x73\x19\x03\0\0\0\0\0\x71\x01\x06\0\0\0\0\0\x73\x19\x02\0\0\
\0\0\0\x71\x01\x05\0\0\0\0\0\x73\x19\x01\0\0\0\0\0\x71\x01\x04\0\0\0\0\0\x73\
\x19\0\0\0\0\0\0\x71\x01\x09\0\0\0\0\0\x73\x19\x05\0\0\0\0\0\x71\x01\x08\0\0\0\
\0\0\x73\x19\x04\0\0\0\0\0\xbf\x91\0\0\0\0\0\0\x07\x01\0\0\x06\0\0\0\x18\x02\0\
\0\0\0\0\0\0\0\0\0\0\0\0\0\x61\x22\0\0\0\0\0\0\x63\x29\x1a\0\0\0\0\0\x18\x02\0\
\0\0\0\0\0\0\0\0\0\0\0\0\0\x71\x23\x05\0\0\0\0\0\x73\x31\x05\0\0\0\0\0\x71\x23\
\x04\0\0\0\0\0\x73\x31\x04\0\0\0\0\0\x71\x23\x03\0\0\0\0\0\x73\x31\x03\0\0\0\0\
\0\x71\x23\x02\0\0\0\0\0\x73\x31\x02\0\0\0\0\0\x71\x23\x01\0\0\0\0\0\x73\x31\
\x01\0\0\0\0\0\x71\x22\0\0\0\0\0\0\x73\x21\0\0\0\0\0\0\xb7\x07\0\0\0\0\0\0\x6b\
\x79\x18\0\0\0\0\0\xb7\x01\0\0\0\0\0\0\xb7\x02\0\0\0\0\0\0\xbf\x63\0\0\0\0\0\0\
\xb7\x04\0\0\x14\0\0\0\xb7\x05\0\0\0\0\0\0\x85\0\0\0\x1c\0\0\0\xb7\x01\0\0\0\0\
\x01\0\x79\xa3\xb8\xff\0\0\0\0\x2d\x01\x04\0\0\0\0\0\xbf\x02\0\0\0\0\0\0\x77\
\x02\0\0\x10\0\0\0\x57\0\0\0\xff\xff\0\0\x0f\x20\0\0\0\0\0\0\x2d\x01\x04\0\0\0\
\0\0\xbf\x02\0\0\0\0\0\0\x77\x02\0\0\x10\0\0\0\x57\0\0\0\xff\xff\0\0\x0f\x20\0\
\0\0\0\0\0\x2d\x01\x04\0\0\0\0\0\xbf\x02\0\0\0\0\0\0\x77\x02\0\0\x10\0\0\0\x57\
\0\0\0\xff\xff\0\0\x0f\x20\0\0\0\0\0\0\x2d\x01\x02\0\0\0\0\0\xbf\x01\0\0\0\0\0\
\0\x77\x01\0\0\x10\0\0\0\x0f\x01\0\0\0\0\0\0\xa7\x01\0\0\xff\xff\xff\xff\x6b\
\x19\x18\0\0\0\0\0\x79\xa1\xc0\xff\0\0\0\0\x6b\x71\x10\0\0\0\0\0\xbf\x17\0\0\0\
\0\0\0\xbf\x35\0\0\0\0\0\0\x1f\x75\0\0\0\0\0\0\xdc\x05\0\0\x10\0\0\0\x61\x94\
\x1a\0\0\0\0\0\xbf\x41\0\0\0\0\0\0\x57\x01\0\0\xff\xff\0\0\x0f\x15\0\0\0\0\0\0\
\xbf\x41\0\0\0\0\0\0\x77\x01\0\0\x10\0\0\0\x0f\x15\0\0\0\0\0\0\xbf\x98\0\0\0\0\
\0\0\x61\x99\x1e\0\0\0\0\0\xbf\x91\0\0\0\0\0\0\x57\x01\0\0\xff\xff\0\0\x0f\x15\
\0\0\0\0\0\0\xbf\x91\0\0\0\0\0\0\x77\x01\0\0\x10\0\0\0\x0f\x15\0\0\0\0\0\0\x07\
\x05\0\0\0\x06\0\0\xbf\x71\0\0\0\0\0\0\x07\x01\0\0\x02\0\0\0\xbf\x52\0\0\0\0\0\
\0\x2d\x31\x18\x17\0\0\0\0\xb7\x01\0\0\0\0\0\0\xbf\x70\0\0\0\0\0\0\xbf\x52\0\0\
\0\0\0\0\x69\x05\0\0\0\0\0\0\x0f\x52\0\0\0\0\0\0\xbf\x15\0\0\0\0\0\0\x47\x05\0\
\0\x01\0\0\0\x15\x05\x10\x17\xef\x02\0\0\x67\x05\0\0\x01\0\0\0\xbf\x70\0\0\0\0\
\0\0\x0f\x50\0\0\0\0\0\0\xbf\x05\0\0\0\0\0\0\x07\x05\0\0\x02\0\0\0\x2d\x35\x0a\
\x17\0\0\0\0\x69\x05\0\0\0\0\0\0\x0f\x52\0\0\0\0\0\0\xbf\x15\0\0\0\0\0\0\x67\
\x05\0\0\x01\0\0\0\x0f\x75\0\0\0\0\0\0\xbf\x50\0\0\0\0\0\0\x07\0\0\0\x06\0\0\0\
\x2d\x30\x02\x17\0\0\0\0\xbf\x56\0\0\0\0\0\0\x07\x06\0\0\x04\0\0\0\x69\x66\0\0\
\0\0\0\0\x0f\x62\0\0\0\0\0\0\x07\x05\0\0\x08\0\0\0\x2d\x35\xfc\x16\0\0\0\0\x69\
\x05\0\0\0\0\0\0\x0f\x52\0\0\0\0\0\0\xbf\x15\0\0\0\0\0\0\x67\x05\0\0\x01\0\0\0\
\x0f\x75\0\0\0\0\0\0\xbf\x50\0\0\0\0\0\0\x07\0\0\0\x0a\0\0\0\x2d\x30\xf4\x16\0\
\0\0\0\xbf\x56\0\0\0\0\0\0\x07\x06\0\0\x08\0\0\0\x69\x66\0\0\0\0\0\0\x0f\x62\0\
\0\0\0\0\0\x07\x05\0\0\x0c\0\0\0\x2d\x35\xee\x16\0\0\0\0\x69\x05\0\0\0\0\0\0\
\x0f\x52\0\0\0\0\0\0\xbf\x15\0\0\0\0\0\0\x67\x05\0\0\x01\0\0\0\x0f\x75\0\0\0\0\
\0\0\xbf\x50\0\0\0\0\0\0\x07\0\0\0\x0e\0\0\0\x2d\x30\xe6\x16\0\0\0\0\xbf\x56\0\
\0\0\0\0\0\x07\x06\0\0\x0c\0\0\0\x69\x66\0\0\0\0\0\0\x0f\x62\0\0\0\0\0\0\x07\
\x05\0\0\x10\0\0\0\x2d\x35\xe0\x16\0\0\0\0\x69\x05\0\0\0\0\0\0\x0f\x52\0\0\0\0\
\0\0\xbf\x15\0\0\0\0\0\0\x67\x05\0\0\x01\0\0\0\x0f\x75\0\0\0\0\0\0\xbf\x50\0\0\
\0\0\0\0\x07\0\0\0\x12\0\0\0\x2d\x30\xd8\x16\0\0\0\0\xbf\x56\0\0\0\0\0\0\x07\
\x06\0\0\x10\0\0\0\x69\x66\0\0\0\0\0\0\x0f\x62\0\0\0\0\0\0\x07\x05\0\0\x14\0\0\
\0\x2d\x35\xd2\x16\0\0\0\0\x69\x05\0\0\0\0\0\0\x0f\x52\0\0\0\0\0\0\xbf\x15\0\0\
\0\0\0\0\x67\x05\0\0\x01\0\0\0\x0f\x75\0\0\0\0\0\0\xbf\x50\0\0\0\0\0\0\x07\0\0\
\0\x16\0\0\0\x2d\x30\xca\x16\0\0\0\0\xbf\x56\0\0\0\0\0\0\x07\x06\0\0\x14\0\0\0\
\x69\x66\0\0\0\0\0\0\x0f\x62\0\0\0\0\0\0\x07\x05\0\0\x18\0\0\0\x2d\x35\xc4\x16\
\0\0\0\0\x69\x05\0\0\0\0\0\0\x0f\x52\0\0\0\0\0\0\xbf\x15\0\0\0\0\0\0\x67\x05\0\
\0\x01\0\0\0\x0f\x75\0\0\0\0\0\0\xbf\x50\0\0\0\0\0\0\x07\0\0\0\x1a\0\0\0\x2d\
\x30\xbc\x16\0\0\0\0\xbf\x56\0\0\0\0\0\0\x07\x06\0\0\x18\0\0\0\x69\x66\0\0\0\0\
\0\0\x0f\x62\0\0\0\0\0\0\x07\x05\0\0\x1c\0\0\0\x2d\x35\xb6\x16\0\0\0\0\x69\x05\
\0\0\0\0\0\0\x0f\x52\0\0\0\0\0\0\xbf\x15\0\0\0\0\0\0\x67\x05\0\0\x01\0\0\0\x0f\
\x75\0\0\0\0\0\0\xbf\x50\0\0\0\0\0\0\x07\0\0\0\x1e\0\0\0\x2d\x30\xae\x16\0\0\0\
\0\xbf\x56\0\0\0\0\0\0\x07\x06\0\0\x1c\0\0\0\x69\x66\0\0\0\0\0\0\x0f\x62\0\0\0\
\0\0\0\x07\x05\0\0\x20\0\0\0\x2d\x35\xa8\x16\0\0\0\0\x69\x05\0\0\0\0\0\0\x0f\
\x52\0\0\0\0\0\0\xbf\x15\0\0\0\0\0\0\x67\x05\0\0\x01\0\0\0\x0f\x75\0\0\0\0\0\0\
\xbf\x50\0\0\0\0\0\0\x07\0\0\0\x22\0\0\0\x2d\x30\xa0\x16\0\0\0\0\xbf\x56\0\0\0\
\0\0\0\x07\x06\0\0\x20\0\0\0\x69\x66\0\0\0\0\0\0\x0f\x62\0\0\0\0\0\0\x07\x05\0\
\0\x24\0\0\0\x2d\x35\x9a\x16\0\0\0\0\x69\x05\0\0\0\0\0\0\x0f\x52\0\0\0\0\0\0\
\xbf\x15\0\0\0\0\0\0\x67\x05\0\0\x01\0\0\0\x0f\x75\0\0\0\0\0\0\xbf\x50\0\0\0\0\
\0\0\x07\0\0\0\x26\0\0\0\x2d\x30\x92\x16\0\0\0\0\xbf\x56\0\0\0\0\0\0\x07\x06\0\
\0\x24\0\0\0\x69\x66\0\0\0\0\0\0\x0f\x62\0\0\0\0\0\0\x07\x05\0\0\x28\0\0\0\x2d\
\x35\x8c\x16\0\0\0\0\x69\x05\0\0\0\0\0\0\x0f\x52\0\0\0\0\0\0\xbf\x15\0\0\0\0\0\
\0\x67\x05\0\0\x01\0\0\0\x0f\x75\0\0\0\0\0\0\xbf\x50\0\0\0\0\0\0\x07\0\0\0\x2a\
\0\0\0\x2d\x30\x84\x16\0\0\0\0\xbf\x56\0\0\0\0\0\0\x07\x06\0\0\x28\0\0\0\x69\
\x66\0\0\0\0\0\0\x0f\x62\0\0\0\0\0\0\x07\x05\0\0\x2c\0\0\0\x2d\x35\x7e\x16\0\0\
\0\0\x69\x05\0\0\0\0\0\0\x0f\x52\0\0\0\0\0\0\xbf\x15\0\0\0\0\0\0\x67\x05\0\0\
\x01\0\0\0\x0f\x75\0\0\0\0\0\0\xbf\x50\0\0\0\0\0\0\x07\0\0\0\x2e\0\0\0\x2d\x30\
\x76\x16\0\0\0\0\xbf\x56\0\0\0\0\0\0\x07\x06\0\0\x2c\0\0\0\x69\x66\0\0\0\0\0\0\
\x0f\x62\0\0\0\0\0\0\x07\x05\0\0\x30\0\0\0\x2d\x35\x70\x16\0\0\0\0\x69\x05\0\0\
\0\0\0\0\x0f\x52\0\0\0\0\0\0\xbf\x15\0\0\0\0\0\0\x67\x05\0\0\x01\0\0\0\x0f\x75\
\0\0\0\0\0\0\xbf\x50\0\0\0\0\0\0\x07\0\0\0\x32\0\0\0\x2d\x30\x68\x16\0\0\0\0\
\xbf\x56\0\0\0\0\0\0\x07\x06\0\0\x30\0\0\0\x69\x66\0\0\0\0\0\0\x0f\x62\0\0\0\0\
\0\0\x07\x05\0\0\x34\0\0\0\x2d\x35\x62\x16\0\0\0\0\x69\x05\0\0\0\0\0\0\x0f\x52\
\0\0\0\0\0\0\xbf\x15\0\0\0\0\0\0\x67\x05\0\0\x01\0\0\0\x0f\x75\0\0\0\0\0\0\xbf\
\x50\0\0\0\0\0\0\x07\0\0\0\x36\0\0\0\x2d\x30\x5a\x16\0\0\0\0\xbf\x56\0\0\0\0\0\
\0\x07\x06\0\0\x34\0\0\0\x69\x66\0\0\0\0\0\0\x0f\x62\0\0\0\0\0\0\x07\x05\0\0\
\x38\0\0\0\x2d\x35\x54\x16\0\0\0\0\x69\x05\0\0\0\0\0\0\x0f\x52\0\0\0\0\0\0\xbf\
\x15\0\0\0\0\0\0\x67\x05\0\0\x01\0\0\0\x0f\x75\0\0\0\0\0\0\xbf\x50\0\0\0\0\0\0\
\x07\0\0\0\x3a\0\0\0\x2d\x30\x4c\x16\0\0\0\0\xbf\x56\0\0\0\0\0\0\x07\x06\0\0\
\x38\0\0\0\x69\x66\0\0\0\0\0\0\x0f\x62\0\0\0\0\0\0\x07\x05\0\0\x3c\0\0\0\x2d\
\x35\x46\x16\0\0\0\0\x69\x05\0\0\0\0\0\0\x0f\x52\0\0\0\0\0\0\xbf\x15\0\0\0\0\0\
\0\x67\x05\0\0\x01\0\0\0\x0f\x75\0\0\0\0\0\0\xbf\x50\0\0\0\0\0\0\x07\0\0\0\x3e\
\0\0\0\x2d\x30\x3e\x16\0\0\0\0\xbf\x56\0\0\0\0\0\0\x07\x06\0\0\x3c\0\0\0\x69\
\x66\0\0\0\0\0\0\x0f\x62\0\0\0\0\0\0\x07\x05\0\0\x40\0\0\0\x2d\x35\x38\x16\0\0\
\0\0\x69\x05\0\0\0\0\0\0\x0f\x52\0\0\0\0\0\0\xbf\x15\0\0\0\0\0\0\x67\x05\0\0\
\x01\0\0\0\x0f\x75\0\0\0\0\0\0\xbf\x50\0\0\0\0\0\0\x07\0\0\0\x42\0\0\0\x2d\x30\
\x30\x16\0\0\0\0\xbf\x56\0\0\0\0\0\0\x07\x06\0\0\x40\0\0\0\x69\x66\0\0\0\0\0\0\
\x0f\x62\0\0\0\0\0\0\x07\x05\0\0\x44\0\0\0\x2d\x35\x2a\x16\0\0\0\0\x69\x05\0\0\
\0\0\0\0\x0f\x52\0\0\0\0\0\0\xbf\x15\0\0\0\0\0\0\x67\x05\0\0\x01\0\0\0\x0f\x75\
\0\0\0\0\0\0\xbf\x50\0\0\0\0\0\0\x07\0\0\0\x46\0\0\0\x2d\x30\x22\x16\0\0\0\0\
\xbf\x56\0\0\0\0\0\0\x07\x06\0\0\x44\0\0\0\x69\x66\0\0\0\0\0\0\x0f\x62\0\0\0\0\
\0\0\x07\x05\0\0\x48\0\0\0\x2d\x35\x1c\x16\0\0\0\0\x69\x05\0\0\0\0\0\0\x0f\x52\
\0\0\0\0\0\0\xbf\x15\0\0\0\0\0\0\x67\x05\0\0\x01\0\0\0\x0f\x75\0\0\0\0\0\0\xbf\
\x50\0\0\0\0\0\0\x07\0\0\0\x4a\0\0\0\x2d\x30\x14\x16\0\0\0\0\xbf\x56\0\0\0\0\0\
\0\x07\x06\0\0\x48\0\0\0\x69\x66\0\0\0\0\0\0\x0f\x62\0\0\0\0\0\0\x07\x05\0\0\
\x4c\0\0\0\x2d\x35\x0e\x16\0\0\0\0\x69\x05\0\0\0\0\0\0\x0f\x52\0\0\0\0\0\0\xbf\
\x15\0\0\0\0\0\0\x67\x05\0\0\x01\0\0\0\x0f\x75\0\0\0\0\0\0\xbf\x50\0\0\0\0\0\0\
\x07\0\0\0\x4e\0\0\0\x2d\x30\x06\x16\0\0\0\0\xbf\x56\0\0\0\0\0\0\x07\x06\0\0\
\x4c\0\0\0\x69\x66\0\0\0\0\0\0\x0f\x62\0\0\0\0\0\0\x07\x05\0\0\x50\0\0\0\x2d\
\x35\0\x16\0\0\0\0\x69\x05\0\0\0\0\0\0\x0f\x52\0\0\0\0\0\0\xbf\x15\0\0\0\0\0\0\
\x67\x05\0\0\x01\0\0\0\x0f\x75\0\0\0\0\0\0\xbf\x50\0\0\0\0\0\0\x07\0\0\0\x52\0\
\0\0\x2d\x30\xf8\x15\0\0\0\0\xbf\x56\0\0\0\0\0\0\x07\x06\0\0\x50\0\0\0\x69\x66\
\0\0\0\0\0\0\x0f\x62\0\0\0\0\0\0\x07\x05\0\0\x54\0\0\0\x2d\x35\xf2\x15\0\0\0\0\
\x69\x05\0\0\0\0\0\0\x0f\x52\0\0\0\0\0\0\xbf\x15\0\0\0\0\0\0\x67\x05\0\0\x01\0\
\0\0\x0f\x75\0\0\0\0\0\0\xbf\x50\0\0\0\0\0\0\x07\0\0\0\x56\0\0\0\x2d\x30\xea\
\x15\0\0\0\0\xbf\x56\0\0\0\0\0\0\x07\x06\0\0\x54\0\0\0\x69\x66\0\0\0\0\0\0\x0f\
\x62\0\0\0\0\0\0\x07\x05\0\0\x58\0\0\0\x2d\x35\xe4\x15\0\0\0\0\x69\x05\0\0\0\0\
\0\0\x0f\x52\0\0\0\0\0\0\xbf\x15\0\0\0\0\0\0\x67\x05\0\0\x01\0\0\0\x0f\x75\0\0\
\0\0\0\0\xbf\x50\0\0\0\0\0\0\x07\0\0\0\x5a\0\0\0\x2d\x30\xdc\x15\0\0\0\0\xbf\
\x56\0\0\0\0\0\0\x07\x06\0\0\x58\0\0\0\x69\x66\0\0\0\0\0\0\x0f\x62\0\0\0\0\0\0\
\x07\x05\0\0\x5c\0\0\0\x2d\x35\xd6\x15\0\0\0\0\x69\x05\0\0\0\0\0\0\x0f\x52\0\0\
\0\0\0\0\xbf\x15\0\0\0\0\0\0\x67\x05\0\0\x01\0\0\0\x0f\x75\0\0\0\0\0\0\xbf\x50\
\0\0\0\0\0\0\x07\0\0\0\x5e\0\0\0\x2d\x30\xce\x15\0\0\0\0\xbf\x56\0\0\0\0\0\0\
\x07\x06\0\0\x5c\0\0\0\x69\x66\0\0\0\0\0\0\x0f\x62\0\0\0\0\0\0\x07\x05\0\0\x60\
\0\0\0\x2d\x35\xc8\x15\0\0\0\0\x69\x05\0\0\0\0\0\0\x0f\x52\0\0\0\0\0\0\xbf\x15\
\0\0\0\0\0\0\x67\x05\0\0\x01\0\0\0\x0f\x75\0\0\0\0\0\0\xbf\x50\0\0\0\0\0\0\x07\
\0\0\0\x62\0\0\0\x2d\x30\xc0\x15\0\0\0\0\xbf\x56\0\0\0\0\0\0\x07\x06\0\0\x60\0\
\0\0\x69\x66\0\0\0\0\0\0\x0f\x62\0\0\0\0\0\0\x07\x05\0\0\x64\0\0\0\x2d\x35\xba\
\x15\0\0\0\0\x69\x05\0\0\0\0\0\0\x0f\x52\0\0\0\0\0\0\xbf\x15\0\0\0\0\0\0\x67\
\x05\0\0\x01\0\0\0\x0f\x75\0\0\0\0\0\0\xbf\x50\0\0\0\0\0\0\x07\0\0\0\x66\0\0\0\
\x2d\x30\xb2\x15\0\0\0\0\xbf\x56\0\0\0\0\0\0\x07\x06\0\0\x64\0\0\0\x69\x66\0\0\
\0\0\0\0\x0f\x62\0\0\0\0\0\0\x07\x05\0\0\x68\0\0\0\x2d\x35\xac\x15\0\0\0\0\x69\
\x05\0\0\0\0\0\0\x0f\x52\0\0\0\0\0\0\xbf\x15\0\0\0\0\0\0\x67\x05\0\0\x01\0\0\0\
\x0f\x75\0\0\0\0\0\0\xbf\x50\0\0\0\0\0\0\x07\0\0\0\x6a\0\0\0\x2d\x30\xa4\x15\0\
\0\0\0\xbf\x56\0\0\0\0\0\0\x07\x06\0\0\x68\0\0\0\x69\x66\0\0\0\0\0\0\x0f\x62\0\
\0\0\0\0\0\x07\x05\0\0\x6c\0\0\0\x2d\x35\x9e\x15\0\0\0\0\x69\x05\0\0\0\0\0\0\
\x0f\x52\0\0\0\0\0\0\xbf\x15\0\0\0\0\0\0\x67\x05\0\0\x01\0\0\0\x0f\x75\0\0\0\0\
\0\0\xbf\x50\0\0\0\0\0\0\x07\0\0\0\x6e\0\0\0\x2d\x30\x96\x15\0\0\0\0\xbf\x56\0\
\0\0\0\0\0\x07\x06\0\0\x6c\0\0\0\x69\x66\0\0\0\0\0\0\x0f\x62\0\0\0\0\0\0\x07\
\x05\0\0\x70\0\0\0\x2d\x35\x90\x15\0\0\0\0\x69\x05\0\0\0\0\0\0\x0f\x52\0\0\0\0\
\0\0\xbf\x15\0\0\0\0\0\0\x67\x05\0\0\x01\0\0\0\x0f\x75\0\0\0\0\0\0\xbf\x50\0\0\
\0\0\0\0\x07\0\0\0\x72\0\0\0\x2d\x30\x88\x15\0\0\0\0\xbf\x56\0\0\0\0\0\0\x07\
\x06\0\0\x70\0\0\0\x69\x66\0\0\0\0\0\0\x0f\x62\0\0\0\0\0\0\x07\x05\0\0\x74\0\0\
\0\x2d\x35\x82\x15\0\0\0\0\x69\x05\0\0\0\0\0\0\x0f\x52\0\0\0\0\0\0\xbf\x15\0\0\
\0\0\0\0\x67\x05\0\0\x01\0\0\0\x0f\x75\0\0\0\0\0\0\xbf\x50\0\0\0\0\0\0\x07\0\0\
\0\x76\0\0\0\x2d\x30\x7a\x15\0\0\0\0\xbf\x56\0\0\0\0\0\0\x07\x06\0\0\x74\0\0\0\
\x69\x66\0\0\0\0\0\0\x0f\x62\0\0\0\0\0\0\x07\x05\0\0\x78\0\0\0\x2d\x35\x74\x15\
\0\0\0\0\x69\x05\0\0\0\0\0\0\x0f\x52\0\0\0\0\0\0\xbf\x15\0\0\0\0\0\0\x67\x05\0\
\0\x01\0\0\0\x0f\x75\0\0\0\0\0\0\xbf\x50\0\0\0\0\0\0\x07\0\0\0\x7a\0\0\0\x2d\
\x30\x6c\x15\0\0\0\0\xbf\x56\0\0\0\0\0\0\x07\x06\0\0\x78\0\0\0\x69\x66\0\0\0\0\
\0\0\x0f\x62\0\0\0\0\0\0\x07\x05\0\0\x7c\0\0\0\x2d\x35\x66\x15\0\0\0\0\x69\x05\
\0\0\0\0\0\0\x0f\x52\0\0\0\0\0\0\xbf\x15\0\0\0\0\0\0\x67\x05\0\0\x01\0\0\0\x0f\
\x75\0\0\0\0\0\0\xbf\x50\0\0\0\0\0\0\x07\0\0\0\x7e\0\0\0\x2d\x30\x5e\x15\0\0\0\
\0\xbf\x56\0\0\0\0\0\0\x07\x06\0\0\x7c\0\0\0\x69\x66\0\0\0\0\0\0\x0f\x62\0\0\0\
\0\0\0\x07\x05\0\0\x80\0\0\0\x2d\x35\x58\x15\0\0\0\0\x69\x05\0\0\0\0\0\0\x0f\
\x52\0\0\0\0\0\0\xbf\x15\0\0\0\0\0\0\x67\x05\0\0\x01\0\0\0\x0f\x75\0\0\0\0\0\0\
\xbf\x50\0\0\0\0\0\0\x07\0\0\0\x82\0\0\0\x2d\x30\x50\x15\0\0\0\0\xbf\x56\0\0\0\
\0\0\0\x07\x06\0\0\x80\0\0\0\x69\x66\0\0\0\0\0\0\x0f\x62\0\0\0\0\0\0\x07\x05\0\
\0\x84\0\0\0\x2d\x35\x4a\x15\0\0\0\0\x69\x05\0\0\0\0\0\0\x0f\x52\0\0\0\0\0\0\
\xbf\x15\0\0\0\0\0\0\x67\x05\0\0\x01\0\0\0\x0f\x75\0\0\0\0\0\0\xbf\x50\0\0\0\0\
\0\0\x07\0\0\0\x86\0\0\0\x2d\x30\x42\x15\0\0\0\0\xbf\x56\0\0\0\0\0\0\x07\x06\0\
\0\x84\0\0\0\x69\x66\0\0\0\0\0\0\x0f\x62\0\0\0\0\0\0\x07\x05\0\0\x88\0\0\0\x2d\
\x35\x3c\x15\0\0\0\0\x69\x05\0\0\0\0\0\0\x0f\x52\0\0\0\0\0\0\xbf\x15\0\0\0\0\0\
\0\x67\x05\0\0\x01\0\0\0\x0f\x75\0\0\0\0\0\0\xbf\x50\0\0\0\0\0\0\x07\0\0\0\x8a\
\0\0\0\x2d\x30\x34\x15\0\0\0\0\xbf\x56\0\0\0\0\0\0\x07\x06\0\0\x88\0\0\0\x69\
\x66\0\0\0\0\0\0\x0f\x62\0\0\0\0\0\0\x07\x05\0\0\x8c\0\0\0\x2d\x35\x2e\x15\0\0\
\0\0\x69\x05\0\0\0\0\0\0\x0f\x52\0\0\0\0\0\0\xbf\x15\0\0\0\0\0\0\x67\x05\0\0\
\x01\0\0\0\x0f\x75\0\0\0\0\0\0\xbf\x50\0\0\0\0\0\0\x07\0\0\0\x8e\0\0\0\x2d\x30\
\x26\x15\0\0\0\0\xbf\x56\0\0\0\0\0\0\x07\x06\0\0\x8c\0\0\0\x69\x66\0\0\0\0\0\0\
\x0f\x62\0\0\0\0\0\0\x07\x05\0\0\x90\0\0\0\x2d\x35\x20\x15\0\0\0\0\x69\x05\0\0\
\0\0\0\0\x0f\x52\0\0\0\0\0\0\xbf\x15\0\0\0\0\0\0\x67\x05\0\0\x01\0\0\0\x0f\x75\
\0\0\0\0\0\0\xbf\x50\0\0\0\0\0\0\x07\0\0\0\x92\0\0\0\x2d\x30\x18\x15\0\0\0\0\
\xbf\x56\0\0\0\0\0\0\x07\x06\0\0\x90\0\0\0\x69\x66\0\0\0\0\0\0\x0f\x62\0\0\0\0\
\0\0\x07\x05\0\0\x94\0\0\0\x2d\x35\x12\x15\0\0\0\0\x69\x05\0\0\0\0\0\0\x0f\x52\
\0\0\0\0\0\0\xbf\x15\0\0\0\0\0\0\x67\x05\0\0\x01\0\0\0\x0f\x75\0\0\0\0\0\0\xbf\
\x50\0\0\0\0\0\0\x07\0\0\0\x96\0\0\0\x2d\x30\x0a\x15\0\0\0\0\xbf\x56\0\0\0\0\0\
\0\x07\x06\0\0\x94\0\0\0\x69\x66\0\0\0\0\0\0\x0f\x62\0\0\0\0\0\0\x07\x05\0\0\
\x98\0\0\0\x2d\x35\x04\x15\0\0\0\0\x69\x05\0\0\0\0\0\0\x0f\x52\0\0\0\0\0\0\xbf\
\x15\0\0\0\0\0\0\x67\x05\0\0\x01\0\0\0\x0f\x75\0\0\0\0\0\0\xbf\x50\0\0\0\0\0\0\
\x07\0\0\0\x9a\0\0\0\x2d\x30\xfc\x14\0\0\0\0\xbf\x56\0\0\0\0\0\0\x07\x06\0\0\
\x98\0\0\0\x69\x66\0\0\0\0\0\0\x0f\x62\0\0\0\0\0\0\x07\x05\0\0\x9c\0\0\0\x2d\
\x35\xf6\x14\0\0\0\0\x69\x05\0\0\0\0\0\0\x0f\x52\0\0\0\0\0\0\xbf\x15\0\0\0\0\0\
\0\x67\x05\0\0\x01\0\0\0\x0f\x75\0\0\0\0\0\0\xbf\x50\0\0\0\0\0\0\x07\0\0\0\x9e\
\0\0\0\x2d\x30\xee\x14\0\0\0\0\xbf\x56\0\0\0\0\0\0\x07\x06\0\0\x9c\0\0\0\x69\
\x66\0\0\0\0\0\0\x0f\x62\0\0\0\0\0\0\x07\x05\0\0\xa0\0\0\0\x2d\x35\xe8\x14\0\0\
\0\0\x69\x05\0\0\0\0\0\0\x0f\x52\0\0\0\0\0\0\xbf\x15\0\0\0\0\0\0\x67\x05\0\0\
\x01\0\0\0\x0f\x75\0\0\0\0\0\0\xbf\x50\0\0\0\0\0\0\x07\0\0\0\xa2\0\0\0\x2d\x30\
\xe0\x14\0\0\0\0\xbf\x56\0\0\0\0\0\0\x07\x06\0\0\xa0\0\0\0\x69\x66\0\0\0\0\0\0\
\x0f\x62\0\0\0\0\0\0\x07\x05\0\0\xa4\0\0\0\x2d\x35\xda\x14\0\0\0\0\x69\x05\0\0\
\0\0\0\0\x0f\x52\0\0\0\0\0\0\xbf\x15\0\0\0\0\0\0\x67\x05\0\0\x01\0\0\0\x0f\x75\
\0\0\0\0\0\0\xbf\x50\0\0\0\0\0\0\x07\0\0\0\xa6\0\0\0\x2d\x30\xd2\x14\0\0\0\0\
\xbf\x56\0\0\0\0\0\0\x07\x06\0\0\xa4\0\0\0\x69\x66\0\0\0\0\0\0\x0f\x62\0\0\0\0\
\0\0\x07\x05\0\0\xa8\0\0\0\x2d\x35\xcc\x14\0\0\0\0\x69\x05\0\0\0\0\0\0\x0f\x52\
\0\0\0\0\0\0\xbf\x15\0\0\0\0\0\0\x67\x05\0\0\x01\0\0\0\x0f\x75\0\0\0\0\0\0\xbf\
\x50\0\0\0\0\0\0\x07\0\0\0\xaa\0\0\0\x2d\x30\xc4\x14\0\0\0\0\xbf\x56\0\0\0\0\0\
\0\x07\x06\0\0\xa8\0\0\0\x69\x66\0\0\0\0\0\0\x0f\x62\0\0\0\0\0\0\x07\x05\0\0\
\xac\0\0\0\x2d\x35\xbe\x14\0\0\0\0\x69\x05\0\0\0\0\0\0\x0f\x52\0\0\0\0\0\0\xbf\
\x15\0\0\0\0\0\0\x67\x05\0\0\x01\0\0\0\x0f\x75\0\0\0\0\0\0\xbf\x50\0\0\0\0\0\0\
\x07\0\0\0\xae\0\0\0\x2d\x30\xb6\x14\0\0\0\0\xbf\x56\0\0\0\0\0\0\x07\x06\0\0\
\xac\0\0\0\x69\x66\0\0\0\0\0\0\x0f\x62\0\0\0\0\0\0\x07\x05\0\0\xb0\0\0\0\x2d\
\x35\xb0\x14\0\0\0\0\x69\x05\0\0\0\0\0\0\x0f\x52\0\0\0\0\0\0\xbf\x15\0\0\0\0\0\
\0\x67\x05\0\0\x01\0\0\0\x0f\x75\0\0\0\0\0\0\xbf\x50\0\0\0\0\0\0\x07\0\0\0\xb2\
\0\0\0\x2d\x30\xa8\x14\0\0\0\0\xbf\x56\0\0\0\0\0\0\x07\x06\0\0\xb0\0\0\0\x69\
\x66\0\0\0\0\0\0\x0f\x62\0\0\0\0\0\0\x07\x05\0\0\xb4\0\0\0\x2d\x35\xa2\x14\0\0\
\0\0\x69\x05\0\0\0\0\0\0\x0f\x52\0\0\0\0\0\0\xbf\x15\0\0\0\0\0\0\x67\x05\0\0\
\x01\0\0\0\x0f\x75\0\0\0\0\0\0\xbf\x50\0\0\0\0\0\0\x07\0\0\0\xb6\0\0\0\x2d\x30\
\x9a\x14\0\0\0\0\xbf\x56\0\0\0\0\0\0\x07\x06\0\0\xb4\0\0\0\x69\x66\0\0\0\0\0\0\
\x0f\x62\0\0\0\0\0\0\x07\x05\0\0\xb8\0\0\0\x2d\x35\x94\x14\0\0\0\0\x69\x05\0\0\
\0\0\0\0\x0f\x52\0\0\0\0\0\0\xbf\x15\0\0\0\0\0\0\x67\x05\0\0\x01\0\0\0\x0f\x75\
\0\0\0\0\0\0\xbf\x50\0\0\0\0\0\0\x07\0\0\0\xba\0\0\0\x2d\x30\x8c\x14\0\0\0\0\
\xbf\x56\0\0\0\0\0\0\x07\x06\0\0\xb8\0\0\0\x69\x66\0\0\0\0\0\0\x0f\x62\0\0\0\0\
\0\0\x07\x05\0\0\xbc\0\0\0\x2d\x35\x86\x14\0\0\0\0\x69\x05\0\0\0\0\0\0\x0f\x52\
\0\0\0\0\0\0\xbf\x15\0\0\0\0\0\0\x67\x05\0\0\x01\0\0\0\x0f\x75\0\0\0\0\0\0\xbf\
\x50\0\0\0\0\0\0\x07\0\0\0\xbe\0\0\0\x2d\x30\x7e\x14\0\0\0\0\xbf\x56\0\0\0\0\0\
\0\x07\x06\0\0\xbc\0\0\0\x69\x66\0\0\0\0\0\0\x0f\x62\0\0\0\0\0\0\x07\x05\0\0\
\xc0\0\0\0\x2d\x35\x78\x14\0\0\0\0\x69\x05\0\0\0\0\0\0\x0f\x52\0\0\0\0\0\0\xbf\
\x15\0\0\0\0\0\0\x67\x05\0\0\x01\0\0\0\x0f\x75\0\0\0\0\0\0\xbf\x50\0\0\0\0\0\0\
\x07\0\0\0\xc2\0\0\0\x2d\x30\x70\x14\0\0\0\0\xbf\x56\0\0\0\0\0\0\x07\x06\0\0\
\xc0\0\0\0\x69\x66\0\0\0\0\0\0\x0f\x62\0\0\0\0\0\0\x07\x05\0\0\xc4\0\0\0\x2d\
\x35\x6a\x14\0\0\0\0\x69\x05\0\0\0\0\0\0\x0f\x52\0\0\0\0\0\0\xbf\x15\0\0\0\0\0\
\0\x67\x05\0\0\x01\0\0\0\x0f\x75\0\0\0\0\0\0\xbf\x50\0\0\0\0\0\0\x07\0\0\0\xc6\
\0\0\0\x2d\x30\x62\x14\0\0\0\0\xbf\x56\0\0\0\0\0\0\x07\x06\0\0\xc4\0\0\0\x69\
\x66\0\0\0\0\0\0\x0f\x62\0\0\0\0\0\0\x07\x05\0\0\xc8\0\0\0\x2d\x35\x5c\x14\0\0\
\0\0\x69\x05\0\0\0\0\0\0\x0f\x52\0\0\0\0\0\0\xbf\x10\0\0\0\0\0\0\x67\0\0\0\x01\
\0\0\0\x0f\x70\0\0\0\0\0\0\xbf\x06\0\0\0\0\0\0\x07\x06\0\0\xca\0\0\0\x2d\x36\
\x54\x14\0\0\0\0\xbf\x05\0\0\0\0\0\0\x07\x05\0\0\xc8\0\0\0\x69\x57\0\0\0\0\0\0\
\xbf\x25\0\0\0\0\0\0\x0f\x75\0\0\0\0\0\0\x79\xa7\xc0\xff\0\0\0\0\x07\0\0\0\xcc\
\0\0\0\xbf\x52\0\0\0\0\0\0\x2d\x30\x4b\x14\0\0\0\0\x69\x62\0\0\0\0\0\0\x0f\x25\
\0\0\0\0\0\0\xbf\x10\0\0\0\0\0\0\x67\0\0\0\x01\0\0\0\x0f\x70\0\0\0\0\0\0\xbf\
\x06\0\0\0\0\0\0\x07\x06\0\0\xce\0\0\0\xbf\x52\0\0\0\0\0\0\x2d\x36\x42\x14\0\0\
\0\0\xbf\x02\0\0\0\0\0\0\x07\x02\0\0\xcc\0\0\0\x69\x22\0\0\0\0\0\0\x0f\x25\0\0\
\0\0\0\0\x07\0\0\0\xd0\0\0\0\xbf\x52\0\0\0\0\0\0\x2d\x30\x3b\x14\0\0\0\0\x69\
\x62\0\0\0\0\0\0\x0f\x25\0\0\0\0\0\0\xbf\x10\0\0\0\0\0\0\x67\0\0\0\x01\0\0\0\
\x0f\x70\0\0\0\0\0\0\xbf\x06\0\0\0\0\0\0\x07\x06\0\0\xd2\0\0\0\xbf\x52\0\0\0\0\
\0\0\x2d\x36\x32\x14\0\0\0\0\xbf\x02\0\0\0\0\0\0\x07\x02\0\0\xd0\0\0\0\x69\x22\
\0\0\0\0\0\0\x0f\x25\0\0\0\0\0\0\x07\0\0\0\xd4\0\0\0\xbf\x52\0\0\0\0\0\0\x2d\
\x30\x2b\x14\0\0\0\0\x69\x62\0\0\0\0\0\0\x0f\x25\0\0\0\0\0\0\xbf\x10\0\0\0\0\0\
\0\x67\0\0\0\x01\0\0\0\x0f\x70\0\0\0\0\0\0\xbf\x06\0\0\0\0\0\0\x07\x06\0\0\xd6\
\0\0\0\xbf\x52\0\0\0\0\0\0\x2d\x36\x22\x14\0\0\0\0\xbf\x02\0\0\0\0\0\0\x07\x02\
\0\0\xd4\0\0\0\x69\x22\0\0\0\0\0\0\x0f\x25\0\0\0\0\0\0\x07\0\0\0\xd8\0\0\0\xbf\
\x52\0\0\0\0\0\0\x2d\x30\x1b\x14\0\0\0\0\x69\x62\0\0\0\0\0\0\x0f\x25\0\0\0\0\0\
\0\xbf\x10\0\0\0\0\0\0\x67\0\0\0\x01\0\0\0\x0f\x70\0\0\0\0\0\0\xbf\x06\0\0\0\0\
\0\0\x07\x06\0\0\xda\0\0\0\xbf\x52\0\0\0\0\0\0\x2d\x36\x12\x14\0\0\0\0\xbf\x02\
\0\0\0\0\0\0\x07\x02\0\0\xd8\0\0\0\x69\x22\0\0\0\0\0\0\x0f\x25\0\0\0\0\0\0\x07\
\0\0\0\xdc\0\0\0\xbf\x52\0\0\0\0\0\0\x2d\x30\x0b\x14\0\0\0\0\x69\x62\0\0\0\0\0\
\0\x0f\x25\0\0\0\0\0\0\xbf\x10\0\0\0\0\0\0\x67\0\0\0\x01\0\0\0\x0f\x70\0\0\0\0\
\0\0\xbf\x06\0\0\0\0\0\0\x07\x06\0\0\xde\0\0\0\xbf\x52\0\0\0\0\0\0\x2d\x36\x02\
\x14\0\0\0\0\xbf\x02\0\0\0\0\0\0\x07\x02\0\0\xdc\0\0\0\x69\x22\0\0\0\0\0\0\x0f\
\x25\0\0\0\0\0\0\x07\0\0\0\xe0\0\0\0\xbf\x52\0\0\0\0\0\0\x2d\x30\xfb\x13\0\0\0\
\0\x69\x62\0\0\0\0\0\0\x0f\x25\0\0\0\0\0\0\xbf\x10\0\0\0\0\0\0\x67\0\0\0\x01\0\
\0\0\x0f\x70\0\0\0\0\0\0\xbf\x06\0\0\0\0\0\0\x07\x06\0\0\xe2\0\0\0\xbf\x52\0\0\
\0\0\0\0\x2d\x36\xf2\x13\0\0\0\0\xbf\x02\0\0\0\0\0\0\x07\x02\0\0\xe0\0\0\0\x69\
\x22\0\0\0\0\0\0\x0f\x25\0\0\0\0\0\0\x07\0\0\0\xe4\0\0\0\xbf\x52\0\0\0\0\0\0\
\x2d\x30\xeb\x13\0\0\0\0\x69\x62\0\0\0\0\0\0\x0f\x25\0\0\0\0\0\0\xbf\x10\0\0\0\
\0\0\0\x67\0\0\0\x01\0\0\0\x0f\x70\0\0\0\0\0\0\xbf\x06\0\0\0\0\0\0\x07\x06\0\0\
\xe6\0\0\0\xbf\x52\0\0\0\0\0\0\x2d\x36\xe2\x13\0\0\0\0\xbf\x02\0\0\0\0\0\0\x07\
\x02\0\0\xe4\0\0\0\x69\x22\0\0\0\0\0\0\x0f\x25\0\0\0\0\0\0\x07\0\0\0\xe8\0\0\0\
\xbf\x52\0\0\0\0\0\0\x2d\x30\xdb\x13\0\0\0\0\x69\x62\0\0\0\0\0\0\x0f\x25\0\0\0\
\0\0\0\xbf\x10\0\0\0\0\0\0\x67\0\0\0\x01\0\0\0\x0f\x70\0\0\0\0\0\0\xbf\x06\0\0\
\0\0\0\0\x07\x06\0\0\xea\0\0\0\xbf\x52\0\0\0\0\0\0\x2d\x36\xd2\x13\0\0\0\0\xbf\
\x02\0\0\0\0\0\0\x07\x02\0\0\xe8\0\0\0\x69\x22\0\0\0\0\0\0\x0f\x25\0\0\0\0\0\0\
\x07\0\0\0\xec\0\0\0\xbf\x52\0\0\0\0\0\0\x2d\x30\xcb\x13\0\0\0\0\x69\x62\0\0\0\
\0\0\0\x0f\x25\0\0\0\0\0\0\xbf\x10\0\0\0\0\0\0\x67\0\0\0\x01\0\0\0\x0f\x70\0\0\
\0\0\0\0\xbf\x06\0\0\0\0\0\0\x07\x06\0\0\xee\0\0\0\xbf\x52\0\0\0\0\0\0\x2d\x36\
\xc2\x13\0\0\0\0\xbf\x02\0\0\0\0\0\0\x07\x02\0\0\xec\0\0\0\x69\x22\0\0\0\0\0\0\
\x0f\x25\0\0\0\0\0\0\x07\0\0\0\xf0\0\0\0\xbf\x52\0\0\0\0\0\0\x2d\x30\xbb\x13\0\
\0\0\0\x69\x62\0\0\0\0\0\0\x0f\x25\0\0\0\0\0\0\xbf\x10\0\0\0\0\0\0\x67\0\0\0\
\x01\0\0\0\x0f\x70\0\0\0\0\0\0\xbf\x06\0\0\0\0\0\0\x07\x06\0\0\xf2\0\0\0\xbf\
\x52\0\0\0\0\0\0\x2d\x36\xb2\x13\0\0\0\0\xbf\x02\0\0\0\0\0\0\x07\x02\0\0\xf0\0\
\0\0\x69\x22\0\0\0\0\0\0\x0f\x25\0\0\0\0\0\0\x07\0\0\0\xf4\0\0\0\xbf\x52\0\0\0\
\0\0\0\x2d\x30\xab\x13\0\0\0\0\x69\x62\0\0\0\0\0\0\x0f\x25\0\0\0\0\0\0\xbf\x10\
\0\0\0\0\0\0\x67\0\0\0\x01\0\0\0\x0f\x70\0\0\0\0\0\0\xbf\x06\0\0\0\0\0\0\x07\
\x06\0\0\xf6\0\0\0\xbf\x52\0\0\0\0\0\0\x2d\x36\xa2\x13\0\0\0\0\xbf\x02\0\0\0\0\
\0\0\x07\x02\0\0\xf4\0\0\0\x69\x22\0\0\0\0\0\0\x0f\x25\0\0\0\0\0\0\x07\0\0\0\
\xf8\0\0\0\xbf\x52\0\0\0\0\0\0\x2d\x30\x9b\x13\0\0\0\0\x69\x62\0\0\0\0\0\0\x0f\
\x25\0\0\0\0\0\0\xbf\x10\0\0\0\0\0\0\x67\0\0\0\x01\0\0\0\x0f\x70\0\0\0\0\0\0\
\xbf\x06\0\0\0\0\0\0\x07\x06\0\0\xfa\0\0\0\xbf\x52\0\0\0\0\0\0\x2d\x36\x92\x13\
\0\0\0\0\xbf\x02\0\0\0\0\0\0\x07\x02\0\0\xf8\0\0\0\x69\x22\0\0\0\0\0\0\x0f\x25\
\0\0\0\0\0\0\x07\0\0\0\xfc\0\0\0\xbf\x52\0\0\0\0\0\0\x2d\x30\x8b\x13\0\0\0\0\
\x69\x62\0\0\0\0\0\0\x0f\x25\0\0\0\0\0\0\xbf\x10\0\0\0\0\0\0\x67\0\0\0\x01\0\0\
\0\x0f\x70\0\0\0\0\0\0\xbf\x06\0\0\0\0\0\0\x07\x06\0\0\xfe\0\0\0\xbf\x52\0\0\0\
\0\0\0\x2d\x36\x82\x13\0\0\0\0\xbf\x02\0\0\0\0\0\0\x07\x02\0\0\xfc\0\0\0\x69\
\x22\0\0\0\0\0\0\x0f\x25\0\0\0\0\0\0\x07\0\0\0\0\x01\0\0\xbf\x52\0\0\0\0\0\0\
\x2d\x30\x7b\x13\0\0\0\0\x69\x62\0\0\0\0\0\0\x0f\x25\0\0\0\0\0\0\xbf\x10\0\0\0\
\0\0\0\x67\0\0\0\x01\0\0\0\x0f\x70\0\0\0\0\0\0\xbf\x06\0\0\0\0\0\0\x07\x06\0\0\
\x02\x01\0\0\xbf\x52\0\0\0\0\0\0\x2d\x36\x72\x13\0\0\0\0\xbf\x02\0\0\0\0\0\0\
\x07\x02\0\0\0\x01\0\0\x69\x22\0\0\0\0\0\0\x0f\x25\0\0\0\0\0\0\x07\0\0\0\x04\
\x01\0\0\xbf\x52\0\0\0\0\0\0\x2d\x30\x6b\x13\0\0\0\0\x69\x62\0\0\0\0\0\0\x0f\
\x25\0\0\0\0\0\0\xbf\x10\0\0\0\0\0\0\x67\0\0\0\x01\0\0\0\x0f\x70\0\0\0\0\0\0\
\xbf\x06\0\0\0\0\0\0\x07\x06\0\0\x06\x01\0\0\xbf\x52\0\0\0\0\0\0\x2d\x36\x62\
\x13\0\0\0\0\xbf\x02\0\0\0\0\0\0\x07\x02\0\0\x04\x01\0\0\x69\x22\0\0\0\0\0\0\
\x0f\x25\0\0\0\0\0\0\x07\0\0\0\x08\x01\0\0\xbf\x52\0\0\0\0\0\0\x2d\x30\x5b\x13\
\0\0\0\0\x69\x62\0\0\0\0\0\0\x0f\x25\0\0\0\0\0\0\xbf\x10\0\0\0\0\0\0\x67\0\0\0\
\x01\0\0\0\x0f\x70\0\0\0\0\0\0\xbf\x06\0\0\0\0\0\0\x07\x06\0\0\x0a\x01\0\0\xbf\
\x52\0\0\0\0\0\0\x2d\x36\x52\x13\0\0\0\0\xbf\x02\0\0\0\0\0\0\x07\x02\0\0\x08\
\x01\0\0\x69\x22\0\0\0\0\0\0\x0f\x25\0\0\0\0\0\0\x07\0\0\0\x0c\x01\0\0\xbf\x52\
\0\0\0\0\0\0\x2d\x30\x4b\x13\0\0\0\0\x69\x62\0\0\0\0\0\0\x0f\x25\0\0\0\0\0\0\
\xbf\x10\0\0\0\0\0\0\x67\0\0\0\x01\0\0\0\x0f\x70\0\0\0\0\0\0\xbf\x06\0\0\0\0\0\
\0\x07\x06\0\0\x0e\x01\0\0\xbf\x52\0\0\0\0\0\0\x2d\x36\x42\x13\0\0\0\0\xbf\x02\
\0\0\0\0\0\0\x07\x02\0\0\x0c\x01\0\0\x69\x22\0\0\0\0\0\0\x0f\x25\0\0\0\0\0\0\
\x07\0\0\0\x10\x01\0\0\xbf\x52\0\0\0\0\0\0\x2d\x30\x3b\x13\0\0\0\0\x69\x62\0\0\
\0\0\0\0\x0f\x25\0\0\0\0\0\0\xbf\x10\0\0\0\0\0\0\x67\0\0\0\x01\0\0\0\x0f\x70\0\
\0\0\0\0\0\xbf\x06\0\0\0\0\0\0\x07\x06\0\0\x12\x01\0\0\xbf\x52\0\0\0\0\0\0\x2d\
\x36\x32\x13\0\0\0\0\xbf\x02\0\0\0\0\0\0\x07\x02\0\0\x10\x01\0\0\x69\x22\0\0\0\
\0\0\0\x0f\x25\0\0\0\0\0\0\x07\0\0\0\x14\x01\0\0\xbf\x52\0\0\0\0\0\0\x2d\x30\
\x2b\x13\0\0\0\0\x69\x62\0\0\0\0\0\0\x0f\x25\0\0\0\0\0\0\xbf\x10\0\0\0\0\0\0\
\x67\0\0\0\x01\0\0\0\x0f\x70\0\0\0\0\0\0\xbf\x06\0\0\0\0\0\0\x07\x06\0\0\x16\
\x01\0\0\xbf\x52\0\0\0\0\0\0\x2d\x36\x22\x13\0\0\0\0\xbf\x02\0\0\0\0\0\0\x07\
\x02\0\0\x14\x01\0\0\x69\x22\0\0\0\0\0\0\x0f\x25\0\0\0\0\0\0\x07\0\0\0\x18\x01\
\0\0\xbf\x52\0\0\0\0\0\0\x2d\x30\x1b\x13\0\0\0\0\x69\x62\0\0\0\0\0\0\x0f\x25\0\
\0\0\0\0\0\xbf\x10\0\0\0\0\0\0\x67\0\0\0\x01\0\0\0\x0f\x70\0\0\0\0\0\0\xbf\x06\
\0\0\0\0\0\0\x07\x06\0\0\x1a\x01\0\0\xbf\x52\0\0\0\0\0\0\x2d\x36\x12\x13\0\0\0\
\0\xbf\x02\0\0\0\0\0\0\x07\x02\0\0\x18\x01\0\0\x69\x22\0\0\0\0\0\0\x0f\x25\0\0\
\0\0\0\0\x07\0\0\0\x1c\x01\0\0\xbf\x52\0\0\0\0\0\0\x2d\x30\x0b\x13\0\0\0\0\x69\
\x62\0\0\0\0\0\0\x0f\x25\0\0\0\0\0\0\xbf\x10\0\0\0\0\0\0\x67\0\0\0\x01\0\0\0\
\x0f\x70\0\0\0\0\0\0\xbf\x06\0\0\0\0\0\0\x07\x06\0\0\x1e\x01\0\0\xbf\x52\0\0\0\
\0\0\0\x2d\x36\x02\x13\0\0\0\0\xbf\x02\0\0\0\0\0\0\x07\x02\0\0\x1c\x01\0\0\x69\
\x22\0\0\0\0\0\0\x0f\x25\0\0\0\0\0\0\x07\0\0\0\x20\x01\0\0\xbf\x52\0\0\0\0\0\0\
\x2d\x30\xfb\x12\0\0\0\0\x69\x62\0\0\0\0\0\0\x0f\x25\0\0\0\0\0\0\xbf\x10\0\0\0\
\0\0\0\x67\0\0\0\x01\0\0\0\x0f\x70\0\0\0\0\0\0\xbf\x06\0\0\0\0\0\0\x07\x06\0\0\
\x22\x01\0\0\xbf\x52\0\0\0\0\0\0\x2d\x36\xf2\x12\0\0\0\0\xbf\x02\0\0\0\0\0\0\
\x07\x02\0\0\x20\x01\0\0\x69\x22\0\0\0\0\0\0\x0f\x25\0\0\0\0\0\0\x07\0\0\0\x24\
\x01\0\0\xbf\x52\0\0\0\0\0\0\x2d\x30\xeb\x12\0\0\0\0\x69\x62\0\0\0\0\0\0\x0f\
\x25\0\0\0\0\0\0\xbf\x10\0\0\0\0\0\0\x67\0\0\0\x01\0\0\0\x0f\x70\0\0\0\0\0\0\
\xbf\x06\0\0\0\0\0\0\x07\x06\0\0\x26\x01\0\0\xbf\x52\0\0\0\0\0\0\x2d\x36\xe2\
\x12\0\0\0\0\xbf\x02\0\0\0\0\0\0\x07\x02\0\0\x24\x01\0\0\x69\x22\0\0\0\0\0\0\
\x0f\x25\0\0\0\0\0\0\x07\0\0\0\x28\x01\0\0\xbf\x52\0\0\0\0\0\0\x2d\x30\xdb\x12\
\0\0\0\0\x69\x62\0\0\0\0\0\0\x0f\x25\0\0\0\0\0\0\xbf\x10\0\0\0\0\0\0\x67\0\0\0\
\x01\0\0\0\x0f\x70\0\0\0\0\0\0\xbf\x06\0\0\0\0\0\0\x07\x06\0\0\x2a\x01\0\0\xbf\
\x52\0\0\0\0\0\0\x2d\x36\xd2\x12\0\0\0\0\xbf\x02\0\0\0\0\0\0\x07\x02\0\0\x28\
\x01\0\0\x69\x22\0\0\0\0\0\0\x0f\x25\0\0\0\0\0\0\x07\0\0\0\x2c\x01\0\0\xbf\x52\
\0\0\0\0\0\0\x2d\x30\xcb\x12\0\0\0\0\x69\x62\0\0\0\0\0\0\x0f\x25\0\0\0\0\0\0\
\xbf\x10\0\0\0\0\0\0\x67\0\0\0\x01\0\0\0\x0f\x70\0\0\0\0\0\0\xbf\x06\0\0\0\0\0\
\0\x07\x06\0\0\x2e\x01\0\0\xbf\x52\0\0\0\0\0\0\x2d\x36\xc2\x12\0\0\0\0\xbf\x02\
\0\0\0\0\0\0\x07\x02\0\0\x2c\x01\0\0\x69\x22\0\0\0\0\0\0\x0f\x25\0\0\0\0\0\0\
\x07\0\0\0\x30\x01\0\0\xbf\x52\0\0\0\0\0\0\x2d\x30\xbb\x12\0\0\0\0\x69\x62\0\0\
\0\0\0\0\x0f\x25\0\0\0\0\0\0\xbf\x10\0\0\0\0\0\0\x67\0\0\0\x01\0\0\0\x0f\x70\0\
\0\0\0\0\0\xbf\x06\0\0\0\0\0\0\x07\x06\0\0\x32\x01\0\0\xbf\x52\0\0\0\0\0\0\x2d\
\x36\xb2\x12\0\0\0\0\xbf\x02\0\0\0\0\0\0\x07\x02\0\0\x30\x01\0\0\x69\x22\0\0\0\
\0\0\0\x0f\x25\0\0\0\0\0\0\x07\0\0\0\x34\x01\0\0\xbf\x52\0\0\0\0\0\0\x2d\x30\
\xab\x12\0\0\0\0\x69\x62\0\0\0\0\0\0\x0f\x25\0\0\0\0\0\0\xbf\x10\0\0\0\0\0\0\
\x67\0\0\0\x01\0\0\0\x0f\x70\0\0\0\0\0\0\xbf\x06\0\0\0\0\0\0\x07\x06\0\0\x36\
\x01\0\0\xbf\x52\0\0\0\0\0\0\x2d\x36\xa2\x12\0\0\0\0\xbf\x02\0\0\0\0\0\0\x07\
\x02\0\0\x34\x01\0\0\x69\x22\0\0\0\0\0\0\x0f\x25\0\0\0\0\0\0\x07\0\0\0\x38\x01\
\0\0\xbf\x52\0\0\0\0\0\0\x2d\x30\x9b\x12\0\0\0\0\x69\x62\0\0\0\0\0\0\x0f\x25\0\
\0\0\0\0\0\xbf\x10\0\0\0\0\0\0\x67\0\0\0\x01\0\0\0\x0f\x70\0\0\0\0\0\0\xbf\x06\
\0\0\0\0\0\0\x07\x06\0\0\x3a\x01\0\0\xbf\x52\0\0\0\0\0\0\x2d\x36\x92\x12\0\0\0\
\0\xbf\x02\0\0\0\0\0\0\x07\x02\0\0\x38\x01\0\0\x69\x22\0\0\0\0\0\0\x0f\x25\0\0\
\0\0\0\0\x07\0\0\0\x3c\x01\0\0\xbf\x52\0\0\0\0\0\0\x2d\x30\x8b\x12\0\0\0\0\x69\
\x62\0\0\0\0\0\0\x0f\x25\0\0\0\0\0\0\xbf\x10\0\0\0\0\0\0\x67\0\0\0\x01\0\0\0\
\x0f\x70\0\0\0\0\0\0\xbf\x06\0\0\0\0\0\0\x07\x06\0\0\x3e\x01\0\0\xbf\x52\0\0\0\
\0\0\0\x2d\x36\x82\x12\0\0\0\0\xbf\x02\0\0\0\0\0\0\x07\x02\0\0\x3c\x01\0\0\x69\
\x22\0\0\0\0\0\0\x0f\x25\0\0\0\0\0\0\x07\0\0\0\x40\x01\0\0\xbf\x52\0\0\0\0\0\0\
\x2d\x30\x7b\x12\0\0\0\0\x69\x62\0\0\0\0\0\0\x0f\x25\0\0\0\0\0\0\xbf\x10\0\0\0\
\0\0\0\x67\0\0\0\x01\0\0\0\x0f\x70\0\0\0\0\0\0\xbf\x06\0\0\0\0\0\0\x07\x06\0\0\
\x42\x01\0\0\xbf\x52\0\0\0\0\0\0\x2d\x36\x72\x12\0\0\0\0\xbf\x02\0\0\0\0\0\0\
\x07\x02\0\0\x40\x01\0\0\x69\x22\0\0\0\0\0\0\x0f\x25\0\0\0\0\0\0\x07\0\0\0\x44\
\x01\0\0\xbf\x52\0\0\0\0\0\0\x2d\x30\x6b\x12\0\0\0\0\x69\x62\0\0\0\0\0\0\x0f\
\x25\0\0\0\0\0\0\xbf\x10\0\0\0\0\0\0\x67\0\0\0\x01\0\0\0\x0f\x70\0\0\0\0\0\0\
\xbf\x06\0\0\0\0\0\0\x07\x06\0\0\x46\x01\0\0\xbf\x52\0\0\0\0\0\0\x2d\x36\x62\
\x12\0\0\0\0\xbf\x02\0\0\0\0\0\0\x07\x02\0\0\x44\x01\0\0\x69\x22\0\0\0\0\0\0\
\x0f\x25\0\0\0\0\0\0\x07\0\0\0\x48\x01\0\0\xbf\x52\0\0\0\0\0\0\x2d\x30\x5b\x12\
\0\0\0\0\x69\x62\0\0\0\0\0\0\x0f\x25\0\0\0\0\0\0\xbf\x10\0\0\0\0\0\0\x67\0\0\0\
\x01\0\0\0\x0f\x70\0\0\0\0\0\0\xbf\x06\0\0\0\0\0\0\x07\x06\0\0\x4a\x01\0\0\xbf\
\x52\0\0\0\0\0\0\x2d\x36\x52\x12\0\0\0\0\xbf\x02\0\0\0\0\0\0\x07\x02\0\0\x48\
\x01\0\0\x69\x22\0\0\0\0\0\0\x0f\x25\0\0\0\0\0\0\x07\0\0\0\x4c\x01\0\0\xbf\x52\
\0\0\0\0\0\0\x2d\x30\x4b\x12\0\0\0\0\x69\x62\0\0\0\0\0\0\x0f\x25\0\0\0\0\0\0\
\xbf\x10\0\0\0\0\0\0\x67\0\0\0\x01\0\0\0\x0f\x70\0\0\0\0\0\0\xbf\x06\0\0\0\0\0\
\0\x07\x06\0\0\x4e\x01\0\0\xbf\x52\0\0\0\0\0\0\x2d\x36\x42\x12\0\0\0\0\xbf\x02\
\0\0\0\0\0\0\x07\x02\0\0\x4c\x01\0\0\x69\x22\0\0\0\0\0\0\x0f\x25\0\0\0\0\0\0\
\x07\0\0\0\x50\x01\0\0\xbf\x52\0\0\0\0\0\0\x2d\x30\x3b\x12\0\0\0\0\x69\x62\0\0\
\0\0\0\0\x0f\x25\0\0\0\0\0\0\xbf\x10\0\0\0\0\0\0\x67\0\0\0\x01\0\0\0\x0f\x70\0\
\0\0\0\0\0\xbf\x06\0\0\0\0\0\0\x07\x06\0\0\x52\x01\0\0\xbf\x52\0\0\0\0\0\0\x2d\
\x36\x32\x12\0\0\0\0\xbf\x02\0\0\0\0\0\0\x07\x02\0\0\x50\x01\0\0\x69\x22\0\0\0\
\0\0\0\x0f\x25\0\0\0\0\0\0\x07\0\0\0\x54\x01\0\0\xbf\x52\0\0\0\0\0\0\x2d\x30\
\x2b\x12\0\0\0\0\x69\x62\0\0\0\0\0\0\x0f\x25\0\0\0\0\0\0\xbf\x10\0\0\0\0\0\0\
\x67\0\0\0\x01\0\0\0\x0f\x70\0\0\0\0\0\0\xbf\x06\0\0\0\0\0\0\x07\x06\0\0\x56\
\x01\0\0\xbf\x52\0\0\0\0\0\0\x2d\x36\x22\x12\0\0\0\0\xbf\x02\0\0\0\0\0\0\x07\
\x02\0\0\x54\x01\0\0\x69\x22\0\0\0\0\0\0\x0f\x25\0\0\0\0\0\0\x07\0\0\0\x58\x01\
\0\0\xbf\x52\0\0\0\0\0\0\x2d\x30\x1b\x12\0\0\0\0\x69\x62\0\0\0\0\0\0\x0f\x25\0\
\0\0\0\0\0\xbf\x10\0\0\0\0\0\0\x67\0\0\0\x01\0\0\0\x0f\x70\0\0\0\0\0\0\xbf\x06\
\0\0\0\0\0\0\x07\x06\0\0\x5a\x01\0\0\xbf\x52\0\0\0\0\0\0\x2d\x36\x12\x12\0\0\0\
\0\xbf\x02\0\0\0\0\0\0\x07\x02\0\0\x58\x01\0\0\x69\x22\0\0\0\0\0\0\x0f\x25\0\0\
\0\0\0\0\x07\0\0\0\x5c\x01\0\0\xbf\x52\0\0\0\0\0\0\x2d\x30\x0b\x12\0\0\0\0\x69\
\x62\0\0\0\0\0\0\x0f\x25\0\0\0\0\0\0\xbf\x10\0\0\0\0\0\0\x67\0\0\0\x01\0\0\0\
\x0f\x70\0\0\0\0\0\0\xbf\x06\0\0\0\0\0\0\x07\x06\0\0\x5e\x01\0\0\xbf\x52\0\0\0\
\0\0\0\x2d\x36\x02\x12\0\0\0\0\xbf\x02\0\0\0\0\0\0\x07\x02\0\0\x5c\x01\0\0\x69\
\x22\0\0\0\0\0\0\x0f\x25\0\0\0\0\0\0\x07\0\0\0\x60\x01\0\0\xbf\x52\0\0\0\0\0\0\
\x2d\x30\xfb\x11\0\0\0\0\x69\x62\0\0\0\0\0\0\x0f\x25\0\0\0\0\0\0\xbf\x10\0\0\0\
\0\0\0\x67\0\0\0\x01\0\0\0\x0f\x70\0\0\0\0\0\0\xbf\x06\0\0\0\0\0\0\x07\x06\0\0\
\x62\x01\0\0\xbf\x52\0\0\0\0\0\0\x2d\x36\xf2\x11\0\0\0\0\xbf\x02\0\0\0\0\0\0\
\x07\x02\0\0\x60\x01\0\0\x69\x22\0\0\0\0\0\0\x0f\x25\0\0\0\0\0\0\x07\0\0\0\x64\
\x01\0\0\xbf\x52\0\0\0\0\0\0\x2d\x30\xeb\x11\0\0\0\0\x69\x62\0\0\0\0\0\0\x0f\
\x25\0\0\0\0\0\0\xbf\x10\0\0\0\0\0\0\x67\0\0\0\x01\0\0\0\x0f\x70\0\0\0\0\0\0\
\xbf\x06\0\0\0\0\0\0\x07\x06\0\0\x66\x01\0\0\xbf\x52\0\0\0\0\0\0\x2d\x36\xe2\
\x11\0\0\0\0\xbf\x02\0\0\0\0\0\0\x07\x02\0\0\x64\x01\0\0\x69\x22\0\0\0\0\0\0\
\x0f\x25\0\0\0\0\0\0\x07\0\0\0\x68\x01\0\0\xbf\x52\0\0\0\0\0\0\x2d\x30\xdb\x11\
\0\0\0\0\x69\x62\0\0\0\0\0\0\x0f\x25\0\0\0\0\0\0\xbf\x10\0\0\0\0\0\0\x67\0\0\0\
\x01\0\0\0\x0f\x70\0\0\0\0\0\0\xbf\x06\0\0\0\0\0\0\x07\x06\0\0\x6a\x01\0\0\xbf\
\x52\0\0\0\0\0\0\x2d\x36\xd2\x11\0\0\0\0\xbf\x02\0\0\0\0\0\0\x07\x02\0\0\x68\
\x01\0\0\x69\x22\0\0\0\0\0\0\x0f\x25\0\0\0\0\0\0\x07\0\0\0\x6c\x01\0\0\xbf\x52\
\0\0\0\0\0\0\x2d\x30\xcb\x11\0\0\0\0\x69\x62\0\0\0\0\0\0\x0f\x25\0\0\0\0\0\0\
\xbf\x10\0\0\0\0\0\0\x67\0\0\0\x01\0\0\0\x0f\x70\0\0\0\0\0\0\xbf\x06\0\0\0\0\0\
\0\x07\x06\0\0\x6e\x01\0\0\xbf\x52\0\0\0\0\0\0\x2d\x36\xc2\x11\0\0\0\0\xbf\x02\
\0\0\0\0\0\0\x07\x02\0\0\x6c\x01\0\0\x69\x22\0\0\0\0\0\0\x0f\x25\0\0\0\0\0\0\
\x07\0\0\0\x70\x01\0\0\xbf\x52\0\0\0\0\0\0\x2d\x30\xbb\x11\0\0\0\0\x69\x62\0\0\
\0\0\0\0\x0f\x25\0\0\0\0\0\0\xbf\x10\0\0\0\0\0\0\x67\0\0\0\x01\0\0\0\x0f\x70\0\
\0\0\0\0\0\xbf\x06\0\0\0\0\0\0\x07\x06\0\0\x72\x01\0\0\xbf\x52\0\0\0\0\0\0\x2d\
\x36\xb2\x11\0\0\0\0\xbf\x02\0\0\0\0\0\0\x07\x02\0\0\x70\x01\0\0\x69\x22\0\0\0\
\0\0\0\x0f\x25\0\0\0\0\0\0\x07\0\0\0\x74\x01\0\0\xbf\x52\0\0\0\0\0\0\x2d\x30\
\xab\x11\0\0\0\0\x69\x62\0\0\0\0\0\0\x0f\x25\0\0\0\0\0\0\xbf\x10\0\0\0\0\0\0\
\x67\0\0\0\x01\0\0\0\x0f\x70\0\0\0\0\0\0\xbf\x06\0\0\0\0\0\0\x07\x06\0\0\x76\
\x01\0\0\xbf\x52\0\0\0\0\0\0\x2d\x36\xa2\x11\0\0\0\0\xbf\x02\0\0\0\0\0\0\x07\
\x02\0\0\x74\x01\0\0\x69\x22\0\0\0\0\0\0\x0f\x25\0\0\0\0\0\0\x07\0\0\0\x78\x01\
\0\0\xbf\x52\0\0\0\0\0\0\x2d\x30\x9b\x11\0\0\0\0\x69\x62\0\0\0\0\0\0\x0f\x25\0\
\0\0\0\0\0\xbf\x10\0\0\0\0\0\0\x67\0\0\0\x01\0\0\0\x0f\x70\0\0\0\0\0\0\xbf\x06\
\0\0\0\0\0\0\x07\x06\0\0\x7a\x01\0\0\xbf\x52\0\0\0\0\0\0\x2d\x36\x92\x11\0\0\0\
\0\xbf\x02\0\0\0\0\0\0\x07\x02\0\0\x78\x01\0\0\x69\x22\0\0\0\0\0\0\x0f\x25\0\0\
\0\0\0\0\x07\0\0\0\x7c\x01\0\0\xbf\x52\0\0\0\0\0\0\x2d\x30\x8b\x11\0\0\0\0\x69\
\x62\0\0\0\0\0\0\x0f\x25\0\0\0\0\0\0\xbf\x10\0\0\0\0\0\0\x67\0\0\0\x01\0\0\0\
\x0f\x70\0\0\0\0\0\0\xbf\x06\0\0\0\0\0\0\x07\x06\0\0\x7e\x01\0\0\xbf\x52\0\0\0\
\0\0\0\x2d\x36\x82\x11\0\0\0\0\xbf\x02\0\0\0\0\0\0\x07\x02\0\0\x7c\x01\0\0\x69\
\x22\0\0\0\0\0\0\x0f\x25\0\0\0\0\0\0\x07\0\0\0\x80\x01\0\0\xbf\x52\0\0\0\0\0\0\
\x2d\x30\x7b\x11\0\0\0\0\x69\x62\0\0\0\0\0\0\x0f\x25\0\0\0\0\0\0\xbf\x10\0\0\0\
\0\0\0\x67\0\0\0\x01\0\0\0\x0f\x70\0\0\0\0\0\0\xbf\x06\0\0\0\0\0\0\x07\x06\0\0\
\x82\x01\0\0\xbf\x52\0\0\0\0\0\0\x2d\x36\x72\x11\0\0\0\0\xbf\x02\0\0\0\0\0\0\
\x07\x02\0\0\x80\x01\0\0\x69\x22\0\0\0\0\0\0\x0f\x25\0\0\0\0\0\0\x07\0\0\0\x84\
\x01\0\0\xbf\x52\0\0\0\0\0\0\x2d\x30\x6b\x11\0\0\0\0\x69\x62\0\0\0\0\0\0\x0f\
\x25\0\0\0\0\0\0\xbf\x10\0\0\0\0\0\0\x67\0\0\0\x01\0\0\0\x0f\x70\0\0\0\0\0\0\
\xbf\x06\0\0\0\0\0\0\x07\x06\0\0\x86\x01\0\0\xbf\x52\0\0\0\0\0\0\x2d\x36\x62\
\x11\0\0\0\0\xbf\x02\0\0\0\0\0\0\x07\x02\0\0\x84\x01\0\0\x69\x22\0\0\0\0\0\0\
\x0f\x25\0\0\0\0\0\0\x07\0\0\0\x88\x01\0\0\xbf\x52\0\0\0\0\0\0\x2d\x30\x5b\x11\
\0\0\0\0\x69\x62\0\0\0\0\0\0\x0f\x25\0\0\0\0\0\0\xbf\x10\0\0\0\0\0\0\x67\0\0\0\
\x01\0\0\0\x0f\x70\0\0\0\0\0\0\xbf\x06\0\0\0\0\0\0\x07\x06\0\0\x8a\x01\0\0\xbf\
\x52\0\0\0\0\0\0\x2d\x36\x52\x11\0\0\0\0\xbf\x02\0\0\0\0\0\0\x07\x02\0\0\x88\
\x01\0\0\x69\x22\0\0\0\0\0\0\x0f\x25\0\0\0\0\0\0\x07\0\0\0\x8c\x01\0\0\xbf\x52\
\0\0\0\0\0\0\x2d\x30\x4b\x11\0\0\0\0\x69\x62\0\0\0\0\0\0\x0f\x25\0\0\0\0\0\0\
\xbf\x10\0\0\0\0\0\0\x67\0\0\0\x01\0\0\0\x0f\x70\0\0\0\0\0\0\xbf\x06\0\0\0\0\0\
\0\x07\x06\0\0\x8e\x01\0\0\xbf\x52\0\0\0\0\0\0\x2d\x36\x42\x11\0\0\0\0\xbf\x02\
\0\0\0\0\0\0\x07\x02\0\0\x8c\x01\0\0\x69\x22\0\0\0\0\0\0\x0f\x25\0\0\0\0\0\0\
\x07\0\0\0\x90\x01\0\0\xbf\x52\0\0\0\0\0\0\x2d\x30\x3b\x11\0\0\0\0\x69\x62\0\0\
\0\0\0\0\x0f\x25\0\0\0\0\0\0\xbf\x10\0\0\0\0\0\0\x67\0\0\0\x01\0\0\0\x0f\x70\0\
\0\0\0\0\0\xbf\x06\0\0\0\0\0\0\x07\x06\0\0\x92\x01\0\0\xbf\x52\0\0\0\0\0\0\x2d\
\x36\x32\x11\0\0\0\0\xbf\x02\0\0\0\0\0\0\x07\x02\0\0\x90\x01\0\0\x69\x22\0\0\0\
\0\0\0\x0f\x25\0\0\0\0\0\0\x07\0\0\0\x94\x01\0\0\xbf\x52\0\0\0\0\0\0\x2d\x30\
\x2b\x11\0\0\0\0\x69\x62\0\0\0\0\0\0\x0f\x25\0\0\0\0\0\0\xbf\x10\0\0\0\0\0\0\
\x67\0\0\0\x01\0\0\0\x0f\x70\0\0\0\0\0\0\xbf\x06\0\0\0\0\0\0\x07\x06\0\0\x96\
\x01\0\0\xbf\x52\0\0\0\0\0\0\x2d\x36\x22\x11\0\0\0\0\xbf\x02\0\0\0\0\0\0\x07\
\x02\0\0\x94\x01\0\0\x69\x22\0\0\0\0\0\0\x0f\x25\0\0\0\0\0\0\x07\0\0\0\x98\x01\
\0\0\xbf\x52\0\0\0\0\0\0\x2d\x30\x1b\x11\0\0\0\0\x69\x62\0\0\0\0\0\0\x0f\x25\0\
\0\0\0\0\0\xbf\x10\0\0\0\0\0\0\x67\0\0\0\x01\0\0\0\x0f\x70\0\0\0\0\0\0\xbf\x06\
\0\0\0\0\0\0\x07\x06\0\0\x9a\x01\0\0\xbf\x52\0\0\0\0\0\0\x2d\x36\x12\x11\0\0\0\
\0\xbf\x02\0\0\0\0\0\0\x07\x02\0\0\x98\x01\0\0\x69\x22\0\0\0\0\0\0\x0f\x25\0\0\
\0\0\0\0\x07\0\0\0\x9c\x01\0\0\xbf\x52\0\0\0\0\0\0\x2d\x30\x0b\x11\0\0\0\0\x69\
\x62\0\0\0\0\0\0\x0f\x25\0\0\0\0\0\0\xbf\x10\0\0\0\0\0\0\x67\0\0\0\x01\0\0\0\
\x0f\x70\0\0\0\0\0\0\xbf\x06\0\0\0\0\0\0\x07\x06\0\0\x9e\x01\0\0\xbf\x52\0\0\0\
\0\0\0\x2d\x36\x02\x11\0\0\0\0\xbf\x02\0\0\0\0\0\0\x07\x02\0\0\x9c\x01\0\0\x69\
\x22\0\0\0\0\0\0\x0f\x25\0\0\0\0\0\0\x07\0\0\0\xa0\x01\0\0\xbf\x52\0\0\0\0\0\0\
\x2d\x30\xfb\x10\0\0\0\0\x69\x62\0\0\0\0\0\0\x0f\x25\0\0\0\0\0\0\xbf\x10\0\0\0\
\0\0\0\x67\0\0\0\x01\0\0\0\x0f\x70\0\0\0\0\0\0\xbf\x06\0\0\0\0\0\0\x07\x06\0\0\
\xa2\x01\0\0\xbf\x52\0\0\0\0\0\0\x2d\x36\xf2\x10\0\0\0\0\xbf\x02\0\0\0\0\0\0\
\x07\x02\0\0\xa0\x01\0\0\x69\x22\0\0\0\0\0\0\x0f\x25\0\0\0\0\0\0\x07\0\0\0\xa4\
\x01\0\0\xbf\x52\0\0\0\0\0\0\x2d\x30\xeb\x10\0\0\0\0\x69\x62\0\0\0\0\0\0\x0f\
\x25\0\0\0\0\0\0\xbf\x10\0\0\0\0\0\0\x67\0\0\0\x01\0\0\0\x0f\x70\0\0\0\0\0\0\
\xbf\x06\0\0\0\0\0\0\x07\x06\0\0\xa6\x01\0\0\xbf\x52\0\0\0\0\0\0\x2d\x36\xe2\
\x10\0\0\0\0\xbf\x02\0\0\0\0\0\0\x07\x02\0\0\xa4\x01\0\0\x69\x22\0\0\0\0\0\0\
\x0f\x25\0\0\0\0\0\0\x07\0\0\0\xa8\x01\0\0\xbf\x52\0\0\0\0\0\0\x2d\x30\xdb\x10\
\0\0\0\0\x69\x62\0\0\0\0\0\0\x0f\x25\0\0\0\0\0\0\xbf\x10\0\0\0\0\0\0\x67\0\0\0\
\x01\0\0\0\x0f\x70\0\0\0\0\0\0\xbf\x06\0\0\0\0\0\0\x07\x06\0\0\xaa\x01\0\0\xbf\
\x52\0\0\0\0\0\0\x2d\x36\xd2\x10\0\0\0\0\xbf\x02\0\0\0\0\0\0\x07\x02\0\0\xa8\
\x01\0\0\x69\x22\0\0\0\0\0\0\x0f\x25\0\0\0\0\0\0\x07\0\0\0\xac\x01\0\0\xbf\x52\
\0\0\0\0\0\0\x2d\x30\xcb\x10\0\0\0\0\x69\x62\0\0\0\0\0\0\x0f\x25\0\0\0\0\0\0\
\xbf\x10\0\0\0\0\0\0\x67\0\0\0\x01\0\0\0\x0f\x70\0\0\0\0\0\0\xbf\x06\0\0\0\0\0\
\0\x07\x06\0\0\xae\x01\0\0\xbf\x52\0\0\0\0\0\0\x2d\x36\xc2\x10\0\0\0\0\xbf\x02\
\0\0\0\0\0\0\x07\x02\0\0\xac\x01\0\0\x69\x22\0\0\0\0\0\0\x0f\x25\0\0\0\0\0\0\
\x07\0\0\0\xb0\x01\0\0\xbf\x52\0\0\0\0\0\0\x2d\x30\xbb\x10\0\0\0\0\x69\x62\0\0\
\0\0\0\0\x0f\x25\0\0\0\0\0\0\xbf\x10\0\0\0\0\0\0\x67\0\0\0\x01\0\0\0\x0f\x70\0\
\0\0\0\0\0\xbf\x06\0\0\0\0\0\0\x07\x06\0\0\xb2\x01\0\0\xbf\x52\0\0\0\0\0\0\x2d\
\x36\xb2\x10\0\0\0\0\xbf\x02\0\0\0\0\0\0\x07\x02\0\0\xb0\x01\0\0\x69\x22\0\0\0\
\0\0\0\x0f\x25\0\0\0\0\0\0\x07\0\0\0\xb4\x01\0\0\xbf\x52\0\0\0\0\0\0\x2d\x30\
\xab\x10\0\0\0\0\x69\x62\0\0\0\0\0\0\x0f\x25\0\0\0\0\0\0\xbf\x10\0\0\0\0\0\0\
\x67\0\0\0\x01\0\0\0\x0f\x70\0\0\0\0\0\0\xbf\x06\0\0\0\0\0\0\x07\x06\0\0\xb6\
\x01\0\0\xbf\x52\0\0\0\0\0\0\x2d\x36\xa2\x10\0\0\0\0\xbf\x02\0\0\0\0\0\0\x07\
\x02\0\0\xb4\x01\0\0\x69\x22\0\0\0\0\0\0\x0f\x25\0\0\0\0\0\0\x07\0\0\0\xb8\x01\
\0\0\xbf\x52\0\0\0\0\0\0\x2d\x30\x9b\x10\0\0\0\0\x69\x62\0\0\0\0\0\0\x0f\x25\0\
\0\0\0\0\0\xbf\x10\0\0\0\0\0\0\x67\0\0\0\x01\0\0\0\x0f\x70\0\0\0\0\0\0\xbf\x06\
\0\0\0\0\0\0\x07\x06\0\0\xba\x01\0\0\xbf\x52\0\0\0\0\0\0\x2d\x36\x92\x10\0\0\0\
\0\xbf\x02\0\0\0\0\0\0\x07\x02\0\0\xb8\x01\0\0\x69\x22\0\0\0\0\0\0\x0f\x25\0\0\
\0\0\0\0\x07\0\0\0\xbc\x01\0\0\xbf\x52\0\0\0\0\0\0\x2d\x30\x8b\x10\0\0\0\0\x69\
\x62\0\0\0\0\0\0\x0f\x25\0\0\0\0\0\0\xbf\x10\0\0\0\0\0\0\x67\0\0\0\x01\0\0\0\
\x0f\x70\0\0\0\0\0\0\xbf\x06\0\0\0\0\0\0\x07\x06\0\0\xbe\x01\0\0\xbf\x52\0\0\0\
\0\0\0\x2d\x36\x82\x10\0\0\0\0\xbf\x02\0\0\0\0\0\0\x07\x02\0\0\xbc\x01\0\0\x69\
\x22\0\0\0\0\0\0\x0f\x25\0\0\0\0\0\0\x07\0\0\0\xc0\x01\0\0\xbf\x52\0\0\0\0\0\0\
\x2d\x30\x7b\x10\0\0\0\0\x69\x62\0\0\0\0\0\0\x0f\x25\0\0\0\0\0\0\xbf\x10\0\0\0\
\0\0\0\x67\0\0\0\x01\0\0\0\x0f\x70\0\0\0\0\0\0\xbf\x06\0\0\0\0\0\0\x07\x06\0\0\
\xc2\x01\0\0\xbf\x52\0\0\0\0\0\0\x2d\x36\x72\x10\0\0\0\0\xbf\x02\0\0\0\0\0\0\
\x07\x02\0\0\xc0\x01\0\0\x69\x22\0\0\0\0\0\0\x0f\x25\0\0\0\0\0\0\x07\0\0\0\xc4\
\x01\0\0\xbf\x52\0\0\0\0\0\0\x2d\x30\x6b\x10\0\0\0\0\x69\x62\0\0\0\0\0\0\x0f\
\x25\0\0\0\0\0\0\xbf\x10\0\0\0\0\0\0\x67\0\0\0\x01\0\0\0\x0f\x70\0\0\0\0\0\0\
\xbf\x06\0\0\0\0\0\0\x07\x06\0\0\xc6\x01\0\0\xbf\x52\0\0\0\0\0\0\x2d\x36\x62\
\x10\0\0\0\0\xbf\x02\0\0\0\0\0\0\x07\x02\0\0\xc4\x01\0\0\x69\x22\0\0\0\0\0\0\
\x0f\x25\0\0\0\0\0\0\x07\0\0\0\xc8\x01\0\0\xbf\x52\0\0\0\0\0\0\x2d\x30\x5b\x10\
\0\0\0\0\x69\x62\0\0\0\0\0\0\x0f\x25\0\0\0\0\0\0\xbf\x10\0\0\0\0\0\0\x67\0\0\0\
\x01\0\0\0\x0f\x70\0\0\0\0\0\0\xbf\x06\0\0\0\0\0\0\x07\x06\0\0\xca\x01\0\0\xbf\
\x52\0\0\0\0\0\0\x2d\x36\x52\x10\0\0\0\0\xbf\x02\0\0\0\0\0\0\x07\x02\0\0\xc8\
\x01\0\0\x69\x22\0\0\0\0\0\0\x0f\x25\0\0\0\0\0\0\x07\0\0\0\xcc\x01\0\0\xbf\x52\
\0\0\0\0\0\0\x2d\x30\x4b\x10\0\0\0\0\x69\x62\0\0\0\0\0\0\x0f\x25\0\0\0\0\0\0\
\xbf\x10\0\0\0\0\0\0\x67\0\0\0\x01\0\0\0\x0f\x70\0\0\0\0\0\0\xbf\x06\0\0\0\0\0\
\0\x07\x06\0\0\xce\x01\0\0\xbf\x52\0\0\0\0\0\0\x2d\x36\x42\x10\0\0\0\0\xbf\x02\
\0\0\0\0\0\0\x07\x02\0\0\xcc\x01\0\0\x69\x22\0\0\0\0\0\0\x0f\x25\0\0\0\0\0\0\
\x07\0\0\0\xd0\x01\0\0\xbf\x52\0\0\0\0\0\0\x2d\x30\x3b\x10\0\0\0\0\x69\x62\0\0\
\0\0\0\0\x0f\x25\0\0\0\0\0\0\xbf\x10\0\0\0\0\0\0\x67\0\0\0\x01\0\0\0\x0f\x70\0\
\0\0\0\0\0\xbf\x06\0\0\0\0\0\0\x07\x06\0\0\xd2\x01\0\0\xbf\x52\0\0\0\0\0\0\x2d\
\x36\x32\x10\0\0\0\0\xbf\x02\0\0\0\0\0\0\x07\x02\0\0\xd0\x01\0\0\x69\x22\0\0\0\
\0\0\0\x0f\x25\0\0\0\0\0\0\x07\0\0\0\xd4\x01\0\0\xbf\x52\0\0\0\0\0\0\x2d\x30\
\x2b\x10\0\0\0\0\x69\x62\0\0\0\0\0\0\x0f\x25\0\0\0\0\0\0\xbf\x10\0\0\0\0\0\0\
\x67\0\0\0\x01\0\0\0\x0f\x70\0\0\0\0\0\0\xbf\x06\0\0\0\0\0\0\x07\x06\0\0\xd6\
\x01\0\0\xbf\x52\0\0\0\0\0\0\x2d\x36\x22\x10\0\0\0\0\xbf\x02\0\0\0\0\0\0\x07\
\x02\0\0\xd4\x01\0\0\x69\x22\0\0\0\0\0\0\x0f\x25\0\0\0\0\0\0\x07\0\0\0\xd8\x01\
\0\0\xbf\x52\0\0\0\0\0\0\x2d\x30\x1b\x10\0\0\0\0\x69\x62\0\0\0\0\0\0\x0f\x25\0\
\0\0\0\0\0\xbf\x10\0\0\0\0\0\0\x67\0\0\0\x01\0\0\0\x0f\x70\0\0\0\0\0\0\xbf\x06\
\0\0\0\0\0\0\x07\x06\0\0\xda\x01\0\0\xbf\x52\0\0\0\0\0\0\x2d\x36\x12\x10\0\0\0\
\0\xbf\x02\0\0\0\0\0\0\x07\x02\0\0\xd8\x01\0\0\x69\x22\0\0\0\0\0\0\x0f\x25\0\0\
\0\0\0\0\x07\0\0\0\xdc\x01\0\0\xbf\x52\0\0\0\0\0\0\x2d\x30\x0b\x10\0\0\0\0\x69\
\x62\0\0\0\0\0\0\x0f\x25\0\0\0\0\0\0\xbf\x10\0\0\0\0\0\0\x67\0\0\0\x01\0\0\0\
\x0f\x70\0\0\0\0\0\0\xbf\x06\0\0\0\0\0\0\x07\x06\0\0\xde\x01\0\0\xbf\x52\0\0\0\
\0\0\0\x2d\x36\x02\x10\0\0\0\0\xbf\x02\0\0\0\0\0\0\x07\x02\0\0\xdc\x01\0\0\x69\
\x22\0\0\0\0\0\0\x0f\x25\0\0\0\0\0\0\x07\0\0\0\xe0\x01\0\0\xbf\x52\0\0\0\0\0\0\
\x2d\x30\xfb\x0f\0\0\0\0\x69\x62\0\0\0\0\0\0\x0f\x25\0\0\0\0\0\0\xbf\x10\0\0\0\
\0\0\0\x67\0\0\0\x01\0\0\0\x0f\x70\0\0\0\0\0\0\xbf\x06\0\0\0\0\0\0\x07\x06\0\0\
\xe2\x01\0\0\xbf\x52\0\0\0\0\0\0\x2d\x36\xf2\x0f\0\0\0\0\xbf\x02\0\0\0\0\0\0\
\x07\x02\0\0\xe0\x01\0\0\x69\x22\0\0\0\0\0\0\x0f\x25\0\0\0\0\0\0\x07\0\0\0\xe4\
\x01\0\0\xbf\x52\0\0\0\0\0\0\x2d\x30\xeb\x0f\0\0\0\0\x69\x62\0\0\0\0\0\0\x0f\
\x25\0\0\0\0\0\0\xbf\x10\0\0\0\0\0\0\x67\0\0\0\x01\0\0\0\x0f\x70\0\0\0\0\0\0\
\xbf\x06\0\0\0\0\0\0\x07\x06\0\0\xe6\x01\0\0\xbf\x52\0\0\0\0\0\0\x2d\x36\xe2\
\x0f\0\0\0\0\xbf\x02\0\0\0\0\0\0\x07\x02\0\0\xe4\x01\0\0\x69\x22\0\0\0\0\0\0\
\x0f\x25\0\0\0\0\0\0\x07\0\0\0\xe8\x01\0\0\xbf\x52\0\0\0\0\0\0\x2d\x30\xdb\x0f\
\0\0\0\0\x69\x62\0\0\0\0\0\0\x0f\x25\0\0\0\0\0\0\xbf\x10\0\0\0\0\0\0\x67\0\0\0\
\x01\0\0\0\x0f\x70\0\0\0\0\0\0\xbf\x06\0\0\0\0\0\0\x07\x06\0\0\xea\x01\0\0\xbf\
\x52\0\0\0\0\0\0\x2d\x36\xd2\x0f\0\0\0\0\xbf\x02\0\0\0\0\0\0\x07\x02\0\0\xe8\
\x01\0\0\x69\x22\0\0\0\0\0\0\x0f\x25\0\0\0\0\0\0\x07\0\0\0\xec\x01\0\0\xbf\x52\
\0\0\0\0\0\0\x2d\x30\xcb\x0f\0\0\0\0\x69\x62\0\0\0\0\0\0\x0f\x25\0\0\0\0\0\0\
\xbf\x10\0\0\0\0\0\0\x67\0\0\0\x01\0\0\0\x0f\x70\0\0\0\0\0\0\xbf\x06\0\0\0\0\0\
\0\x07\x06\0\0\xee\x01\0\0\xbf\x52\0\0\0\0\0\0\x2d\x36\xc2\x0f\0\0\0\0\xbf\x02\
\0\0\0\0\0\0\x07\x02\0\0\xec\x01\0\0\x69\x22\0\0\0\0\0\0\x0f\x25\0\0\0\0\0\0\
\x07\0\0\0\xf0\x01\0\0\xbf\x52\0\0\0\0\0\0\x2d\x30\xbb\x0f\0\0\0\0\x69\x62\0\0\
\0\0\0\0\x0f\x25\0\0\0\0\0\0\xbf\x10\0\0\0\0\0\0\x67\0\0\0\x01\0\0\0\x0f\x70\0\
\0\0\0\0\0\xbf\x06\0\0\0\0\0\0\x07\x06\0\0\xf2\x01\0\0\xbf\x52\0\0\0\0\0\0\x2d\
\x36\xb2\x0f\0\0\0\0\xbf\x02\0\0\0\0\0\0\x07\x02\0\0\xf0\x01\0\0\x69\x22\0\0\0\
\0\0\0\x0f\x25\0\0\0\0\0\0\x07\0\0\0\xf4\x01\0\0\xbf\x52\0\0\0\0\0\0\x2d\x30\
\xab\x0f\0\0\0\0\x69\x62\0\0\0\0\0\0\x0f\x25\0\0\0\0\0\0\xbf\x10\0\0\0\0\0\0\
\x67\0\0\0\x01\0\0\0\x0f\x70\0\0\0\0\0\0\xbf\x06\0\0\0\0\0\0\x07\x06\0\0\xf6\
\x01\0\0\xbf\x52\0\0\0\0\0\0\x2d\x36\xa2\x0f\0\0\0\0\xbf\x02\0\0\0\0\0\0\x07\
\x02\0\0\xf4\x01\0\0\x69\x22\0\0\0\0\0\0\x0f\x25\0\0\0\0\0\0\x07\0\0\0\xf8\x01\
\0\0\xbf\x52\0\0\0\0\0\0\x2d\x30\x9b\x0f\0\0\0\0\x69\x62\0\0\0\0\0\0\x0f\x25\0\
\0\0\0\0\0\xbf\x10\0\0\0\0\0\0\x67\0\0\0\x01\0\0\0\x0f\x70\0\0\0\0\0\0\xbf\x06\
\0\0\0\0\0\0\x07\x06\0\0\xfa\x01\0\0\xbf\x52\0\0\0\0\0\0\x2d\x36\x92\x0f\0\0\0\
\0\xbf\x02\0\0\0\0\0\0\x07\x02\0\0\xf8\x01\0\0\x69\x22\0\0\0\0\0\0\x0f\x25\0\0\
\0\0\0\0\x07\0\0\0\xfc\x01\0\0\xbf\x52\0\0\0\0\0\0\x2d\x30\x8b\x0f\0\0\0\0\x69\
\x62\0\0\0\0\0\0\x0f\x25\0\0\0\0\0\0\xbf\x10\0\0\0\0\0\0\x67\0\0\0\x01\0\0\0\
\x0f\x70\0\0\0\0\0\0\xbf\x06\0\0\0\0\0\0\x07\x06\0\0\xfe\x01\0\0\xbf\x52\0\0\0\
\0\0\0\x2d\x36\x82\x0f\0\0\0\0\xbf\x02\0\0\0\0\0\0\x07\x02\0\0\xfc\x01\0\0\x69\
\x22\0\0\0\0\0\0\x0f\x25\0\0\0\0\0\0\x07\0\0\0\0\x02\0\0\xbf\x52\0\0\0\0\0\0\
\x2d\x30\x7b\x0f\0\0\0\0\x69\x62\0\0\0\0\0\0\x0f\x25\0\0\0\0\0\0\xbf\x10\0\0\0\
\0\0\0\x67\0\0\0\x01\0\0\0\x0f\x70\0\0\0\0\0\0\xbf\x06\0\0\0\0\0\0\x07\x06\0\0\
\x02\x02\0\0\xbf\x52\0\0\0\0\0\0\x2d\x36\x72\x0f\0\0\0\0\xbf\x02\0\0\0\0\0\0\
\x07\x02\0\0\0\x02\0\0\x69\x22\0\0\0\0\0\0\x0f\x25\0\0\0\0\0\0\x07\0\0\0\x04\
\x02\0\0\xbf\x52\0\0\0\0\0\0\x2d\x30\x6b\x0f\0\0\0\0\x69\x62\0\0\0\0\0\0\x0f\
\x25\0\0\0\0\0\0\xbf\x10\0\0\0\0\0\0\x67\0\0\0\x01\0\0\0\x0f\x70\0\0\0\0\0\0\
\xbf\x06\0\0\0\0\0\0\x07\x06\0\0\x06\x02\0\0\xbf\x52\0\0\0\0\0\0\x2d\x36\x62\
\x0f\0\0\0\0\xbf\x02\0\0\0\0\0\0\x07\x02\0\0\x04\x02\0\0\x69\x22\0\0\0\0\0\0\
\x0f\x25\0\0\0\0\0\0\x07\0\0\0\x08\x02\0\0\xbf\x52\0\0\0\0\0\0\x2d\x30\x5b\x0f\
\0\0\0\0\x69\x62\0\0\0\0\0\0\x0f\x25\0\0\0\0\0\0\xbf\x10\0\0\0\0\0\0\x67\0\0\0\
\x01\0\0\0\x0f\x70\0\0\0\0\0\0\xbf\x06\0\0\0\0\0\0\x07\x06\0\0\x0a\x02\0\0\xbf\
\x52\0\0\0\0\0\0\x2d\x36\x52\x0f\0\0\0\0\xbf\x02\0\0\0\0\0\0\x07\x02\0\0\x08\
\x02\0\0\x69\x22\0\0\0\0\0\0\x0f\x25\0\0\0\0\0\0\x07\0\0\0\x0c\x02\0\0\xbf\x52\
\0\0\0\0\0\0\x2d\x30\x4b\x0f\0\0\0\0\x69\x62\0\0\0\0\0\0\x0f\x25\0\0\0\0\0\0\
\xbf\x10\0\0\0\0\0\0\x67\0\0\0\x01\0\0\0\x0f\x70\0\0\0\0\0\0\xbf\x06\0\0\0\0\0\
\0\x07\x06\0\0\x0e\x02\0\0\xbf\x52\0\0\0\0\0\0\x2d\x36\x42\x0f\0\0\0\0\xbf\x02\
\0\0\0\0\0\0\x07\x02\0\0\x0c\x02\0\0\x69\x22\0\0\0\0\0\0\x0f\x25\0\0\0\0\0\0\
\x07\0\0\0\x10\x02\0\0\xbf\x52\0\0\0\0\0\0\x2d\x30\x3b\x0f\0\0\0\0\x69\x62\0\0\
\0\0\0\0\x0f\x25\0\0\0\0\0\0\xbf\x10\0\0\0\0\0\0\x67\0\0\0\x01\0\0\0\x0f\x70\0\
\0\0\0\0\0\xbf\x06\0\0\0\0\0\0\x07\x06\0\0\x12\x02\0\0\xbf\x52\0\0\0\0\0\0\x2d\
\x36\x32\x0f\0\0\0\0\xbf\x02\0\0\0\0\0\0\x07\x02\0\0\x10\x02\0\0\x69\x22\0\0\0\
\0\0\0\x0f\x25\0\0\0\0\0\0\x07\0\0\0\x14\x02\0\0\xbf\x52\0\0\0\0\0\0\x2d\x30\
\x2b\x0f\0\0\0\0\x69\x62\0\0\0\0\0\0\x0f\x25\0\0\0\0\0\0\xbf\x10\0\0\0\0\0\0\
\x67\0\0\0\x01\0\0\0\x0f\x70\0\0\0\0\0\0\xbf\x06\0\0\0\0\0\0\x07\x06\0\0\x16\
\x02\0\0\xbf\x52\0\0\0\0\0\0\x2d\x36\x22\x0f\0\0\0\0\xbf\x02\0\0\0\0\0\0\x07\
\x02\0\0\x14\x02\0\0\x69\x22\0\0\0\0\0\0\x0f\x25\0\0\0\0\0\0\x07\0\0\0\x18\x02\
\0\0\xbf\x52\0\0\0\0\0\0\x2d\x30\x1b\x0f\0\0\0\0\x69\x62\0\0\0\0\0\0\x0f\x25\0\
\0\0\0\0\0\xbf\x10\0\0\0\0\0\0\x67\0\0\0\x01\0\0\0\x0f\x70\0\0\0\0\0\0\xbf\x06\
\0\0\0\0\0\0\x07\x06\0\0\x1a\x02\0\0\xbf\x52\0\0\0\0\0\0\x2d\x36\x12\x0f\0\0\0\
\0\xbf\x02\0\0\0\0\0\0\x07\x02\0\0\x18\x02\0\0\x69\x22\0\0\0\0\0\0\x0f\x25\0\0\
\0\0\0\0\x07\0\0\0\x1c\x02\0\0\xbf\x52\0\0\0\0\0\0\x2d\x30\x0b\x0f\0\0\0\0\x69\
\x62\0\0\0\0\0\0\x0f\x25\0\0\0\0\0\0\xbf\x10\0\0\0\0\0\0\x67\0\0\0\x01\0\0\0\
\x0f\x70\0\0\0\0\0\0\xbf\x06\0\0\0\0\0\0\x07\x06\0\0\x1e\x02\0\0\xbf\x52\0\0\0\
\0\0\0\x2d\x36\x02\x0f\0\0\0\0\xbf\x02\0\0\0\0\0\0\x07\x02\0\0\x1c\x02\0\0\x69\
\x22\0\0\0\0\0\0\x0f\x25\0\0\0\0\0\0\x07\0\0\0\x20\x02\0\0\xbf\x52\0\0\0\0\0\0\
\x2d\x30\xfb\x0e\0\0\0\0\x69\x62\0\0\0\0\0\0\x0f\x25\0\0\0\0\0\0\xbf\x10\0\0\0\
\0\0\0\x67\0\0\0\x01\0\0\0\x0f\x70\0\0\0\0\0\0\xbf\x06\0\0\0\0\0\0\x07\x06\0\0\
\x22\x02\0\0\xbf\x52\0\0\0\0\0\0\x2d\x36\xf2\x0e\0\0\0\0\xbf\x02\0\0\0\0\0\0\
\x07\x02\0\0\x20\x02\0\0\x69\x22\0\0\0\0\0\0\x0f\x25\0\0\0\0\0\0\x07\0\0\0\x24\
\x02\0\0\xbf\x52\0\0\0\0\0\0\x2d\x30\xeb\x0e\0\0\0\0\x69\x62\0\0\0\0\0\0\x0f\
\x25\0\0\0\0\0\0\xbf\x10\0\0\0\0\0\0\x67\0\0\0\x01\0\0\0\x0f\x70\0\0\0\0\0\0\
\xbf\x06\0\0\0\0\0\0\x07\x06\0\0\x26\x02\0\0\xbf\x52\0\0\0\0\0\0\x2d\x36\xe2\
\x0e\0\0\0\0\xbf\x02\0\0\0\0\0\0\x07\x02\0\0\x24\x02\0\0\x69\x22\0\0\0\0\0\0\
\x0f\x25\0\0\0\0\0\0\x07\0\0\0\x28\x02\0\0\xbf\x52\0\0\0\0\0\0\x2d\x30\xdb\x0e\
\0\0\0\0\x69\x62\0\0\0\0\0\0\x0f\x25\0\0\0\0\0\0\xbf\x10\0\0\0\0\0\0\x67\0\0\0\
\x01\0\0\0\x0f\x70\0\0\0\0\0\0\xbf\x06\0\0\0\0\0\0\x07\x06\0\0\x2a\x02\0\0\xbf\
\x52\0\0\0\0\0\0\x2d\x36\xd2\x0e\0\0\0\0\xbf\x02\0\0\0\0\0\0\x07\x02\0\0\x28\
\x02\0\0\x69\x22\0\0\0\0\0\0\x0f\x25\0\0\0\0\0\0\x07\0\0\0\x2c\x02\0\0\xbf\x52\
\0\0\0\0\0\0\x2d\x30\xcb\x0e\0\0\0\0\x69\x62\0\0\0\0\0\0\x0f\x25\0\0\0\0\0\0\
\xbf\x10\0\0\0\0\0\0\x67\0\0\0\x01\0\0\0\x0f\x70\0\0\0\0\0\0\xbf\x06\0\0\0\0\0\
\0\x07\x06\0\0\x2e\x02\0\0\xbf\x52\0\0\0\0\0\0\x2d\x36\xc2\x0e\0\0\0\0\xbf\x02\
\0\0\0\0\0\0\x07\x02\0\0\x2c\x02\0\0\x69\x22\0\0\0\0\0\0\x0f\x25\0\0\0\0\0\0\
\x07\0\0\0\x30\x02\0\0\xbf\x52\0\0\0\0\0\0\x2d\x30\xbb\x0e\0\0\0\0\x69\x62\0\0\
\0\0\0\0\x0f\x25\0\0\0\0\0\0\xbf\x10\0\0\0\0\0\0\x67\0\0\0\x01\0\0\0\x0f\x70\0\
\0\0\0\0\0\xbf\x06\0\0\0\0\0\0\x07\x06\0\0\x32\x02\0\0\xbf\x52\0\0\0\0\0\0\x2d\
\x36\xb2\x0e\0\0\0\0\xbf\x02\0\0\0\0\0\0\x07\x02\0\0\x30\x02\0\0\x69\x22\0\0\0\
\0\0\0\x0f\x25\0\0\0\0\0\0\x07\0\0\0\x34\x02\0\0\xbf\x52\0\0\0\0\0\0\x2d\x30\
\xab\x0e\0\0\0\0\x69\x62\0\0\0\0\0\0\x0f\x25\0\0\0\0\0\0\xbf\x10\0\0\0\0\0\0\
\x67\0\0\0\x01\0\0\0\x0f\x70\0\0\0\0\0\0\xbf\x06\0\0\0\0\0\0\x07\x06\0\0\x36\
\x02\0\0\xbf\x52\0\0\0\0\0\0\x2d\x36\xa2\x0e\0\0\0\0\xbf\x02\0\0\0\0\0\0\x07\
\x02\0\0\x34\x02\0\0\x69\x22\0\0\0\0\0\0\x0f\x25\0\0\0\0\0\0\x07\0\0\0\x38\x02\
\0\0\xbf\x52\0\0\0\0\0\0\x2d\x30\x9b\x0e\0\0\0\0\x69\x62\0\0\0\0\0\0\x0f\x25\0\
\0\0\0\0\0\xbf\x10\0\0\0\0\0\0\x67\0\0\0\x01\0\0\0\x0f\x70\0\0\0\0\0\0\xbf\x06\
\0\0\0\0\0\0\x07\x06\0\0\x3a\x02\0\0\xbf\x52\0\0\0\0\0\0\x2d\x36\x92\x0e\0\0\0\
\0\xbf\x02\0\0\0\0\0\0\x07\x02\0\0\x38\x02\0\0\x69\x22\0\0\0\0\0\0\x0f\x25\0\0\
\0\0\0\0\x07\0\0\0\x3c\x02\0\0\xbf\x52\0\0\0\0\0\0\x2d\x30\x8b\x0e\0\0\0\0\x69\
\x62\0\0\0\0\0\0\x0f\x25\0\0\0\0\0\0\xbf\x10\0\0\0\0\0\0\x67\0\0\0\x01\0\0\0\
\x0f\x70\0\0\0\0\0\0\xbf\x06\0\0\0\0\0\0\x07\x06\0\0\x3e\x02\0\0\xbf\x52\0\0\0\
\0\0\0\x2d\x36\x82\x0e\0\0\0\0\xbf\x02\0\0\0\0\0\0\x07\x02\0\0\x3c\x02\0\0\x69\
\x22\0\0\0\0\0\0\x0f\x25\0\0\0\0\0\0\x07\0\0\0\x40\x02\0\0\xbf\x52\0\0\0\0\0\0\
\x2d\x30\x7b\x0e\0\0\0\0\x69\x62\0\0\0\0\0\0\x0f\x25\0\0\0\0\0\0\xbf\x10\0\0\0\
\0\0\0\x67\0\0\0\x01\0\0\0\x0f\x70\0\0\0\0\0\0\xbf\x06\0\0\0\0\0\0\x07\x06\0\0\
\x42\x02\0\0\xbf\x52\0\0\0\0\0\0\x2d\x36\x72\x0e\0\0\0\0\xbf\x02\0\0\0\0\0\0\
\x07\x02\0\0\x40\x02\0\0\x69\x22\0\0\0\0\0\0\x0f\x25\0\0\0\0\0\0\x07\0\0\0\x44\
\x02\0\0\xbf\x52\0\0\0\0\0\0\x2d\x30\x6b\x0e\0\0\0\0\x69\x62\0\0\0\0\0\0\x0f\
\x25\0\0\0\0\0\0\xbf\x10\0\0\0\0\0\0\x67\0\0\0\x01\0\0\0\x0f\x70\0\0\0\0\0\0\
\xbf\x06\0\0\0\0\0\0\x07\x06\0\0\x46\x02\0\0\xbf\x52\0\0\0\0\0\0\x2d\x36\x62\
\x0e\0\0\0\0\xbf\x02\0\0\0\0\0\0\x07\x02\0\0\x44\x02\0\0\x69\x22\0\0\0\0\0\0\
\x0f\x25\0\0\0\0\0\0\x07\0\0\0\x48\x02\0\0\xbf\x52\0\0\0\0\0\0\x2d\x30\x5b\x0e\
\0\0\0\0\x69\x62\0\0\0\0\0\0\x0f\x25\0\0\0\0\0\0\xbf\x10\0\0\0\0\0\0\x67\0\0\0\
\x01\0\0\0\x0f\x70\0\0\0\0\0\0\xbf\x06\0\0\0\0\0\0\x07\x06\0\0\x4a\x02\0\0\xbf\
\x52\0\0\0\0\0\0\x2d\x36\x52\x0e\0\0\0\0\xbf\x02\0\0\0\0\0\0\x07\x02\0\0\x48\
\x02\0\0\x69\x22\0\0\0\0\0\0\x0f\x25\0\0\0\0\0\0\x07\0\0\0\x4c\x02\0\0\xbf\x52\
\0\0\0\0\0\0\x2d\x30\x4b\x0e\0\0\0\0\x69\x62\0\0\0\0\0\0\x0f\x25\0\0\0\0\0\0\
\xbf\x10\0\0\0\0\0\0\x67\0\0\0\x01\0\0\0\x0f\x70\0\0\0\0\0\0\xbf\x06\0\0\0\0\0\
\0\x07\x06\0\0\x4e\x02\0\0\xbf\x52\0\0\0\0\0\0\x2d\x36\x42\x0e\0\0\0\0\xbf\x02\
\0\0\0\0\0\0\x07\x02\0\0\x4c\x02\0\0\x69\x22\0\0\0\0\0\0\x0f\x25\0\0\0\0\0\0\
\x07\0\0\0\x50\x02\0\0\xbf\x52\0\0\0\0\0\0\x2d\x30\x3b\x0e\0\0\0\0\x69\x62\0\0\
\0\0\0\0\x0f\x25\0\0\0\0\0\0\xbf\x10\0\0\0\0\0\0\x67\0\0\0\x01\0\0\0\x0f\x70\0\
\0\0\0\0\0\xbf\x06\0\0\0\0\0\0\x07\x06\0\0\x52\x02\0\0\xbf\x52\0\0\0\0\0\0\x2d\
\x36\x32\x0e\0\0\0\0\xbf\x02\0\0\0\0\0\0\x07\x02\0\0\x50\x02\0\0\x69\x22\0\0\0\
\0\0\0\x0f\x25\0\0\0\0\0\0\x07\0\0\0\x54\x02\0\0\xbf\x52\0\0\0\0\0\0\x2d\x30\
\x2b\x0e\0\0\0\0\x69\x62\0\0\0\0\0\0\x0f\x25\0\0\0\0\0\0\xbf\x10\0\0\0\0\0\0\
\x67\0\0\0\x01\0\0\0\x0f\x70\0\0\0\0\0\0\xbf\x06\0\0\0\0\0\0\x07\x06\0\0\x56\
\x02\0\0\xbf\x52\0\0\0\0\0\0\x2d\x36\x22\x0e\0\0\0\0\xbf\x02\0\0\0\0\0\0\x07\
\x02\0\0\x54\x02\0\0\x69\x22\0\0\0\0\0\0\x0f\x25\0\0\0\0\0\0\x07\0\0\0\x58\x02\
\0\0\xbf\x52\0\0\0\0\0\0\x2d\x30\x1b\x0e\0\0\0\0\x69\x62\0\0\0\0\0\0\x0f\x25\0\
\0\0\0\0\0\xbf\x10\0\0\0\0\0\0\x67\0\0\0\x01\0\0\0\x0f\x70\0\0\0\0\0\0\xbf\x06\
\0\0\0\0\0\0\x07\x06\0\0\x5a\x02\0\0\xbf\x52\0\0\0\0\0\0\x2d\x36\x12\x0e\0\0\0\
\0\xbf\x02\0\0\0\0\0\0\x07\x02\0\0\x58\x02\0\0\x69\x22\0\0\0\0\0\0\x0f\x25\0\0\
\0\0\0\0\x07\0\0\0\x5c\x02\0\0\xbf\x52\0\0\0\0\0\0\x2d\x30\x0b\x0e\0\0\0\0\x69\
\x62\0\0\0\0\0\0\x0f\x25\0\0\0\0\0\0\xbf\x10\0\0\0\0\0\0\x67\0\0\0\x01\0\0\0\
\x0f\x70\0\0\0\0\0\0\xbf\x06\0\0\0\0\0\0\x07\x06\0\0\x5e\x02\0\0\xbf\x52\0\0\0\
\0\0\0\x2d\x36\x02\x0e\0\0\0\0\xbf\x02\0\0\0\0\0\0\x07\x02\0\0\x5c\x02\0\0\x69\
\x22\0\0\0\0\0\0\x0f\x25\0\0\0\0\0\0\x07\0\0\0\x60\x02\0\0\xbf\x52\0\0\0\0\0\0\
\x2d\x30\xfb\x0d\0\0\0\0\x69\x62\0\0\0\0\0\0\x0f\x25\0\0\0\0\0\0\xbf\x10\0\0\0\
\0\0\0\x67\0\0\0\x01\0\0\0\x0f\x70\0\0\0\0\0\0\xbf\x06\0\0\0\0\0\0\x07\x06\0\0\
\x62\x02\0\0\xbf\x52\0\0\0\0\0\0\x2d\x36\xf2\x0d\0\0\0\0\xbf\x02\0\0\0\0\0\0\
\x07\x02\0\0\x60\x02\0\0\x69\x22\0\0\0\0\0\0\x0f\x25\0\0\0\0\0\0\x07\0\0\0\x64\
\x02\0\0\xbf\x52\0\0\0\0\0\0\x2d\x30\xeb\x0d\0\0\0\0\x69\x62\0\0\0\0\0\0\x0f\
\x25\0\0\0\0\0\0\xbf\x10\0\0\0\0\0\0\x67\0\0\0\x01\0\0\0\x0f\x70\0\0\0\0\0\0\
\xbf\x06\0\0\0\0\0\0\x07\x06\0\0\x66\x02\0\0\xbf\x52\0\0\0\0\0\0\x2d\x36\xe2\
\x0d\0\0\0\0\xbf\x02\0\0\0\0\0\0\x07\x02\0\0\x64\x02\0\0\x69\x22\0\0\0\0\0\0\
\x0f\x25\0\0\0\0\0\0\x07\0\0\0\x68\x02\0\0\xbf\x52\0\0\0\0\0\0\x2d\x30\xdb\x0d\
\0\0\0\0\x69\x62\0\0\0\0\0\0\x0f\x25\0\0\0\0\0\0\xbf\x10\0\0\0\0\0\0\x67\0\0\0\
\x01\0\0\0\x0f\x70\0\0\0\0\0\0\xbf\x06\0\0\0\0\0\0\x07\x06\0\0\x6a\x02\0\0\xbf\
\x52\0\0\0\0\0\0\x2d\x36\xd2\x0d\0\0\0\0\xbf\x02\0\0\0\0\0\0\x07\x02\0\0\x68\
\x02\0\0\x69\x22\0\0\0\0\0\0\x0f\x25\0\0\0\0\0\0\x07\0\0\0\x6c\x02\0\0\xbf\x52\
\0\0\0\0\0\0\x2d\x30\xcb\x0d\0\0\0\0\x69\x62\0\0\0\0\0\0\x0f\x25\0\0\0\0\0\0\
\xbf\x10\0\0\0\0\0\0\x67\0\0\0\x01\0\0\0\x0f\x70\0\0\0\0\0\0\xbf\x06\0\0\0\0\0\
\0\x07\x06\0\0\x6e\x02\0\0\xbf\x52\0\0\0\0\0\0\x2d\x36\xc2\x0d\0\0\0\0\xbf\x02\
\0\0\0\0\0\0\x07\x02\0\0\x6c\x02\0\0\x69\x22\0\0\0\0\0\0\x0f\x25\0\0\0\0\0\0\
\x07\0\0\0\x70\x02\0\0\xbf\x52\0\0\0\0\0\0\x2d\x30\xbb\x0d\0\0\0\0\x69\x62\0\0\
\0\0\0\0\x0f\x25\0\0\0\0\0\0\xbf\x10\0\0\0\0\0\0\x67\0\0\0\x01\0\0\0\x0f\x70\0\
\0\0\0\0\0\xbf\x06\0\0\0\0\0\0\x07\x06\0\0\x72\x02\0\0\xbf\x52\0\0\0\0\0\0\x2d\
\x36\xb2\x0d\0\0\0\0\xbf\x02\0\0\0\0\0\0\x07\x02\0\0\x70\x02\0\0\x69\x22\0\0\0\
\0\0\0\x0f\x25\0\0\0\0\0\0\x07\0\0\0\x74\x02\0\0\xbf\x52\0\0\0\0\0\0\x2d\x30\
\xab\x0d\0\0\0\0\x69\x62\0\0\0\0\0\0\x0f\x25\0\0\0\0\0\0\xbf\x10\0\0\0\0\0\0\
\x67\0\0\0\x01\0\0\0\x0f\x70\0\0\0\0\0\0\xbf\x06\0\0\0\0\0\0\x07\x06\0\0\x76\
\x02\0\0\xbf\x52\0\0\0\0\0\0\x2d\x36\xa2\x0d\0\0\0\0\xbf\x02\0\0\0\0\0\0\x07\
\x02\0\0\x74\x02\0\0\x69\x22\0\0\0\0\0\0\x0f\x25\0\0\0\0\0\0\x07\0\0\0\x78\x02\
\0\0\xbf\x52\0\0\0\0\0\0\x2d\x30\x9b\x0d\0\0\0\0\x69\x62\0\0\0\0\0\0\x0f\x25\0\
\0\0\0\0\0\xbf\x10\0\0\0\0\0\0\x67\0\0\0\x01\0\0\0\x0f\x70\0\0\0\0\0\0\xbf\x06\
\0\0\0\0\0\0\x07\x06\0\0\x7a\x02\0\0\xbf\x52\0\0\0\0\0\0\x2d\x36\x92\x0d\0\0\0\
\0\xbf\x02\0\0\0\0\0\0\x07\x02\0\0\x78\x02\0\0\x69\x22\0\0\0\0\0\0\x0f\x25\0\0\
\0\0\0\0\x07\0\0\0\x7c\x02\0\0\xbf\x52\0\0\0\0\0\0\x2d\x30\x8b\x0d\0\0\0\0\x69\
\x62\0\0\0\0\0\0\x0f\x25\0\0\0\0\0\0\xbf\x10\0\0\0\0\0\0\x67\0\0\0\x01\0\0\0\
\x0f\x70\0\0\0\0\0\0\xbf\x06\0\0\0\0\0\0\x07\x06\0\0\x7e\x02\0\0\xbf\x52\0\0\0\
\0\0\0\x2d\x36\x82\x0d\0\0\0\0\xbf\x02\0\0\0\0\0\0\x07\x02\0\0\x7c\x02\0\0\x69\
\x22\0\0\0\0\0\0\x0f\x25\0\0\0\0\0\0\x07\0\0\0\x80\x02\0\0\xbf\x52\0\0\0\0\0\0\
\x2d\x30\x7b\x0d\0\0\0\0\x69\x62\0\0\0\0\0\0\x0f\x25\0\0\0\0\0\0\xbf\x10\0\0\0\
\0\0\0\x67\0\0\0\x01\0\0\0\x0f\x70\0\0\0\0\0\0\xbf\x06\0\0\0\0\0\0\x07\x06\0\0\
\x82\x02\0\0\xbf\x52\0\0\0\0\0\0\x2d\x36\x72\x0d\0\0\0\0\xbf\x02\0\0\0\0\0\0\
\x07\x02\0\0\x80\x02\0\0\x69\x22\0\0\0\0\0\0\x0f\x25\0\0\0\0\0\0\x07\0\0\0\x84\
\x02\0\0\xbf\x52\0\0\0\0\0\0\x2d\x30\x6b\x0d\0\0\0\0\x69\x62\0\0\0\0\0\0\x0f\
\x25\0\0\0\0\0\0\xbf\x10\0\0\0\0\0\0\x67\0\0\0\x01\0\0\0\x0f\x70\0\0\0\0\0\0\
\xbf\x06\0\0\0\0\0\0\x07\x06\0\0\x86\x02\0\0\xbf\x52\0\0\0\0\0\0\x2d\x36\x62\
\x0d\0\0\0\0\xbf\x02\0\0\0\0\0\0\x07\x02\0\0\x84\x02\0\0\x69\x22\0\0\0\0\0\0\
\x0f\x25\0\0\0\0\0\0\x07\0\0\0\x88\x02\0\0\xbf\x52\0\0\0\0\0\0\x2d\x30\x5b\x0d\
\0\0\0\0\x69\x62\0\0\0\0\0\0\x0f\x25\0\0\0\0\0\0\xbf\x10\0\0\0\0\0\0\x67\0\0\0\
\x01\0\0\0\x0f\x70\0\0\0\0\0\0\xbf\x06\0\0\0\0\0\0\x07\x06\0\0\x8a\x02\0\0\xbf\
\x52\0\0\0\0\0\0\x2d\x36\x52\x0d\0\0\0\0\xbf\x02\0\0\0\0\0\0\x07\x02\0\0\x88\
\x02\0\0\x69\x22\0\0\0\0\0\0\x0f\x25\0\0\0\0\0\0\x07\0\0\0\x8c\x02\0\0\xbf\x52\
\0\0\0\0\0\0\x2d\x30\x4b\x0d\0\0\0\0\x69\x62\0\0\0\0\0\0\x0f\x25\0\0\0\0\0\0\
\xbf\x10\0\0\0\0\0\0\x67\0\0\0\x01\0\0\0\x0f\x70\0\0\0\0\0\0\xbf\x06\0\0\0\0\0\
\0\x07\x06\0\0\x8e\x02\0\0\xbf\x52\0\0\0\0\0\0\x2d\x36\x42\x0d\0\0\0\0\xbf\x02\
\0\0\0\0\0\0\x07\x02\0\0\x8c\x02\0\0\x69\x22\0\0\0\0\0\0\x0f\x25\0\0\0\0\0\0\
\x07\0\0\0\x90\x02\0\0\xbf\x52\0\0\0\0\0\0\x2d\x30\x3b\x0d\0\0\0\0\x69\x62\0\0\
\0\0\0\0\x0f\x25\0\0\0\0\0\0\xbf\x10\0\0\0\0\0\0\x67\0\0\0\x01\0\0\0\x0f\x70\0\
\0\0\0\0\0\xbf\x06\0\0\0\0\0\0\x07\x06\0\0\x92\x02\0\0\xbf\x52\0\0\0\0\0\0\x2d\
\x36\x32\x0d\0\0\0\0\xbf\x02\0\0\0\0\0\0\x07\x02\0\0\x90\x02\0\0\x69\x22\0\0\0\
\0\0\0\x0f\x25\0\0\0\0\0\0\x07\0\0\0\x94\x02\0\0\xbf\x52\0\0\0\0\0\0\x2d\x30\
\x2b\x0d\0\0\0\0\x69\x62\0\0\0\0\0\0\x0f\x25\0\0\0\0\0\0\xbf\x10\0\0\0\0\0\0\
\x67\0\0\0\x01\0\0\0\x0f\x70\0\0\0\0\0\0\xbf\x06\0\0\0\0\0\0\x07\x06\0\0\x96\
\x02\0\0\xbf\x52\0\0\0\0\0\0\x2d\x36\x22\x0d\0\0\0\0\xbf\x02\0\0\0\0\0\0\x07\
\x02\0\0\x94\x02\0\0\x69\x22\0\0\0\0\0\0\x0f\x25\0\0\0\0\0\0\x07\0\0\0\x98\x02\
\0\0\xbf\x52\0\0\0\0\0\0\x2d\x30\x1b\x0d\0\0\0\0\x69\x62\0\0\0\0\0\0\x0f\x25\0\
\0\0\0\0\0\xbf\x10\0\0\0\0\0\0\x67\0\0\0\x01\0\0\0\x0f\x70\0\0\0\0\0\0\xbf\x06\
\0\0\0\0\0\0\x07\x06\0\0\x9a\x02\0\0\xbf\x52\0\0\0\0\0\0\x2d\x36\x12\x0d\0\0\0\
\0\xbf\x02\0\0\0\0\0\0\x07\x02\0\0\x98\x02\0\0\x69\x22\0\0\0\0\0\0\x0f\x25\0\0\
\0\0\0\0\x07\0\0\0\x9c\x02\0\0\xbf\x52\0\0\0\0\0\0\x2d\x30\x0b\x0d\0\0\0\0\x69\
\x62\0\0\0\0\0\0\x0f\x25\0\0\0\0\0\0\xbf\x10\0\0\0\0\0\0\x67\0\0\0\x01\0\0\0\
\x0f\x70\0\0\0\0\0\0\xbf\x06\0\0\0\0\0\0\x07\x06\0\0\x9e\x02\0\0\xbf\x52\0\0\0\
\0\0\0\x2d\x36\x02\x0d\0\0\0\0\xbf\x02\0\0\0\0\0\0\x07\x02\0\0\x9c\x02\0\0\x69\
\x22\0\0\0\0\0\0\x0f\x25\0\0\0\0\0\0\x07\0\0\0\xa0\x02\0\0\xbf\x52\0\0\0\0\0\0\
\x2d\x30\xfb\x0c\0\0\0\0\x69\x62\0\0\0\0\0\0\x0f\x25\0\0\0\0\0\0\xbf\x10\0\0\0\
\0\0\0\x67\0\0\0\x01\0\0\0\x0f\x70\0\0\0\0\0\0\xbf\x06\0\0\0\0\0\0\x07\x06\0\0\
\xa2\x02\0\0\xbf\x52\0\0\0\0\0\0\x2d\x36\xf2\x0c\0\0\0\0\xbf\x02\0\0\0\0\0\0\
\x07\x02\0\0\xa0\x02\0\0\x69\x22\0\0\0\0\0\0\x0f\x25\0\0\0\0\0\0\x07\0\0\0\xa4\
\x02\0\0\xbf\x52\0\0\0\0\0\0\x2d\x30\xeb\x0c\0\0\0\0\x69\x62\0\0\0\0\0\0\x0f\
\x25\0\0\0\0\0\0\xbf\x10\0\0\0\0\0\0\x67\0\0\0\x01\0\0\0\x0f\x70\0\0\0\0\0\0\
\xbf\x06\0\0\0\0\0\0\x07\x06\0\0\xa6\x02\0\0\xbf\x52\0\0\0\0\0\0\x2d\x36\xe2\
\x0c\0\0\0\0\xbf\x02\0\0\0\0\0\0\x07\x02\0\0\xa4\x02\0\0\x69\x22\0\0\0\0\0\0\
\x0f\x25\0\0\0\0\0\0\x07\0\0\0\xa8\x02\0\0\xbf\x52\0\0\0\0\0\0\x2d\x30\xdb\x0c\
\0\0\0\0\x69\x62\0\0\0\0\0\0\x0f\x25\0\0\0\0\0\0\xbf\x10\0\0\0\0\0\0\x67\0\0\0\
\x01\0\0\0\x0f\x70\0\0\0\0\0\0\xbf\x06\0\0\0\0\0\0\x07\x06\0\0\xaa\x02\0\0\xbf\
\x52\0\0\0\0\0\0\x2d\x36\xd2\x0c\0\0\0\0\xbf\x02\0\0\0\0\0\0\x07\x02\0\0\xa8\
\x02\0\0\x69\x22\0\0\0\0\0\0\x0f\x25\0\0\0\0\0\0\x07\0\0\0\xac\x02\0\0\xbf\x52\
\0\0\0\0\0\0\x2d\x30\xcb\x0c\0\0\0\0\x69\x62\0\0\0\0\0\0\x0f\x25\0\0\0\0\0\0\
\xbf\x10\0\0\0\0\0\0\x67\0\0\0\x01\0\0\0\x0f\x70\0\0\0\0\0\0\xbf\x06\0\0\0\0\0\
\0\x07\x06\0\0\xae\x02\0\0\xbf\x52\0\0\0\0\0\0\x2d\x36\xc2\x0c\0\0\0\0\xbf\x02\
\0\0\0\0\0\0\x07\x02\0\0\xac\x02\0\0\x69\x22\0\0\0\0\0\0\x0f\x25\0\0\0\0\0\0\
\x07\0\0\0\xb0\x02\0\0\xbf\x52\0\0\0\0\0\0\x2d\x30\xbb\x0c\0\0\0\0\x69\x62\0\0\
\0\0\0\0\x0f\x25\0\0\0\0\0\0\xbf\x10\0\0\0\0\0\0\x67\0\0\0\x01\0\0\0\x0f\x70\0\
\0\0\0\0\0\xbf\x06\0\0\0\0\0\0\x07\x06\0\0\xb2\x02\0\0\xbf\x52\0\0\0\0\0\0\x2d\
\x36\xb2\x0c\0\0\0\0\xbf\x02\0\0\0\0\0\0\x07\x02\0\0\xb0\x02\0\0\x69\x22\0\0\0\
\0\0\0\x0f\x25\0\0\0\0\0\0\x07\0\0\0\xb4\x02\0\0\xbf\x52\0\0\0\0\0\0\x2d\x30\
\xab\x0c\0\0\0\0\x69\x62\0\0\0\0\0\0\x0f\x25\0\0\0\0\0\0\xbf\x10\0\0\0\0\0\0\
\x67\0\0\0\x01\0\0\0\x0f\x70\0\0\0\0\0\0\xbf\x06\0\0\0\0\0\0\x07\x06\0\0\xb6\
\x02\0\0\xbf\x52\0\0\0\0\0\0\x2d\x36\xa2\x0c\0\0\0\0\xbf\x02\0\0\0\0\0\0\x07\
\x02\0\0\xb4\x02\0\0\x69\x22\0\0\0\0\0\0\x0f\x25\0\0\0\0\0\0\x07\0\0\0\xb8\x02\
\0\0\xbf\x52\0\0\0\0\0\0\x2d\x30\x9b\x0c\0\0\0\0\x69\x62\0\0\0\0\0\0\x0f\x25\0\
\0\0\0\0\0\xbf\x10\0\0\0\0\0\0\x67\0\0\0\x01\0\0\0\x0f\x70\0\0\0\0\0\0\xbf\x06\
\0\0\0\0\0\0\x07\x06\0\0\xba\x02\0\0\xbf\x52\0\0\0\0\0\0\x2d\x36\x92\x0c\0\0\0\
\0\xbf\x02\0\0\0\0\0\0\x07\x02\0\0\xb8\x02\0\0\x69\x22\0\0\0\0\0\0\x0f\x25\0\0\
\0\0\0\0\x07\0\0\0\xbc\x02\0\0\xbf\x52\0\0\0\0\0\0\x2d\x30\x8b\x0c\0\0\0\0\x69\
\x62\0\0\0\0\0\0\x0f\x25\0\0\0\0\0\0\xbf\x10\0\0\0\0\0\0\x67\0\0\0\x01\0\0\0\
\x0f\x70\0\0\0\0\0\0\xbf\x06\0\0\0\0\0\0\x07\x06\0\0\xbe\x02\0\0\xbf\x52\0\0\0\
\0\0\0\x2d\x36\x82\x0c\0\0\0\0\xbf\x02\0\0\0\0\0\0\x07\x02\0\0\xbc\x02\0\0\x69\
\x22\0\0\0\0\0\0\x0f\x25\0\0\0\0\0\0\x07\0\0\0\xc0\x02\0\0\xbf\x52\0\0\0\0\0\0\
\x2d\x30\x7b\x0c\0\0\0\0\x69\x62\0\0\0\0\0\0\x0f\x25\0\0\0\0\0\0\xbf\x10\0\0\0\
\0\0\0\x67\0\0\0\x01\0\0\0\x0f\x70\0\0\0\0\0\0\xbf\x06\0\0\0\0\0\0\x07\x06\0\0\
\xc2\x02\0\0\xbf\x52\0\0\0\0\0\0\x2d\x36\x72\x0c\0\0\0\0\xbf\x02\0\0\0\0\0\0\
\x07\x02\0\0\xc0\x02\0\0\x69\x22\0\0\0\0\0\0\x0f\x25\0\0\0\0\0\0\x07\0\0\0\xc4\
\x02\0\0\xbf\x52\0\0\0\0\0\0\x2d\x30\x6b\x0c\0\0\0\0\x69\x62\0\0\0\0\0\0\x0f\
\x25\0\0\0\0\0\0\xbf\x10\0\0\0\0\0\0\x67\0\0\0\x01\0\0\0\x0f\x70\0\0\0\0\0\0\
\xbf\x06\0\0\0\0\0\0\x07\x06\0\0\xc6\x02\0\0\xbf\x52\0\0\0\0\0\0\x2d\x36\x62\
\x0c\0\0\0\0\xbf\x02\0\0\0\0\0\0\x07\x02\0\0\xc4\x02\0\0\x69\x22\0\0\0\0\0\0\
\x0f\x25\0\0\0\0\0\0\x07\0\0\0\xc8\x02\0\0\xbf\x52\0\0\0\0\0\0\x2d\x30\x5b\x0c\
\0\0\0\0\x69\x62\0\0\0\0\0\0\x0f\x25\0\0\0\0\0\0\xbf\x10\0\0\0\0\0\0\x67\0\0\0\
\x01\0\0\0\x0f\x70\0\0\0\0\0\0\xbf\x06\0\0\0\0\0\0\x07\x06\0\0\xca\x02\0\0\xbf\
\x52\0\0\0\0\0\0\x2d\x36\x52\x0c\0\0\0\0\xbf\x02\0\0\0\0\0\0\x07\x02\0\0\xc8\
\x02\0\0\x69\x22\0\0\0\0\0\0\x0f\x25\0\0\0\0\0\0\x07\0\0\0\xcc\x02\0\0\xbf\x52\
\0\0\0\0\0\0\x2d\x30\x4b\x0c\0\0\0\0\x69\x62\0\0\0\0\0\0\x0f\x25\0\0\0\0\0\0\
\xbf\x10\0\0\0\0\0\0\x67\0\0\0\x01\0\0\0\x0f\x70\0\0\0\0\0\0\xbf\x06\0\0\0\0\0\
\0\x07\x06\0\0\xce\x02\0\0\xbf\x52\0\0\0\0\0\0\x2d\x36\x42\x0c\0\0\0\0\xbf\x02\
\0\0\0\0\0\0\x07\x02\0\0\xcc\x02\0\0\x69\x22\0\0\0\0\0\0\x0f\x25\0\0\0\0\0\0\
\x07\0\0\0\xd0\x02\0\0\xbf\x52\0\0\0\0\0\0\x2d\x30\x3b\x0c\0\0\0\0\x69\x62\0\0\
\0\0\0\0\x0f\x25\0\0\0\0\0\0\xbf\x10\0\0\0\0\0\0\x67\0\0\0\x01\0\0\0\x0f\x70\0\
\0\0\0\0\0\xbf\x06\0\0\0\0\0\0\x07\x06\0\0\xd2\x02\0\0\xbf\x52\0\0\0\0\0\0\x2d\
\x36\x32\x0c\0\0\0\0\xbf\x02\0\0\0\0\0\0\x07\x02\0\0\xd0\x02\0\0\x69\x22\0\0\0\
\0\0\0\x0f\x25\0\0\0\0\0\0\x07\0\0\0\xd4\x02\0\0\xbf\x52\0\0\0\0\0\0\x2d\x30\
\x2b\x0c\0\0\0\0\x69\x62\0\0\0\0\0\0\x0f\x25\0\0\0\0\0\0\xbf\x10\0\0\0\0\0\0\
\x67\0\0\0\x01\0\0\0\x0f\x70\0\0\0\0\0\0\xbf\x06\0\0\0\0\0\0\x07\x06\0\0\xd6\
\x02\0\0\xbf\x52\0\0\0\0\0\0\x2d\x36\x22\x0c\0\0\0\0\xbf\x02\0\0\0\0\0\0\x07\
\x02\0\0\xd4\x02\0\0\x69\x22\0\0\0\0\0\0\x0f\x25\0\0\0\0\0\0\x07\0\0\0\xd8\x02\
\0\0\xbf\x52\0\0\0\0\0\0\x2d\x30\x1b\x0c\0\0\0\0\x69\x62\0\0\0\0\0\0\x0f\x25\0\
\0\0\0\0\0\xbf\x10\0\0\0\0\0\0\x67\0\0\0\x01\0\0\0\x0f\x70\0\0\0\0\0\0\xbf\x06\
\0\0\0\0\0\0\x07\x06\0\0\xda\x02\0\0\xbf\x52\0\0\0\0\0\0\x2d\x36\x12\x0c\0\0\0\
\0\xbf\x02\0\0\0\0\0\0\x07\x02\0\0\xd8\x02\0\0\x69\x22\0\0\0\0\0\0\x0f\x25\0\0\
\0\0\0\0\x07\0\0\0\xdc\x02\0\0\xbf\x52\0\0\0\0\0\0\x2d\x30\x0b\x0c\0\0\0\0\x69\
\x62\0\0\0\0\0\0\x0f\x25\0\0\0\0\0\0\xbf\x10\0\0\0\0\0\0\x67\0\0\0\x01\0\0\0\
\x0f\x70\0\0\0\0\0\0\xbf\x06\0\0\0\0\0\0\x07\x06\0\0\xde\x02\0\0\xbf\x52\0\0\0\
\0\0\0\x2d\x36\x02\x0c\0\0\0\0\xbf\x02\0\0\0\0\0\0\x07\x02\0\0\xdc\x02\0\0\x69\
\x22\0\0\0\0\0\0\x0f\x25\0\0\0\0\0\0\x07\0\0\0\xe0\x02\0\0\xbf\x52\0\0\0\0\0\0\
\x2d\x30\xfb\x0b\0\0\0\0\x69\x62\0\0\0\0\0\0\x0f\x25\0\0\0\0\0\0\xbf\x10\0\0\0\
\0\0\0\x67\0\0\0\x01\0\0\0\x0f\x70\0\0\0\0\0\0\xbf\x06\0\0\0\0\0\0\x07\x06\0\0\
\xe2\x02\0\0\xbf\x52\0\0\0\0\0\0\x2d\x36\xf2\x0b\0\0\0\0\xbf\x02\0\0\0\0\0\0\
\x07\x02\0\0\xe0\x02\0\0\x69\x22\0\0\0\0\0\0\x0f\x25\0\0\0\0\0\0\x07\0\0\0\xe4\
\x02\0\0\xbf\x52\0\0\0\0\0\0\x2d\x30\xeb\x0b\0\0\0\0\x69\x62\0\0\0\0\0\0\x0f\
\x25\0\0\0\0\0\0\xbf\x10\0\0\0\0\0\0\x67\0\0\0\x01\0\0\0\x0f\x70\0\0\0\0\0\0\
\xbf\x06\0\0\0\0\0\0\x07\x06\0\0\xe6\x02\0\0\xbf\x52\0\0\0\0\0\0\x2d\x36\xe2\
\x0b\0\0\0\0\xbf\x02\0\0\0\0\0\0\x07\x02\0\0\xe4\x02\0\0\x69\x22\0\0\0\0\0\0\
\x0f\x25\0\0\0\0\0\0\x07\0\0\0\xe8\x02\0\0\xbf\x52\0\0\0\0\0\0\x2d\x30\xdb\x0b\
\0\0\0\0\x69\x62\0\0\0\0\0\0\x0f\x25\0\0\0\0\0\0\xbf\x10\0\0\0\0\0\0\x67\0\0\0\
\x01\0\0\0\x0f\x70\0\0\0\0\0\0\xbf\x06\0\0\0\0\0\0\x07\x06\0\0\xea\x02\0\0\xbf\
\x52\0\0\0\0\0\0\x2d\x36\xd2\x0b\0\0\0\0\xbf\x02\0\0\0\0\0\0\x07\x02\0\0\xe8\
\x02\0\0\x69\x22\0\0\0\0\0\0\x0f\x25\0\0\0\0\0\0\x07\0\0\0\xec\x02\0\0\xbf\x52\
\0\0\0\0\0\0\x2d\x30\xcb\x0b\0\0\0\0\x69\x62\0\0\0\0\0\0\x0f\x25\0\0\0\0\0\0\
\xbf\x10\0\0\0\0\0\0\x67\0\0\0\x01\0\0\0\x0f\x70\0\0\0\0\0\0\xbf\x06\0\0\0\0\0\
\0\x07\x06\0\0\xee\x02\0\0\xbf\x52\0\0\0\0\0\0\x2d\x36\xc2\x0b\0\0\0\0\xbf\x02\
\0\0\0\0\0\0\x07\x02\0\0\xec\x02\0\0\x69\x22\0\0\0\0\0\0\x0f\x25\0\0\0\0\0\0\
\x07\0\0\0\xf0\x02\0\0\xbf\x52\0\0\0\0\0\0\x2d\x30\xbb\x0b\0\0\0\0\x69\x62\0\0\
\0\0\0\0\x0f\x25\0\0\0\0\0\0\xbf\x10\0\0\0\0\0\0\x67\0\0\0\x01\0\0\0\x0f\x70\0\
\0\0\0\0\0\xbf\x06\0\0\0\0\0\0\x07\x06\0\0\xf2\x02\0\0\xbf\x52\0\0\0\0\0\0\x2d\
\x36\xb2\x0b\0\0\0\0\xbf\x02\0\0\0\0\0\0\x07\x02\0\0\xf0\x02\0\0\x69\x22\0\0\0\
\0\0\0\x0f\x25\0\0\0\0\0\0\x07\0\0\0\xf4\x02\0\0\xbf\x52\0\0\0\0\0\0\x2d\x30\
\xab\x0b\0\0\0\0\x69\x62\0\0\0\0\0\0\x0f\x25\0\0\0\0\0\0\xbf\x10\0\0\0\0\0\0\
\x67\0\0\0\x01\0\0\0\x0f\x70\0\0\0\0\0\0\xbf\x06\0\0\0\0\0\0\x07\x06\0\0\xf6\
\x02\0\0\xbf\x52\0\0\0\0\0\0\x2d\x36\xa2\x0b\0\0\0\0\xbf\x02\0\0\0\0\0\0\x07\
\x02\0\0\xf4\x02\0\0\x69\x22\0\0\0\0\0\0\x0f\x25\0\0\0\0\0\0\x07\0\0\0\xf8\x02\
\0\0\xbf\x52\0\0\0\0\0\0\x2d\x30\x9b\x0b\0\0\0\0\x69\x62\0\0\0\0\0\0\x0f\x25\0\
\0\0\0\0\0\xbf\x10\0\0\0\0\0\0\x67\0\0\0\x01\0\0\0\x0f\x70\0\0\0\0\0\0\xbf\x06\
\0\0\0\0\0\0\x07\x06\0\0\xfa\x02\0\0\xbf\x52\0\0\0\0\0\0\x2d\x36\x92\x0b\0\0\0\
\0\xbf\x02\0\0\0\0\0\0\x07\x02\0\0\xf8\x02\0\0\x69\x22\0\0\0\0\0\0\x0f\x25\0\0\
\0\0\0\0\x07\0\0\0\xfc\x02\0\0\xbf\x52\0\0\0\0\0\0\x2d\x30\x8b\x0b\0\0\0\0\x69\
\x62\0\0\0\0\0\0\x0f\x25\0\0\0\0\0\0\xbf\x10\0\0\0\0\0\0\x67\0\0\0\x01\0\0\0\
\x0f\x70\0\0\0\0\0\0\xbf\x06\0\0\0\0\0\0\x07\x06\0\0\xfe\x02\0\0\xbf\x52\0\0\0\
\0\0\0\x2d\x36\x82\x0b\0\0\0\0\xbf\x02\0\0\0\0\0\0\x07\x02\0\0\xfc\x02\0\0\x69\
\x22\0\0\0\0\0\0\x0f\x25\0\0\0\0\0\0\x07\0\0\0\0\x03\0\0\xbf\x52\0\0\0\0\0\0\
\x2d\x30\x7b\x0b\0\0\0\0\x69\x62\0\0\0\0\0\0\x0f\x25\0\0\0\0\0\0\xbf\x10\0\0\0\
\0\0\0\x67\0\0\0\x01\0\0\0\x0f\x70\0\0\0\0\0\0\xbf\x06\0\0\0\0\0\0\x07\x06\0\0\
\x02\x03\0\0\xbf\x52\0\0\0\0\0\0\x2d\x36\x72\x0b\0\0\0\0\xbf\x02\0\0\0\0\0\0\
\x07\x02\0\0\0\x03\0\0\x69\x22\0\0\0\0\0\0\x0f\x25\0\0\0\0\0\0\x07\0\0\0\x04\
\x03\0\0\xbf\x52\0\0\0\0\0\0\x2d\x30\x6b\x0b\0\0\0\0\x69\x62\0\0\0\0\0\0\x0f\
\x25\0\0\0\0\0\0\xbf\x10\0\0\0\0\0\0\x67\0\0\0\x01\0\0\0\x0f\x70\0\0\0\0\0\0\
\xbf\x06\0\0\0\0\0\0\x07\x06\0\0\x06\x03\0\0\xbf\x52\0\0\0\0\0\0\x2d\x36\x62\
\x0b\0\0\0\0\xbf\x02\0\0\0\0\0\0\x07\x02\0\0\x04\x03\0\0\x69\x22\0\0\0\0\0\0\
\x0f\x25\0\0\0\0\0\0\x07\0\0\0\x08\x03\0\0\xbf\x52\0\0\0\0\0\0\x2d\x30\x5b\x0b\
\0\0\0\0\x69\x62\0\0\0\0\0\0\x0f\x25\0\0\0\0\0\0\xbf\x10\0\0\0\0\0\0\x67\0\0\0\
\x01\0\0\0\x0f\x70\0\0\0\0\0\0\xbf\x06\0\0\0\0\0\0\x07\x06\0\0\x0a\x03\0\0\xbf\
\x52\0\0\0\0\0\0\x2d\x36\x52\x0b\0\0\0\0\xbf\x02\0\0\0\0\0\0\x07\x02\0\0\x08\
\x03\0\0\x69\x22\0\0\0\0\0\0\x0f\x25\0\0\0\0\0\0\x07\0\0\0\x0c\x03\0\0\xbf\x52\
\0\0\0\0\0\0\x2d\x30\x4b\x0b\0\0\0\0\x69\x62\0\0\0\0\0\0\x0f\x25\0\0\0\0\0\0\
\xbf\x10\0\0\0\0\0\0\x67\0\0\0\x01\0\0\0\x0f\x70\0\0\0\0\0\0\xbf\x06\0\0\0\0\0\
\0\x07\x06\0\0\x0e\x03\0\0\xbf\x52\0\0\0\0\0\0\x2d\x36\x42\x0b\0\0\0\0\xbf\x02\
\0\0\0\0\0\0\x07\x02\0\0\x0c\x03\0\0\x69\x22\0\0\0\0\0\0\x0f\x25\0\0\0\0\0\0\
\x07\0\0\0\x10\x03\0\0\xbf\x52\0\0\0\0\0\0\x2d\x30\x3b\x0b\0\0\0\0\x69\x62\0\0\
\0\0\0\0\x0f\x25\0\0\0\0\0\0\xbf\x10\0\0\0\0\0\0\x67\0\0\0\x01\0\0\0\x0f\x70\0\
\0\0\0\0\0\xbf\x06\0\0\0\0\0\0\x07\x06\0\0\x12\x03\0\0\xbf\x52\0\0\0\0\0\0\x2d\
\x36\x32\x0b\0\0\0\0\xbf\x02\0\0\0\0\0\0\x07\x02\0\0\x10\x03\0\0\x69\x22\0\0\0\
\0\0\0\x0f\x25\0\0\0\0\0\0\x07\0\0\0\x14\x03\0\0\xbf\x52\0\0\0\0\0\0\x2d\x30\
\x2b\x0b\0\0\0\0\x69\x62\0\0\0\0\0\0\x0f\x25\0\0\0\0\0\0\xbf\x10\0\0\0\0\0\0\
\x67\0\0\0\x01\0\0\0\x0f\x70\0\0\0\0\0\0\xbf\x06\0\0\0\0\0\0\x07\x06\0\0\x16\
\x03\0\0\xbf\x52\0\0\0\0\0\0\x2d\x36\x22\x0b\0\0\0\0\xbf\x02\0\0\0\0\0\0\x07\
\x02\0\0\x14\x03\0\0\x69\x22\0\0\0\0\0\0\x0f\x25\0\0\0\0\0\0\x07\0\0\0\x18\x03\
\0\0\xbf\x52\0\0\0\0\0\0\x2d\x30\x1b\x0b\0\0\0\0\x69\x62\0\0\0\0\0\0\x0f\x25\0\
\0\0\0\0\0\xbf\x10\0\0\0\0\0\0\x67\0\0\0\x01\0\0\0\x0f\x70\0\0\0\0\0\0\xbf\x06\
\0\0\0\0\0\0\x07\x06\0\0\x1a\x03\0\0\xbf\x52\0\0\0\0\0\0\x2d\x36\x12\x0b\0\0\0\
\0\xbf\x02\0\0\0\0\0\0\x07\x02\0\0\x18\x03\0\0\x69\x22\0\0\0\0\0\0\x0f\x25\0\0\
\0\0\0\0\x07\0\0\0\x1c\x03\0\0\xbf\x52\0\0\0\0\0\0\x2d\x30\x0b\x0b\0\0\0\0\x69\
\x62\0\0\0\0\0\0\x0f\x25\0\0\0\0\0\0\xbf\x10\0\0\0\0\0\0\x67\0\0\0\x01\0\0\0\
\x0f\x70\0\0\0\0\0\0\xbf\x06\0\0\0\0\0\0\x07\x06\0\0\x1e\x03\0\0\xbf\x52\0\0\0\
\0\0\0\x2d\x36\x02\x0b\0\0\0\0\xbf\x02\0\0\0\0\0\0\x07\x02\0\0\x1c\x03\0\0\x69\
\x22\0\0\0\0\0\0\x0f\x25\0\0\0\0\0\0\x07\0\0\0\x20\x03\0\0\xbf\x52\0\0\0\0\0\0\
\x2d\x30\xfb\x0a\0\0\0\0\x69\x62\0\0\0\0\0\0\x0f\x25\0\0\0\0\0\0\xbf\x10\0\0\0\
\0\0\0\x67\0\0\0\x01\0\0\0\x0f\x70\0\0\0\0\0\0\xbf\x06\0\0\0\0\0\0\x07\x06\0\0\
\x22\x03\0\0\xbf\x52\0\0\0\0\0\0\x2d\x36\xf2\x0a\0\0\0\0\xbf\x02\0\0\0\0\0\0\
\x07\x02\0\0\x20\x03\0\0\x69\x22\0\0\0\0\0\0\x0f\x25\0\0\0\0\0\0\x07\0\0\0\x24\
\x03\0\0\xbf\x52\0\0\0\0\0\0\x2d\x30\xeb\x0a\0\0\0\0\x69\x62\0\0\0\0\0\0\x0f\
\x25\0\0\0\0\0\0\xbf\x10\0\0\0\0\0\0\x67\0\0\0\x01\0\0\0\x0f\x70\0\0\0\0\0\0\
\xbf\x06\0\0\0\0\0\0\x07\x06\0\0\x26\x03\0\0\xbf\x52\0\0\0\0\0\0\x2d\x36\xe2\
\x0a\0\0\0\0\xbf\x02\0\0\0\0\0\0\x07\x02\0\0\x24\x03\0\0\x69\x22\0\0\0\0\0\0\
\x0f\x25\0\0\0\0\0\0\x07\0\0\0\x28\x03\0\0\xbf\x52\0\0\0\0\0\0\x2d\x30\xdb\x0a\
\0\0\0\0\x69\x62\0\0\0\0\0\0\x0f\x25\0\0\0\0\0\0\xbf\x10\0\0\0\0\0\0\x67\0\0\0\
\x01\0\0\0\x0f\x70\0\0\0\0\0\0\xbf\x06\0\0\0\0\0\0\x07\x06\0\0\x2a\x03\0\0\xbf\
\x52\0\0\0\0\0\0\x2d\x36\xd2\x0a\0\0\0\0\xbf\x02\0\0\0\0\0\0\x07\x02\0\0\x28\
\x03\0\0\x69\x22\0\0\0\0\0\0\x0f\x25\0\0\0\0\0\0\x07\0\0\0\x2c\x03\0\0\xbf\x52\
\0\0\0\0\0\0\x2d\x30\xcb\x0a\0\0\0\0\x69\x62\0\0\0\0\0\0\x0f\x25\0\0\0\0\0\0\
\xbf\x10\0\0\0\0\0\0\x67\0\0\0\x01\0\0\0\x0f\x70\0\0\0\0\0\0\xbf\x06\0\0\0\0\0\
\0\x07\x06\0\0\x2e\x03\0\0\xbf\x52\0\0\0\0\0\0\x2d\x36\xc2\x0a\0\0\0\0\xbf\x02\
\0\0\0\0\0\0\x07\x02\0\0\x2c\x03\0\0\x69\x22\0\0\0\0\0\0\x0f\x25\0\0\0\0\0\0\
\x07\0\0\0\x30\x03\0\0\xbf\x52\0\0\0\0\0\0\x2d\x30\xbb\x0a\0\0\0\0\x69\x62\0\0\
\0\0\0\0\x0f\x25\0\0\0\0\0\0\xbf\x10\0\0\0\0\0\0\x67\0\0\0\x01\0\0\0\x0f\x70\0\
\0\0\0\0\0\xbf\x06\0\0\0\0\0\0\x07\x06\0\0\x32\x03\0\0\xbf\x52\0\0\0\0\0\0\x2d\
\x36\xb2\x0a\0\0\0\0\xbf\x02\0\0\0\0\0\0\x07\x02\0\0\x30\x03\0\0\x69\x22\0\0\0\
\0\0\0\x0f\x25\0\0\0\0\0\0\x07\0\0\0\x34\x03\0\0\xbf\x52\0\0\0\0\0\0\x2d\x30\
\xab\x0a\0\0\0\0\x69\x62\0\0\0\0\0\0\x0f\x25\0\0\0\0\0\0\xbf\x10\0\0\0\0\0\0\
\x67\0\0\0\x01\0\0\0\x0f\x70\0\0\0\0\0\0\xbf\x06\0\0\0\0\0\0\x07\x06\0\0\x36\
\x03\0\0\xbf\x52\0\0\0\0\0\0\x2d\x36\xa2\x0a\0\0\0\0\xbf\x02\0\0\0\0\0\0\x07\
\x02\0\0\x34\x03\0\0\x69\x22\0\0\0\0\0\0\x0f\x25\0\0\0\0\0\0\x07\0\0\0\x38\x03\
\0\0\xbf\x52\0\0\0\0\0\0\x2d\x30\x9b\x0a\0\0\0\0\x69\x62\0\0\0\0\0\0\x0f\x25\0\
\0\0\0\0\0\xbf\x10\0\0\0\0\0\0\x67\0\0\0\x01\0\0\0\x0f\x70\0\0\0\0\0\0\xbf\x06\
\0\0\0\0\0\0\x07\x06\0\0\x3a\x03\0\0\xbf\x52\0\0\0\0\0\0\x2d\x36\x92\x0a\0\0\0\
\0\xbf\x02\0\0\0\0\0\0\x07\x02\0\0\x38\x03\0\0\x69\x22\0\0\0\0\0\0\x0f\x25\0\0\
\0\0\0\0\x07\0\0\0\x3c\x03\0\0\xbf\x52\0\0\0\0\0\0\x2d\x30\x8b\x0a\0\0\0\0\x69\
\x62\0\0\0\0\0\0\x0f\x25\0\0\0\0\0\0\xbf\x10\0\0\0\0\0\0\x67\0\0\0\x01\0\0\0\
\x0f\x70\0\0\0\0\0\0\xbf\x06\0\0\0\0\0\0\x07\x06\0\0\x3e\x03\0\0\xbf\x52\0\0\0\
\0\0\0\x2d\x36\x82\x0a\0\0\0\0\xbf\x02\0\0\0\0\0\0\x07\x02\0\0\x3c\x03\0\0\x69\
\x22\0\0\0\0\0\0\x0f\x25\0\0\0\0\0\0\x07\0\0\0\x40\x03\0\0\xbf\x52\0\0\0\0\0\0\
\x2d\x30\x7b\x0a\0\0\0\0\x69\x62\0\0\0\0\0\0\x0f\x25\0\0\0\0\0\0\xbf\x10\0\0\0\
\0\0\0\x67\0\0\0\x01\0\0\0\x0f\x70\0\0\0\0\0\0\xbf\x06\0\0\0\0\0\0\x07\x06\0\0\
\x42\x03\0\0\xbf\x52\0\0\0\0\0\0\x2d\x36\x72\x0a\0\0\0\0\xbf\x02\0\0\0\0\0\0\
\x07\x02\0\0\x40\x03\0\0\x69\x22\0\0\0\0\0\0\x0f\x25\0\0\0\0\0\0\x07\0\0\0\x44\
\x03\0\0\xbf\x52\0\0\0\0\0\0\x2d\x30\x6b\x0a\0\0\0\0\x69\x62\0\0\0\0\0\0\x0f\
\x25\0\0\0\0\0\0\xbf\x10\0\0\0\0\0\0\x67\0\0\0\x01\0\0\0\x0f\x70\0\0\0\0\0\0\
\xbf\x06\0\0\0\0\0\0\x07\x06\0\0\x46\x03\0\0\xbf\x52\0\0\0\0\0\0\x2d\x36\x62\
\x0a\0\0\0\0\xbf\x02\0\0\0\0\0\0\x07\x02\0\0\x44\x03\0\0\x69\x22\0\0\0\0\0\0\
\x0f\x25\0\0\0\0\0\0\x07\0\0\0\x48\x03\0\0\xbf\x52\0\0\0\0\0\0\x2d\x30\x5b\x0a\
\0\0\0\0\x69\x62\0\0\0\0\0\0\x0f\x25\0\0\0\0\0\0\xbf\x10\0\0\0\0\0\0\x67\0\0\0\
\x01\0\0\0\x0f\x70\0\0\0\0\0\0\xbf\x06\0\0\0\0\0\0\x07\x06\0\0\x4a\x03\0\0\xbf\
\x52\0\0\0\0\0\0\x2d\x36\x52\x0a\0\0\0\0\xbf\x02\0\0\0\0\0\0\x07\x02\0\0\x48\
\x03\0\0\x69\x22\0\0\0\0\0\0\x0f\x25\0\0\0\0\0\0\x07\0\0\0\x4c\x03\0\0\xbf\x52\
\0\0\0\0\0\0\x2d\x30\x4b\x0a\0\0\0\0\x69\x62\0\0\0\0\0\0\x0f\x25\0\0\0\0\0\0\
\xbf\x10\0\0\0\0\0\0\x67\0\0\0\x01\0\0\0\x0f\x70\0\0\0\0\0\0\xbf\x06\0\0\0\0\0\
\0\x07\x06\0\0\x4e\x03\0\0\xbf\x52\0\0\0\0\0\0\x2d\x36\x42\x0a\0\0\0\0\xbf\x02\
\0\0\0\0\0\0\x07\x02\0\0\x4c\x03\0\0\x69\x22\0\0\0\0\0\0\x0f\x25\0\0\0\0\0\0\
\x07\0\0\0\x50\x03\0\0\xbf\x52\0\0\0\0\0\0\x2d\x30\x3b\x0a\0\0\0\0\x69\x62\0\0\
\0\0\0\0\x0f\x25\0\0\0\0\0\0\xbf\x10\0\0\0\0\0\0\x67\0\0\0\x01\0\0\0\x0f\x70\0\
\0\0\0\0\0\xbf\x06\0\0\0\0\0\0\x07\x06\0\0\x52\x03\0\0\xbf\x52\0\0\0\0\0\0\x2d\
\x36\x32\x0a\0\0\0\0\xbf\x02\0\0\0\0\0\0\x07\x02\0\0\x50\x03\0\0\x69\x22\0\0\0\
\0\0\0\x0f\x25\0\0\0\0\0\0\x07\0\0\0\x54\x03\0\0\xbf\x52\0\0\0\0\0\0\x2d\x30\
\x2b\x0a\0\0\0\0\x69\x62\0\0\0\0\0\0\x0f\x25\0\0\0\0\0\0\xbf\x10\0\0\0\0\0\0\
\x67\0\0\0\x01\0\0\0\x0f\x70\0\0\0\0\0\0\xbf\x06\0\0\0\0\0\0\x07\x06\0\0\x56\
\x03\0\0\xbf\x52\0\0\0\0\0\0\x2d\x36\x22\x0a\0\0\0\0\xbf\x02\0\0\0\0\0\0\x07\
\x02\0\0\x54\x03\0\0\x69\x22\0\0\0\0\0\0\x0f\x25\0\0\0\0\0\0\x07\0\0\0\x58\x03\
\0\0\xbf\x52\0\0\0\0\0\0\x2d\x30\x1b\x0a\0\0\0\0\x69\x62\0\0\0\0\0\0\x0f\x25\0\
\0\0\0\0\0\xbf\x10\0\0\0\0\0\0\x67\0\0\0\x01\0\0\0\x0f\x70\0\0\0\0\0\0\xbf\x06\
\0\0\0\0\0\0\x07\x06\0\0\x5a\x03\0\0\xbf\x52\0\0\0\0\0\0\x2d\x36\x12\x0a\0\0\0\
\0\xbf\x02\0\0\0\0\0\0\x07\x02\0\0\x58\x03\0\0\x69\x22\0\0\0\0\0\0\x0f\x25\0\0\
\0\0\0\0\x07\0\0\0\x5c\x03\0\0\xbf\x52\0\0\0\0\0\0\x2d\x30\x0b\x0a\0\0\0\0\x69\
\x62\0\0\0\0\0\0\x0f\x25\0\0\0\0\0\0\xbf\x10\0\0\0\0\0\0\x67\0\0\0\x01\0\0\0\
\x0f\x70\0\0\0\0\0\0\xbf\x06\0\0\0\0\0\0\x07\x06\0\0\x5e\x03\0\0\xbf\x52\0\0\0\
\0\0\0\x2d\x36\x02\x0a\0\0\0\0\xbf\x02\0\0\0\0\0\0\x07\x02\0\0\x5c\x03\0\0\x69\
\x22\0\0\0\0\0\0\x0f\x25\0\0\0\0\0\0\x07\0\0\0\x60\x03\0\0\xbf\x52\0\0\0\0\0\0\
\x2d\x30\xfb\x09\0\0\0\0\x69\x62\0\0\0\0\0\0\x0f\x25\0\0\0\0\0\0\xbf\x10\0\0\0\
\0\0\0\x67\0\0\0\x01\0\0\0\x0f\x70\0\0\0\0\0\0\xbf\x06\0\0\0\0\0\0\x07\x06\0\0\
\x62\x03\0\0\xbf\x52\0\0\0\0\0\0\x2d\x36\xf2\x09\0\0\0\0\xbf\x02\0\0\0\0\0\0\
\x07\x02\0\0\x60\x03\0\0\x69\x22\0\0\0\0\0\0\x0f\x25\0\0\0\0\0\0\x07\0\0\0\x64\
\x03\0\0\xbf\x52\0\0\0\0\0\0\x2d\x30\xeb\x09\0\0\0\0\x69\x62\0\0\0\0\0\0\x0f\
\x25\0\0\0\0\0\0\xbf\x10\0\0\0\0\0\0\x67\0\0\0\x01\0\0\0\x0f\x70\0\0\0\0\0\0\
\xbf\x06\0\0\0\0\0\0\x07\x06\0\0\x66\x03\0\0\xbf\x52\0\0\0\0\0\0\x2d\x36\xe2\
\x09\0\0\0\0\xbf\x02\0\0\0\0\0\0\x07\x02\0\0\x64\x03\0\0\x69\x22\0\0\0\0\0\0\
\x0f\x25\0\0\0\0\0\0\x07\0\0\0\x68\x03\0\0\xbf\x52\0\0\0\0\0\0\x2d\x30\xdb\x09\
\0\0\0\0\x69\x62\0\0\0\0\0\0\x0f\x25\0\0\0\0\0\0\xbf\x10\0\0\0\0\0\0\x67\0\0\0\
\x01\0\0\0\x0f\x70\0\0\0\0\0\0\xbf\x06\0\0\0\0\0\0\x07\x06\0\0\x6a\x03\0\0\xbf\
\x52\0\0\0\0\0\0\x2d\x36\xd2\x09\0\0\0\0\xbf\x02\0\0\0\0\0\0\x07\x02\0\0\x68\
\x03\0\0\x69\x22\0\0\0\0\0\0\x0f\x25\0\0\0\0\0\0\x07\0\0\0\x6c\x03\0\0\xbf\x52\
\0\0\0\0\0\0\x2d\x30\xcb\x09\0\0\0\0\x69\x62\0\0\0\0\0\0\x0f\x25\0\0\0\0\0\0\
\xbf\x10\0\0\0\0\0\0\x67\0\0\0\x01\0\0\0\x0f\x70\0\0\0\0\0\0\xbf\x06\0\0\0\0\0\
\0\x07\x06\0\0\x6e\x03\0\0\xbf\x52\0\0\0\0\0\0\x2d\x36\xc2\x09\0\0\0\0\xbf\x02\
\0\0\0\0\0\0\x07\x02\0\0\x6c\x03\0\0\x69\x22\0\0\0\0\0\0\x0f\x25\0\0\0\0\0\0\
\x07\0\0\0\x70\x03\0\0\xbf\x52\0\0\0\0\0\0\x2d\x30\xbb\x09\0\0\0\0\x69\x62\0\0\
\0\0\0\0\x0f\x25\0\0\0\0\0\0\xbf\x10\0\0\0\0\0\0\x67\0\0\0\x01\0\0\0\x0f\x70\0\
\0\0\0\0\0\xbf\x06\0\0\0\0\0\0\x07\x06\0\0\x72\x03\0\0\xbf\x52\0\0\0\0\0\0\x2d\
\x36\xb2\x09\0\0\0\0\xbf\x02\0\0\0\0\0\0\x07\x02\0\0\x70\x03\0\0\x69\x22\0\0\0\
\0\0\0\x0f\x25\0\0\0\0\0\0\x07\0\0\0\x74\x03\0\0\xbf\x52\0\0\0\0\0\0\x2d\x30\
\xab\x09\0\0\0\0\x69\x62\0\0\0\0\0\0\x0f\x25\0\0\0\0\0\0\xbf\x10\0\0\0\0\0\0\
\x67\0\0\0\x01\0\0\0\x0f\x70\0\0\0\0\0\0\xbf\x06\0\0\0\0\0\0\x07\x06\0\0\x76\
\x03\0\0\xbf\x52\0\0\0\0\0\0\x2d\x36\xa2\x09\0\0\0\0\xbf\x02\0\0\0\0\0\0\x07\
\x02\0\0\x74\x03\0\0\x69\x22\0\0\0\0\0\0\x0f\x25\0\0\0\0\0\0\x07\0\0\0\x78\x03\
\0\0\xbf\x52\0\0\0\0\0\0\x2d\x30\x9b\x09\0\0\0\0\x69\x62\0\0\0\0\0\0\x0f\x25\0\
\0\0\0\0\0\xbf\x10\0\0\0\0\0\0\x67\0\0\0\x01\0\0\0\x0f\x70\0\0\0\0\0\0\xbf\x06\
\0\0\0\0\0\0\x07\x06\0\0\x7a\x03\0\0\xbf\x52\0\0\0\0\0\0\x2d\x36\x92\x09\0\0\0\
\0\xbf\x02\0\0\0\0\0\0\x07\x02\0\0\x78\x03\0\0\x69\x22\0\0\0\0\0\0\x0f\x25\0\0\
\0\0\0\0\x07\0\0\0\x7c\x03\0\0\xbf\x52\0\0\0\0\0\0\x2d\x30\x8b\x09\0\0\0\0\x69\
\x62\0\0\0\0\0\0\x0f\x25\0\0\0\0\0\0\xbf\x10\0\0\0\0\0\0\x67\0\0\0\x01\0\0\0\
\x0f\x70\0\0\0\0\0\0\xbf\x06\0\0\0\0\0\0\x07\x06\0\0\x7e\x03\0\0\xbf\x52\0\0\0\
\0\0\0\x2d\x36\x82\x09\0\0\0\0\xbf\x02\0\0\0\0\0\0\x07\x02\0\0\x7c\x03\0\0\x69\
\x22\0\0\0\0\0\0\x0f\x25\0\0\0\0\0\0\x07\0\0\0\x80\x03\0\0\xbf\x52\0\0\0\0\0\0\
\x2d\x30\x7b\x09\0\0\0\0\x69\x62\0\0\0\0\0\0\x0f\x25\0\0\0\0\0\0\xbf\x10\0\0\0\
\0\0\0\x67\0\0\0\x01\0\0\0\x0f\x70\0\0\0\0\0\0\xbf\x06\0\0\0\0\0\0\x07\x06\0\0\
\x82\x03\0\0\xbf\x52\0\0\0\0\0\0\x2d\x36\x72\x09\0\0\0\0\xbf\x02\0\0\0\0\0\0\
\x07\x02\0\0\x80\x03\0\0\x69\x22\0\0\0\0\0\0\x0f\x25\0\0\0\0\0\0\x07\0\0\0\x84\
\x03\0\0\xbf\x52\0\0\0\0\0\0\x2d\x30\x6b\x09\0\0\0\0\x69\x62\0\0\0\0\0\0\x0f\
\x25\0\0\0\0\0\0\xbf\x10\0\0\0\0\0\0\x67\0\0\0\x01\0\0\0\x0f\x70\0\0\0\0\0\0\
\xbf\x06\0\0\0\0\0\0\x07\x06\0\0\x86\x03\0\0\xbf\x52\0\0\0\0\0\0\x2d\x36\x62\
\x09\0\0\0\0\xbf\x02\0\0\0\0\0\0\x07\x02\0\0\x84\x03\0\0\x69\x22\0\0\0\0\0\0\
\x0f\x25\0\0\0\0\0\0\x07\0\0\0\x88\x03\0\0\xbf\x52\0\0\0\0\0\0\x2d\x30\x5b\x09\
\0\0\0\0\x69\x62\0\0\0\0\0\0\x0f\x25\0\0\0\0\0\0\xbf\x10\0\0\0\0\0\0\x67\0\0\0\
\x01\0\0\0\x0f\x70\0\0\0\0\0\0\xbf\x06\0\0\0\0\0\0\x07\x06\0\0\x8a\x03\0\0\xbf\
\x52\0\0\0\0\0\0\x2d\x36\x52\x09\0\0\0\0\xbf\x02\0\0\0\0\0\0\x07\x02\0\0\x88\
\x03\0\0\x69\x22\0\0\0\0\0\0\x0f\x25\0\0\0\0\0\0\x07\0\0\0\x8c\x03\0\0\xbf\x52\
\0\0\0\0\0\0\x2d\x30\x4b\x09\0\0\0\0\x69\x62\0\0\0\0\0\0\x0f\x25\0\0\0\0\0\0\
\xbf\x10\0\0\0\0\0\0\x67\0\0\0\x01\0\0\0\x0f\x70\0\0\0\0\0\0\xbf\x06\0\0\0\0\0\
\0\x07\x06\0\0\x8e\x03\0\0\xbf\x52\0\0\0\0\0\0\x2d\x36\x42\x09\0\0\0\0\xbf\x02\
\0\0\0\0\0\0\x07\x02\0\0\x8c\x03\0\0\x69\x22\0\0\0\0\0\0\x0f\x25\0\0\0\0\0\0\
\x07\0\0\0\x90\x03\0\0\xbf\x52\0\0\0\0\0\0\x2d\x30\x3b\x09\0\0\0\0\x69\x62\0\0\
\0\0\0\0\x0f\x25\0\0\0\0\0\0\xbf\x10\0\0\0\0\0\0\x67\0\0\0\x01\0\0\0\x0f\x70\0\
\0\0\0\0\0\xbf\x06\0\0\0\0\0\0\x07\x06\0\0\x92\x03\0\0\xbf\x52\0\0\0\0\0\0\x2d\
\x36\x32\x09\0\0\0\0\xbf\x02\0\0\0\0\0\0\x07\x02\0\0\x90\x03\0\0\x69\x22\0\0\0\
\0\0\0\x0f\x25\0\0\0\0\0\0\x07\0\0\0\x94\x03\0\0\xbf\x52\0\0\0\0\0\0\x2d\x30\
\x2b\x09\0\0\0\0\x69\x62\0\0\0\0\0\0\x0f\x25\0\0\0\0\0\0\xbf\x10\0\0\0\0\0\0\
\x67\0\0\0\x01\0\0\0\x0f\x70\0\0\0\0\0\0\xbf\x06\0\0\0\0\0\0\x07\x06\0\0\x96\
\x03\0\0\xbf\x52\0\0\0\0\0\0\x2d\x36\x22\x09\0\0\0\0\xbf\x02\0\0\0\0\0\0\x07\
\x02\0\0\x94\x03\0\0\x69\x22\0\0\0\0\0\0\x0f\x25\0\0\0\0\0\0\x07\0\0\0\x98\x03\
\0\0\xbf\x52\0\0\0\0\0\0\x2d\x30\x1b\x09\0\0\0\0\x69\x62\0\0\0\0\0\0\x0f\x25\0\
\0\0\0\0\0\xbf\x10\0\0\0\0\0\0\x67\0\0\0\x01\0\0\0\x0f\x70\0\0\0\0\0\0\xbf\x06\
\0\0\0\0\0\0\x07\x06\0\0\x9a\x03\0\0\xbf\x52\0\0\0\0\0\0\x2d\x36\x12\x09\0\0\0\
\0\xbf\x02\0\0\0\0\0\0\x07\x02\0\0\x98\x03\0\0\x69\x22\0\0\0\0\0\0\x0f\x25\0\0\
\0\0\0\0\x07\0\0\0\x9c\x03\0\0\xbf\x52\0\0\0\0\0\0\x2d\x30\x0b\x09\0\0\0\0\x69\
\x62\0\0\0\0\0\0\x0f\x25\0\0\0\0\0\0\xbf\x10\0\0\0\0\0\0\x67\0\0\0\x01\0\0\0\
\x0f\x70\0\0\0\0\0\0\xbf\x06\0\0\0\0\0\0\x07\x06\0\0\x9e\x03\0\0\xbf\x52\0\0\0\
\0\0\0\x2d\x36\x02\x09\0\0\0\0\xbf\x02\0\0\0\0\0\0\x07\x02\0\0\x9c\x03\0\0\x69\
\x22\0\0\0\0\0\0\x0f\x25\0\0\0\0\0\0\x07\0\0\0\xa0\x03\0\0\xbf\x52\0\0\0\0\0\0\
\x2d\x30\xfb\x08\0\0\0\0\x69\x62\0\0\0\0\0\0\x0f\x25\0\0\0\0\0\0\xbf\x10\0\0\0\
\0\0\0\x67\0\0\0\x01\0\0\0\x0f\x70\0\0\0\0\0\0\xbf\x06\0\0\0\0\0\0\x07\x06\0\0\
\xa2\x03\0\0\xbf\x52\0\0\0\0\0\0\x2d\x36\xf2\x08\0\0\0\0\xbf\x02\0\0\0\0\0\0\
\x07\x02\0\0\xa0\x03\0\0\x69\x22\0\0\0\0\0\0\x0f\x25\0\0\0\0\0\0\x07\0\0\0\xa4\
\x03\0\0\xbf\x52\0\0\0\0\0\0\x2d\x30\xeb\x08\0\0\0\0\x69\x62\0\0\0\0\0\0\x0f\
\x25\0\0\0\0\0\0\xbf\x10\0\0\0\0\0\0\x67\0\0\0\x01\0\0\0\x0f\x70\0\0\0\0\0\0\
\xbf\x06\0\0\0\0\0\0\x07\x06\0\0\xa6\x03\0\0\xbf\x52\0\0\0\0\0\0\x2d\x36\xe2\
\x08\0\0\0\0\xbf\x02\0\0\0\0\0\0\x07\x02\0\0\xa4\x03\0\0\x69\x22\0\0\0\0\0\0\
\x0f\x25\0\0\0\0\0\0\x07\0\0\0\xa8\x03\0\0\xbf\x52\0\0\0\0\0\0\x2d\x30\xdb\x08\
\0\0\0\0\x69\x62\0\0\0\0\0\0\x0f\x25\0\0\0\0\0\0\xbf\x10\0\0\0\0\0\0\x67\0\0\0\
\x01\0\0\0\x0f\x70\0\0\0\0\0\0\xbf\x06\0\0\0\0\0\0\x07\x06\0\0\xaa\x03\0\0\xbf\
\x52\0\0\0\0\0\0\x2d\x36\xd2\x08\0\0\0\0\xbf\x02\0\0\0\0\0\0\x07\x02\0\0\xa8\
\x03\0\0\x69\x22\0\0\0\0\0\0\x0f\x25\0\0\0\0\0\0\x07\0\0\0\xac\x03\0\0\xbf\x52\
\0\0\0\0\0\0\x2d\x30\xcb\x08\0\0\0\0\x69\x62\0\0\0\0\0\0\x0f\x25\0\0\0\0\0\0\
\xbf\x10\0\0\0\0\0\0\x67\0\0\0\x01\0\0\0\x0f\x70\0\0\0\0\0\0\xbf\x06\0\0\0\0\0\
\0\x07\x06\0\0\xae\x03\0\0\xbf\x52\0\0\0\0\0\0\x2d\x36\xc2\x08\0\0\0\0\xbf\x02\
\0\0\0\0\0\0\x07\x02\0\0\xac\x03\0\0\x69\x22\0\0\0\0\0\0\x0f\x25\0\0\0\0\0\0\
\x07\0\0\0\xb0\x03\0\0\xbf\x52\0\0\0\0\0\0\x2d\x30\xbb\x08\0\0\0\0\x69\x62\0\0\
\0\0\0\0\x0f\x25\0\0\0\0\0\0\xbf\x10\0\0\0\0\0\0\x67\0\0\0\x01\0\0\0\x0f\x70\0\
\0\0\0\0\0\xbf\x06\0\0\0\0\0\0\x07\x06\0\0\xb2\x03\0\0\xbf\x52\0\0\0\0\0\0\x2d\
\x36\xb2\x08\0\0\0\0\xbf\x02\0\0\0\0\0\0\x07\x02\0\0\xb0\x03\0\0\x69\x22\0\0\0\
\0\0\0\x0f\x25\0\0\0\0\0\0\x07\0\0\0\xb4\x03\0\0\xbf\x52\0\0\0\0\0\0\x2d\x30\
\xab\x08\0\0\0\0\x69\x62\0\0\0\0\0\0\x0f\x25\0\0\0\0\0\0\xbf\x10\0\0\0\0\0\0\
\x67\0\0\0\x01\0\0\0\x0f\x70\0\0\0\0\0\0\xbf\x06\0\0\0\0\0\0\x07\x06\0\0\xb6\
\x03\0\0\xbf\x52\0\0\0\0\0\0\x2d\x36\xa2\x08\0\0\0\0\xbf\x02\0\0\0\0\0\0\x07\
\x02\0\0\xb4\x03\0\0\x69\x22\0\0\0\0\0\0\x0f\x25\0\0\0\0\0\0\x07\0\0\0\xb8\x03\
\0\0\xbf\x52\0\0\0\0\0\0\x2d\x30\x9b\x08\0\0\0\0\x69\x62\0\0\0\0\0\0\x0f\x25\0\
\0\0\0\0\0\xbf\x10\0\0\0\0\0\0\x67\0\0\0\x01\0\0\0\x0f\x70\0\0\0\0\0\0\xbf\x06\
\0\0\0\0\0\0\x07\x06\0\0\xba\x03\0\0\xbf\x52\0\0\0\0\0\0\x2d\x36\x92\x08\0\0\0\
\0\xbf\x02\0\0\0\0\0\0\x07\x02\0\0\xb8\x03\0\0\x69\x22\0\0\0\0\0\0\x0f\x25\0\0\
\0\0\0\0\x07\0\0\0\xbc\x03\0\0\xbf\x52\0\0\0\0\0\0\x2d\x30\x8b\x08\0\0\0\0\x69\
\x62\0\0\0\0\0\0\x0f\x25\0\0\0\0\0\0\xbf\x10\0\0\0\0\0\0\x67\0\0\0\x01\0\0\0\
\x0f\x70\0\0\0\0\0\0\xbf\x06\0\0\0\0\0\0\x07\x06\0\0\xbe\x03\0\0\xbf\x52\0\0\0\
\0\0\0\x2d\x36\x82\x08\0\0\0\0\xbf\x02\0\0\0\0\0\0\x07\x02\0\0\xbc\x03\0\0\x69\
\x22\0\0\0\0\0\0\x0f\x25\0\0\0\0\0\0\x07\0\0\0\xc0\x03\0\0\xbf\x52\0\0\0\0\0\0\
\x2d\x30\x7b\x08\0\0\0\0\x69\x62\0\0\0\0\0\0\x0f\x25\0\0\0\0\0\0\xbf\x10\0\0\0\
\0\0\0\x67\0\0\0\x01\0\0\0\x0f\x70\0\0\0\0\0\0\xbf\x06\0\0\0\0\0\0\x07\x06\0\0\
\xc2\x03\0\0\xbf\x52\0\0\0\0\0\0\x2d\x36\x72\x08\0\0\0\0\xbf\x02\0\0\0\0\0\0\
\x07\x02\0\0\xc0\x03\0\0\x69\x22\0\0\0\0\0\0\x0f\x25\0\0\0\0\0\0\x07\0\0\0\xc4\
\x03\0\0\xbf\x52\0\0\0\0\0\0\x2d\x30\x6b\x08\0\0\0\0\x69\x62\0\0\0\0\0\0\x0f\
\x25\0\0\0\0\0\0\xbf\x10\0\0\0\0\0\0\x67\0\0\0\x01\0\0\0\x0f\x70\0\0\0\0\0\0\
\xbf\x06\0\0\0\0\0\0\x07\x06\0\0\xc6\x03\0\0\xbf\x52\0\0\0\0\0\0\x2d\x36\x62\
\x08\0\0\0\0\xbf\x02\0\0\0\0\0\0\x07\x02\0\0\xc4\x03\0\0\x69\x22\0\0\0\0\0\0\
\x0f\x25\0\0\0\0\0\0\x07\0\0\0\xc8\x03\0\0\xbf\x52\0\0\0\0\0\0\x2d\x30\x5b\x08\
\0\0\0\0\x69\x62\0\0\0\0\0\0\x0f\x25\0\0\0\0\0\0\xbf\x10\0\0\0\0\0\0\x67\0\0\0\
\x01\0\0\0\x0f\x70\0\0\0\0\0\0\xbf\x06\0\0\0\0\0\0\x07\x06\0\0\xca\x03\0\0\xbf\
\x52\0\0\0\0\0\0\x2d\x36\x52\x08\0\0\0\0\xbf\x02\0\0\0\0\0\0\x07\x02\0\0\xc8\
\x03\0\0\x69\x22\0\0\0\0\0\0\x0f\x25\0\0\0\0\0\0\x07\0\0\0\xcc\x03\0\0\xbf\x52\
\0\0\0\0\0\0\x2d\x30\x4b\x08\0\0\0\0\x69\x62\0\0\0\0\0\0\x0f\x25\0\0\0\0\0\0\
\xbf\x10\0\0\0\0\0\0\x67\0\0\0\x01\0\0\0\x0f\x70\0\0\0\0\0\0\xbf\x06\0\0\0\0\0\
\0\x07\x06\0\0\xce\x03\0\0\xbf\x52\0\0\0\0\0\0\x2d\x36\x42\x08\0\0\0\0\xbf\x02\
\0\0\0\0\0\0\x07\x02\0\0\xcc\x03\0\0\x69\x22\0\0\0\0\0\0\x0f\x25\0\0\0\0\0\0\
\x07\0\0\0\xd0\x03\0\0\xbf\x52\0\0\0\0\0\0\x2d\x30\x3b\x08\0\0\0\0\x69\x62\0\0\
\0\0\0\0\x0f\x25\0\0\0\0\0\0\xbf\x10\0\0\0\0\0\0\x67\0\0\0\x01\0\0\0\x0f\x70\0\
\0\0\0\0\0\xbf\x06\0\0\0\0\0\0\x07\x06\0\0\xd2\x03\0\0\xbf\x52\0\0\0\0\0\0\x2d\
\x36\x32\x08\0\0\0\0\xbf\x02\0\0\0\0\0\0\x07\x02\0\0\xd0\x03\0\0\x69\x22\0\0\0\
\0\0\0\x0f\x25\0\0\0\0\0\0\x07\0\0\0\xd4\x03\0\0\xbf\x52\0\0\0\0\0\0\x2d\x30\
\x2b\x08\0\0\0\0\x69\x62\0\0\0\0\0\0\x0f\x25\0\0\0\0\0\0\xbf\x10\0\0\0\0\0\0\
\x67\0\0\0\x01\0\0\0\x0f\x70\0\0\0\0\0\0\xbf\x06\0\0\0\0\0\0\x07\x06\0\0\xd6\
\x03\0\0\xbf\x52\0\0\0\0\0\0\x2d\x36\x22\x08\0\0\0\0\xbf\x02\0\0\0\0\0\0\x07\
\x02\0\0\xd4\x03\0\0\x69\x22\0\0\0\0\0\0\x0f\x25\0\0\0\0\0\0\x07\0\0\0\xd8\x03\
\0\0\xbf\x52\0\0\0\0\0\0\x2d\x30\x1b\x08\0\0\0\0\x69\x62\0\0\0\0\0\0\x0f\x25\0\
\0\0\0\0\0\xbf\x10\0\0\0\0\0\0\x67\0\0\0\x01\0\0\0\x0f\x70\0\0\0\0\0\0\xbf\x06\
\0\0\0\0\0\0\x07\x06\0\0\xda\x03\0\0\xbf\x52\0\0\0\0\0\0\x2d\x36\x12\x08\0\0\0\
\0\xbf\x02\0\0\0\0\0\0\x07\x02\0\0\xd8\x03\0\0\x69\x22\0\0\0\0\0\0\x0f\x25\0\0\
\0\0\0\0\x07\0\0\0\xdc\x03\0\0\xbf\x52\0\0\0\0\0\0\x2d\x30\x0b\x08\0\0\0\0\x69\
\x62\0\0\0\0\0\0\x0f\x25\0\0\0\0\0\0\xbf\x10\0\0\0\0\0\0\x67\0\0\0\x01\0\0\0\
\x0f\x70\0\0\0\0\0\0\xbf\x06\0\0\0\0\0\0\x07\x06\0\0\xde\x03\0\0\xbf\x52\0\0\0\
\0\0\0\x2d\x36\x02\x08\0\0\0\0\xbf\x02\0\0\0\0\0\0\x07\x02\0\0\xdc\x03\0\0\x69\
\x22\0\0\0\0\0\0\x0f\x25\0\0\0\0\0\0\x07\0\0\0\xe0\x03\0\0\xbf\x52\0\0\0\0\0\0\
\x2d\x30\xfb\x07\0\0\0\0\x69\x62\0\0\0\0\0\0\x0f\x25\0\0\0\0\0\0\xbf\x10\0\0\0\
\0\0\0\x67\0\0\0\x01\0\0\0\x0f\x70\0\0\0\0\0\0\xbf\x06\0\0\0\0\0\0\x07\x06\0\0\
\xe2\x03\0\0\xbf\x52\0\0\0\0\0\0\x2d\x36\xf2\x07\0\0\0\0\xbf\x02\0\0\0\0\0\0\
\x07\x02\0\0\xe0\x03\0\0\x69\x22\0\0\0\0\0\0\x0f\x25\0\0\0\0\0\0\x07\0\0\0\xe4\
\x03\0\0\xbf\x52\0\0\0\0\0\0\x2d\x30\xeb\x07\0\0\0\0\x69\x62\0\0\0\0\0\0\x0f\
\x25\0\0\0\0\0\0\xbf\x10\0\0\0\0\0\0\x67\0\0\0\x01\0\0\0\x0f\x70\0\0\0\0\0\0\
\xbf\x06\0\0\0\0\0\0\x07\x06\0\0\xe6\x03\0\0\xbf\x52\0\0\0\0\0\0\x2d\x36\xe2\
\x07\0\0\0\0\xbf\x02\0\0\0\0\0\0\x07\x02\0\0\xe4\x03\0\0\x69\x22\0\0\0\0\0\0\
\x0f\x25\0\0\0\0\0\0\x07\0\0\0\xe8\x03\0\0\xbf\x52\0\0\0\0\0\0\x2d\x30\xdb\x07\
\0\0\0\0\x69\x62\0\0\0\0\0\0\x0f\x25\0\0\0\0\0\0\xbf\x10\0\0\0\0\0\0\x67\0\0\0\
\x01\0\0\0\x0f\x70\0\0\0\0\0\0\xbf\x06\0\0\0\0\0\0\x07\x06\0\0\xea\x03\0\0\xbf\
\x52\0\0\0\0\0\0\x2d\x36\xd2\x07\0\0\0\0\xbf\x02\0\0\0\0\0\0\x07\x02\0\0\xe8\
\x03\0\0\x69\x22\0\0\0\0\0\0\x0f\x25\0\0\0\0\0\0\x07\0\0\0\xec\x03\0\0\xbf\x52\
\0\0\0\0\0\0\x2d\x30\xcb\x07\0\0\0\0\x69\x62\0\0\0\0\0\0\x0f\x25\0\0\0\0\0\0\
\xbf\x10\0\0\0\0\0\0\x67\0\0\0\x01\0\0\0\x0f\x70\0\0\0\0\0\0\xbf\x06\0\0\0\0\0\
\0\x07\x06\0\0\xee\x03\0\0\xbf\x52\0\0\0\0\0\0\x2d\x36\xc2\x07\0\0\0\0\xbf\x02\
\0\0\0\0\0\0\x07\x02\0\0\xec\x03\0\0\x69\x22\0\0\0\0\0\0\x0f\x25\0\0\0\0\0\0\
\x07\0\0\0\xf0\x03\0\0\xbf\x52\0\0\0\0\0\0\x2d\x30\xbb\x07\0\0\0\0\x69\x62\0\0\
\0\0\0\0\x0f\x25\0\0\0\0\0\0\xbf\x10\0\0\0\0\0\0\x67\0\0\0\x01\0\0\0\x0f\x70\0\
\0\0\0\0\0\xbf\x06\0\0\0\0\0\0\x07\x06\0\0\xf2\x03\0\0\xbf\x52\0\0\0\0\0\0\x2d\
\x36\xb2\x07\0\0\0\0\xbf\x02\0\0\0\0\0\0\x07\x02\0\0\xf0\x03\0\0\x69\x22\0\0\0\
\0\0\0\x0f\x25\0\0\0\0\0\0\x07\0\0\0\xf4\x03\0\0\xbf\x52\0\0\0\0\0\0\x2d\x30\
\xab\x07\0\0\0\0\x69\x62\0\0\0\0\0\0\x0f\x25\0\0\0\0\0\0\xbf\x10\0\0\0\0\0\0\
\x67\0\0\0\x01\0\0\0\x0f\x70\0\0\0\0\0\0\xbf\x06\0\0\0\0\0\0\x07\x06\0\0\xf6\
\x03\0\0\xbf\x52\0\0\0\0\0\0\x2d\x36\xa2\x07\0\0\0\0\xbf\x02\0\0\0\0\0\0\x07\
\x02\0\0\xf4\x03\0\0\x69\x22\0\0\0\0\0\0\x0f\x25\0\0\0\0\0\0\x07\0\0\0\xf8\x03\
\0\0\xbf\x52\0\0\0\0\0\0\x2d\x30\x9b\x07\0\0\0\0\x69\x62\0\0\0\0\0\0\x0f\x25\0\
\0\0\0\0\0\xbf\x10\0\0\0\0\0\0\x67\0\0\0\x01\0\0\0\x0f\x70\0\0\0\0\0\0\xbf\x06\
\0\0\0\0\0\0\x07\x06\0\0\xfa\x03\0\0\xbf\x52\0\0\0\0\0\0\x2d\x36\x92\x07\0\0\0\
\0\xbf\x02\0\0\0\0\0\0\x07\x02\0\0\xf8\x03\0\0\x69\x22\0\0\0\0\0\0\x0f\x25\0\0\
\0\0\0\0\x07\0\0\0\xfc\x03\0\0\xbf\x52\0\0\0\0\0\0\x2d\x30\x8b\x07\0\0\0\0\x69\
\x62\0\0\0\0\0\0\x0f\x25\0\0\0\0\0\0\xbf\x10\0\0\0\0\0\0\x67\0\0\0\x01\0\0\0\
\x0f\x70\0\0\0\0\0\0\xbf\x06\0\0\0\0\0\0\x07\x06\0\0\xfe\x03\0\0\xbf\x52\0\0\0\
\0\0\0\x2d\x36\x82\x07\0\0\0\0\xbf\x02\0\0\0\0\0\0\x07\x02\0\0\xfc\x03\0\0\x69\
\x22\0\0\0\0\0\0\x0f\x25\0\0\0\0\0\0\x07\0\0\0\0\x04\0\0\xbf\x52\0\0\0\0\0\0\
\x2d\x30\x7b\x07\0\0\0\0\x69\x62\0\0\0\0\0\0\x0f\x25\0\0\0\0\0\0\xbf\x10\0\0\0\
\0\0\0\x67\0\0\0\x01\0\0\0\x0f\x70\0\0\0\0\0\0\xbf\x06\0\0\0\0\0\0\x07\x06\0\0\
\x02\x04\0\0\xbf\x52\0\0\0\0\0\0\x2d\x36\x72\x07\0\0\0\0\xbf\x02\0\0\0\0\0\0\
\x07\x02\0\0\0\x04\0\0\x69\x22\0\0\0\0\0\0\x0f\x25\0\0\0\0\0\0\x07\0\0\0\x04\
\x04\0\0\xbf\x52\0\0\0\0\0\0\x2d\x30\x6b\x07\0\0\0\0\x69\x62\0\0\0\0\0\0\x0f\
\x25\0\0\0\0\0\0\xbf\x10\0\0\0\0\0\0\x67\0\0\0\x01\0\0\0\x0f\x70\0\0\0\0\0\0\
\xbf\x06\0\0\0\0\0\0\x07\x06\0\0\x06\x04\0\0\xbf\x52\0\0\0\0\0\0\x2d\x36\x62\
\x07\0\0\0\0\xbf\x02\0\0\0\0\0\0\x07\x02\0\0\x04\x04\0\0\x69\x22\0\0\0\0\0\0\
\x0f\x25\0\0\0\0\0\0\x07\0\0\0\x08\x04\0\0\xbf\x52\0\0\0\0\0\0\x2d\x30\x5b\x07\
\0\0\0\0\x69\x62\0\0\0\0\0\0\x0f\x25\0\0\0\0\0\0\xbf\x10\0\0\0\0\0\0\x67\0\0\0\
\x01\0\0\0\x0f\x70\0\0\0\0\0\0\xbf\x06\0\0\0\0\0\0\x07\x06\0\0\x0a\x04\0\0\xbf\
\x52\0\0\0\0\0\0\x2d\x36\x52\x07\0\0\0\0\xbf\x02\0\0\0\0\0\0\x07\x02\0\0\x08\
\x04\0\0\x69\x22\0\0\0\0\0\0\x0f\x25\0\0\0\0\0\0\x07\0\0\0\x0c\x04\0\0\xbf\x52\
\0\0\0\0\0\0\x2d\x30\x4b\x07\0\0\0\0\x69\x62\0\0\0\0\0\0\x0f\x25\0\0\0\0\0\0\
\xbf\x10\0\0\0\0\0\0\x67\0\0\0\x01\0\0\0\x0f\x70\0\0\0\0\0\0\xbf\x06\0\0\0\0\0\
\0\x07\x06\0\0\x0e\x04\0\0\xbf\x52\0\0\0\0\0\0\x2d\x36\x42\x07\0\0\0\0\xbf\x02\
\0\0\0\0\0\0\x07\x02\0\0\x0c\x04\0\0\x69\x22\0\0\0\0\0\0\x0f\x25\0\0\0\0\0\0\
\x07\0\0\0\x10\x04\0\0\xbf\x52\0\0\0\0\0\0\x2d\x30\x3b\x07\0\0\0\0\x69\x62\0\0\
\0\0\0\0\x0f\x25\0\0\0\0\0\0\xbf\x10\0\0\0\0\0\0\x67\0\0\0\x01\0\0\0\x0f\x70\0\
\0\0\0\0\0\xbf\x06\0\0\0\0\0\0\x07\x06\0\0\x12\x04\0\0\xbf\x52\0\0\0\0\0\0\x2d\
\x36\x32\x07\0\0\0\0\xbf\x02\0\0\0\0\0\0\x07\x02\0\0\x10\x04\0\0\x69\x22\0\0\0\
\0\0\0\x0f\x25\0\0\0\0\0\0\x07\0\0\0\x14\x04\0\0\xbf\x52\0\0\0\0\0\0\x2d\x30\
\x2b\x07\0\0\0\0\x69\x62\0\0\0\0\0\0\x0f\x25\0\0\0\0\0\0\xbf\x10\0\0\0\0\0\0\
\x67\0\0\0\x01\0\0\0\x0f\x70\0\0\0\0\0\0\xbf\x06\0\0\0\0\0\0\x07\x06\0\0\x16\
\x04\0\0\xbf\x52\0\0\0\0\0\0\x2d\x36\x22\x07\0\0\0\0\xbf\x02\0\0\0\0\0\0\x07\
\x02\0\0\x14\x04\0\0\x69\x22\0\0\0\0\0\0\x0f\x25\0\0\0\0\0\0\x07\0\0\0\x18\x04\
\0\0\xbf\x52\0\0\0\0\0\0\x2d\x30\x1b\x07\0\0\0\0\x69\x62\0\0\0\0\0\0\x0f\x25\0\
\0\0\0\0\0\xbf\x10\0\0\0\0\0\0\x67\0\0\0\x01\0\0\0\x0f\x70\0\0\0\0\0\0\xbf\x06\
\0\0\0\0\0\0\x07\x06\0\0\x1a\x04\0\0\xbf\x52\0\0\0\0\0\0\x2d\x36\x12\x07\0\0\0\
\0\xbf\x02\0\0\0\0\0\0\x07\x02\0\0\x18\x04\0\0\x69\x22\0\0\0\0\0\0\x0f\x25\0\0\
\0\0\0\0\x07\0\0\0\x1c\x04\0\0\xbf\x52\0\0\0\0\0\0\x2d\x30\x0b\x07\0\0\0\0\x69\
\x62\0\0\0\0\0\0\x0f\x25\0\0\0\0\0\0\xbf\x10\0\0\0\0\0\0\x67\0\0\0\x01\0\0\0\
\x0f\x70\0\0\0\0\0\0\xbf\x06\0\0\0\0\0\0\x07\x06\0\0\x1e\x04\0\0\xbf\x52\0\0\0\
\0\0\0\x2d\x36\x02\x07\0\0\0\0\xbf\x02\0\0\0\0\0\0\x07\x02\0\0\x1c\x04\0\0\x69\
\x22\0\0\0\0\0\0\x0f\x25\0\0\0\0\0\0\x07\0\0\0\x20\x04\0\0\xbf\x52\0\0\0\0\0\0\
\x2d\x30\xfb\x06\0\0\0\0\x69\x62\0\0\0\0\0\0\x0f\x25\0\0\0\0\0\0\xbf\x10\0\0\0\
\0\0\0\x67\0\0\0\x01\0\0\0\x0f\x70\0\0\0\0\0\0\xbf\x06\0\0\0\0\0\0\x07\x06\0\0\
\x22\x04\0\0\xbf\x52\0\0\0\0\0\0\x2d\x36\xf2\x06\0\0\0\0\xbf\x02\0\0\0\0\0\0\
\x07\x02\0\0\x20\x04\0\0\x69\x22\0\0\0\0\0\0\x0f\x25\0\0\0\0\0\0\x07\0\0\0\x24\
\x04\0\0\xbf\x52\0\0\0\0\0\0\x2d\x30\xeb\x06\0\0\0\0\x69\x62\0\0\0\0\0\0\x0f\
\x25\0\0\0\0\0\0\xbf\x10\0\0\0\0\0\0\x67\0\0\0\x01\0\0\0\x0f\x70\0\0\0\0\0\0\
\xbf\x06\0\0\0\0\0\0\x07\x06\0\0\x26\x04\0\0\xbf\x52\0\0\0\0\0\0\x2d\x36\xe2\
\x06\0\0\0\0\xbf\x02\0\0\0\0\0\0\x07\x02\0\0\x24\x04\0\0\x69\x22\0\0\0\0\0\0\
\x0f\x25\0\0\0\0\0\0\x07\0\0\0\x28\x04\0\0\xbf\x52\0\0\0\0\0\0\x2d\x30\xdb\x06\
\0\0\0\0\x69\x62\0\0\0\0\0\0\x0f\x25\0\0\0\0\0\0\xbf\x10\0\0\0\0\0\0\x67\0\0\0\
\x01\0\0\0\x0f\x70\0\0\0\0\0\0\xbf\x06\0\0\0\0\0\0\x07\x06\0\0\x2a\x04\0\0\xbf\
\x52\0\0\0\0\0\0\x2d\x36\xd2\x06\0\0\0\0\xbf\x02\0\0\0\0\0\0\x07\x02\0\0\x28\
\x04\0\0\x69\x22\0\0\0\0\0\0\x0f\x25\0\0\0\0\0\0\x07\0\0\0\x2c\x04\0\0\xbf\x52\
\0\0\0\0\0\0\x2d\x30\xcb\x06\0\0\0\0\x69\x62\0\0\0\0\0\0\x0f\x25\0\0\0\0\0\0\
\xbf\x10\0\0\0\0\0\0\x67\0\0\0\x01\0\0\0\x0f\x70\0\0\0\0\0\0\xbf\x06\0\0\0\0\0\
\0\x07\x06\0\0\x2e\x04\0\0\xbf\x52\0\0\0\0\0\0\x2d\x36\xc2\x06\0\0\0\0\xbf\x02\
\0\0\0\0\0\0\x07\x02\0\0\x2c\x04\0\0\x69\x22\0\0\0\0\0\0\x0f\x25\0\0\0\0\0\0\
\x07\0\0\0\x30\x04\0\0\xbf\x52\0\0\0\0\0\0\x2d\x30\xbb\x06\0\0\0\0\x69\x62\0\0\
\0\0\0\0\x0f\x25\0\0\0\0\0\0\xbf\x10\0\0\0\0\0\0\x67\0\0\0\x01\0\0\0\x0f\x70\0\
\0\0\0\0\0\xbf\x06\0\0\0\0\0\0\x07\x06\0\0\x32\x04\0\0\xbf\x52\0\0\0\0\0\0\x2d\
\x36\xb2\x06\0\0\0\0\xbf\x02\0\0\0\0\0\0\x07\x02\0\0\x30\x04\0\0\x69\x22\0\0\0\
\0\0\0\x0f\x25\0\0\0\0\0\0\x07\0\0\0\x34\x04\0\0\xbf\x52\0\0\0\0\0\0\x2d\x30\
\xab\x06\0\0\0\0\x69\x62\0\0\0\0\0\0\x0f\x25\0\0\0\0\0\0\xbf\x10\0\0\0\0\0\0\
\x67\0\0\0\x01\0\0\0\x0f\x70\0\0\0\0\0\0\xbf\x06\0\0\0\0\0\0\x07\x06\0\0\x36\
\x04\0\0\xbf\x52\0\0\0\0\0\0\x2d\x36\xa2\x06\0\0\0\0\xbf\x02\0\0\0\0\0\0\x07\
\x02\0\0\x34\x04\0\0\x69\x22\0\0\0\0\0\0\x0f\x25\0\0\0\0\0\0\x07\0\0\0\x38\x04\
\0\0\xbf\x52\0\0\0\0\0\0\x2d\x30\x9b\x06\0\0\0\0\x69\x62\0\0\0\0\0\0\x0f\x25\0\
\0\0\0\0\0\xbf\x10\0\0\0\0\0\0\x67\0\0\0\x01\0\0\0\x0f\x70\0\0\0\0\0\0\xbf\x06\
\0\0\0\0\0\0\x07\x06\0\0\x3a\x04\0\0\xbf\x52\0\0\0\0\0\0\x2d\x36\x92\x06\0\0\0\
\0\xbf\x02\0\0\0\0\0\0\x07\x02\0\0\x38\x04\0\0\x69\x22\0\0\0\0\0\0\x0f\x25\0\0\
\0\0\0\0\x07\0\0\0\x3c\x04\0\0\xbf\x52\0\0\0\0\0\0\x2d\x30\x8b\x06\0\0\0\0\x69\
\x62\0\0\0\0\0\0\x0f\x25\0\0\0\0\0\0\xbf\x10\0\0\0\0\0\0\x67\0\0\0\x01\0\0\0\
\x0f\x70\0\0\0\0\0\0\xbf\x06\0\0\0\0\0\0\x07\x06\0\0\x3e\x04\0\0\xbf\x52\0\0\0\
\0\0\0\x2d\x36\x82\x06\0\0\0\0\xbf\x02\0\0\0\0\0\0\x07\x02\0\0\x3c\x04\0\0\x69\
\x22\0\0\0\0\0\0\x0f\x25\0\0\0\0\0\0\x07\0\0\0\x40\x04\0\0\xbf\x52\0\0\0\0\0\0\
\x2d\x30\x7b\x06\0\0\0\0\x69\x62\0\0\0\0\0\0\x0f\x25\0\0\0\0\0\0\xbf\x10\0\0\0\
\0\0\0\x67\0\0\0\x01\0\0\0\x0f\x70\0\0\0\0\0\0\xbf\x06\0\0\0\0\0\0\x07\x06\0\0\
\x42\x04\0\0\xbf\x52\0\0\0\0\0\0\x2d\x36\x72\x06\0\0\0\0\xbf\x02\0\0\0\0\0\0\
\x07\x02\0\0\x40\x04\0\0\x69\x22\0\0\0\0\0\0\x0f\x25\0\0\0\0\0\0\x07\0\0\0\x44\
\x04\0\0\xbf\x52\0\0\0\0\0\0\x2d\x30\x6b\x06\0\0\0\0\x69\x62\0\0\0\0\0\0\x0f\
\x25\0\0\0\0\0\0\xbf\x10\0\0\0\0\0\0\x67\0\0\0\x01\0\0\0\x0f\x70\0\0\0\0\0\0\
\xbf\x06\0\0\0\0\0\0\x07\x06\0\0\x46\x04\0\0\xbf\x52\0\0\0\0\0\0\x2d\x36\x62\
\x06\0\0\0\0\xbf\x02\0\0\0\0\0\0\x07\x02\0\0\x44\x04\0\0\x69\x22\0\0\0\0\0\0\
\x0f\x25\0\0\0\0\0\0\x07\0\0\0\x48\x04\0\0\xbf\x52\0\0\0\0\0\0\x2d\x30\x5b\x06\
\0\0\0\0\x69\x62\0\0\0\0\0\0\x0f\x25\0\0\0\0\0\0\xbf\x10\0\0\0\0\0\0\x67\0\0\0\
\x01\0\0\0\x0f\x70\0\0\0\0\0\0\xbf\x06\0\0\0\0\0\0\x07\x06\0\0\x4a\x04\0\0\xbf\
\x52\0\0\0\0\0\0\x2d\x36\x52\x06\0\0\0\0\xbf\x02\0\0\0\0\0\0\x07\x02\0\0\x48\
\x04\0\0\x69\x22\0\0\0\0\0\0\x0f\x25\0\0\0\0\0\0\x07\0\0\0\x4c\x04\0\0\xbf\x52\
\0\0\0\0\0\0\x2d\x30\x4b\x06\0\0\0\0\x69\x62\0\0\0\0\0\0\x0f\x25\0\0\0\0\0\0\
\xbf\x10\0\0\0\0\0\0\x67\0\0\0\x01\0\0\0\x0f\x70\0\0\0\0\0\0\xbf\x06\0\0\0\0\0\
\0\x07\x06\0\0\x4e\x04\0\0\xbf\x52\0\0\0\0\0\0\x2d\x36\x42\x06\0\0\0\0\xbf\x02\
\0\0\0\0\0\0\x07\x02\0\0\x4c\x04\0\0\x69\x22\0\0\0\0\0\0\x0f\x25\0\0\0\0\0\0\
\x07\0\0\0\x50\x04\0\0\xbf\x52\0\0\0\0\0\0\x2d\x30\x3b\x06\0\0\0\0\x69\x62\0\0\
\0\0\0\0\x0f\x25\0\0\0\0\0\0\xbf\x10\0\0\0\0\0\0\x67\0\0\0\x01\0\0\0\x0f\x70\0\
\0\0\0\0\0\xbf\x06\0\0\0\0\0\0\x07\x06\0\0\x52\x04\0\0\xbf\x52\0\0\0\0\0\0\x2d\
\x36\x32\x06\0\0\0\0\xbf\x02\0\0\0\0\0\0\x07\x02\0\0\x50\x04\0\0\x69\x22\0\0\0\
\0\0\0\x0f\x25\0\0\0\0\0\0\x07\0\0\0\x54\x04\0\0\xbf\x52\0\0\0\0\0\0\x2d\x30\
\x2b\x06\0\0\0\0\x69\x62\0\0\0\0\0\0\x0f\x25\0\0\0\0\0\0\xbf\x10\0\0\0\0\0\0\
\x67\0\0\0\x01\0\0\0\x0f\x70\0\0\0\0\0\0\xbf\x06\0\0\0\0\0\0\x07\x06\0\0\x56\
\x04\0\0\xbf\x52\0\0\0\0\0\0\x2d\x36\x22\x06\0\0\0\0\xbf\x02\0\0\0\0\0\0\x07\
\x02\0\0\x54\x04\0\0\x69\x22\0\0\0\0\0\0\x0f\x25\0\0\0\0\0\0\x07\0\0\0\x58\x04\
\0\0\xbf\x52\0\0\0\0\0\0\x2d\x30\x1b\x06\0\0\0\0\x69\x62\0\0\0\0\0\0\x0f\x25\0\
\0\0\0\0\0\xbf\x10\0\0\0\0\0\0\x67\0\0\0\x01\0\0\0\x0f\x70\0\0\0\0\0\0\xbf\x06\
\0\0\0\0\0\0\x07\x06\0\0\x5a\x04\0\0\xbf\x52\0\0\0\0\0\0\x2d\x36\x12\x06\0\0\0\
\0\xbf\x02\0\0\0\0\0\0\x07\x02\0\0\x58\x04\0\0\x69\x22\0\0\0\0\0\0\x0f\x25\0\0\
\0\0\0\0\x07\0\0\0\x5c\x04\0\0\xbf\x52\0\0\0\0\0\0\x2d\x30\x0b\x06\0\0\0\0\x69\
\x62\0\0\0\0\0\0\x0f\x25\0\0\0\0\0\0\xbf\x10\0\0\0\0\0\0\x67\0\0\0\x01\0\0\0\
\x0f\x70\0\0\0\0\0\0\xbf\x06\0\0\0\0\0\0\x07\x06\0\0\x5e\x04\0\0\xbf\x52\0\0\0\
\0\0\0\x2d\x36\x02\x06\0\0\0\0\xbf\x02\0\0\0\0\0\0\x07\x02\0\0\x5c\x04\0\0\x69\
\x22\0\0\0\0\0\0\x0f\x25\0\0\0\0\0\0\x07\0\0\0\x60\x04\0\0\xbf\x52\0\0\0\0\0\0\
\x2d\x30\xfb\x05\0\0\0\0\x69\x62\0\0\0\0\0\0\x0f\x25\0\0\0\0\0\0\xbf\x10\0\0\0\
\0\0\0\x67\0\0\0\x01\0\0\0\x0f\x70\0\0\0\0\0\0\xbf\x06\0\0\0\0\0\0\x07\x06\0\0\
\x62\x04\0\0\xbf\x52\0\0\0\0\0\0\x2d\x36\xf2\x05\0\0\0\0\xbf\x02\0\0\0\0\0\0\
\x07\x02\0\0\x60\x04\0\0\x69\x22\0\0\0\0\0\0\x0f\x25\0\0\0\0\0\0\x07\0\0\0\x64\
\x04\0\0\xbf\x52\0\0\0\0\0\0\x2d\x30\xeb\x05\0\0\0\0\x69\x62\0\0\0\0\0\0\x0f\
\x25\0\0\0\0\0\0\xbf\x10\0\0\0\0\0\0\x67\0\0\0\x01\0\0\0\x0f\x70\0\0\0\0\0\0\
\xbf\x06\0\0\0\0\0\0\x07\x06\0\0\x66\x04\0\0\xbf\x52\0\0\0\0\0\0\x2d\x36\xe2\
\x05\0\0\0\0\xbf\x02\0\0\0\0\0\0\x07\x02\0\0\x64\x04\0\0\x69\x22\0\0\0\0\0\0\
\x0f\x25\0\0\0\0\0\0\x07\0\0\0\x68\x04\0\0\xbf\x52\0\0\0\0\0\0\x2d\x30\xdb\x05\
\0\0\0\0\x69\x62\0\0\0\0\0\0\x0f\x25\0\0\0\0\0\0\xbf\x10\0\0\0\0\0\0\x67\0\0\0\
\x01\0\0\0\x0f\x70\0\0\0\0\0\0\xbf\x06\0\0\0\0\0\0\x07\x06\0\0\x6a\x04\0\0\xbf\
\x52\0\0\0\0\0\0\x2d\x36\xd2\x05\0\0\0\0\xbf\x02\0\0\0\0\0\0\x07\x02\0\0\x68\
\x04\0\0\x69\x22\0\0\0\0\0\0\x0f\x25\0\0\0\0\0\0\x07\0\0\0\x6c\x04\0\0\xbf\x52\
\0\0\0\0\0\0\x2d\x30\xcb\x05\0\0\0\0\x69\x62\0\0\0\0\0\0\x0f\x25\0\0\0\0\0\0\
\xbf\x10\0\0\0\0\0\0\x67\0\0\0\x01\0\0\0\x0f\x70\0\0\0\0\0\0\xbf\x06\0\0\0\0\0\
\0\x07\x06\0\0\x6e\x04\0\0\xbf\x52\0\0\0\0\0\0\x2d\x36\xc2\x05\0\0\0\0\xbf\x02\
\0\0\0\0\0\0\x07\x02\0\0\x6c\x04\0\0\x69\x22\0\0\0\0\0\0\x0f\x25\0\0\0\0\0\0\
\x07\0\0\0\x70\x04\0\0\xbf\x52\0\0\0\0\0\0\x2d\x30\xbb\x05\0\0\0\0\x69\x62\0\0\
\0\0\0\0\x0f\x25\0\0\0\0\0\0\xbf\x10\0\0\0\0\0\0\x67\0\0\0\x01\0\0\0\x0f\x70\0\
\0\0\0\0\0\xbf\x06\0\0\0\0\0\0\x07\x06\0\0\x72\x04\0\0\xbf\x52\0\0\0\0\0\0\x2d\
\x36\xb2\x05\0\0\0\0\xbf\x02\0\0\0\0\0\0\x07\x02\0\0\x70\x04\0\0\x69\x22\0\0\0\
\0\0\0\x0f\x25\0\0\0\0\0\0\x07\0\0\0\x74\x04\0\0\xbf\x52\0\0\0\0\0\0\x2d\x30\
\xab\x05\0\0\0\0\x69\x62\0\0\0\0\0\0\x0f\x25\0\0\0\0\0\0\xbf\x10\0\0\0\0\0\0\
\x67\0\0\0\x01\0\0\0\x0f\x70\0\0\0\0\0\0\xbf\x06\0\0\0\0\0\0\x07\x06\0\0\x76\
\x04\0\0\xbf\x52\0\0\0\0\0\0\x2d\x36\xa2\x05\0\0\0\0\xbf\x02\0\0\0\0\0\0\x07\
\x02\0\0\x74\x04\0\0\x69\x22\0\0\0\0\0\0\x0f\x25\0\0\0\0\0\0\x07\0\0\0\x78\x04\
\0\0\xbf\x52\0\0\0\0\0\0\x2d\x30\x9b\x05\0\0\0\0\x69\x62\0\0\0\0\0\0\x0f\x25\0\
\0\0\0\0\0\xbf\x10\0\0\0\0\0\0\x67\0\0\0\x01\0\0\0\x0f\x70\0\0\0\0\0\0\xbf\x06\
\0\0\0\0\0\0\x07\x06\0\0\x7a\x04\0\0\xbf\x52\0\0\0\0\0\0\x2d\x36\x92\x05\0\0\0\
\0\xbf\x02\0\0\0\0\0\0\x07\x02\0\0\x78\x04\0\0\x69\x22\0\0\0\0\0\0\x0f\x25\0\0\
\0\0\0\0\x07\0\0\0\x7c\x04\0\0\xbf\x52\0\0\0\0\0\0\x2d\x30\x8b\x05\0\0\0\0\x69\
\x62\0\0\0\0\0\0\x0f\x25\0\0\0\0\0\0\xbf\x10\0\0\0\0\0\0\x67\0\0\0\x01\0\0\0\
\x0f\x70\0\0\0\0\0\0\xbf\x06\0\0\0\0\0\0\x07\x06\0\0\x7e\x04\0\0\xbf\x52\0\0\0\
\0\0\0\x2d\x36\x82\x05\0\0\0\0\xbf\x02\0\0\0\0\0\0\x07\x02\0\0\x7c\x04\0\0\x69\
\x22\0\0\0\0\0\0\x0f\x25\0\0\0\0\0\0\x07\0\0\0\x80\x04\0\0\xbf\x52\0\0\0\0\0\0\
\x2d\x30\x7b\x05\0\0\0\0\x69\x62\0\0\0\0\0\0\x0f\x25\0\0\0\0\0\0\xbf\x10\0\0\0\
\0\0\0\x67\0\0\0\x01\0\0\0\x0f\x70\0\0\0\0\0\0\xbf\x06\0\0\0\0\0\0\x07\x06\0\0\
\x82\x04\0\0\xbf\x52\0\0\0\0\0\0\x2d\x36\x72\x05\0\0\0\0\xbf\x02\0\0\0\0\0\0\
\x07\x02\0\0\x80\x04\0\0\x69\x22\0\0\0\0\0\0\x0f\x25\0\0\0\0\0\0\x07\0\0\0\x84\
\x04\0\0\xbf\x52\0\0\0\0\0\0\x2d\x30\x6b\x05\0\0\0\0\x69\x62\0\0\0\0\0\0\x0f\
\x25\0\0\0\0\0\0\xbf\x10\0\0\0\0\0\0\x67\0\0\0\x01\0\0\0\x0f\x70\0\0\0\0\0\0\
\xbf\x06\0\0\0\0\0\0\x07\x06\0\0\x86\x04\0\0\xbf\x52\0\0\0\0\0\0\x2d\x36\x62\
\x05\0\0\0\0\xbf\x02\0\0\0\0\0\0\x07\x02\0\0\x84\x04\0\0\x69\x22\0\0\0\0\0\0\
\x0f\x25\0\0\0\0\0\0\x07\0\0\0\x88\x04\0\0\xbf\x52\0\0\0\0\0\0\x2d\x30\x5b\x05\
\0\0\0\0\x69\x62\0\0\0\0\0\0\x0f\x25\0\0\0\0\0\0\xbf\x10\0\0\0\0\0\0\x67\0\0\0\
\x01\0\0\0\x0f\x70\0\0\0\0\0\0\xbf\x06\0\0\0\0\0\0\x07\x06\0\0\x8a\x04\0\0\xbf\
\x52\0\0\0\0\0\0\x2d\x36\x52\x05\0\0\0\0\xbf\x02\0\0\0\0\0\0\x07\x02\0\0\x88\
\x04\0\0\x69\x22\0\0\0\0\0\0\x0f\x25\0\0\0\0\0\0\x07\0\0\0\x8c\x04\0\0\xbf\x52\
\0\0\0\0\0\0\x2d\x30\x4b\x05\0\0\0\0\x69\x62\0\0\0\0\0\0\x0f\x25\0\0\0\0\0\0\
\xbf\x10\0\0\0\0\0\0\x67\0\0\0\x01\0\0\0\x0f\x70\0\0\0\0\0\0\xbf\x06\0\0\0\0\0\
\0\x07\x06\0\0\x8e\x04\0\0\xbf\x52\0\0\0\0\0\0\x2d\x36\x42\x05\0\0\0\0\xbf\x02\
\0\0\0\0\0\0\x07\x02\0\0\x8c\x04\0\0\x69\x22\0\0\0\0\0\0\x0f\x25\0\0\0\0\0\0\
\x07\0\0\0\x90\x04\0\0\xbf\x52\0\0\0\0\0\0\x2d\x30\x3b\x05\0\0\0\0\x69\x62\0\0\
\0\0\0\0\x0f\x25\0\0\0\0\0\0\xbf\x10\0\0\0\0\0\0\x67\0\0\0\x01\0\0\0\x0f\x70\0\
\0\0\0\0\0\xbf\x06\0\0\0\0\0\0\x07\x06\0\0\x92\x04\0\0\xbf\x52\0\0\0\0\0\0\x2d\
\x36\x32\x05\0\0\0\0\xbf\x02\0\0\0\0\0\0\x07\x02\0\0\x90\x04\0\0\x69\x22\0\0\0\
\0\0\0\x0f\x25\0\0\0\0\0\0\x07\0\0\0\x94\x04\0\0\xbf\x52\0\0\0\0\0\0\x2d\x30\
\x2b\x05\0\0\0\0\x69\x62\0\0\0\0\0\0\x0f\x25\0\0\0\0\0\0\xbf\x10\0\0\0\0\0\0\
\x67\0\0\0\x01\0\0\0\x0f\x70\0\0\0\0\0\0\xbf\x06\0\0\0\0\0\0\x07\x06\0\0\x96\
\x04\0\0\xbf\x52\0\0\0\0\0\0\x2d\x36\x22\x05\0\0\0\0\xbf\x02\0\0\0\0\0\0\x07\
\x02\0\0\x94\x04\0\0\x69\x22\0\0\0\0\0\0\x0f\x25\0\0\0\0\0\0\x07\0\0\0\x98\x04\
\0\0\xbf\x52\0\0\0\0\0\0\x2d\x30\x1b\x05\0\0\0\0\x69\x62\0\0\0\0\0\0\x0f\x25\0\
\0\0\0\0\0\xbf\x10\0\0\0\0\0\0\x67\0\0\0\x01\0\0\0\x0f\x70\0\0\0\0\0\0\xbf\x06\
\0\0\0\0\0\0\x07\x06\0\0\x9a\x04\0\0\xbf\x52\0\0\0\0\0\0\x2d\x36\x12\x05\0\0\0\
\0\xbf\x02\0\0\0\0\0\0\x07\x02\0\0\x98\x04\0\0\x69\x22\0\0\0\0\0\0\x0f\x25\0\0\
\0\0\0\0\x07\0\0\0\x9c\x04\0\0\xbf\x52\0\0\0\0\0\0\x2d\x30\x0b\x05\0\0\0\0\x69\
\x62\0\0\0\0\0\0\x0f\x25\0\0\0\0\0\0\xbf\x10\0\0\0\0\0\0\x67\0\0\0\x01\0\0\0\
\x0f\x70\0\0\0\0\0\0\xbf\x06\0\0\0\0\0\0\x07\x06\0\0\x9e\x04\0\0\xbf\x52\0\0\0\
\0\0\0\x2d\x36\x02\x05\0\0\0\0\xbf\x02\0\0\0\0\0\0\x07\x02\0\0\x9c\x04\0\0\x69\
\x22\0\0\0\0\0\0\x0f\x25\0\0\0\0\0\0\x07\0\0\0\xa0\x04\0\0\xbf\x52\0\0\0\0\0\0\
\x2d\x30\xfb\x04\0\0\0\0\x69\x62\0\0\0\0\0\0\x0f\x25\0\0\0\0\0\0\xbf\x10\0\0\0\
\0\0\0\x67\0\0\0\x01\0\0\0\x0f\x70\0\0\0\0\0\0\xbf\x06\0\0\0\0\0\0\x07\x06\0\0\
\xa2\x04\0\0\xbf\x52\0\0\0\0\0\0\x2d\x36\xf2\x04\0\0\0\0\xbf\x02\0\0\0\0\0\0\
\x07\x02\0\0\xa0\x04\0\0\x69\x22\0\0\0\0\0\0\x0f\x25\0\0\0\0\0\0\x07\0\0\0\xa4\
\x04\0\0\xbf\x52\0\0\0\0\0\0\x2d\x30\xeb\x04\0\0\0\0\x69\x62\0\0\0\0\0\0\x0f\
\x25\0\0\0\0\0\0\xbf\x10\0\0\0\0\0\0\x67\0\0\0\x01\0\0\0\x0f\x70\0\0\0\0\0\0\
\xbf\x06\0\0\0\0\0\0\x07\x06\0\0\xa6\x04\0\0\xbf\x52\0\0\0\0\0\0\x2d\x36\xe2\
\x04\0\0\0\0\xbf\x02\0\0\0\0\0\0\x07\x02\0\0\xa4\x04\0\0\x69\x22\0\0\0\0\0\0\
\x0f\x25\0\0\0\0\0\0\x07\0\0\0\xa8\x04\0\0\xbf\x52\0\0\0\0\0\0\x2d\x30\xdb\x04\
\0\0\0\0\x69\x62\0\0\0\0\0\0\x0f\x25\0\0\0\0\0\0\xbf\x10\0\0\0\0\0\0\x67\0\0\0\
\x01\0\0\0\x0f\x70\0\0\0\0\0\0\xbf\x06\0\0\0\0\0\0\x07\x06\0\0\xaa\x04\0\0\xbf\
\x52\0\0\0\0\0\0\x2d\x36\xd2\x04\0\0\0\0\xbf\x02\0\0\0\0\0\0\x07\x02\0\0\xa8\
\x04\0\0\x69\x22\0\0\0\0\0\0\x0f\x25\0\0\0\0\0\0\x07\0\0\0\xac\x04\0\0\xbf\x52\
\0\0\0\0\0\0\x2d\x30\xcb\x04\0\0\0\0\x69\x62\0\0\0\0\0\0\x0f\x25\0\0\0\0\0\0\
\xbf\x10\0\0\0\0\0\0\x67\0\0\0\x01\0\0\0\x0f\x70\0\0\0\0\0\0\xbf\x06\0\0\0\0\0\
\0\x07\x06\0\0\xae\x04\0\0\xbf\x52\0\0\0\0\0\0\x2d\x36\xc2\x04\0\0\0\0\xbf\x02\
\0\0\0\0\0\0\x07\x02\0\0\xac\x04\0\0\x69\x22\0\0\0\0\0\0\x0f\x25\0\0\0\0\0\0\
\x07\0\0\0\xb0\x04\0\0\xbf\x52\0\0\0\0\0\0\x2d\x30\xbb\x04\0\0\0\0\x69\x62\0\0\
\0\0\0\0\x0f\x25\0\0\0\0\0\0\xbf\x10\0\0\0\0\0\0\x67\0\0\0\x01\0\0\0\x0f\x70\0\
\0\0\0\0\0\xbf\x06\0\0\0\0\0\0\x07\x06\0\0\xb2\x04\0\0\xbf\x52\0\0\0\0\0\0\x2d\
\x36\xb2\x04\0\0\0\0\xbf\x02\0\0\0\0\0\0\x07\x02\0\0\xb0\x04\0\0\x69\x22\0\0\0\
\0\0\0\x0f\x25\0\0\0\0\0\0\x07\0\0\0\xb4\x04\0\0\xbf\x52\0\0\0\0\0\0\x2d\x30\
\xab\x04\0\0\0\0\x69\x62\0\0\0\0\0\0\x0f\x25\0\0\0\0\0\0\xbf\x10\0\0\0\0\0\0\
\x67\0\0\0\x01\0\0\0\x0f\x70\0\0\0\0\0\0\xbf\x06\0\0\0\0\0\0\x07\x06\0\0\xb6\
\x04\0\0\xbf\x52\0\0\0\0\0\0\x2d\x36\xa2\x04\0\0\0\0\xbf\x02\0\0\0\0\0\0\x07\
\x02\0\0\xb4\x04\0\0\x69\x22\0\0\0\0\0\0\x0f\x25\0\0\0\0\0\0\x07\0\0\0\xb8\x04\
\0\0\xbf\x52\0\0\0\0\0\0\x2d\x30\x9b\x04\0\0\0\0\x69\x62\0\0\0\0\0\0\x0f\x25\0\
\0\0\0\0\0\xbf\x10\0\0\0\0\0\0\x67\0\0\0\x01\0\0\0\x0f\x70\0\0\0\0\0\0\xbf\x06\
\0\0\0\0\0\0\x07\x06\0\0\xba\x04\0\0\xbf\x52\0\0\0\0\0\0\x2d\x36\x92\x04\0\0\0\
\0\xbf\x02\0\0\0\0\0\0\x07\x02\0\0\xb8\x04\0\0\x69\x22\0\0\0\0\0\0\x0f\x25\0\0\
\0\0\0\0\x07\0\0\0\xbc\x04\0\0\xbf\x52\0\0\0\0\0\0\x2d\x30\x8b\x04\0\0\0\0\x69\
\x62\0\0\0\0\0\0\x0f\x25\0\0\0\0\0\0\xbf\x10\0\0\0\0\0\0\x67\0\0\0\x01\0\0\0\
\x0f\x70\0\0\0\0\0\0\xbf\x06\0\0\0\0\0\0\x07\x06\0\0\xbe\x04\0\0\xbf\x52\0\0\0\
\0\0\0\x2d\x36\x82\x04\0\0\0\0\xbf\x02\0\0\0\0\0\0\x07\x02\0\0\xbc\x04\0\0\x69\
\x22\0\0\0\0\0\0\x0f\x25\0\0\0\0\0\0\x07\0\0\0\xc0\x04\0\0\xbf\x52\0\0\0\0\0\0\
\x2d\x30\x7b\x04\0\0\0\0\x69\x62\0\0\0\0\0\0\x0f\x25\0\0\0\0\0\0\xbf\x10\0\0\0\
\0\0\0\x67\0\0\0\x01\0\0\0\x0f\x70\0\0\0\0\0\0\xbf\x06\0\0\0\0\0\0\x07\x06\0\0\
\xc2\x04\0\0\xbf\x52\0\0\0\0\0\0\x2d\x36\x72\x04\0\0\0\0\xbf\x02\0\0\0\0\0\0\
\x07\x02\0\0\xc0\x04\0\0\x69\x22\0\0\0\0\0\0\x0f\x25\0\0\0\0\0\0\x07\0\0\0\xc4\
\x04\0\0\xbf\x52\0\0\0\0\0\0\x2d\x30\x6b\x04\0\0\0\0\x69\x62\0\0\0\0\0\0\x0f\
\x25\0\0\0\0\0\0\xbf\x10\0\0\0\0\0\0\x67\0\0\0\x01\0\0\0\x0f\x70\0\0\0\0\0\0\
\xbf\x06\0\0\0\0\0\0\x07\x06\0\0\xc6\x04\0\0\xbf\x52\0\0\0\0\0\0\x2d\x36\x62\
\x04\0\0\0\0\xbf\x02\0\0\0\0\0\0\x07\x02\0\0\xc4\x04\0\0\x69\x22\0\0\0\0\0\0\
\x0f\x25\0\0\0\0\0\0\x07\0\0\0\xc8\x04\0\0\xbf\x52\0\0\0\0\0\0\x2d\x30\x5b\x04\
\0\0\0\0\x69\x62\0\0\0\0\0\0\x0f\x25\0\0\0\0\0\0\xbf\x10\0\0\0\0\0\0\x67\0\0\0\
\x01\0\0\0\x0f\x70\0\0\0\0\0\0\xbf\x06\0\0\0\0\0\0\x07\x06\0\0\xca\x04\0\0\xbf\
\x52\0\0\0\0\0\0\x2d\x36\x52\x04\0\0\0\0\xbf\x02\0\0\0\0\0\0\x07\x02\0\0\xc8\
\x04\0\0\x69\x22\0\0\0\0\0\0\x0f\x25\0\0\0\0\0\0\x07\0\0\0\xcc\x04\0\0\xbf\x52\
\0\0\0\0\0\0\x2d\x30\x4b\x04\0\0\0\0\x69\x62\0\0\0\0\0\0\x0f\x25\0\0\0\0\0\0\
\xbf\x10\0\0\0\0\0\0\x67\0\0\0\x01\0\0\0\x0f\x70\0\0\0\0\0\0\xbf\x06\0\0\0\0\0\
\0\x07\x06\0\0\xce\x04\0\0\xbf\x52\0\0\0\0\0\0\x2d\x36\x42\x04\0\0\0\0\xbf\x02\
\0\0\0\0\0\0\x07\x02\0\0\xcc\x04\0\0\x69\x22\0\0\0\0\0\0\x0f\x25\0\0\0\0\0\0\
\x07\0\0\0\xd0\x04\0\0\xbf\x52\0\0\0\0\0\0\x2d\x30\x3b\x04\0\0\0\0\x69\x62\0\0\
\0\0\0\0\x0f\x25\0\0\0\0\0\0\xbf\x10\0\0\0\0\0\0\x67\0\0\0\x01\0\0\0\x0f\x70\0\
\0\0\0\0\0\xbf\x06\0\0\0\0\0\0\x07\x06\0\0\xd2\x04\0\0\xbf\x52\0\0\0\0\0\0\x2d\
\x36\x32\x04\0\0\0\0\xbf\x02\0\0\0\0\0\0\x07\x02\0\0\xd0\x04\0\0\x69\x22\0\0\0\
\0\0\0\x0f\x25\0\0\0\0\0\0\x07\0\0\0\xd4\x04\0\0\xbf\x52\0\0\0\0\0\0\x2d\x30\
\x2b\x04\0\0\0\0\x69\x62\0\0\0\0\0\0\x0f\x25\0\0\0\0\0\0\xbf\x10\0\0\0\0\0\0\
\x67\0\0\0\x01\0\0\0\x0f\x70\0\0\0\0\0\0\xbf\x06\0\0\0\0\0\0\x07\x06\0\0\xd6\
\x04\0\0\xbf\x52\0\0\0\0\0\0\x2d\x36\x22\x04\0\0\0\0\xbf\x02\0\0\0\0\0\0\x07\
\x02\0\0\xd4\x04\0\0\x69\x22\0\0\0\0\0\0\x0f\x25\0\0\0\0\0\0\x07\0\0\0\xd8\x04\
\0\0\xbf\x52\0\0\0\0\0\0\x2d\x30\x1b\x04\0\0\0\0\x69\x62\0\0\0\0\0\0\x0f\x25\0\
\0\0\0\0\0\xbf\x10\0\0\0\0\0\0\x67\0\0\0\x01\0\0\0\x0f\x70\0\0\0\0\0\0\xbf\x06\
\0\0\0\0\0\0\x07\x06\0\0\xda\x04\0\0\xbf\x52\0\0\0\0\0\0\x2d\x36\x12\x04\0\0\0\
\0\xbf\x02\0\0\0\0\0\0\x07\x02\0\0\xd8\x04\0\0\x69\x22\0\0\0\0\0\0\x0f\x25\0\0\
\0\0\0\0\x07\0\0\0\xdc\x04\0\0\xbf\x52\0\0\0\0\0\0\x2d\x30\x0b\x04\0\0\0\0\x69\
\x62\0\0\0\0\0\0\x0f\x25\0\0\0\0\0\0\xbf\x10\0\0\0\0\0\0\x67\0\0\0\x01\0\0\0\
\x0f\x70\0\0\0\0\0\0\xbf\x06\0\0\0\0\0\0\x07\x06\0\0\xde\x04\0\0\xbf\x52\0\0\0\
\0\0\0\x2d\x36\x02\x04\0\0\0\0\xbf\x02\0\0\0\0\0\0\x07\x02\0\0\xdc\x04\0\0\x69\
\x22\0\0\0\0\0\0\x0f\x25\0\0\0\0\0\0\x07\0\0\0\xe0\x04\0\0\xbf\x52\0\0\0\0\0\0\
\x2d\x30\xfb\x03\0\0\0\0\x69\x62\0\0\0\0\0\0\x0f\x25\0\0\0\0\0\0\xbf\x10\0\0\0\
\0\0\0\x67\0\0\0\x01\0\0\0\x0f\x70\0\0\0\0\0\0\xbf\x06\0\0\0\0\0\0\x07\x06\0\0\
\xe2\x04\0\0\xbf\x52\0\0\0\0\0\0\x2d\x36\xf2\x03\0\0\0\0\xbf\x02\0\0\0\0\0\0\
\x07\x02\0\0\xe0\x04\0\0\x69\x22\0\0\0\0\0\0\x0f\x25\0\0\0\0\0\0\x07\0\0\0\xe4\
\x04\0\0\xbf\x52\0\0\0\0\0\0\x2d\x30\xeb\x03\0\0\0\0\x69\x62\0\0\0\0\0\0\x0f\
\x25\0\0\0\0\0\0\xbf\x10\0\0\0\0\0\0\x67\0\0\0\x01\0\0\0\x0f\x70\0\0\0\0\0\0\
\xbf\x06\0\0\0\0\0\0\x07\x06\0\0\xe6\x04\0\0\xbf\x52\0\0\0\0\0\0\x2d\x36\xe2\
\x03\0\0\0\0\xbf\x02\0\0\0\0\0\0\x07\x02\0\0\xe4\x04\0\0\x69\x22\0\0\0\0\0\0\
\x0f\x25\0\0\0\0\0\0\x07\0\0\0\xe8\x04\0\0\xbf\x52\0\0\0\0\0\0\x2d\x30\xdb\x03\
\0\0\0\0\x69\x62\0\0\0\0\0\0\x0f\x25\0\0\0\0\0\0\xbf\x10\0\0\0\0\0\0\x67\0\0\0\
\x01\0\0\0\x0f\x70\0\0\0\0\0\0\xbf\x06\0\0\0\0\0\0\x07\x06\0\0\xea\x04\0\0\xbf\
\x52\0\0\0\0\0\0\x2d\x36\xd2\x03\0\0\0\0\xbf\x02\0\0\0\0\0\0\x07\x02\0\0\xe8\
\x04\0\0\x69\x22\0\0\0\0\0\0\x0f\x25\0\0\0\0\0\0\x07\0\0\0\xec\x04\0\0\xbf\x52\
\0\0\0\0\0\0\x2d\x30\xcb\x03\0\0\0\0\x69\x62\0\0\0\0\0\0\x0f\x25\0\0\0\0\0\0\
\xbf\x10\0\0\0\0\0\0\x67\0\0\0\x01\0\0\0\x0f\x70\0\0\0\0\0\0\xbf\x06\0\0\0\0\0\
\0\x07\x06\0\0\xee\x04\0\0\xbf\x52\0\0\0\0\0\0\x2d\x36\xc2\x03\0\0\0\0\xbf\x02\
\0\0\0\0\0\0\x07\x02\0\0\xec\x04\0\0\x69\x22\0\0\0\0\0\0\x0f\x25\0\0\0\0\0\0\
\x07\0\0\0\xf0\x04\0\0\xbf\x52\0\0\0\0\0\0\x2d\x30\xbb\x03\0\0\0\0\x69\x62\0\0\
\0\0\0\0\x0f\x25\0\0\0\0\0\0\xbf\x10\0\0\0\0\0\0\x67\0\0\0\x01\0\0\0\x0f\x70\0\
\0\0\0\0\0\xbf\x06\0\0\0\0\0\0\x07\x06\0\0\xf2\x04\0\0\xbf\x52\0\0\0\0\0\0\x2d\
\x36\xb2\x03\0\0\0\0\xbf\x02\0\0\0\0\0\0\x07\x02\0\0\xf0\x04\0\0\x69\x22\0\0\0\
\0\0\0\x0f\x25\0\0\0\0\0\0\x07\0\0\0\xf4\x04\0\0\xbf\x52\0\0\0\0\0\0\x2d\x30\
\xab\x03\0\0\0\0\x69\x62\0\0\0\0\0\0\x0f\x25\0\0\0\0\0\0\xbf\x10\0\0\0\0\0\0\
\x67\0\0\0\x01\0\0\0\x0f\x70\0\0\0\0\0\0\xbf\x06\0\0\0\0\0\0\x07\x06\0\0\xf6\
\x04\0\0\xbf\x52\0\0\0\0\0\0\x2d\x36\xa2\x03\0\0\0\0\xbf\x02\0\0\0\0\0\0\x07\
\x02\0\0\xf4\x04\0\0\x69\x22\0\0\0\0\0\0\x0f\x25\0\0\0\0\0\0\x07\0\0\0\xf8\x04\
\0\0\xbf\x52\0\0\0\0\0\0\x2d\x30\x9b\x03\0\0\0\0\x69\x62\0\0\0\0\0\0\x0f\x25\0\
\0\0\0\0\0\xbf\x10\0\0\0\0\0\0\x67\0\0\0\x01\0\0\0\x0f\x70\0\0\0\0\0\0\xbf\x06\
\0\0\0\0\0\0\x07\x06\0\0\xfa\x04\0\0\xbf\x52\0\0\0\0\0\0\x2d\x36\x92\x03\0\0\0\
\0\xbf\x02\0\0\0\0\0\0\x07\x02\0\0\xf8\x04\0\0\x69\x22\0\0\0\0\0\0\x0f\x25\0\0\
\0\0\0\0\x07\0\0\0\xfc\x04\0\0\xbf\x52\0\0\0\0\0\0\x2d\x30\x8b\x03\0\0\0\0\x69\
\x62\0\0\0\0\0\0\x0f\x25\0\0\0\0\0\0\xbf\x10\0\0\0\0\0\0\x67\0\0\0\x01\0\0\0\
\x0f\x70\0\0\0\0\0\0\xbf\x06\0\0\0\0\0\0\x07\x06\0\0\xfe\x04\0\0\xbf\x52\0\0\0\
\0\0\0\x2d\x36\x82\x03\0\0\0\0\xbf\x02\0\0\0\0\0\0\x07\x02\0\0\xfc\x04\0\0\x69\
\x22\0\0\0\0\0\0\x0f\x25\0\0\0\0\0\0\x07\0\0\0\0\x05\0\0\xbf\x52\0\0\0\0\0\0\
\x2d\x30\x7b\x03\0\0\0\0\x69\x62\0\0\0\0\0\0\x0f\x25\0\0\0\0\0\0\xbf\x10\0\0\0\
\0\0\0\x67\0\0\0\x01\0\0\0\x0f\x70\0\0\0\0\0\0\xbf\x06\0\0\0\0\0\0\x07\x06\0\0\
\x02\x05\0\0\xbf\x52\0\0\0\0\0\0\x2d\x36\x72\x03\0\0\0\0\xbf\x02\0\0\0\0\0\0\
\x07\x02\0\0\0\x05\0\0\x69\x22\0\0\0\0\0\0\x0f\x25\0\0\0\0\0\0\x07\0\0\0\x04\
\x05\0\0\xbf\x52\0\0\0\0\0\0\x2d\x30\x6b\x03\0\0\0\0\x69\x62\0\0\0\0\0\0\x0f\
\x25\0\0\0\0\0\0\xbf\x10\0\0\0\0\0\0\x67\0\0\0\x01\0\0\0\x0f\x70\0\0\0\0\0\0\
\xbf\x06\0\0\0\0\0\0\x07\x06\0\0\x06\x05\0\0\xbf\x52\0\0\0\0\0\0\x2d\x36\x62\
\x03\0\0\0\0\xbf\x02\0\0\0\0\0\0\x07\x02\0\0\x04\x05\0\0\x69\x22\0\0\0\0\0\0\
\x0f\x25\0\0\0\0\0\0\x07\0\0\0\x08\x05\0\0\xbf\x52\0\0\0\0\0\0\x2d\x30\x5b\x03\
\0\0\0\0\x69\x62\0\0\0\0\0\0\x0f\x25\0\0\0\0\0\0\xbf\x10\0\0\0\0\0\0\x67\0\0\0\
\x01\0\0\0\x0f\x70\0\0\0\0\0\0\xbf\x06\0\0\0\0\0\0\x07\x06\0\0\x0a\x05\0\0\xbf\
\x52\0\0\0\0\0\0\x2d\x36\x52\x03\0\0\0\0\xbf\x02\0\0\0\0\0\0\x07\x02\0\0\x08\
\x05\0\0\x69\x22\0\0\0\0\0\0\x0f\x25\0\0\0\0\0\0\x07\0\0\0\x0c\x05\0\0\xbf\x52\
\0\0\0\0\0\0\x2d\x30\x4b\x03\0\0\0\0\x69\x62\0\0\0\0\0\0\x0f\x25\0\0\0\0\0\0\
\xbf\x10\0\0\0\0\0\0\x67\0\0\0\x01\0\0\0\x0f\x70\0\0\0\0\0\0\xbf\x06\0\0\0\0\0\
\0\x07\x06\0\0\x0e\x05\0\0\xbf\x52\0\0\0\0\0\0\x2d\x36\x42\x03\0\0\0\0\xbf\x02\
\0\0\0\0\0\0\x07\x02\0\0\x0c\x05\0\0\x69\x22\0\0\0\0\0\0\x0f\x25\0\0\0\0\0\0\
\x07\0\0\0\x10\x05\0\0\xbf\x52\0\0\0\0\0\0\x2d\x30\x3b\x03\0\0\0\0\x69\x62\0\0\
\0\0\0\0\x0f\x25\0\0\0\0\0\0\xbf\x10\0\0\0\0\0\0\x67\0\0\0\x01\0\0\0\x0f\x70\0\
\0\0\0\0\0\xbf\x06\0\0\0\0\0\0\x07\x06\0\0\x12\x05\0\0\xbf\x52\0\0\0\0\0\0\x2d\
\x36\x32\x03\0\0\0\0\xbf\x02\0\0\0\0\0\0\x07\x02\0\0\x10\x05\0\0\x69\x22\0\0\0\
\0\0\0\x0f\x25\0\0\0\0\0\0\x07\0\0\0\x14\x05\0\0\xbf\x52\0\0\0\0\0\0\x2d\x30\
\x2b\x03\0\0\0\0\x69\x62\0\0\0\0\0\0\x0f\x25\0\0\0\0\0\0\xbf\x10\0\0\0\0\0\0\
\x67\0\0\0\x01\0\0\0\x0f\x70\0\0\0\0\0\0\xbf\x06\0\0\0\0\0\0\x07\x06\0\0\x16\
\x05\0\0\xbf\x52\0\0\0\0\0\0\x2d\x36\x22\x03\0\0\0\0\xbf\x02\0\0\0\0\0\0\x07\
\x02\0\0\x14\x05\0\0\x69\x22\0\0\0\0\0\0\x0f\x25\0\0\0\0\0\0\x07\0\0\0\x18\x05\
\0\0\xbf\x52\0\0\0\0\0\0\x2d\x30\x1b\x03\0\0\0\0\x69\x62\0\0\0\0\0\0\x0f\x25\0\
\0\0\0\0\0\xbf\x10\0\0\0\0\0\0\x67\0\0\0\x01\0\0\0\x0f\x70\0\0\0\0\0\0\xbf\x06\
\0\0\0\0\0\0\x07\x06\0\0\x1a\x05\0\0\xbf\x52\0\0\0\0\0\0\x2d\x36\x12\x03\0\0\0\
\0\xbf\x02\0\0\0\0\0\0\x07\x02\0\0\x18\x05\0\0\x69\x22\0\0\0\0\0\0\x0f\x25\0\0\
\0\0\0\0\x07\0\0\0\x1c\x05\0\0\xbf\x52\0\0\0\0\0\0\x2d\x30\x0b\x03\0\0\0\0\x69\
\x62\0\0\0\0\0\0\x0f\x25\0\0\0\0\0\0\xbf\x10\0\0\0\0\0\0\x67\0\0\0\x01\0\0\0\
\x0f\x70\0\0\0\0\0\0\xbf\x06\0\0\0\0\0\0\x07\x06\0\0\x1e\x05\0\0\xbf\x52\0\0\0\
\0\0\0\x2d\x36\x02\x03\0\0\0\0\xbf\x02\0\0\0\0\0\0\x07\x02\0\0\x1c\x05\0\0\x69\
\x22\0\0\0\0\0\0\x0f\x25\0\0\0\0\0\0\x07\0\0\0\x20\x05\0\0\xbf\x52\0\0\0\0\0\0\
\x2d\x30\xfb\x02\0\0\0\0\x69\x62\0\0\0\0\0\0\x0f\x25\0\0\0\0\0\0\xbf\x10\0\0\0\
\0\0\0\x67\0\0\0\x01\0\0\0\x0f\x70\0\0\0\0\0\0\xbf\x06\0\0\0\0\0\0\x07\x06\0\0\
\x22\x05\0\0\xbf\x52\0\0\0\0\0\0\x2d\x36\xf2\x02\0\0\0\0\xbf\x02\0\0\0\0\0\0\
\x07\x02\0\0\x20\x05\0\0\x69\x22\0\0\0\0\0\0\x0f\x25\0\0\0\0\0\0\x07\0\0\0\x24\
\x05\0\0\xbf\x52\0\0\0\0\0\0\x2d\x30\xeb\x02\0\0\0\0\x69\x62\0\0\0\0\0\0\x0f\
\x25\0\0\0\0\0\0\xbf\x10\0\0\0\0\0\0\x67\0\0\0\x01\0\0\0\x0f\x70\0\0\0\0\0\0\
\xbf\x06\0\0\0\0\0\0\x07\x06\0\0\x26\x05\0\0\xbf\x52\0\0\0\0\0\0\x2d\x36\xe2\
\x02\0\0\0\0\xbf\x02\0\0\0\0\0\0\x07\x02\0\0\x24\x05\0\0\x69\x22\0\0\0\0\0\0\
\x0f\x25\0\0\0\0\0\0\x07\0\0\0\x28\x05\0\0\xbf\x52\0\0\0\0\0\0\x2d\x30\xdb\x02\
\0\0\0\0\x69\x62\0\0\0\0\0\0\x0f\x25\0\0\0\0\0\0\xbf\x10\0\0\0\0\0\0\x67\0\0\0\
\x01\0\0\0\x0f\x70\0\0\0\0\0\0\xbf\x06\0\0\0\0\0\0\x07\x06\0\0\x2a\x05\0\0\xbf\
\x52\0\0\0\0\0\0\x2d\x36\xd2\x02\0\0\0\0\xbf\x02\0\0\0\0\0\0\x07\x02\0\0\x28\
\x05\0\0\x69\x22\0\0\0\0\0\0\x0f\x25\0\0\0\0\0\0\x07\0\0\0\x2c\x05\0\0\xbf\x52\
\0\0\0\0\0\0\x2d\x30\xcb\x02\0\0\0\0\x69\x62\0\0\0\0\0\0\x0f\x25\0\0\0\0\0\0\
\xbf\x10\0\0\0\0\0\0\x67\0\0\0\x01\0\0\0\x0f\x70\0\0\0\0\0\0\xbf\x06\0\0\0\0\0\
\0\x07\x06\0\0\x2e\x05\0\0\xbf\x52\0\0\0\0\0\0\x2d\x36\xc2\x02\0\0\0\0\xbf\x02\
\0\0\0\0\0\0\x07\x02\0\0\x2c\x05\0\0\x69\x22\0\0\0\0\0\0\x0f\x25\0\0\0\0\0\0\
\x07\0\0\0\x30\x05\0\0\xbf\x52\0\0\0\0\0\0\x2d\x30\xbb\x02\0\0\0\0\x69\x62\0\0\
\0\0\0\0\x0f\x25\0\0\0\0\0\0\xbf\x10\0\0\0\0\0\0\x67\0\0\0\x01\0\0\0\x0f\x70\0\
\0\0\0\0\0\xbf\x06\0\0\0\0\0\0\x07\x06\0\0\x32\x05\0\0\xbf\x52\0\0\0\0\0\0\x2d\
\x36\xb2\x02\0\0\0\0\xbf\x02\0\0\0\0\0\0\x07\x02\0\0\x30\x05\0\0\x69\x22\0\0\0\
\0\0\0\x0f\x25\0\0\0\0\0\0\x07\0\0\0\x34\x05\0\0\xbf\x52\0\0\0\0\0\0\x2d\x30\
\xab\x02\0\0\0\0\x69\x62\0\0\0\0\0\0\x0f\x25\0\0\0\0\0\0\xbf\x10\0\0\0\0\0\0\
\x67\0\0\0\x01\0\0\0\x0f\x70\0\0\0\0\0\0\xbf\x06\0\0\0\0\0\0\x07\x06\0\0\x36\
\x05\0\0\xbf\x52\0\0\0\0\0\0\x2d\x36\xa2\x02\0\0\0\0\xbf\x02\0\0\0\0\0\0\x07\
\x02\0\0\x34\x05\0\0\x69\x22\0\0\0\0\0\0\x0f\x25\0\0\0\0\0\0\x07\0\0\0\x38\x05\
\0\0\xbf\x52\0\0\0\0\0\0\x2d\x30\x9b\x02\0\0\0\0\x69\x62\0\0\0\0\0\0\x0f\x25\0\
\0\0\0\0\0\xbf\x10\0\0\0\0\0\0\x67\0\0\0\x01\0\0\0\x0f\x70\0\0\0\0\0\0\xbf\x06\
\0\0\0\0\0\0\x07\x06\0\0\x3a\x05\0\0\xbf\x52\0\0\0\0\0\0\x2d\x36\x92\x02\0\0\0\
\0\xbf\x02\0\0\0\0\0\0\x07\x02\0\0\x38\x05\0\0\x69\x22\0\0\0\0\0\0\x0f\x25\0\0\
\0\0\0\0\x07\0\0\0\x3c\x05\0\0\xbf\x52\0\0\0\0\0\0\x2d\x30\x8b\x02\0\0\0\0\x69\
\x62\0\0\0\0\0\0\x0f\x25\0\0\0\0\0\0\xbf\x10\0\0\0\0\0\0\x67\0\0\0\x01\0\0\0\
\x0f\x70\0\0\0\0\0\0\xbf\x06\0\0\0\0\0\0\x07\x06\0\0\x3e\x05\0\0\xbf\x52\0\0\0\
\0\0\0\x2d\x36\x82\x02\0\0\0\0\xbf\x02\0\0\0\0\0\0\x07\x02\0\0\x3c\x05\0\0\x69\
\x22\0\0\0\0\0\0\x0f\x25\0\0\0\0\0\0\x07\0\0\0\x40\x05\0\0\xbf\x52\0\0\0\0\0\0\
\x2d\x30\x7b\x02\0\0\0\0\x69\x62\0\0\0\0\0\0\x0f\x25\0\0\0\0\0\0\xbf\x10\0\0\0\
\0\0\0\x67\0\0\0\x01\0\0\0\x0f\x70\0\0\0\0\0\0\xbf\x06\0\0\0\0\0\0\x07\x06\0\0\
\x42\x05\0\0\xbf\x52\0\0\0\0\0\0\x2d\x36\x72\x02\0\0\0\0\xbf\x02\0\0\0\0\0\0\
\x07\x02\0\0\x40\x05\0\0\x69\x22\0\0\0\0\0\0\x0f\x25\0\0\0\0\0\0\x07\0\0\0\x44\
\x05\0\0\xbf\x52\0\0\0\0\0\0\x2d\x30\x6b\x02\0\0\0\0\x69\x62\0\0\0\0\0\0\x0f\
\x25\0\0\0\0\0\0\xbf\x10\0\0\0\0\0\0\x67\0\0\0\x01\0\0\0\x0f\x70\0\0\0\0\0\0\
\xbf\x06\0\0\0\0\0\0\x07\x06\0\0\x46\x05\0\0\xbf\x52\0\0\0\0\0\0\x2d\x36\x62\
\x02\0\0\0\0\xbf\x02\0\0\0\0\0\0\x07\x02\0\0\x44\x05\0\0\x69\x22\0\0\0\0\0\0\
\x0f\x25\0\0\0\0\0\0\x07\0\0\0\x48\x05\0\0\xbf\x52\0\0\0\0\0\0\x2d\x30\x5b\x02\
\0\0\0\0\x69\x62\0\0\0\0\0\0\x0f\x25\0\0\0\0\0\0\xbf\x10\0\0\0\0\0\0\x67\0\0\0\
\x01\0\0\0\x0f\x70\0\0\0\0\0\0\xbf\x06\0\0\0\0\0\0\x07\x06\0\0\x4a\x05\0\0\xbf\
\x52\0\0\0\0\0\0\x2d\x36\x52\x02\0\0\0\0\xbf\x02\0\0\0\0\0\0\x07\x02\0\0\x48\
\x05\0\0\x69\x22\0\0\0\0\0\0\x0f\x25\0\0\0\0\0\0\x07\0\0\0\x4c\x05\0\0\xbf\x52\
\0\0\0\0\0\0\x2d\x30\x4b\x02\0\0\0\0\x69\x62\0\0\0\0\0\0\x0f\x25\0\0\0\0\0\0\
\xbf\x10\0\0\0\0\0\0\x67\0\0\0\x01\0\0\0\x0f\x70\0\0\0\0\0\0\xbf\x06\0\0\0\0\0\
\0\x07\x06\0\0\x4e\x05\0\0\xbf\x52\0\0\0\0\0\0\x2d\x36\x42\x02\0\0\0\0\xbf\x02\
\0\0\0\0\0\0\x07\x02\0\0\x4c\x05\0\0\x69\x22\0\0\0\0\0\0\x0f\x25\0\0\0\0\0\0\
\x07\0\0\0\x50\x05\0\0\xbf\x52\0\0\0\0\0\0\x2d\x30\x3b\x02\0\0\0\0\x69\x62\0\0\
\0\0\0\0\x0f\x25\0\0\0\0\0\0\xbf\x10\0\0\0\0\0\0\x67\0\0\0\x01\0\0\0\x0f\x70\0\
\0\0\0\0\0\xbf\x06\0\0\0\0\0\0\x07\x06\0\0\x52\x05\0\0\xbf\x52\0\0\0\0\0\0\x2d\
\x36\x32\x02\0\0\0\0\xbf\x02\0\0\0\0\0\0\x07\x02\0\0\x50\x05\0\0\x69\x22\0\0\0\
\0\0\0\x0f\x25\0\0\0\0\0\0\x07\0\0\0\x54\x05\0\0\xbf\x52\0\0\0\0\0\0\x2d\x30\
\x2b\x02\0\0\0\0\x69\x62\0\0\0\0\0\0\x0f\x25\0\0\0\0\0\0\xbf\x10\0\0\0\0\0\0\
\x67\0\0\0\x01\0\0\0\x0f\x70\0\0\0\0\0\0\xbf\x06\0\0\0\0\0\0\x07\x06\0\0\x56\
\x05\0\0\xbf\x52\0\0\0\0\0\0\x2d\x36\x22\x02\0\0\0\0\xbf\x02\0\0\0\0\0\0\x07\
\x02\0\0\x54\x05\0\0\x69\x22\0\0\0\0\0\0\x0f\x25\0\0\0\0\0\0\x07\0\0\0\x58\x05\
\0\0\xbf\x52\0\0\0\0\0\0\x2d\x30\x1b\x02\0\0\0\0\x69\x62\0\0\0\0\0\0\x0f\x25\0\
\0\0\0\0\0\xbf\x10\0\0\0\0\0\0\x67\0\0\0\x01\0\0\0\x0f\x70\0\0\0\0\0\0\xbf\x06\
\0\0\0\0\0\0\x07\x06\0\0\x5a\x05\0\0\xbf\x52\0\0\0\0\0\0\x2d\x36\x12\x02\0\0\0\
\0\xbf\x02\0\0\0\0\0\0\x07\x02\0\0\x58\x05\0\0\x69\x22\0\0\0\0\0\0\x0f\x25\0\0\
\0\0\0\0\x07\0\0\0\x5c\x05\0\0\xbf\x52\0\0\0\0\0\0\x2d\x30\x0b\x02\0\0\0\0\x69\
\x62\0\0\0\0\0\0\x0f\x25\0\0\0\0\0\0\xbf\x10\0\0\0\0\0\0\x67\0\0\0\x01\0\0\0\
\x0f\x70\0\0\0\0\0\0\xbf\x06\0\0\0\0\0\0\x07\x06\0\0\x5e\x05\0\0\xbf\x52\0\0\0\
\0\0\0\x2d\x36\x02\x02\0\0\0\0\xbf\x02\0\0\0\0\0\0\x07\x02\0\0\x5c\x05\0\0\x69\
\x22\0\0\0\0\0\0\x0f\x25\0\0\0\0\0\0\x07\0\0\0\x60\x05\0\0\xbf\x52\0\0\0\0\0\0\
\x2d\x30\xfb\x01\0\0\0\0\x69\x62\0\0\0\0\0\0\x0f\x25\0\0\0\0\0\0\xbf\x10\0\0\0\
\0\0\0\x67\0\0\0\x01\0\0\0\x0f\x70\0\0\0\0\0\0\xbf\x06\0\0\0\0\0\0\x07\x06\0\0\
\x62\x05\0\0\xbf\x52\0\0\0\0\0\0\x2d\x36\xf2\x01\0\0\0\0\xbf\x02\0\0\0\0\0\0\
\x07\x02\0\0\x60\x05\0\0\x69\x22\0\0\0\0\0\0\x0f\x25\0\0\0\0\0\0\x07\0\0\0\x64\
\x05\0\0\xbf\x52\0\0\0\0\0\0\x2d\x30\xeb\x01\0\0\0\0\x69\x62\0\0\0\0\0\0\x0f\
\x25\0\0\0\0\0\0\xbf\x10\0\0\0\0\0\0\x67\0\0\0\x01\0\0\0\x0f\x70\0\0\0\0\0\0\
\xbf\x06\0\0\0\0\0\0\x07\x06\0\0\x66\x05\0\0\xbf\x52\0\0\0\0\0\0\x2d\x36\xe2\
\x01\0\0\0\0\xbf\x02\0\0\0\0\0\0\x07\x02\0\0\x64\x05\0\0\x69\x22\0\0\0\0\0\0\
\x0f\x25\0\0\0\0\0\0\x07\0\0\0\x68\x05\0\0\xbf\x52\0\0\0\0\0\0\x2d\x30\xdb\x01\
\0\0\0\0\x69\x62\0\0\0\0\0\0\x0f\x25\0\0\0\0\0\0\xbf\x10\0\0\0\0\0\0\x67\0\0\0\
\x01\0\0\0\x0f\x70\0\0\0\0\0\0\xbf\x06\0\0\0\0\0\0\x07\x06\0\0\x6a\x05\0\0\xbf\
\x52\0\0\0\0\0\0\x2d\x36\xd2\x01\0\0\0\0\xbf\x02\0\0\0\0\0\0\x07\x02\0\0\x68\
\x05\0\0\x69\x22\0\0\0\0\0\0\x0f\x25\0\0\0\0\0\0\x07\0\0\0\x6c\x05\0\0\xbf\x52\
\0\0\0\0\0\0\x2d\x30\xcb\x01\0\0\0\0\x69\x62\0\0\0\0\0\0\x0f\x25\0\0\0\0\0\0\
\xbf\x10\0\0\0\0\0\0\x67\0\0\0\x01\0\0\0\x0f\x70\0\0\0\0\0\0\xbf\x06\0\0\0\0\0\
\0\x07\x06\0\0\x6e\x05\0\0\xbf\x52\0\0\0\0\0\0\x2d\x36\xc2\x01\0\0\0\0\xbf\x02\
\0\0\0\0\0\0\x07\x02\0\0\x6c\x05\0\0\x69\x22\0\0\0\0\0\0\x0f\x25\0\0\0\0\0\0\
\x07\0\0\0\x70\x05\0\0\xbf\x52\0\0\0\0\0\0\x2d\x30\xbb\x01\0\0\0\0\x69\x62\0\0\
\0\0\0\0\x0f\x25\0\0\0\0\0\0\xbf\x10\0\0\0\0\0\0\x67\0\0\0\x01\0\0\0\x0f\x70\0\
\0\0\0\0\0\xbf\x06\0\0\0\0\0\0\x07\x06\0\0\x72\x05\0\0\xbf\x52\0\0\0\0\0\0\x2d\
\x36\xb2\x01\0\0\0\0\xbf\x02\0\0\0\0\0\0\x07\x02\0\0\x70\x05\0\0\x69\x22\0\0\0\
\0\0\0\x0f\x25\0\0\0\0\0\0\x07\0\0\0\x74\x05\0\0\xbf\x52\0\0\0\0\0\0\x2d\x30\
\xab\x01\0\0\0\0\x69\x62\0\0\0\0\0\0\x0f\x25\0\0\0\0\0\0\xbf\x10\0\0\0\0\0\0\
\x67\0\0\0\x01\0\0\0\x0f\x70\0\0\0\0\0\0\xbf\x06\0\0\0\0\0\0\x07\x06\0\0\x76\
\x05\0\0\xbf\x52\0\0\0\0\0\0\x2d\x36\xa2\x01\0\0\0\0\xbf\x02\0\0\0\0\0\0\x07\
\x02\0\0\x74\x05\0\0\x69\x22\0\0\0\0\0\0\x0f\x25\0\0\0\0\0\0\x07\0\0\0\x78\x05\
\0\0\xbf\x52\0\0\0\0\0\0\x2d\x30\x9b\x01\0\0\0\0\x69\x62\0\0\0\0\0\0\x0f\x25\0\
\0\0\0\0\0\xbf\x10\0\0\0\0\0\0\x67\0\0\0\x01\0\0\0\x0f\x70\0\0\0\0\0\0\xbf\x06\
\0\0\0\0\0\0\x07\x06\0\0\x7a\x05\0\0\xbf\x52\0\0\0\0\0\0\x2d\x36\x92\x01\0\0\0\
\0\xbf\x02\0\0\0\0\0\0\x07\x02\0\0\x78\x05\0\0\x69\x22\0\0\0\0\0\0\x0f\x25\0\0\
\0\0\0\0\x07\0\0\0\x7c\x05\0\0\xbf\x52\0\0\0\0\0\0\x2d\x30\x8b\x01\0\0\0\0\x69\
\x62\0\0\0\0\0\0\x0f\x25\0\0\0\0\0\0\xbf\x10\0\0\0\0\0\0\x67\0\0\0\x01\0\0\0\
\x0f\x70\0\0\0\0\0\0\xbf\x06\0\0\0\0\0\0\x07\x06\0\0\x7e\x05\0\0\xbf\x52\0\0\0\
\0\0\0\x2d\x36\x82\x01\0\0\0\0\xbf\x02\0\0\0\0\0\0\x07\x02\0\0\x7c\x05\0\0\x69\
\x22\0\0\0\0\0\0\x0f\x25\0\0\0\0\0\0\x07\0\0\0\x80\x05\0\0\xbf\x52\0\0\0\0\0\0\
\x2d\x30\x7b\x01\0\0\0\0\x69\x62\0\0\0\0\0\0\x0f\x25\0\0\0\0\0\0\xbf\x10\0\0\0\
\0\0\0\x67\0\0\0\x01\0\0\0\x0f\x70\0\0\0\0\0\0\xbf\x06\0\0\0\0\0\0\x07\x06\0\0\
\x82\x05\0\0\xbf\x52\0\0\0\0\0\0\x2d\x36\x72\x01\0\0\0\0\xbf\x02\0\0\0\0\0\0\
\x07\x02\0\0\x80\x05\0\0\x69\x22\0\0\0\0\0\0\x0f\x25\0\0\0\0\0\0\x07\0\0\0\x84\
\x05\0\0\xbf\x52\0\0\0\0\0\0\x2d\x30\x6b\x01\0\0\0\0\x69\x62\0\0\0\0\0\0\x0f\
\x25\0\0\0\0\0\0\xbf\x10\0\0\0\0\0\0\x67\0\0\0\x01\0\0\0\x0f\x70\0\0\0\0\0\0\
\xbf\x06\0\0\0\0\0\0\x07\x06\0\0\x86\x05\0\0\xbf\x52\0\0\0\0\0\0\x2d\x36\x62\
\x01\0\0\0\0\xbf\x02\0\0\0\0\0\0\x07\x02\0\0\x84\x05\0\0\x69\x22\0\0\0\0\0\0\
\x0f\x25\0\0\0\0\0\0\x07\0\0\0\x88\x05\0\0\xbf\x52\0\0\0\0\0\0\x2d\x30\x5b\x01\
\0\0\0\0\x69\x62\0\0\0\0\0\0\x0f\x25\0\0\0\0\0\0\xbf\x10\0\0\0\0\0\0\x67\0\0\0\
\x01\0\0\0\x0f\x70\0\0\0\0\0\0\xbf\x06\0\0\0\0\0\0\x07\x06\0\0\x8a\x05\0\0\xbf\
\x52\0\0\0\0\0\0\x2d\x36\x52\x01\0\0\0\0\xbf\x02\0\0\0\0\0\0\x07\x02\0\0\x88\
\x05\0\0\x69\x22\0\0\0\0\0\0\x0f\x25\0\0\0\0\0\0\x07\0\0\0\x8c\x05\0\0\xbf\x52\
\0\0\0\0\0\0\x2d\x30\x4b\x01\0\0\0\0\x69\x62\0\0\0\0\0\0\x0f\x25\0\0\0\0\0\0\
\xbf\x10\0\0\0\0\0\0\x67\0\0\0\x01\0\0\0\x0f\x70\0\0\0\0\0\0\xbf\x06\0\0\0\0\0\
\0\x07\x06\0\0\x8e\x05\0\0\xbf\x52\0\0\0\0\0\0\x2d\x36\x42\x01\0\0\0\0\xbf\x02\
\0\0\0\0\0\0\x07\x02\0\0\x8c\x05\0\0\x69\x22\0\0\0\0\0\0\x0f\x25\0\0\0\0\0\0\
\x07\0\0\0\x90\x05\0\0\xbf\x52\0\0\0\0\0\0\x2d\x30\x3b\x01\0\0\0\0\x69\x62\0\0\
\0\0\0\0\x0f\x25\0\0\0\0\0\0\xbf\x10\0\0\0\0\0\0\x67\0\0\0\x01\0\0\0\x0f\x70\0\
\0\0\0\0\0\xbf\x06\0\0\0\0\0\0\x07\x06\0\0\x92\x05\0\0\xbf\x52\0\0\0\0\0\0\x2d\
\x36\x32\x01\0\0\0\0\xbf\x02\0\0\0\0\0\0\x07\x02\0\0\x90\x05\0\0\x69\x22\0\0\0\
\0\0\0\x0f\x25\0\0\0\0\0\0\x07\0\0\0\x94\x05\0\0\xbf\x52\0\0\0\0\0\0\x2d\x30\
\x2b\x01\0\0\0\0\x69\x62\0\0\0\0\0\0\x0f\x25\0\0\0\0\0\0\xbf\x10\0\0\0\0\0\0\
\x67\0\0\0\x01\0\0\0\x0f\x70\0\0\0\0\0\0\xbf\x06\0\0\0\0\0\0\x07\x06\0\0\x96\
\x05\0\0\xbf\x52\0\0\0\0\0\0\x2d\x36\x22\x01\0\0\0\0\xbf\x02\0\0\0\0\0\0\x07\
\x02\0\0\x94\x05\0\0\x69\x22\0\0\0\0\0\0\x0f\x25\0\0\0\0\0\0\x07\0\0\0\x98\x05\
\0\0\xbf\x52\0\0\0\0\0\0\x2d\x30\x1b\x01\0\0\0\0\x69\x62\0\0\0\0\0\0\x0f\x25\0\
\0\0\0\0\0\xbf\x10\0\0\0\0\0\0\x67\0\0\0\x01\0\0\0\x0f\x70\0\0\0\0\0\0\xbf\x06\
\0\0\0\0\0\0\x07\x06\0\0\x9a\x05\0\0\xbf\x52\0\0\0\0\0\0\x2d\x36\x12\x01\0\0\0\
\0\xbf\x02\0\0\0\0\0\0\x07\x02\0\0\x98\x05\0\0\x69\x22\0\0\0\0\0\0\x0f\x25\0\0\
\0\0\0\0\x07\0\0\0\x9c\x05\0\0\xbf\x52\0\0\0\0\0\0\x2d\x30\x0b\x01\0\0\0\0\x69\
\x62\0\0\0\0\0\0\x0f\x25\0\0\0\0\0\0\xbf\x10\0\0\0\0\0\0\x67\0\0\0\x01\0\0\0\
\x0f\x70\0\0\0\0\0\0\xbf\x06\0\0\0\0\0\0\x07\x06\0\0\x9e\x05\0\0\xbf\x52\0\0\0\
\0\0\0\x2d\x36\x02\x01\0\0\0\0\xbf\x02\0\0\0\0\0\0\x07\x02\0\0\x9c\x05\0\0\x69\
\x22\0\0\0\0\0\0\x0f\x25\0\0\0\0\0\0\x07\0\0\0\xa0\x05\0\0\xbf\x52\0\0\0\0\0\0\
\x2d\x30\xfb\0\0\0\0\0\x69\x62\0\0\0\0\0\0\x0f\x25\0\0\0\0\0\0\xbf\x10\0\0\0\0\
\0\0\x67\0\0\0\x01\0\0\0\x0f\x70\0\0\0\0\0\0\xbf\x06\0\0\0\0\0\0\x07\x06\0\0\
\xa2\x05\0\0\xbf\x52\0\0\0\0\0\0\x2d\x36\xf2\0\0\0\0\0\xbf\x02\0\0\0\0\0\0\x07\
\x02\0\0\xa0\x05\0\0\x69\x22\0\0\0\0\0\0\x0f\x25\0\0\0\0\0\0\x07\0\0\0\xa4\x05\
\0\0\xbf\x52\0\0\0\0\0\0\x2d\x30\xeb\0\0\0\0\0\x69\x62\0\0\0\0\0\0\x0f\x25\0\0\
\0\0\0\0\xbf\x10\0\0\0\0\0\0\x67\0\0\0\x01\0\0\0\x0f\x70\0\0\0\0\0\0\xbf\x06\0\
\0\0\0\0\0\x07\x06\0\0\xa6\x05\0\0\xbf\x52\0\0\0\0\0\0\x2d\x36\xe2\0\0\0\0\0\
\xbf\x02\0\0\0\0\0\0\x07\x02\0\0\xa4\x05\0\0\x69\x22\0\0\0\0\0\0\x0f\x25\0\0\0\
\0\0\0\x07\0\0\0\xa8\x05\0\0\xbf\x52\0\0\0\0\0\0\x2d\x30\xdb\0\0\0\0\0\x69\x62\
\0\0\0\0\0\0\x0f\x25\0\0\0\0\0\0\xbf\x10\0\0\0\0\0\0\x67\0\0\0\x01\0\0\0\x0f\
\x70\0\0\0\0\0\0\xbf\x06\0\0\0\0\0\0\x07\x06\0\0\xaa\x05\0\0\xbf\x52\0\0\0\0\0\
\0\x2d\x36\xd2\0\0\0\0\0\xbf\x02\0\0\0\0\0\0\x07\x02\0\0\xa8\x05\0\0\x69\x22\0\
\0\0\0\0\0\x0f\x25\0\0\0\0\0\0\x07\0\0\0\xac\x05\0\0\xbf\x52\0\0\0\0\0\0\x2d\
\x30\xcb\0\0\0\0\0\x69\x62\0\0\0\0\0\0\x0f\x25\0\0\0\0\0\0\xbf\x10\0\0\0\0\0\0\
\x67\0\0\0\x01\0\0\0\x0f\x70\0\0\0\0\0\0\xbf\x06\0\0\0\0\0\0\x07\x06\0\0\xae\
\x05\0\0\xbf\x52\0\0\0\0\0\0\x2d\x36\xc2\0\0\0\0\0\xbf\x02\0\0\0\0\0\0\x07\x02\
\0\0\xac\x05\0\0\x69\x22\0\0\0\0\0\0\x0f\x25\0\0\0\0\0\0\x07\0\0\0\xb0\x05\0\0\
\xbf\x52\0\0\0\0\0\0\x2d\x30\xbb\0\0\0\0\0\x69\x62\0\0\0\0\0\0\x0f\x25\0\0\0\0\
\0\0\xbf\x10\0\0\0\0\0\0\x67\0\0\0\x01\0\0\0\x0f\x70\0\0\0\0\0\0\xbf\x06\0\0\0\
\0\0\0\x07\x06\0\0\xb2\x05\0\0\xbf\x52\0\0\0\0\0\0\x2d\x36\xb2\0\0\0\0\0\xbf\
\x02\0\0\0\0\0\0\x07\x02\0\0\xb0\x05\0\0\x69\x22\0\0\0\0\0\0\x0f\x25\0\0\0\0\0\
\0\x07\0\0\0\xb4\x05\0\0\xbf\x52\0\0\0\0\0\0\x2d\x30\xab\0\0\0\0\0\x69\x62\0\0\
\0\0\0\0\x0f\x25\0\0\0\0\0\0\xbf\x10\0\0\0\0\0\0\x67\0\0\0\x01\0\0\0\x0f\x70\0\
\0\0\0\0\0\xbf\x06\0\0\0\0\0\0\x07\x06\0\0\xb6\x05\0\0\xbf\x52\0\0\0\0\0\0\x2d\
\x36\xa2\0\0\0\0\0\xbf\x02\0\0\0\0\0\0\x07\x02\0\0\xb4\x05\0\0\x69\x22\0\0\0\0\
\0\0\x0f\x25\0\0\0\0\0\0\x07\0\0\0\xb8\x05\0\0\xbf\x52\0\0\0\0\0\0\x2d\x30\x9b\
\0\0\0\0\0\x69\x62\0\0\0\0\0\0\x0f\x25\0\0\0\0\0\0\xbf\x10\0\0\0\0\0\0\x67\0\0\
\0\x01\0\0\0\x0f\x70\0\0\0\0\0\0\xbf\x06\0\0\0\0\0\0\x07\x06\0\0\xba\x05\0\0\
\xbf\x52\0\0\0\0\0\0\x2d\x36\x92\0\0\0\0\0\xbf\x02\0\0\0\0\0\0\x07\x02\0\0\xb8\
\x05\0\0\x69\x22\0\0\0\0\0\0\x0f\x25\0\0\0\0\0\0\x07\0\0\0\xbc\x05\0\0\xbf\x52\
\0\0\0\0\0\0\x2d\x30\x8b\0\0\0\0\0\x69\x62\0\0\0\0\0\0\x0f\x25\0\0\0\0\0\0\xbf\
\x10\0\0\0\0\0\0\x67\0\0\0\x01\0\0\0\x0f\x70\0\0\0\0\0\0\xbf\x06\0\0\0\0\0\0\
\x07\x06\0\0\xbe\x05\0\0\xbf\x52\0\0\0\0\0\0\x2d\x36\x82\0\0\0\0\0\xbf\x02\0\0\
\0\0\0\0\x07\x02\0\0\xbc\x05\0\0\x69\x22\0\0\0\0\0\0\x0f\x25\0\0\0\0\0\0\x07\0\
\0\0\xc0\x05\0\0\xbf\x52\0\0\0\0\0\0\x2d\x30\x7b\0\0\0\0\0\x69\x62\0\0\0\0\0\0\
\x0f\x25\0\0\0\0\0\0\xbf\x10\0\0\0\0\0\0\x67\0\0\0\x01\0\0\0\x0f\x70\0\0\0\0\0\
\0\xbf\x06\0\0\0\0\0\0\x07\x06\0\0\xc2\x05\0\0\xbf\x52\0\0\0\0\0\0\x2d\x36\x72\
\0\0\0\0\0\xbf\x02\0\0\0\0\0\0\x07\x02\0\0\xc0\x05\0\0\x69\x22\0\0\0\0\0\0\x0f\
\x25\0\0\0\0\0\0\x07\0\0\0\xc4\x05\0\0\xbf\x52\0\0\0\0\0\0\x2d\x30\x6b\0\0\0\0\
\0\x69\x62\0\0\0\0\0\0\x0f\x25\0\0\0\0\0\0\xbf\x10\0\0\0\0\0\0\x67\0\0\0\x01\0\
\0\0\x0f\x70\0\0\0\0\0\0\xbf\x06\0\0\0\0\0\0\x07\x06\0\0\xc6\x05\0\0\xbf\x52\0\
\0\0\0\0\0\x2d\x36\x62\0\0\0\0\0\xbf\x02\0\0\0\0\0\0\x07\x02\0\0\xc4\x05\0\0\
\x69\x22\0\0\0\0\0\0\x0f\x25\0\0\0\0\0\0\x07\0\0\0\xc8\x05\0\0\xbf\x52\0\0\0\0\
\0\0\x2d\x30\x5b\0\0\0\0\0\x69\x62\0\0\0\0\0\0\x0f\x25\0\0\0\0\0\0\xbf\x10\0\0\
\0\0\0\0\x67\0\0\0\x01\0\0\0\x0f\x70\0\0\0\0\0\0\xbf\x06\0\0\0\0\0\0\x07\x06\0\
\0\xca\x05\0\0\xbf\x52\0\0\0\0\0\0\x2d\x36\x52\0\0\0\0\0\xbf\x02\0\0\0\0\0\0\
\x07\x02\0\0\xc8\x05\0\0\x69\x22\0\0\0\0\0\0\x0f\x25\0\0\0\0\0\0\x07\0\0\0\xcc\
\x05\0\0\xbf\x52\0\0\0\0\0\0\x2d\x30\x4b\0\0\0\0\0\x69\x62\0\0\0\0\0\0\x0f\x25\
\0\0\0\0\0\0\xbf\x10\0\0\0\0\0\0\x67\0\0\0\x01\0\0\0\x0f\x70\0\0\0\0\0\0\xbf\
\x06\0\0\0\0\0\0\x07\x06\0\0\xce\x05\0\0\xbf\x52\0\0\0\0\0\0\x2d\x36\x42\0\0\0\
\0\0\xbf\x02\0\0\0\0\0\0\x07\x02\0\0\xcc\x05\0\0\x69\x22\0\0\0\0\0\0\x0f\x25\0\
\0\0\0\0\0\x07\0\0\0\xd0\x05\0\0\xbf\x52\0\0\0\0\0\0\x2d\x30\x3b\0\0\0\0\0\x69\
\x62\0\0\0\0\0\0\x0f\x25\0\0\0\0\0\0\xbf\x10\0\0\0\0\0\0\x67\0\0\0\x01\0\0\0\
\x0f\x70\0\0\0\0\0\0\xbf\x06\0\0\0\0\0\0\x07\x06\0\0\xd2\x05\0\0\xbf\x52\0\0\0\
\0\0\0\x2d\x36\x32\0\0\0\0\0\xbf\x02\0\0\0\0\0\0\x07\x02\0\0\xd0\x05\0\0\x69\
\x22\0\0\0\0\0\0\x0f\x25\0\0\0\0\0\0\x07\0\0\0\xd4\x05\0\0\xbf\x52\0\0\0\0\0\0\
\x2d\x30\x2b\0\0\0\0\0\x69\x62\0\0\0\0\0\0\x0f\x25\0\0\0\0\0\0\xbf\x10\0\0\0\0\
\0\0\x67\0\0\0\x01\0\0\0\x0f\x70\0\0\0\0\0\0\xbf\x06\0\0\0\0\0\0\x07\x06\0\0\
\xd6\x05\0\0\xbf\x52\0\0\0\0\0\0\x2d\x36\x22\0\0\0\0\0\xbf\x02\0\0\0\0\0\0\x07\
\x02\0\0\xd4\x05\0\0\x69\x22\0\0\0\0\0\0\x0f\x25\0\0\0\0\0\0\x07\0\0\0\xd8\x05\
\0\0\xbf\x52\0\0\0\0\0\0\x2d\x30\x1b\0\0\0\0\0\x69\x62\0\0\0\0\0\0\x0f\x25\0\0\
\0\0\0\0\xbf\x10\0\0\0\0\0\0\x67\0\0\0\x01\0\0\0\x0f\x70\0\0\0\0\0\0\xbf\x06\0\
\0\0\0\0\0\x07\x06\0\0\xda\x05\0\0\xbf\x52\0\0\0\0\0\0\x2d\x36\x12\0\0\0\0\0\
\xbf\x02\0\0\0\0\0\0\x07\x02\0\0\xd8\x05\0\0\x69\x22\0\0\0\0\0\0\x0f\x25\0\0\0\
\0\0\0\x07\0\0\0\xdc\x05\0\0\xbf\x52\0\0\0\0\0\0\x2d\x30\x0b\0\0\0\0\0\x69\x62\
\0\0\0\0\0\0\x0f\x25\0\0\0\0\0\0\x07\x01\0\0\xee\x02\0\0\xbf\x12\0\0\0\0\0\0\
\x67\x02\0\0\x01\0\0\0\xbf\x70\0\0\0\0\0\0\x0f\x20\0\0\0\0\0\0\xbf\x06\0\0\0\0\
\0\0\x07\x06\0\0\x02\0\0\0\xbf\x52\0\0\0\0\0\0\x3d\x63\xeb\xe8\0\0\0\0\xbf\x21\
\0\0\0\0\0\0\x67\x01\0\0\x20\0\0\0\x77\x01\0\0\x20\0\0\0\xb7\x05\0\0\0\0\x01\0\
\x2d\x15\x08\0\0\0\0\0\x18\x01\0\0\0\0\xff\xff\0\0\0\0\0\0\0\0\xbf\x25\0\0\0\0\
\0\0\x5f\x15\0\0\0\0\0\0\x77\x05\0\0\x10\0\0\0\x57\x02\0\0\xff\xff\0\0\x0f\x52\
\0\0\0\0\0\0\x25\x02\xfa\xff\xff\xff\0\0\xa7\x02\0\0\xff\xff\xff\xff\x6b\x27\
\x10\0\0\0\0\0\xdc\x09\0\0\x20\0\0\0\xdc\x04\0\0\x20\0\0\0\x18\x01\0\0\xd3\0\0\
\0\0\0\0\0\0\0\0\0\xb7\x02\0\0\x2f\0\0\0\xbf\x93\0\0\0\0\0\0\x85\0\0\0\x06\0\0\
\0\x71\x81\0\0\0\0\0\0\x7b\x1a\xd0\xff\0\0\0\0\x71\x81\x01\0\0\0\0\0\x7b\x1a\
\xd8\xff\0\0\0\0\x71\x81\x02\0\0\0\0\0\x7b\x1a\xe0\xff\0\0\0\0\x71\x81\x03\0\0\
\0\0\0\x7b\x1a\xe8\xff\0\0\0\0\x71\x81\x04\0\0\0\0\0\x7b\x1a\xf0\xff\0\0\0\0\
\x71\x81\x05\0\0\0\0\0\x7b\x1a\xf8\xff\0\0\0\0\xbf\xa3\0\0\0\0\0\0\x07\x03\0\0\
\xd0\xff\xff\xff\x18\x01\0\0\x02\x01\0\0\0\0\0\0\0\0\0\0\xb7\x02\0\0\x20\0\0\0\
\xb7\x04\0\0\x30\0\0\0\x85\0\0\0\xb1\0\0\0\x71\x81\x06\0\0\0\0\0\x7b\x1a\xd0\
\xff\0\0\0\0\x71\x81\x07\0\0\0\0\0\x7b\x1a\xd8\xff\0\0\0\0\x71\x81\x08\0\0\0\0\
\0\x7b\x1a\xe0\xff\0\0\0\0\x71\x81\x09\0\0\0\0\0\x7b\x1a\xe8\xff\0\0\0\0\x71\
\x81\x0a\0\0\0\0\0\x7b\x1a\xf0\xff\0\0\0\0\x71\x81\x0b\0\0\0\0\0\x7b\x1a\xf8\
\xff\0\0\0\0\xbf\xa3\0\0\0\0\0\0\x07\x03\0\0\xd0\xff\xff\xff\x18\x01\0\0\x22\
\x01\0\0\0\0\0\0\0\0\0\0\xb7\x02\0\0\x23\0\0\0\xb7\x04\0\0\x30\0\0\0\x85\0\0\0\
\xb1\0\0\0\xb7\x07\0\0\x03\0\0\0\xbf\x70\0\0\0\0\0\0\x95\0\0\0\0\0\0\0\x0a\0\0\
\x01\xde\xad\xbe\xef\0\x01\0\0\x0a\0\0\x0a\xde\xad\xbe\xef\0\x10\x78\x64\x70\
\x5f\x6c\x6f\x61\x64\x5f\x62\x61\x6c\x61\x6e\x63\x65\x72\x20\x72\x65\x63\x65\
\x69\x76\x65\x64\x20\x70\x61\x63\x6b\x65\x74\0\x52\x65\x63\x65\x69\x76\x65\x64\
\x20\x53\x6f\x75\x72\x63\x65\x20\x49\x50\x3a\x20\x30\x78\x25\x78\0\x52\x65\x63\
\x65\x69\x76\x65\x64\x20\x44\x65\x73\x74\x69\x6e\x61\x74\x69\x6f\x6e\x20\x49\
\x50\x3a\x20\x30\x78\x25\x78\0\x52\x65\x63\x65\x69\x76\x65\x64\x20\x53\x6f\x75\
\x72\x63\x65\x20\x4d\x41\x43\x3a\x20\x25\x78\x3a\x25\x78\x3a\x25\x78\x3a\x25\
\x78\x3a\x25\x78\x3a\x25\x78\0\x52\x65\x63\x65\x69\x76\x65\x64\x20\x44\x65\x73\
\x74\x69\x6e\x61\x74\x69\x6f\x6e\x20\x4d\x41\x43\x3a\x20\x25\x78\x3a\x25\x78\
\x3a\x25\x78\x3a\x25\x78\x3a\x25\x78\x3a\x25\x78\0\x50\x61\x63\x6b\x65\x74\x20\
\x66\x72\x6f\x6d\x20\x63\x6c\x69\x65\x6e\x74\0\x50\x61\x63\x6b\x65\x74\x20\x66\
\x72\x6f\x6d\x20\x62\x61\x63\x6b\x65\x6e\x64\0\x52\x65\x64\x69\x72\x65\x63\x74\
\x69\x6e\x67\x20\x70\x61\x63\x6b\x65\x74\x20\x74\x6f\x20\x6e\x65\x77\x20\x49\
\x50\x20\x30\x78\x25\x78\x20\x66\x72\x6f\x6d\x20\x49\x50\x20\x30\x78\x25\x78\0\
\x4e\x65\x77\x20\x44\x65\x73\x74\x20\x4d\x41\x43\x3a\x20\x25\x78\x3a\x25\x78\
\x3a\x25\x78\x3a\x25\x78\x3a\x25\x78\x3a\x25\x78\0\x4e\x65\x77\x20\x53\x6f\x75\
\x72\x63\x65\x20\x4d\x41\x43\x3a\x20\x25\x78\x3a\x25\x78\x3a\x25\x78\x3a\x25\
\x78\x3a\x25\x78\x3a\x25\x78\x0a\0\0\0\0\0\0\0\0\0\0\0\0\0\0\0\0\0\0\0\0\0\0\0\
\0\0\0\0\0\0\0\0\0\0\0\0\0\0\0\x47\x50\x4c\0\x9f\xeb\x01\0\x18\0\0\0\0\0\0\0\
\x94\x04\0\0\x94\x04\0\0\x6d\x0f\0\0\0\0\0\0\0\0\0\x02\x03\0\0\0\x01\0\0\0\0\0\
\0\x01\x04\0\0\0\x20\0\0\x01\0\0\0\0\0\0\0\x03\0\0\0\0\x02\0\0\0\x04\0\0\0\x02\
\0\0\0\x05\0\0\0\0\0\0\x01\x04\0\0\0\x20\0\0\0\0\0\0\0\0\0\0\x02\x06\0\0\0\x19\
\0\0\0\0\0\0\x08\x07\0\0\0\x1f\0\0\0\0\0\0\x01\x04\0\0\0\x20\0\0\0\0\0\0\0\0\0\
\0\x02\x09\0\0\0\x2c\0\0\0\x02\0\0\x04\x0c\0\0\0\x3b\0\0\0\x06\0\0\0\0\0\0\0\
\x3e\0\0\0\x0b\0\0\0\x20\0\0\0\x42\0\0\0\0\0\0\x01\x01\0\0\0\x08\0\0\0\0\0\0\0\
\0\0\0\x03\0\0\0\0\x0a\0\0\0\x04\0\0\0\x06\0\0\0\0\0\0\0\x04\0\0\x04\x20\0\0\0\
\x50\0\0\0\x01\0\0\0\0\0\0\0\x55\0\0\0\x01\0\0\0\x40\0\0\0\x61\0\0\0\x05\0\0\0\
\x80\0\0\0\x65\0\0\0\x08\0\0\0\xc0\0\0\0\x6b\0\0\0\0\0\0\x0e\x0c\0\0\0\x01\0\0\
\0\0\0\0\0\0\0\0\x02\x0f\0\0\0\x74\0\0\0\x06\0\0\x04\x18\0\0\0\x7b\0\0\0\x06\0\
\0\0\0\0\0\0\x80\0\0\0\x06\0\0\0\x20\0\0\0\x89\0\0\0\x06\0\0\0\x40\0\0\0\x93\0\
\0\0\x06\0\0\0\x60\0\0\0\xa3\0\0\0\x06\0\0\0\x80\0\0\0\xb2\0\0\0\x06\0\0\0\xa0\
\0\0\0\0\0\0\0\x01\0\0\x0d\x02\0\0\0\xc1\0\0\0\x0e\0\0\0\xc5\0\0\0\x01\0\0\x0c\
\x10\0\0\0\xfb\x0d\0\0\0\0\0\x0e\x02\0\0\0\x01\0\0\0\x05\x0e\0\0\0\0\0\x0e\x0b\
\0\0\0\x01\0\0\0\x10\x0e\0\0\0\0\0\x0e\x02\0\0\0\x01\0\0\0\x21\x0e\0\0\0\0\0\
\x0e\x0b\0\0\0\x01\0\0\0\0\0\0\0\0\0\0\x0a\x17\0\0\0\x33\x0e\0\0\0\0\0\x01\x01\
\0\0\0\x08\0\0\x01\0\0\0\0\0\0\0\x03\0\0\0\0\x16\0\0\0\x04\0\0\0\x22\0\0\0\x38\
\x0e\0\0\0\0\0\x0e\x18\0\0\0\0\0\0\0\0\0\0\0\0\0\0\x03\0\0\0\0\x16\0\0\0\x04\0\
\0\0\x19\0\0\0\x52\x0e\0\0\0\0\0\x0e\x1a\0\0\0\0\0\0\0\0\0\0\0\0\0\0\x03\0\0\0\
\0\x16\0\0\0\x04\0\0\0\x1e\0\0\0\x6e\x0e\0\0\0\0\0\x0e\x1c\0\0\0\0\0\0\0\0\0\0\
\0\0\0\0\x03\0\0\0\0\x16\0\0\0\x04\0\0\0\x27\0\0\0\x8a\x0e\0\0\0\0\0\x0e\x1e\0\
\0\0\0\0\0\0\0\0\0\0\0\0\0\x03\0\0\0\0\x16\0\0\0\x04\0\0\0\x2c\0\0\0\xa3\x0e\0\
\0\0\0\0\x0e\x20\0\0\0\0\0\0\0\0\0\0\0\0\0\0\x03\0\0\0\0\x16\0\0\0\x04\0\0\0\
\x13\0\0\0\xbe\x0e\0\0\0\0\0\x0e\x22\0\0\0\0\0\0\0\0\0\0\0\0\0\0\x03\0\0\0\0\
\x16\0\0\0\x04\0\0\0\x14\0\0\0\xda\x0e\0\0\0\0\0\x0e\x24\0\0\0\0\0\0\0\0\0\0\0\
\0\0\0\x03\0\0\0\0\x16\0\0\0\x04\0\0\0\x2f\0\0\0\xf6\x0e\0\0\0\0\0\x0e\x26\0\0\
\0\0\0\0\0\0\0\0\0\0\0\0\x03\0\0\0\0\x16\0\0\0\x04\0\0\0\x20\0\0\0\x12\x0f\0\0\
\0\0\0\x0e\x28\0\0\0\0\0\0\0\0\0\0\0\0\0\0\x03\0\0\0\0\x16\0\0\0\x04\0\0\0\x23\
\0\0\0\x2d\x0f\0\0\0\0\0\x0e\x2a\0\0\0\0\0\0\0\0\0\0\0\0\0\0\x03\0\0\0\0\x17\0\
\0\0\x04\0\0\0\x04\0\0\0\x48\x0f\0\0\0\0\0\x0e\x2c\0\0\0\x01\0\0\0\x51\x0f\0\0\
\x04\0\0\x0f\0\0\0\0\x12\0\0\0\0\0\0\0\x04\0\0\0\x13\0\0\0\0\0\0\0\x06\0\0\0\
\x14\0\0\0\0\0\0\0\x04\0\0\0\x15\0\0\0\0\0\0\0\x06\0\0\0\x57\x0f\0\0\x01\0\0\
\x0f\0\0\0\0\x0d\0\0\0\0\0\0\0\x20\0\0\0\x5d\x0f\0\0\x0a\0\0\x0f\0\0\0\0\x19\0\
\0\0\0\0\0\0\x22\0\0\0\x1b\0\0\0\x22\0\0\0\x19\0\0\0\x1d\0\0\0\x3b\0\0\0\x1e\0\
\0\0\x1f\0\0\0\x59\0\0\0\x27\0\0\0\x21\0\0\0\x80\0\0\0\x2c\0\0\0\x23\0\0\0\xac\
\0\0\0\x13\0\0\0\x25\0\0\0\xbf\0\0\0\x14\0\0\0\x27\0\0\0\xd3\0\0\0\x2f\0\0\0\
\x29\0\0\0\x02\x01\0\0\x20\0\0\0\x2b\0\0\0\x22\x01\0\0\x23\0\0\0\x65\x0f\0\0\
\x01\0\0\x0f\0\0\0\0\x2d\0\0\0\0\0\0\0\x04\0\0\0\0\x69\x6e\x74\0\x5f\x5f\x41\
\x52\x52\x41\x59\x5f\x53\x49\x5a\x45\x5f\x54\x59\x50\x45\x5f\x5f\0\x5f\x5f\x75\
\x33\x32\0\x75\x6e\x73\x69\x67\x6e\x65\x64\x20\x69\x6e\x74\0\x62\x61\x63\x6b\
\x65\x6e\x64\x5f\x63\x6f\x6e\x66\x69\x67\0\x69\x70\0\x6d\x61\x63\0\x75\x6e\x73\
\x69\x67\x6e\x65\x64\x20\x63\x68\x61\x72\0\x74\x79\x70\x65\0\x6d\x61\x78\x5f\
\x65\x6e\x74\x72\x69\x65\x73\0\x6b\x65\x79\0\x76\x61\x6c\x75\x65\0\x62\x61\x63\
\x6b\x65\x6e\x64\x73\0\x78\x64\x70\x5f\x6d\x64\0\x64\x61\x74\x61\0\x64\x61\x74\
\x61\x5f\x65\x6e\x64\0\x64\x61\x74\x61\x5f\x6d\x65\x74\x61\0\x69\x6e\x67\x72\
\x65\x73\x73\x5f\x69\x66\x69\x6e\x64\x65\x78\0\x72\x78\x5f\x71\x75\x65\x75\x65\
\x5f\x69\x6e\x64\x65\x78\0\x65\x67\x72\x65\x73\x73\x5f\x69\x66\x69\x6e\x64\x65\
\x78\0\x63\x74\x78\0\x78\x64\x70\x5f\x6c\x6f\x61\x64\x5f\x62\x61\x6c\x61\x6e\
\x63\x65\x72\0\x78\x64\x70\0\x2f\x68\x6f\x6d\x65\x2f\x75\x62\x75\x6e\x74\x75\
\x2f\x77\x6f\x72\x6b\x2f\x65\x62\x70\x66\x2f\x61\x72\x6d\x36\x34\x2d\x65\x62\
\x70\x66\x2f\x62\x70\x66\x2d\x65\x78\x61\x6d\x70\x6c\x65\x2f\x78\x64\x70\x2d\
\x6c\x6f\x61\x64\x62\x61\x6c\x61\x6e\x63\x65\x72\x2f\x78\x64\x70\x5f\x6c\x62\
\x2e\x62\x70\x66\x2e\x63\0\x20\x20\x20\x20\x76\x6f\x69\x64\x20\x2a\x64\x61\x74\
\x61\x5f\x65\x6e\x64\x20\x3d\x20\x28\x76\x6f\x69\x64\x20\x2a\x29\x28\x6c\x6f\
\x6e\x67\x29\x63\x74\x78\x2d\x3e\x64\x61\x74\x61\x5f\x65\x6e\x64\x3b\0\x20\x20\
\x20\x20\x76\x6f\x69\x64\x20\x2a\x64\x61\x74\x61\x20\x3d\x20\x28\x76\x6f\x69\
\x64\x20\x2a\x29\x28\x6c\x6f\x6e\x67\x29\x63\x74\x78\x2d\x3e\x64\x61\x74\x61\
\x3b\0\x20\x20\x20\x20\x62\x70\x66\x5f\x70\x72\x69\x6e\x74\x6b\x28\x22\x78\x64\
\x70\x5f\x6c\x6f\x61\x64\x5f\x62\x61\x6c\x61\x6e\x63\x65\x72\x20\x72\x65\x63\
\x65\x69\x76\x65\x64\x20\x70\x61\x63\x6b\x65\x74\x22\x29\x3b\0\x20\x20\x20\x20\
\x69\x66\x20\x28\x28\x76\x6f\x69\x64\x20\x2a\x29\x28\x65\x74\x68\x20\x2b\x20\
\x31\x29\x20\x3e\x20\x64\x61\x74\x61\x5f\x65\x6e\x64\x29\0\x20\x20\x20\x20\x69\
\x66\x20\x28\x65\x74\x68\x2d\x3e\x68\x5f\x70\x72\x6f\x74\x6f\x20\x21\x3d\x20\
\x5f\x5f\x63\x6f\x6e\x73\x74\x61\x6e\x74\x5f\x68\x74\x6f\x6e\x73\x28\x45\x54\
\x48\x5f\x50\x5f\x49\x50\x29\x29\0\x20\x20\x20\x20\x69\x66\x20\x28\x69\x70\x68\
\x2d\x3e\x70\x72\x6f\x74\x6f\x63\x6f\x6c\x20\x21\x3d\x20\x49\x50\x50\x52\x4f\
\x54\x4f\x5f\x54\x43\x50\x29\0\x20\x20\x20\x20\x73\x74\x72\x75\x63\x74\x20\x74\
\x63\x70\x68\x64\x72\x20\x2a\x74\x63\x70\x68\x20\x3d\x20\x28\x76\x6f\x69\x64\
\x20\x2a\x29\x69\x70\x68\x20\x2b\x20\x69\x70\x68\x2d\x3e\x69\x68\x6c\x20\x2a\
\x20\x34\x3b\0\x20\x20\x20\x20\x69\x66\x20\x28\x28\x76\x6f\x69\x64\x20\x2a\x29\
\x74\x63\x70\x68\x20\x2b\x20\x73\x69\x7a\x65\x6f\x66\x28\x2a\x74\x63\x70\x68\
\x29\x20\x3e\x20\x64\x61\x74\x61\x5f\x65\x6e\x64\x29\0\x20\x20\x20\x20\x62\x70\
\x66\x5f\x70\x72\x69\x6e\x74\x6b\x28\x22\x52\x65\x63\x65\x69\x76\x65\x64\x20\
\x53\x6f\x75\x72\x63\x65\x20\x49\x50\x3a\x20\x30\x78\x25\x78\x22\x2c\x20\x62\
\x70\x66\x5f\x6e\x74\x6f\x68\x6c\x28\x69\x70\x68\x2d\x3e\x73\x61\x64\x64\x72\
\x29\x29\x3b\0\x20\x20\x20\x20\x62\x70\x66\x5f\x70\x72\x69\x6e\x74\x6b\x28\x22\
\x52\x65\x63\x65\x69\x76\x65\x64\x20\x44\x65\x73\x74\x69\x6e\x61\x74\x69\x6f\
\x6e\x20\x49\x50\x3a\x20\x30\x78\x25\x78\x22\x2c\x20\x62\x70\x66\x5f\x6e\x74\
\x6f\x68\x6c\x28\x69\x70\x68\x2d\x3e\x64\x61\x64\x64\x72\x29\x29\x3b\0\x20\x20\
\x20\x20\x62\x70\x66\x5f\x70\x72\x69\x6e\x74\x6b\x28\x22\x52\x65\x63\x65\x69\
\x76\x65\x64\x20\x53\x6f\x75\x72\x63\x65\x20\x4d\x41\x43\x3a\x20\x25\x78\x3a\
\x25\x78\x3a\x25\x78\x3a\x25\x78\x3a\x25\x78\x3a\x25\x78\x22\x2c\x20\x65\x74\
\x68\x2d\x3e\x68\x5f\x73\x6f\x75\x72\x63\x65\x5b\x30\x5d\x2c\x20\x65\x74\x68\
\x2d\x3e\x68\x5f\x73\x6f\x75\x72\x63\x65\x5b\x31\x5d\x2c\x20\x65\x74\x68\x2d\
\x3e\x68\x5f\x73\x6f\x75\x72\x63\x65\x5b\x32\x5d\x2c\x20\x65\x74\x68\x2d\x3e\
\x68\x5f\x73\x6f\x75\x72\x63\x65\x5b\x33\x5d\x2c\x20\x65\x74\x68\x2d\x3e\x68\
\x5f\x73\x6f\x75\x72\x63\x65\x5b\x34\x5d\x2c\x20\x65\x74\x68\x2d\x3e\x68\x5f\
\x73\x6f\x75\x72\x63\x65\x5b\x35\x5d\x29\x3b\0\x20\x20\x20\x20\x62\x70\x66\x5f\
\x70\x72\x69\x6e\x74\x6b\x28\x22\x52\x65\x63\x65\x69\x76\x65\x64\x20\x44\x65\
\x73\x74\x69\x6e\x61\x74\x69\x6f\x6e\x20\x4d\x41\x43\x3a\x20\x25\x78\x3a\x25\
\x78\x3a\x25\x78\x3a\x25\x78\x3a\x25\x78\x3a\x25\x78\x22\x2c\x20\x65\x74\x68\
\x2d\x3e\x68\x5f\x64\x65\x73\x74\x5b\x30\x5d\x2c\x20\x65\x74\x68\x2d\x3e\x68\
\x5f\x64\x65\x73\x74\x5b\x31\x5d\x2c\x20\x65\x74\x68\x2d\x3e\x68\x5f\x64\x65\
\x73\x74\x5b\x32\x5d\x2c\x20\x65\x74\x68\x2d\x3e\x68\x5f\x64\x65\x73\x74\x5b\
\x33\x5d\x2c\x20\x65\x74\x68\x2d\x3e\x68\x5f\x64\x65\x73\x74\x5b\x34\x5d\x2c\
\x20\x65\x74\x68\x2d\x3e\x68\x5f\x64\x65\x73\x74\x5b\x35\x5d\x29\x3b\0\x20\x20\
\x20\x20\x69\x66\x20\x28\x69\x70\x68\x2d\x3e\x73\x61\x64\x64\x72\x20\x3d\x3d\
\x20\x63\x6c\x69\x65\x6e\x74\x5f\x69\x70\x29\0\x20\x20\x20\x20\x20\x20\x20\x20\
\x62\x70\x66\x5f\x70\x72\x69\x6e\x74\x6b\x28\x22\x50\x61\x63\x6b\x65\x74\x20\
\x66\x72\x6f\x6d\x20\x63\x6c\x69\x65\x6e\x74\x22\x29\x3b\0\x20\x20\x20\x20\x20\
\x20\x20\x20\x7d\x20\x66\x6f\x75\x72\x5f\x74\x75\x70\x6c\x65\x20\x3d\x20\x7b\
\x69\x70\x68\x2d\x3e\x73\x61\x64\x64\x72\x2c\0\x20\x20\x20\x20\x20\x20\x20\x20\
\x20\x20\x20\x20\x20\x20\x20\x20\x20\x20\x20\x20\x20\x20\x20\x20\x69\x70\x68\
\x2d\x3e\x64\x61\x64\x64\x72\x2c\0\x20\x20\x20\x20\x20\x20\x20\x20\x20\x20\x20\
\x20\x20\x20\x20\x20\x20\x20\x20\x20\x20\x20\x20\x20\x62\x70\x66\x5f\x6e\x74\
\x6f\x68\x73\x28\x74\x63\x70\x68\x2d\x3e\x73\x6f\x75\x72\x63\x65\x29\x2c\0\x20\
\x20\x20\x20\x20\x20\x20\x20\x20\x20\x20\x20\x20\x20\x20\x20\x20\x20\x20\x20\
\x20\x20\x20\x20\x62\x70\x66\x5f\x6e\x74\x6f\x68\x73\x28\x74\x63\x70\x68\x2d\
\x3e\x64\x65\x73\x74\x29\0\x2f\x68\x6f\x6d\x65\x2f\x75\x62\x75\x6e\x74\x75\x2f\
\x77\x6f\x72\x6b\x2f\x65\x62\x70\x66\x2f\x61\x72\x6d\x36\x34\x2d\x65\x62\x70\
\x66\x2f\x62\x70\x66\x2d\x65\x78\x61\x6d\x70\x6c\x65\x2f\x78\x64\x70\x2d\x6c\
\x6f\x61\x64\x62\x61\x6c\x61\x6e\x63\x65\x72\x2f\x2e\x2f\x78\x78\x5f\x68\x61\
\x73\x68\x2e\x68\0\x20\x20\x20\x20\x20\x20\x20\x20\x28\x6c\x65\x6e\x20\x3e\x3d\
\x20\x34\x29\x20\x3f\x20\x66\x69\x6e\x61\x6c\x69\x7a\x65\x28\x72\x6f\x74\x6c\
\x28\x68\x20\x2b\x20\x28\x65\x6e\x64\x69\x61\x6e\x33\x32\x28\x70\x29\x20\x2a\
\x20\x50\x52\x49\x4d\x45\x33\x29\x2c\x20\x31\x37\x29\x20\x2a\x20\x50\x52\x49\
\x4d\x45\x34\x2c\x20\x70\x20\x2b\x20\x34\x2c\x20\x6c\x65\x6e\x20\x2d\x20\x34\
\x29\x20\x3a\0\x20\x20\x20\x20\x72\x65\x74\x75\x72\x6e\x20\x28\x75\x6e\x73\x69\
\x67\x6e\x65\x64\x20\x69\x6e\x74\x29\x28\x28\x75\x6e\x73\x69\x67\x6e\x65\x64\
\x20\x63\x68\x61\x72\x29\x28\x76\x5b\x30\x5d\x29\x29\x7c\x28\x28\x75\x6e\x73\
\x69\x67\x6e\x65\x64\x20\x69\x6e\x74\x29\x28\x28\x75\x6e\x73\x69\x67\x6e\x65\
\x64\x20\x63\x68\x61\x72\x29\x28\x76\x5b\x31\x5d\x29\x29\x20\x3c\x3c\x20\x38\
\x29\0\x20\x20\x20\x20\x20\x20\x20\x20\x20\x20\x20\x20\x7c\x28\x28\x75\x6e\x73\
\x69\x67\x6e\x65\x64\x20\x69\x6e\x74\x29\x28\x28\x75\x6e\x73\x69\x67\x6e\x65\
\x64\x20\x63\x68\x61\x72\x29\x28\x76\x5b\x32\x5d\x29\x29\x20\x3c\x3c\x20\x31\
\x36\x29\x7c\x28\x28\x75\x6e\x73\x69\x67\x6e\x65\x64\x20\x69\x6e\x74\x29\x28\
\x28\x75\x6e\x73\x69\x67\x6e\x65\x64\x20\x63\x68\x61\x72\x29\x28\x76\x5b\x33\
\x5d\x29\x29\x20\x3c\x3c\x20\x32\x34\x29\x3b\0\x20\x20\x20\x20\x72\x65\x74\x75\
\x72\x6e\x20\x28\x28\x78\x20\x3c\x3c\x20\x72\x29\x20\x7c\x20\x28\x78\x20\x3e\
\x3e\x20\x28\x33\x32\x20\x2d\x20\x72\x29\x29\x29\x3b\0\x20\x20\x20\x20\x20\x20\
\x20\x20\x28\x6c\x65\x6e\x20\x3e\x20\x30\x29\x20\x20\x3f\x20\x66\x69\x6e\x61\
\x6c\x69\x7a\x65\x28\x72\x6f\x74\x6c\x28\x68\x20\x2b\x20\x28\x28\x75\x6e\x73\
\x69\x67\x6e\x65\x64\x20\x63\x68\x61\x72\x29\x28\x2a\x70\x29\x20\x2a\x20\x50\
\x52\x49\x4d\x45\x35\x29\x2c\x20\x31\x31\x29\x20\x2a\x20\x50\x52\x49\x4d\x45\
\x31\x2c\x20\x70\x20\x2b\x20\x31\x2c\x20\x6c\x65\x6e\x20\x2d\x20\x31\x29\x20\
\x3a\0\x20\x20\x20\x20\x20\x20\x20\x20\x62\x70\x66\x5f\x70\x72\x69\x6e\x74\x6b\
\x28\x22\x50\x61\x63\x6b\x65\x74\x20\x66\x72\x6f\x6d\x20\x62\x61\x63\x6b\x65\
\x6e\x64\x22\x29\x3b\0\x20\x20\x20\x20\x20\x20\x20\x20\x69\x70\x68\x2d\x3e\x64\
\x61\x64\x64\x72\x20\x3d\x20\x63\x6c\x69\x65\x6e\x74\x5f\x69\x70\x3b\0\x20\x20\
\x20\x20\x20\x20\x20\x20\x5f\x5f\x62\x75\x69\x6c\x74\x69\x6e\x5f\x6d\x65\x6d\
\x63\x70\x79\x28\x65\x74\x68\x2d\x3e\x68\x5f\x64\x65\x73\x74\x2c\x20\x63\x6c\
\x69\x65\x6e\x74\x5f\x6d\x61\x63\x2c\x20\x45\x54\x48\x5f\x41\x4c\x45\x4e\x29\
\x3b\0\x20\x20\x20\x20\x72\x65\x74\x75\x72\x6e\x20\x28\x68\x20\x5e\x20\x28\x68\
\x20\x3e\x3e\x20\x72\x73\x68\x69\x66\x74\x29\x29\x20\x2a\x20\x70\x72\x69\x6d\
\x65\x3b\0\x20\x20\x20\x20\x20\x20\x20\x20\x5f\x5f\x75\x33\x32\x20\x6b\x65\x79\
\x20\x3d\x20\x78\x78\x68\x61\x73\x68\x33\x32\x28\x28\x63\x6f\x6e\x73\x74\x20\
\x63\x68\x61\x72\x20\x2a\x29\x26\x66\x6f\x75\x72\x5f\x74\x75\x70\x6c\x65\x2c\
\x20\x73\x69\x7a\x65\x6f\x66\x28\x66\x6f\x75\x72\x5f\x74\x75\x70\x6c\x65\x29\
\x2c\x20\x30\x29\x20\x25\x20\x32\x3b\0\x20\x20\x20\x20\x20\x20\x20\x20\x73\x74\
\x72\x75\x63\x74\x20\x62\x61\x63\x6b\x65\x6e\x64\x5f\x63\x6f\x6e\x66\x69\x67\
\x20\x2a\x62\x61\x63\x6b\x65\x6e\x64\x20\x3d\x20\x62\x70\x66\x5f\x6d\x61\x70\
\x5f\x6c\x6f\x6f\x6b\x75\x70\x5f\x65\x6c\x65\x6d\x28\x26\x62\x61\x63\x6b\x65\
\x6e\x64\x73\x2c\x20\x26\x6b\x65\x79\x29\x3b\0\x20\x20\x20\x20\x20\x20\x20\x20\
\x69\x66\x20\x28\x21\x62\x61\x63\x6b\x65\x6e\x64\x29\0\x20\x20\x20\x20\x20\x20\
\x20\x20\x69\x70\x68\x2d\x3e\x64\x61\x64\x64\x72\x20\x3d\x20\x62\x61\x63\x6b\
\x65\x6e\x64\x2d\x3e\x69\x70\x3b\0\x20\x20\x20\x20\x20\x20\x20\x20\x5f\x5f\x62\
\x75\x69\x6c\x74\x69\x6e\x5f\x6d\x65\x6d\x63\x70\x79\x28\x65\x74\x68\x2d\x3e\
\x68\x5f\x64\x65\x73\x74\x2c\x20\x62\x61\x63\x6b\x65\x6e\x64\x2d\x3e\x6d\x61\
\x63\x2c\x20\x45\x54\x48\x5f\x41\x4c\x45\x4e\x29\x3b\0\x20\x20\x20\x20\x69\x70\
\x68\x2d\x3e\x73\x61\x64\x64\x72\x20\x3d\x20\x6c\x6f\x61\x64\x5f\x62\x61\x6c\
\x61\x6e\x63\x65\x72\x5f\x69\x70\x3b\0\x20\x20\x20\x20\x5f\x5f\x62\x75\x69\x6c\
\x74\x69\x6e\x5f\x6d\x65\x6d\x63\x70\x79\x28\x65\x74\x68\x2d\x3e\x68\x5f\x73\
\x6f\x75\x72\x63\x65\x2c\x20\x6c\x6f\x61\x64\x5f\x62\x61\x6c\x61\x6e\x63\x65\
\x72\x5f\x6d\x61\x63\x2c\x20\x45\x54\x48\x5f\x41\x4c\x45\x4e\x29\x3b\0\x20\x20\
\x20\x20\x69\x70\x68\x2d\x3e\x63\x68\x65\x63\x6b\x20\x3d\x20\x30\x3b\0\x20\x20\
\x20\x20\x75\x6e\x73\x69\x67\x6e\x65\x64\x20\x6c\x6f\x6e\x67\x20\x6c\x6f\x6e\
\x67\x20\x63\x73\x75\x6d\x20\x3d\x20\x62\x70\x66\x5f\x63\x73\x75\x6d\x5f\x64\
\x69\x66\x66\x28\x30\x2c\x20\x30\x2c\x20\x28\x75\x6e\x73\x69\x67\x6e\x65\x64\
\x20\x69\x6e\x74\x20\x2a\x29\x69\x70\x68\x2c\x20\x73\x69\x7a\x65\x6f\x66\x28\
\x73\x74\x72\x75\x63\x74\x20\x69\x70\x68\x64\x72\x29\x2c\x20\x30\x29\x3b\0\x20\
\x20\x20\x20\x20\x20\x20\x20\x69\x66\x20\x28\x63\x73\x75\x6d\x20\x3e\x3e\x20\
\x31\x36\x29\0\x20\x20\x20\x20\x72\x65\x74\x75\x72\x6e\x20\x7e\x63\x73\x75\x6d\
\x3b\0\x20\x20\x20\x20\x69\x70\x68\x2d\x3e\x63\x68\x65\x63\x6b\x20\x3d\x20\x69\
\x70\x68\x5f\x63\x73\x75\x6d\x28\x69\x70\x68\x29\x3b\0\x20\x20\x20\x20\x74\x63\
\x70\x68\x2d\x3e\x63\x68\x65\x63\x6b\x20\x3d\x20\x30\x3b\0\x20\x20\x20\x20\x73\
\x75\x6d\x20\x2b\x3d\x20\x5f\x5f\x63\x6f\x6e\x73\x74\x61\x6e\x74\x5f\x68\x74\
\x6f\x6e\x73\x28\x28\x5f\x5f\x75\x31\x36\x29\x28\x64\x61\x74\x61\x5f\x65\x6e\
\x64\x20\x2d\x20\x28\x76\x6f\x69\x64\x20\x2a\x29\x74\x63\x70\x68\x29\x29\x3b\0\
\x20\x20\x20\x20\x73\x75\x6d\x20\x2b\x3d\x20\x28\x5f\x5f\x75\x31\x36\x29\x28\
\x69\x70\x68\x2d\x3e\x73\x61\x64\x64\x72\x20\x3e\x3e\x20\x31\x36\x29\x20\x2b\
\x20\x28\x5f\x5f\x75\x31\x36\x29\x28\x69\x70\x68\x2d\x3e\x73\x61\x64\x64\x72\
\x20\x26\x20\x30\x78\x46\x46\x46\x46\x29\x3b\0\x20\x20\x20\x20\x73\x75\x6d\x20\
\x2b\x3d\x20\x28\x5f\x5f\x75\x31\x36\x29\x28\x69\x70\x68\x2d\x3e\x64\x61\x64\
\x64\x72\x20\x3e\x3e\x20\x31\x36\x29\x20\x2b\x20\x28\x5f\x5f\x75\x31\x36\x29\
\x28\x69\x70\x68\x2d\x3e\x64\x61\x64\x64\x72\x20\x26\x20\x30\x78\x46\x46\x46\
\x46\x29\x3b\0\x20\x20\x20\x20\x73\x75\x6d\x20\x2b\x3d\x20\x5f\x5f\x63\x6f\x6e\
\x73\x74\x61\x6e\x74\x5f\x68\x74\x6f\x6e\x73\x28\x49\x50\x50\x52\x4f\x54\x4f\
\x5f\x54\x43\x50\x29\x3b\0\x20\x20\x20\x20\x20\x20\x20\x20\x69\x66\x20\x28\x28\
\x76\x6f\x69\x64\x20\x2a\x29\x70\x74\x72\x20\x2b\x20\x32\x20\x3e\x20\x64\x61\
\x74\x61\x5f\x65\x6e\x64\x29\0\x20\x20\x20\x20\x20\x20\x20\x20\x73\x75\x6d\x20\
\x2b\x3d\x20\x2a\x28\x5f\x5f\x75\x31\x36\x20\x2a\x29\x70\x74\x72\x3b\0\x20\x20\
\x20\x20\x66\x6f\x72\x20\x28\x69\x6e\x74\x20\x69\x20\x3d\x20\x30\x3b\x20\x69\
\x20\x3c\x3d\x20\x4d\x41\x58\x5f\x54\x43\x50\x5f\x43\x48\x45\x43\x4b\x5f\x57\
\x4f\x52\x44\x53\x3b\x20\x69\x2b\x2b\x29\x20\x7b\0\x20\x20\x20\x20\x20\x20\x20\
\x20\x5f\x5f\x75\x31\x36\x20\x2a\x70\x74\x72\x20\x3d\x20\x28\x5f\x5f\x75\x31\
\x36\x20\x2a\x29\x74\x63\x70\x68\x20\x2b\x20\x69\x3b\0\x20\x20\x20\x20\x77\x68\
\x69\x6c\x65\x20\x28\x73\x75\x6d\x20\x3e\x3e\x20\x31\x36\x29\0\x20\x20\x20\x20\
\x20\x20\x20\x20\x73\x75\x6d\x20\x3d\x20\x28\x73\x75\x6d\x20\x26\x20\x30\x78\
\x46\x46\x46\x46\x29\x20\x2b\x20\x28\x73\x75\x6d\x20\x3e\x3e\x20\x31\x36\x29\
\x3b\0\x20\x20\x20\x20\x72\x65\x74\x75\x72\x6e\x20\x7e\x73\x75\x6d\x3b\0\x20\
\x20\x20\x20\x74\x63\x70\x68\x2d\x3e\x63\x68\x65\x63\x6b\x20\x3d\x20\x74\x63\
\x70\x68\x5f\x63\x73\x75\x6d\x28\x74\x63\x70\x68\x2c\x20\x69\x70\x68\x2c\x20\
\x64\x61\x74\x61\x5f\x65\x6e\x64\x29\x3b\0\x20\x20\x20\x20\x62\x70\x66\x5f\x70\
\x72\x69\x6e\x74\x6b\x28\x22\x52\x65\x64\x69\x72\x65\x63\x74\x69\x6e\x67\x20\
\x70\x61\x63\x6b\x65\x74\x20\x74\x6f\x20\x6e\x65\x77\x20\x49\x50\x20\x30\x78\
\x25\x78\x20\x66\x72\x6f\x6d\x20\x49\x50\x20\x30\x78\x25\x78\x22\x2c\x20\0\x20\
\x20\x20\x20\x62\x70\x66\x5f\x70\x72\x69\x6e\x74\x6b\x28\x22\x4e\x65\x77\x20\
\x44\x65\x73\x74\x20\x4d\x41\x43\x3a\x20\x25\x78\x3a\x25\x78\x3a\x25\x78\x3a\
\x25\x78\x3a\x25\x78\x3a\x25\x78\x22\x2c\x20\x65\x74\x68\x2d\x3e\x68\x5f\x64\
\x65\x73\x74\x5b\x30\x5d\x2c\x20\x65\x74\x68\x2d\x3e\x68\x5f\x64\x65\x73\x74\
\x5b\x31\x5d\x2c\x20\x65\x74\x68\x2d\x3e\x68\x5f\x64\x65\x73\x74\x5b\x32\x5d\
\x2c\x20\x65\x74\x68\x2d\x3e\x68\x5f\x64\x65\x73\x74\x5b\x33\x5d\x2c\x20\x65\
\x74\x68\x2d\x3e\x68\x5f\x64\x65\x73\x74\x5b\x34\x5d\x2c\x20\x65\x74\x68\x2d\
\x3e\x68\x5f\x64\x65\x73\x74\x5b\x35\x5d\x29\x3b\0\x20\x20\x20\x20\x62\x70\x66\
\x5f\x70\x72\x69\x6e\x74\x6b\x28\x22\x4e\x65\x77\x20\x53\x6f\x75\x72\x63\x65\
\x20\x4d\x41\x43\x3a\x20\x25\x78\x3a\x25\x78\x3a\x25\x78\x3a\x25\x78\x3a\x25\
\x78\x3a\x25\x78\x5c\x6e\x22\x2c\x20\x65\x74\x68\x2d\x3e\x68\x5f\x73\x6f\x75\
\x72\x63\x65\x5b\x30\x5d\x2c\x20\x65\x74\x68\x2d\x3e\x68\x5f\x73\x6f\x75\x72\
\x63\x65\x5b\x31\x5d\x2c\x20\x65\x74\x68\x2d\x3e\x68\x5f\x73\x6f\x75\x72\x63\
\x65\x5b\x32\x5d\x2c\x20\x65\x74\x68\x2d\x3e\x68\x5f\x73\x6f\x75\x72\x63\x65\
\x5b\x33\x5d\x2c\x20\x65\x74\x68\x2d\x3e\x68\x5f\x73\x6f\x75\x72\x63\x65\x5b\
\x34\x5d\x2c\x20\x65\x74\x68\x2d\x3e\x68\x5f\x73\x6f\x75\x72\x63\x65\x5b\x35\
\x5d\x29\x3b\0\x7d\0\x63\x6c\x69\x65\x6e\x74\x5f\x69\x70\0\x63\x6c\x69\x65\x6e\
\x74\x5f\x6d\x61\x63\0\x6c\x6f\x61\x64\x5f\x62\x61\x6c\x61\x6e\x63\x65\x72\x5f\
\x69\x70\0\x6c\x6f\x61\x64\x5f\x62\x61\x6c\x61\x6e\x63\x65\x72\x5f\x6d\x61\x63\
\0\x63\x68\x61\x72\0\x78\x64\x70\x5f\x6c\x6f\x61\x64\x5f\x62\x61\x6c\x61\x6e\
\x63\x65\x72\x2e\x5f\x5f\x5f\x5f\x66\x6d\x74\0\x78\x64\x70\x5f\x6c\x6f\x61\x64\
\x5f\x62\x61\x6c\x61\x6e\x63\x65\x72\x2e\x5f\x5f\x5f\x5f\x66\x6d\x74\x2e\x31\0\
\x78\x64\x70\x5f\x6c\x6f\x61\x64\x5f\x62\x61\x6c\x61\x6e\x63\x65\x72\x2e\x5f\
\x5f\x5f\x5f\x66\x6d\x74\x2e\x32\0\x78\x64\x70\x5f\x6c\x6f\x61\x64\x5f\x62\x61\
\x6c\x61\x6e\x63\x65\x72\x2e\x5f\x5f\x5f\x66\x6d\x74\0\x78\x64\x70\x5f\x6c\x6f\
\x61\x64\x5f\x62\x61\x6c\x61\x6e\x63\x65\x72\x2e\x5f\x5f\x5f\x66\x6d\x74\x2e\
\x33\0\x78\x64\x70\x5f\x6c\x6f\x61\x64\x5f\x62\x61\x6c\x61\x6e\x63\x65\x72\x2e\
\x5f\x5f\x5f\x5f\x66\x6d\x74\x2e\x34\0\x78\x64\x70\x5f\x6c\x6f\x61\x64\x5f\x62\
\x61\x6c\x61\x6e\x63\x65\x72\x2e\x5f\x5f\x5f\x5f\x66\x6d\x74\x2e\x35\0\x78\x64\
\x70\x5f\x6c\x6f\x61\x64\x5f\x62\x61\x6c\x61\x6e\x63\x65\x72\x2e\x5f\x5f\x5f\
\x5f\x66\x6d\x74\x2e\x36\0\x78\x64\x70\x5f\x6c\x6f\x61\x64\x5f\x62\x61\x6c\x61\
\x6e\x63\x65\x72\x2e\x5f\x5f\x5f\x66\x6d\x74\x2e\x37\0\x78\x64\x70\x5f\x6c\x6f\
\x61\x64\x5f\x62\x61\x6c\x61\x6e\x63\x65\x72\x2e\x5f\x5f\x5f\x66\x6d\x74\x2e\
\x38\0\x5f\x6c\x69\x63\x65\x6e\x73\x65\0\x2e\x64\x61\x74\x61\0\x2e\x6d\x61\x70\
\x73\0\x2e\x72\x6f\x64\x61\x74\x61\0\x6c\x69\x63\x65\x6e\x73\x65\0\0\0\0\x9f\
\xeb\x01\0\x20\0\0\0\0\0\0\0\x14\0\0\0\x14\0\0\0\x4c\x09\x01\0\x60\x09\x01\0\0\
\0\0\0\x08\0\0\0\xd7\0\0\0\x01\0\0\0\0\0\0\0\x11\0\0\0\x10\0\0\0\xd7\0\0\0\x94\
\x10\0\0\0\0\0\0\xdb\0\0\0\x27\x01\0\0\x29\x48\x01\0\x08\0\0\0\xdb\0\0\0\x59\
\x01\0\0\x25\x4c\x01\0\x10\0\0\0\xdb\0\0\0\x83\x01\0\0\x05\x54\x01\0\x38\0\0\0\
\xdb\0\0\0\xb8\x01\0\0\x16\x64\x01\0\x48\0\0\0\xdb\0\0\0\xb8\x01\0\0\x09\x64\
\x01\0\x50\0\0\0\xdb\0\0\0\xde\x01\0\0\x0e\x74\x01\0\x70\0\0\0\xdb\0\0\0\xde\
\x01\0\0\x09\x74\x01\0\x90\0\0\0\xdb\0\0\0\x12\x02\0\0\x0e\x98\x01\0\x98\0\0\0\
\xdb\0\0\0\x12\x02\0\0\x09\x98\x01\0\xa0\0\0\0\xdb\0\0\0\x38\x02\0\0\x2e\xa8\
\x01\0\xb8\0\0\0\xdb\0\0\0\x38\x02\0\0\x32\xa8\x01\0\xc8\0\0\0\xdb\0\0\0\x38\
\x02\0\0\x27\xa8\x01\0\xd8\0\0\0\xdb\0\0\0\x6e\x02\0\0\x16\xac\x01\0\xe8\0\0\0\
\xdb\0\0\0\x6e\x02\0\0\x09\xac\x01\0\xf8\0\0\0\xdb\0\0\0\x9f\x02\0\0\x05\xb8\
\x01\0\x28\x01\0\0\xdb\0\0\0\xe2\x02\0\0\x05\xbc\x01\0\x58\x01\0\0\xdb\0\0\0\
\x2a\x03\0\0\x05\xc0\x01\0\xc0\x01\0\0\xdb\0\0\0\x9f\x02\0\0\x05\xb8\x01\0\xc8\
\x01\0\0\xdb\0\0\0\x2a\x03\0\0\x05\xc0\x01\0\xf0\x01\0\0\xdb\0\0\0\xd0\x03\0\0\
\x05\xc4\x01\0\x58\x02\0\0\xdb\0\0\0\x9f\x02\0\0\x05\xb8\x01\0\x60\x02\0\0\xdb\
\0\0\0\xd0\x03\0\0\x05\xc4\x01\0\x88\x02\0\0\xdb\0\0\0\x6f\x04\0\0\x17\xcc\x01\
\0\xa0\x02\0\0\xdb\0\0\0\x6f\x04\0\0\x0e\xcc\x01\0\xa8\x02\0\0\xdb\0\0\0\x6f\
\x04\0\0\x09\xcc\x01\0\xb0\x02\0\0\xdb\0\0\0\x90\x04\0\0\x09\xd4\x01\0\xd0\x02\
\0\0\xdb\0\0\0\xba\x04\0\0\x1e\xf0\x01\0\xd8\x02\0\0\xdb\0\0\0\xba\x04\0\0\x18\
\xf0\x01\0\xe8\x02\0\0\xdb\0\0\0\xde\x04\0\0\x1e\xf4\x01\0\xf0\x02\0\0\xdb\0\0\
\0\xba\x04\0\0\x18\xf0\x01\0\0\x03\0\0\xdb\0\0\0\x02\x05\0\0\x19\xf8\x01\0\x10\
\x03\0\0\xdb\0\0\0\xba\x04\0\0\x18\xf0\x01\0\x18\x03\0\0\xdb\0\0\0\x33\x05\0\0\
\x19\xfc\x01\0\x28\x03\0\0\xdb\0\0\0\xba\x04\0\0\x18\xf0\x01\0\x48\x03\0\0\xdb\
\0\0\0\x90\x04\0\0\x09\xd4\x01\0\x68\x03\0\0\x61\x05\0\0\xac\x05\0\0\x0e\x98\0\
\0\x80\x03\0\0\x61\x05\0\0\xac\x05\0\0\x09\x98\0\0\x88\x03\0\0\x61\x05\0\0\x0b\
\x06\0\0\x52\x6c\0\0\x90\x03\0\0\x61\x05\0\0\x0b\x06\0\0\x59\x6c\0\0\x98\x03\0\
\0\x61\x05\0\0\x0b\x06\0\0\x2b\x6c\0\0\xa0\x03\0\0\x61\x05\0\0\x0b\x06\0\0\x31\
\x6c\0\0\xa8\x03\0\0\x61\x05\0\0\x69\x06\0\0\x2e\x70\0\0\xb0\x03\0\0\x61\x05\0\
\0\x69\x06\0\0\x35\x70\0\0\xb8\x03\0\0\x61\x05\0\0\x69\x06\0\0\x0d\x70\0\0\xc0\
\x03\0\0\x61\x05\0\0\x69\x06\0\0\x3d\x70\0\0\xc8\x03\0\0\x61\x05\0\0\x69\x06\0\
\0\x63\x70\0\0\xd0\x03\0\0\x61\x05\0\0\x69\x06\0\0\x3b\x70\0\0\xd8\x03\0\0\x61\
\x05\0\0\xac\x05\0\0\x35\x98\0\0\xe0\x03\0\0\x61\x05\0\0\xac\x05\0\0\x26\x98\0\
\0\xf8\x03\0\0\x61\x05\0\0\xd3\x06\0\0\x16\x2c\0\0\x28\x04\0\0\x61\x05\0\0\xac\
\x05\0\0\x44\x98\0\0\x38\x04\0\0\x61\x05\0\0\0\0\0\0\0\0\0\0\x58\x04\0\0\x61\
\x05\0\0\xfc\x06\0\0\x09\x9c\0\0\x60\x04\0\0\x61\x05\0\0\xfc\x06\0\0\x39\x9c\0\
\0\x68\x04\0\0\x61\x05\0\0\xfc\x06\0\0\x3d\x9c\0\0\x70\x04\0\0\x61\x05\0\0\xfc\
\x06\0\0\x26\x9c\0\0\x98\x04\0\0\x61\x05\0\0\xd3\x06\0\0\x16\x2c\0\0\xc8\x04\0\
\0\x61\x05\0\0\xfc\x06\0\0\x4c\x9c\0\0\xd8\x04\0\0\xdb\0\0\0\x63\x07\0\0\x09\
\x38\x02\0\xf8\x04\0\0\xdb\0\0\0\x8e\x07\0\0\x16\x3c\x02\0\0\x05\0\0\xdb\0\0\0\
\x8e\x07\0\0\x14\x3c\x02\0\x08\x05\0\0\xdb\0\0\0\xae\x07\0\0\x09\x40\x02\0\x90\
\x05\0\0\x61\x05\0\0\xeb\x07\0\0\x14\x4c\0\0\xa8\x05\0\0\x61\x05\0\0\xeb\x07\0\
\0\x0f\x4c\0\0\xb0\x05\0\0\x61\x05\0\0\xeb\x07\0\0\x20\x4c\0\0\xd8\x05\0\0\x61\
\x05\0\0\xeb\x07\0\0\x14\x4c\0\0\xe0\x05\0\0\x61\x05\0\0\xeb\x07\0\0\x0f\x4c\0\
\0\xe8\x05\0\0\x61\x05\0\0\xeb\x07\0\0\x20\x4c\0\0\xf0\x05\0\0\x61\x05\0\0\xeb\
\x07\0\0\x14\x4c\0\0\0\x06\0\0\x61\x05\0\0\xeb\x07\0\0\x0f\x4c\0\0\x08\x06\0\0\
\xdb\0\0\0\x13\x08\0\0\x50\x0c\x02\0\x10\x06\0\0\xdb\0\0\0\x13\x08\0\0\x0f\x0c\
\x02\0\x20\x06\0\0\x61\x05\0\0\0\0\0\0\0\0\0\0\x28\x06\0\0\xdb\0\0\0\x67\x08\0\
\0\x2a\x14\x02\0\x40\x06\0\0\xdb\0\0\0\xb6\x08\0\0\x0d\x18\x02\0\x48\x06\0\0\
\xdb\0\0\0\xcc\x08\0\0\x1f\x24\x02\0\x58\x06\0\0\xdb\0\0\0\xcc\x08\0\0\x14\x24\
\x02\0\x60\x06\0\0\xdb\0\0\0\xee\x08\0\0\x09\x28\x02\0\xc0\x06\0\0\xdb\0\0\0\0\
\0\0\0\0\0\0\0\xd0\x06\0\0\xdb\0\0\0\x2d\x09\0\0\x12\x50\x02\0\xe8\x06\0\0\xdb\
\0\0\0\x2d\x09\0\0\x10\x50\x02\0\xf0\x06\0\0\xdb\0\0\0\x50\x09\0\0\x05\x58\x02\
\0\x68\x07\0\0\xdb\0\0\0\x92\x09\0\0\x10\x2c\x01\0\x70\x07\0\0\xdb\0\0\0\xa6\
\x09\0\0\x1f\x30\x01\0\xb0\x07\0\0\xdb\0\0\0\x07\x0a\0\0\x0d\x94\0\0\x48\x08\0\
\0\xdb\0\0\0\x1f\x0a\0\0\x0c\xa0\0\0\x50\x08\0\0\xdb\0\0\0\x31\x0a\0\0\x10\x64\
\x02\0\x60\x08\0\0\xdb\0\0\0\x51\x0a\0\0\x11\xbc\0\0\x70\x08\0\0\xdb\0\0\0\x66\
\x0a\0\0\x0c\xd8\0\0\x88\x08\0\0\xdb\0\0\0\xa5\x0a\0\0\x19\xcc\0\0\x90\x08\0\0\
\xdb\0\0\0\xa5\x0a\0\0\x28\xcc\0\0\xa0\x08\0\0\xdb\0\0\0\xea\x0a\0\0\x26\xd0\0\
\0\xa8\x08\0\0\xdb\0\0\0\xa5\x0a\0\0\x1f\xcc\0\0\xb8\x08\0\0\xdb\0\0\0\xa5\x0a\
\0\0\x26\xcc\0\0\xc8\x08\0\0\xdb\0\0\0\xea\x0a\0\0\x19\xd0\0\0\xd0\x08\0\0\xdb\
\0\0\0\xea\x0a\0\0\x28\xd0\0\0\xe0\x08\0\0\xdb\0\0\0\xea\x0a\0\0\x09\xd0\0\0\
\xe8\x08\0\0\xdb\0\0\0\xea\x0a\0\0\x1f\xd0\0\0\xf8\x08\0\0\xdb\0\0\0\x2f\x0b\0\
\0\x09\xd4\0\0\0\x09\0\0\xdb\0\0\0\x66\x0a\0\0\x09\xd8\0\0\x08\x09\0\0\xdb\0\0\
\0\x59\x0b\0\0\x19\xf0\0\0\x20\x09\0\0\xdb\0\0\0\x59\x0b\0\0\x0d\xf0\0\0\x40\
\x09\0\0\xdb\0\0\0\x81\x0b\0\0\x10\xf8\0\0\x48\x09\0\0\xdb\0\0\0\x81\x0b\0\0\
\x0d\xf8\0\0\x50\x09\0\0\xdb\0\0\0\x9f\x0b\0\0\x30\xe8\0\0\x60\x09\0\0\xdb\0\0\
\0\x9f\x0b\0\0\x05\xe8\0\0\x68\x09\0\0\xdb\0\0\0\xd4\x0b\0\0\x24\xec\0\0\x80\
\x09\0\0\xdb\0\0\0\x59\x0b\0\0\x19\xf0\0\0\x90\x09\0\0\xdb\0\0\0\x59\x0b\0\0\
\x0d\xf0\0\0\x98\x09\0\0\xdb\0\0\0\x81\x0b\0\0\x10\xf8\0\0\xa0\x09\0\0\xdb\0\0\
\0\x81\x0b\0\0\x0d\xf8\0\0\xa8\x09\0\0\xdb\0\0\0\x9f\x0b\0\0\x30\xe8\0\0\xb8\
\x09\0\0\xdb\0\0\0\xd4\x0b\0\0\x24\xec\0\0\xc0\x09\0\0\xdb\0\0\0\x59\x0b\0\0\
\x19\xf0\0\0\xd0\x09\0\0\xdb\0\0\0\x59\x0b\0\0\x0d\xf0\0\0\xd8\x09\0\0\xdb\0\0\
\0\0\0\0\0\0\0\0\0\xe8\x09\0\0\xdb\0\0\0\x81\x0b\0\0\x10\xf8\0\0\xf0\x09\0\0\
\xdb\0\0\0\x81\x0b\0\0\x0d\xf8\0\0\xf8\x09\0\0\xdb\0\0\0\x59\x0b\0\0\x19\xf0\0\
\0\0\x0a\0\0\xdb\0\0\0\x59\x0b\0\0\x0d\xf0\0\0\x08\x0a\0\0\xdb\0\0\0\x81\x0b\0\
\0\x10\xf8\0\0\x10\x0a\0\0\xdb\0\0\0\x81\x0b\0\0\x0d\xf8\0\0\x18\x0a\0\0\xdb\0\
\0\0\x9f\x0b\0\0\x30\xe8\0\0\x28\x0a\0\0\xdb\0\0\0\xd4\x0b\0\0\x24\xec\0\0\x30\
\x0a\0\0\xdb\0\0\0\x59\x0b\0\0\x19\xf0\0\0\x40\x0a\0\0\xdb\0\0\0\x59\x0b\0\0\
\x0d\xf0\0\0\x48\x0a\0\0\xdb\0\0\0\0\0\0\0\0\0\0\0\x58\x0a\0\0\xdb\0\0\0\x81\
\x0b\0\0\x10\xf8\0\0\x60\x0a\0\0\xdb\0\0\0\x81\x0b\0\0\x0d\xf8\0\0\x68\x0a\0\0\
\xdb\0\0\0\x59\x0b\0\0\x19\xf0\0\0\x70\x0a\0\0\xdb\0\0\0\x59\x0b\0\0\x0d\xf0\0\
\0\x78\x0a\0\0\xdb\0\0\0\x81\x0b\0\0\x10\xf8\0\0\x80\x0a\0\0\xdb\0\0\0\x81\x0b\
\0\0\x0d\xf8\0\0\x88\x0a\0\0\xdb\0\0\0\x9f\x0b\0\0\x30\xe8\0\0\x98\x0a\0\0\xdb\
\0\0\0\xd4\x0b\0\0\x24\xec\0\0\xa0\x0a\0\0\xdb\0\0\0\x59\x0b\0\0\x19\xf0\0\0\
\xb0\x0a\0\0\xdb\0\0\0\x59\x0b\0\0\x0d\xf0\0\0\xb8\x0a\0\0\xdb\0\0\0\0\0\0\0\0\
\0\0\0\xc8\x0a\0\0\xdb\0\0\0\x81\x0b\0\0\x10\xf8\0\0\xd0\x0a\0\0\xdb\0\0\0\x81\
\x0b\0\0\x0d\xf8\0\0\xd8\x0a\0\0\xdb\0\0\0\x59\x0b\0\0\x19\xf0\0\0\xe0\x0a\0\0\
\xdb\0\0\0\x59\x0b\0\0\x0d\xf0\0\0\xe8\x0a\0\0\xdb\0\0\0\x81\x0b\0\0\x10\xf8\0\
\0\xf0\x0a\0\0\xdb\0\0\0\x81\x0b\0\0\x0d\xf8\0\0\xf8\x0a\0\0\xdb\0\0\0\x9f\x0b\
\0\0\x30\xe8\0\0\x08\x0b\0\0\xdb\0\0\0\xd4\x0b\0\0\x24\xec\0\0\x10\x0b\0\0\xdb\
\0\0\0\x59\x0b\0\0\x19\xf0\0\0\x20\x0b\0\0\xdb\0\0\0\x59\x0b\0\0\x0d\xf0\0\0\
\x28\x0b\0\0\xdb\0\0\0\0\0\0\0\0\0\0\0\x38\x0b\0\0\xdb\0\0\0\x81\x0b\0\0\x10\
\xf8\0\0\x40\x0b\0\0\xdb\0\0\0\x81\x0b\0\0\x0d\xf8\0\0\x48\x0b\0\0\xdb\0\0\0\
\x59\x0b\0\0\x19\xf0\0\0\x50\x0b\0\0\xdb\0\0\0\x59\x0b\0\0\x0d\xf0\0\0\x58\x0b\
\0\0\xdb\0\0\0\x81\x0b\0\0\x10\xf8\0\0\x60\x0b\0\0\xdb\0\0\0\x81\x0b\0\0\x0d\
\xf8\0\0\x68\x0b\0\0\xdb\0\0\0\x9f\x0b\0\0\x30\xe8\0\0\x78\x0b\0\0\xdb\0\0\0\
\xd4\x0b\0\0\x24\xec\0\0\x80\x0b\0\0\xdb\0\0\0\x59\x0b\0\0\x19\xf0\0\0\x90\x0b\
\0\0\xdb\0\0\0\x59\x0b\0\0\x0d\xf0\0\0\x98\x0b\0\0\xdb\0\0\0\0\0\0\0\0\0\0\0\
\xa8\x0b\0\0\xdb\0\0\0\x81\x0b\0\0\x10\xf8\0\0\xb0\x0b\0\0\xdb\0\0\0\x81\x0b\0\
\0\x0d\xf8\0\0\xb8\x0b\0\0\xdb\0\0\0\x59\x0b\0\0\x19\xf0\0\0\xc0\x0b\0\0\xdb\0\
\0\0\x59\x0b\0\0\x0d\xf0\0\0\xc8\x0b\0\0\xdb\0\0\0\x81\x0b\0\0\x10\xf8\0\0\xd0\
\x0b\0\0\xdb\0\0\0\x81\x0b\0\0\x0d\xf8\0\0\xd8\x0b\0\0\xdb\0\0\0\x9f\x0b\0\0\
\x30\xe8\0\0\xe8\x0b\0\0\xdb\0\0\0\xd4\x0b\0\0\x24\xec\0\0\xf0\x0b\0\0\xdb\0\0\
\0\x59\x0b\0\0\x19\xf0\0\0\0\x0c\0\0\xdb\0\0\0\x59\x0b\0\0\x0d\xf0\0\0\x08\x0c\
\0\0\xdb\0\0\0\0\0\0\0\0\0\0\0\x18\x0c\0\0\xdb\0\0\0\x81\x0b\0\0\x10\xf8\0\0\
\x20\x0c\0\0\xdb\0\0\0\x81\x0b\0\0\x0d\xf8\0\0\x28\x0c\0\0\xdb\0\0\0\x59\x0b\0\
\0\x19\xf0\0\0\x30\x0c\0\0\xdb\0\0\0\x59\x0b\0\0\x0d\xf0\0\0\x38\x0c\0\0\xdb\0\
\0\0\x81\x0b\0\0\x10\xf8\0\0\x40\x0c\0\0\xdb\0\0\0\x81\x0b\0\0\x0d\xf8\0\0\x48\
\x0c\0\0\xdb\0\0\0\x9f\x0b\0\0\x30\xe8\0\0\x58\x0c\0\0\xdb\0\0\0\xd4\x0b\0\0\
\x24\xec\0\0\x60\x0c\0\0\xdb\0\0\0\x59\x0b\0\0\x19\xf0\0\0\x70\x0c\0\0\xdb\0\0\
\0\x59\x0b\0\0\x0d\xf0\0\0\x78\x0c\0\0\xdb\0\0\0\0\0\0\0\0\0\0\0\x88\x0c\0\0\
\xdb\0\0\0\x81\x0b\0\0\x10\xf8\0\0\x90\x0c\0\0\xdb\0\0\0\x81\x0b\0\0\x0d\xf8\0\
\0\x98\x0c\0\0\xdb\0\0\0\x59\x0b\0\0\x19\xf0\0\0\xa0\x0c\0\0\xdb\0\0\0\x59\x0b\
\0\0\x0d\xf0\0\0\xa8\x0c\0\0\xdb\0\0\0\x81\x0b\0\0\x10\xf8\0\0\xb0\x0c\0\0\xdb\
\0\0\0\x81\x0b\0\0\x0d\xf8\0\0\xb8\x0c\0\0\xdb\0\0\0\x9f\x0b\0\0\x30\xe8\0\0\
\xc8\x0c\0\0\xdb\0\0\0\xd4\x0b\0\0\x24\xec\0\0\xd0\x0c\0\0\xdb\0\0\0\x59\x0b\0\
\0\x19\xf0\0\0\xe0\x0c\0\0\xdb\0\0\0\x59\x0b\0\0\x0d\xf0\0\0\xe8\x0c\0\0\xdb\0\
\0\0\0\0\0\0\0\0\0\0\xf8\x0c\0\0\xdb\0\0\0\x81\x0b\0\0\x10\xf8\0\0\0\x0d\0\0\
\xdb\0\0\0\x81\x0b\0\0\x0d\xf8\0\0\x08\x0d\0\0\xdb\0\0\0\x59\x0b\0\0\x19\xf0\0\
\0\x10\x0d\0\0\xdb\0\0\0\x59\x0b\0\0\x0d\xf0\0\0\x18\x0d\0\0\xdb\0\0\0\x81\x0b\
\0\0\x10\xf8\0\0\x20\x0d\0\0\xdb\0\0\0\x81\x0b\0\0\x0d\xf8\0\0\x28\x0d\0\0\xdb\
\0\0\0\x9f\x0b\0\0\x30\xe8\0\0\x38\x0d\0\0\xdb\0\0\0\xd4\x0b\0\0\x24\xec\0\0\
\x40\x0d\0\0\xdb\0\0\0\x59\x0b\0\0\x19\xf0\0\0\x50\x0d\0\0\xdb\0\0\0\x59\x0b\0\
\0\x0d\xf0\0\0\x58\x0d\0\0\xdb\0\0\0\0\0\0\0\0\0\0\0\x68\x0d\0\0\xdb\0\0\0\x81\
\x0b\0\0\x10\xf8\0\0\x70\x0d\0\0\xdb\0\0\0\x81\x0b\0\0\x0d\xf8\0\0\x78\x0d\0\0\
\xdb\0\0\0\x59\x0b\0\0\x19\xf0\0\0\x80\x0d\0\0\xdb\0\0\0\x59\x0b\0\0\x0d\xf0\0\
\0\x88\x0d\0\0\xdb\0\0\0\x81\x0b\0\0\x10\xf8\0\0\x90\x0d\0\0\xdb\0\0\0\x81\x0b\
\0\0\x0d\xf8\0\0\x98\x0d\0\0\xdb\0\0\0\x9f\x0b\0\0\x30\xe8\0\0\xa8\x0d\0\0\xdb\
\0\0\0\xd4\x0b\0\0\x24\xec\0\0\xb0\x0d\0\0\xdb\0\0\0\x59\x0b\0\0\x19\xf0\0\0\
\xc0\x0d\0\0\xdb\0\0\0\x59\x0b\0\0\x0d\xf0\0\0\xc8\x0d\0\0\xdb\0\0\0\0\0\0\0\0\
\0\0\0\xd8\x0d\0\0\xdb\0\0\0\x81\x0b\0\0\x10\xf8\0\0\xe0\x0d\0\0\xdb\0\0\0\x81\
\x0b\0\0\x0d\xf8\0\0\xe8\x0d\0\0\xdb\0\0\0\x59\x0b\0\0\x19\xf0\0\0\xf0\x0d\0\0\
\xdb\0\0\0\x59\x0b\0\0\x0d\xf0\0\0\xf8\x0d\0\0\xdb\0\0\0\x81\x0b\0\0\x10\xf8\0\
\0\0\x0e\0\0\xdb\0\0\0\x81\x0b\0\0\x0d\xf8\0\0\x08\x0e\0\0\xdb\0\0\0\x9f\x0b\0\
\0\x30\xe8\0\0\x18\x0e\0\0\xdb\0\0\0\xd4\x0b\0\0\x24\xec\0\0\x20\x0e\0\0\xdb\0\
\0\0\x59\x0b\0\0\x19\xf0\0\0\x30\x0e\0\0\xdb\0\0\0\x59\x0b\0\0\x0d\xf0\0\0\x38\
\x0e\0\0\xdb\0\0\0\0\0\0\0\0\0\0\0\x48\x0e\0\0\xdb\0\0\0\x81\x0b\0\0\x10\xf8\0\
\0\x50\x0e\0\0\xdb\0\0\0\x81\x0b\0\0\x0d\xf8\0\0\x58\x0e\0\0\xdb\0\0\0\x59\x0b\
\0\0\x19\xf0\0\0\x60\x0e\0\0\xdb\0\0\0\x59\x0b\0\0\x0d\xf0\0\0\x68\x0e\0\0\xdb\
\0\0\0\x81\x0b\0\0\x10\xf8\0\0\x70\x0e\0\0\xdb\0\0\0\x81\x0b\0\0\x0d\xf8\0\0\
\x78\x0e\0\0\xdb\0\0\0\x9f\x0b\0\0\x30\xe8\0\0\x88\x0e\0\0\xdb\0\0\0\xd4\x0b\0\
\0\x24\xec\0\0\x90\x0e\0\0\xdb\0\0\0\x59\x0b\0\0\x19\xf0\0\0\xa0\x0e\0\0\xdb\0\
\0\0\x59\x0b\0\0\x0d\xf0\0\0\xa8\x0e\0\0\xdb\0\0\0\0\0\0\0\0\0\0\0\xb8\x0e\0\0\
\xdb\0\0\0\x81\x0b\0\0\x10\xf8\0\0\xc0\x0e\0\0\xdb\0\0\0\x81\x0b\0\0\x0d\xf8\0\
\0\xc8\x0e\0\0\xdb\0\0\0\x59\x0b\0\0\x19\xf0\0\0\xd0\x0e\0\0\xdb\0\0\0\x59\x0b\
\0\0\x0d\xf0\0\0\xd8\x0e\0\0\xdb\0\0\0\x81\x0b\0\0\x10\xf8\0\0\xe0\x0e\0\0\xdb\
\0\0\0\x81\x0b\0\0\x0d\xf8\0\0\xe8\x0e\0\0\xdb\0\0\0\x9f\x0b\0\0\x30\xe8\0\0\
\xf8\x0e\0\0\xdb\0\0\0\xd4\x0b\0\0\x24\xec\0\0\0\x0f\0\0\xdb\0\0\0\x59\x0b\0\0\
\x19\xf0\0\0\x10\x0f\0\0\xdb\0\0\0\x59\x0b\0\0\x0d\xf0\0\0\x18\x0f\0\0\xdb\0\0\
\0\0\0\0\0\0\0\0\0\x28\x0f\0\0\xdb\0\0\0\x81\x0b\0\0\x10\xf8\0\0\x30\x0f\0\0\
\xdb\0\0\0\x81\x0b\0\0\x0d\xf8\0\0\x38\x0f\0\0\xdb\0\0\0\x59\x0b\0\0\x19\xf0\0\
\0\x40\x0f\0\0\xdb\0\0\0\x59\x0b\0\0\x0d\xf0\0\0\x48\x0f\0\0\xdb\0\0\0\x81\x0b\
\0\0\x10\xf8\0\0\x50\x0f\0\0\xdb\0\0\0\x81\x0b\0\0\x0d\xf8\0\0\x58\x0f\0\0\xdb\
\0\0\0\x9f\x0b\0\0\x30\xe8\0\0\x68\x0f\0\0\xdb\0\0\0\xd4\x0b\0\0\x24\xec\0\0\
\x70\x0f\0\0\xdb\0\0\0\x59\x0b\0\0\x19\xf0\0\0\x80\x0f\0\0\xdb\0\0\0\x59\x0b\0\
\0\x0d\xf0\0\0\x88\x0f\0\0\xdb\0\0\0\0\0\0\0\0\0\0\0\x98\x0f\0\0\xdb\0\0\0\x81\
\x0b\0\0\x10\xf8\0\0\xa0\x0f\0\0\xdb\0\0\0\x81\x0b\0\0\x0d\xf8\0\0\xa8\x0f\0\0\
\xdb\0\0\0\x59\x0b\0\0\x19\xf0\0\0\xb0\x0f\0\0\xdb\0\0\0\x59\x0b\0\0\x0d\xf0\0\
\0\xb8\x0f\0\0\xdb\0\0\0\x81\x0b\0\0\x10\xf8\0\0\xc0\x0f\0\0\xdb\0\0\0\x81\x0b\
\0\0\x0d\xf8\0\0\xc8\x0f\0\0\xdb\0\0\0\x9f\x0b\0\0\x30\xe8\0\0\xd8\x0f\0\0\xdb\
\0\0\0\xd4\x0b\0\0\x24\xec\0\0\xe0\x0f\0\0\xdb\0\0\0\x59\x0b\0\0\x19\xf0\0\0\
\xf0\x0f\0\0\xdb\0\0\0\x59\x0b\0\0\x0d\xf0\0\0\xf8\x0f\0\0\xdb\0\0\0\0\0\0\0\0\
\0\0\0\x08\x10\0\0\xdb\0\0\0\x81\x0b\0\0\x10\xf8\0\0\x10\x10\0\0\xdb\0\0\0\x81\
\x0b\0\0\x0d\xf8\0\0\x18\x10\0\0\xdb\0\0\0\x59\x0b\0\0\x19\xf0\0\0\x20\x10\0\0\
\xdb\0\0\0\x59\x0b\0\0\x0d\xf0\0\0\x28\x10\0\0\xdb\0\0\0\x81\x0b\0\0\x10\xf8\0\
\0\x30\x10\0\0\xdb\0\0\0\x81\x0b\0\0\x0d\xf8\0\0\x38\x10\0\0\xdb\0\0\0\x9f\x0b\
\0\0\x30\xe8\0\0\x48\x10\0\0\xdb\0\0\0\xd4\x0b\0\0\x24\xec\0\0\x50\x10\0\0\xdb\
\0\0\0\x59\x0b\0\0\x19\xf0\0\0\x60\x10\0\0\xdb\0\0\0\x59\x0b\0\0\x0d\xf0\0\0\
\x68\x10\0\0\xdb\0\0\0\0\0\0\0\0\0\0\0\x78\x10\0\0\xdb\0\0\0\x81\x0b\0\0\x10\
\xf8\0\0\x80\x10\0\0\xdb\0\0\0\x81\x0b\0\0\x0d\xf8\0\0\x88\x10\0\0\xdb\0\0\0\
\x59\x0b\0\0\x19\xf0\0\0\x90\x10\0\0\xdb\0\0\0\x59\x0b\0\0\x0d\xf0\0\0\x98\x10\
\0\0\xdb\0\0\0\x81\x0b\0\0\x10\xf8\0\0\xa0\x10\0\0\xdb\0\0\0\x81\x0b\0\0\x0d\
\xf8\0\0\xa8\x10\0\0\xdb\0\0\0\x9f\x0b\0\0\x30\xe8\0\0\xb8\x10\0\0\xdb\0\0\0\
\xd4\x0b\0\0\x24\xec\0\0\xc0\x10\0\0\xdb\0\0\0\x59\x0b\0\0\x19\xf0\0\0\xd0\x10\
\0\0\xdb\0\0\0\x59\x0b\0\0\x0d\xf0\0\0\xd8\x10\0\0\xdb\0\0\0\0\0\0\0\0\0\0\0\
\xe8\x10\0\0\xdb\0\0\0\x81\x0b\0\0\x10\xf8\0\0\xf0\x10\0\0\xdb\0\0\0\x81\x0b\0\
\0\x0d\xf8\0\0\xf8\x10\0\0\xdb\0\0\0\x59\x0b\0\0\x19\xf0\0\0\0\x11\0\0\xdb\0\0\
\0\x59\x0b\0\0\x0d\xf0\0\0\x08\x11\0\0\xdb\0\0\0\x81\x0b\0\0\x10\xf8\0\0\x10\
\x11\0\0\xdb\0\0\0\x81\x0b\0\0\x0d\xf8\0\0\x18\x11\0\0\xdb\0\0\0\x9f\x0b\0\0\
\x30\xe8\0\0\x28\x11\0\0\xdb\0\0\0\xd4\x0b\0\0\x24\xec\0\0\x30\x11\0\0\xdb\0\0\
\0\x59\x0b\0\0\x19\xf0\0\0\x40\x11\0\0\xdb\0\0\0\x59\x0b\0\0\x0d\xf0\0\0\x48\
\x11\0\0\xdb\0\0\0\0\0\0\0\0\0\0\0\x58\x11\0\0\xdb\0\0\0\x81\x0b\0\0\x10\xf8\0\
\0\x60\x11\0\0\xdb\0\0\0\x81\x0b\0\0\x0d\xf8\0\0\x68\x11\0\0\xdb\0\0\0\x59\x0b\
\0\0\x19\xf0\0\0\x70\x11\0\0\xdb\0\0\0\x59\x0b\0\0\x0d\xf0\0\0\x78\x11\0\0\xdb\
\0\0\0\x81\x0b\0\0\x10\xf8\0\0\x80\x11\0\0\xdb\0\0\0\x81\x0b\0\0\x0d\xf8\0\0\
\x88\x11\0\0\xdb\0\0\0\x9f\x0b\0\0\x30\xe8\0\0\x98\x11\0\0\xdb\0\0\0\xd4\x0b\0\
\0\x24\xec\0\0\xa0\x11\0\0\xdb\0\0\0\x59\x0b\0\0\x19\xf0\0\0\xb0\x11\0\0\xdb\0\
\0\0\x59\x0b\0\0\x0d\xf0\0\0\xb8\x11\0\0\xdb\0\0\0\0\0\0\0\0\0\0\0\xc8\x11\0\0\
\xdb\0\0\0\x81\x0b\0\0\x10\xf8\0\0\xd0\x11\0\0\xdb\0\0\0\x81\x0b\0\0\x0d\xf8\0\
\0\xd8\x11\0\0\xdb\0\0\0\x59\x0b\0\0\x19\xf0\0\0\xe0\x11\0\0\xdb\0\0\0\x59\x0b\
\0\0\x0d\xf0\0\0\xe8\x11\0\0\xdb\0\0\0\x81\x0b\0\0\x10\xf8\0\0\xf0\x11\0\0\xdb\
\0\0\0\x81\x0b\0\0\x0d\xf8\0\0\xf8\x11\0\0\xdb\0\0\0\x9f\x0b\0\0\x30\xe8\0\0\
\x08\x12\0\0\xdb\0\0\0\xd4\x0b\0\0\x24\xec\0\0\x10\x12\0\0\xdb\0\0\0\x59\x0b\0\
\0\x19\xf0\0\0\x20\x12\0\0\xdb\0\0\0\x59\x0b\0\0\x0d\xf0\0\0\x28\x12\0\0\xdb\0\
\0\0\0\0\0\0\0\0\0\0\x38\x12\0\0\xdb\0\0\0\x81\x0b\0\0\x10\xf8\0\0\x40\x12\0\0\
\xdb\0\0\0\x81\x0b\0\0\x0d\xf8\0\0\x48\x12\0\0\xdb\0\0\0\x59\x0b\0\0\x19\xf0\0\
\0\x50\x12\0\0\xdb\0\0\0\x59\x0b\0\0\x0d\xf0\0\0\x58\x12\0\0\xdb\0\0\0\x81\x0b\
\0\0\x10\xf8\0\0\x60\x12\0\0\xdb\0\0\0\x81\x0b\0\0\x0d\xf8\0\0\x68\x12\0\0\xdb\
\0\0\0\x9f\x0b\0\0\x30\xe8\0\0\x78\x12\0\0\xdb\0\0\0\xd4\x0b\0\0\x24\xec\0\0\
\x80\x12\0\0\xdb\0\0\0\x59\x0b\0\0\x19\xf0\0\0\x90\x12\0\0\xdb\0\0\0\x59\x0b\0\
\0\x0d\xf0\0\0\x98\x12\0\0\xdb\0\0\0\0\0\0\0\0\0\0\0\xa8\x12\0\0\xdb\0\0\0\x81\
\x0b\0\0\x10\xf8\0\0\xb0\x12\0\0\xdb\0\0\0\x81\x0b\0\0\x0d\xf8\0\0\xb8\x12\0\0\
\xdb\0\0\0\x59\x0b\0\0\x19\xf0\0\0\xc0\x12\0\0\xdb\0\0\0\x59\x0b\0\0\x0d\xf0\0\
\0\xc8\x12\0\0\xdb\0\0\0\x81\x0b\0\0\x10\xf8\0\0\xd0\x12\0\0\xdb\0\0\0\x81\x0b\
\0\0\x0d\xf8\0\0\xd8\x12\0\0\xdb\0\0\0\x9f\x0b\0\0\x30\xe8\0\0\xe8\x12\0\0\xdb\
\0\0\0\xd4\x0b\0\0\x24\xec\0\0\xf0\x12\0\0\xdb\0\0\0\x59\x0b\0\0\x19\xf0\0\0\0\
\x13\0\0\xdb\0\0\0\x59\x0b\0\0\x0d\xf0\0\0\x08\x13\0\0\xdb\0\0\0\0\0\0\0\0\0\0\
\0\x18\x13\0\0\xdb\0\0\0\x81\x0b\0\0\x10\xf8\0\0\x20\x13\0\0\xdb\0\0\0\x81\x0b\
\0\0\x0d\xf8\0\0\x28\x13\0\0\xdb\0\0\0\x59\x0b\0\0\x19\xf0\0\0\x30\x13\0\0\xdb\
\0\0\0\x59\x0b\0\0\x0d\xf0\0\0\x38\x13\0\0\xdb\0\0\0\x81\x0b\0\0\x10\xf8\0\0\
\x40\x13\0\0\xdb\0\0\0\x81\x0b\0\0\x0d\xf8\0\0\x48\x13\0\0\xdb\0\0\0\x9f\x0b\0\
\0\x30\xe8\0\0\x58\x13\0\0\xdb\0\0\0\xd4\x0b\0\0\x24\xec\0\0\x60\x13\0\0\xdb\0\
\0\0\x59\x0b\0\0\x19\xf0\0\0\x70\x13\0\0\xdb\0\0\0\x59\x0b\0\0\x0d\xf0\0\0\x78\
\x13\0\0\xdb\0\0\0\0\0\0\0\0\0\0\0\x88\x13\0\0\xdb\0\0\0\x81\x0b\0\0\x10\xf8\0\
\0\x90\x13\0\0\xdb\0\0\0\x81\x0b\0\0\x0d\xf8\0\0\x98\x13\0\0\xdb\0\0\0\x59\x0b\
\0\0\x19\xf0\0\0\xa0\x13\0\0\xdb\0\0\0\x59\x0b\0\0\x0d\xf0\0\0\xa8\x13\0\0\xdb\
\0\0\0\x81\x0b\0\0\x10\xf8\0\0\xb0\x13\0\0\xdb\0\0\0\x81\x0b\0\0\x0d\xf8\0\0\
\xb8\x13\0\0\xdb\0\0\0\x9f\x0b\0\0\x30\xe8\0\0\xc8\x13\0\0\xdb\0\0\0\xd4\x0b\0\
\0\x24\xec\0\0\xd0\x13\0\0\xdb\0\0\0\x59\x0b\0\0\x19\xf0\0\0\xe0\x13\0\0\xdb\0\
\0\0\x59\x0b\0\0\x0d\xf0\0\0\xe8\x13\0\0\xdb\0\0\0\0\0\0\0\0\0\0\0\xf8\x13\0\0\
\xdb\0\0\0\x81\x0b\0\0\x10\xf8\0\0\0\x14\0\0\xdb\0\0\0\x81\x0b\0\0\x0d\xf8\0\0\
\x08\x14\0\0\xdb\0\0\0\x59\x0b\0\0\x19\xf0\0\0\x10\x14\0\0\xdb\0\0\0\x59\x0b\0\
\0\x0d\xf0\0\0\x18\x14\0\0\xdb\0\0\0\x81\x0b\0\0\x10\xf8\0\0\x20\x14\0\0\xdb\0\
\0\0\x81\x0b\0\0\x0d\xf8\0\0\x28\x14\0\0\xdb\0\0\0\x9f\x0b\0\0\x30\xe8\0\0\x38\
\x14\0\0\xdb\0\0\0\xd4\x0b\0\0\x24\xec\0\0\x40\x14\0\0\xdb\0\0\0\x59\x0b\0\0\
\x19\xf0\0\0\x50\x14\0\0\xdb\0\0\0\x59\x0b\0\0\x0d\xf0\0\0\x58\x14\0\0\xdb\0\0\
\0\0\0\0\0\0\0\0\0\x68\x14\0\0\xdb\0\0\0\x81\x0b\0\0\x10\xf8\0\0\x70\x14\0\0\
\xdb\0\0\0\x81\x0b\0\0\x0d\xf8\0\0\x78\x14\0\0\xdb\0\0\0\x59\x0b\0\0\x19\xf0\0\
\0\x80\x14\0\0\xdb\0\0\0\x59\x0b\0\0\x0d\xf0\0\0\x88\x14\0\0\xdb\0\0\0\x81\x0b\
\0\0\x10\xf8\0\0\x90\x14\0\0\xdb\0\0\0\x81\x0b\0\0\x0d\xf8\0\0\x98\x14\0\0\xdb\
\0\0\0\x9f\x0b\0\0\x30\xe8\0\0\xa8\x14\0\0\xdb\0\0\0\xd4\x0b\0\0\x24\xec\0\0\
\xb0\x14\0\0\xdb\0\0\0\x59\x0b\0\0\x19\xf0\0\0\xc0\x14\0\0\xdb\0\0\0\x59\x0b\0\
\0\x0d\xf0\0\0\xc8\x14\0\0\xdb\0\0\0\0\0\0\0\0\0\0\0\xd8\x14\0\0\xdb\0\0\0\x81\
\x0b\0\0\x10\xf8\0\0\xe0\x14\0\0\xdb\0\0\0\x81\x0b\0\0\x0d\xf8\0\0\xe8\x14\0\0\
\xdb\0\0\0\x59\x0b\0\0\x19\xf0\0\0\xf0\x14\0\0\xdb\0\0\0\x59\x0b\0\0\x0d\xf0\0\
\0\xf8\x14\0\0\xdb\0\0\0\x81\x0b\0\0\x10\xf8\0\0\0\x15\0\0\xdb\0\0\0\x81\x0b\0\
\0\x0d\xf8\0\0\x08\x15\0\0\xdb\0\0\0\x9f\x0b\0\0\x30\xe8\0\0\x18\x15\0\0\xdb\0\
\0\0\xd4\x0b\0\0\x24\xec\0\0\x20\x15\0\0\xdb\0\0\0\x59\x0b\0\0\x19\xf0\0\0\x30\
\x15\0\0\xdb\0\0\0\x59\x0b\0\0\x0d\xf0\0\0\x38\x15\0\0\xdb\0\0\0\0\0\0\0\0\0\0\
\0\x48\x15\0\0\xdb\0\0\0\x81\x0b\0\0\x10\xf8\0\0\x50\x15\0\0\xdb\0\0\0\x81\x0b\
\0\0\x0d\xf8\0\0\x58\x15\0\0\xdb\0\0\0\x59\x0b\0\0\x19\xf0\0\0\x60\x15\0\0\xdb\
\0\0\0\x59\x0b\0\0\x0d\xf0\0\0\x68\x15\0\0\xdb\0\0\0\x81\x0b\0\0\x10\xf8\0\0\
\x70\x15\0\0\xdb\0\0\0\x81\x0b\0\0\x0d\xf8\0\0\x78\x15\0\0\xdb\0\0\0\x9f\x0b\0\
\0\x30\xe8\0\0\x88\x15\0\0\xdb\0\0\0\xd4\x0b\0\0\x24\xec\0\0\x90\x15\0\0\xdb\0\
\0\0\x59\x0b\0\0\x19\xf0\0\0\xa0\x15\0\0\xdb\0\0\0\x59\x0b\0\0\x0d\xf0\0\0\xa8\
\x15\0\0\xdb\0\0\0\0\0\0\0\0\0\0\0\xb8\x15\0\0\xdb\0\0\0\x81\x0b\0\0\x10\xf8\0\
\0\xc0\x15\0\0\xdb\0\0\0\x81\x0b\0\0\x0d\xf8\0\0\xc8\x15\0\0\xdb\0\0\0\x59\x0b\
\0\0\x19\xf0\0\0\xd0\x15\0\0\xdb\0\0\0\x59\x0b\0\0\x0d\xf0\0\0\xd8\x15\0\0\xdb\
\0\0\0\x81\x0b\0\0\x10\xf8\0\0\xe0\x15\0\0\xdb\0\0\0\x81\x0b\0\0\x0d\xf8\0\0\
\xe8\x15\0\0\xdb\0\0\0\x9f\x0b\0\0\x30\xe8\0\0\xf8\x15\0\0\xdb\0\0\0\xd4\x0b\0\
\0\x24\xec\0\0\0\x16\0\0\xdb\0\0\0\x59\x0b\0\0\x19\xf0\0\0\x10\x16\0\0\xdb\0\0\
\0\x59\x0b\0\0\x0d\xf0\0\0\x18\x16\0\0\xdb\0\0\0\0\0\0\0\0\0\0\0\x28\x16\0\0\
\xdb\0\0\0\x81\x0b\0\0\x10\xf8\0\0\x30\x16\0\0\xdb\0\0\0\x81\x0b\0\0\x0d\xf8\0\
\0\x38\x16\0\0\xdb\0\0\0\x59\x0b\0\0\x19\xf0\0\0\x40\x16\0\0\xdb\0\0\0\x59\x0b\
\0\0\x0d\xf0\0\0\x48\x16\0\0\xdb\0\0\0\x81\x0b\0\0\x10\xf8\0\0\x50\x16\0\0\xdb\
\0\0\0\x81\x0b\0\0\x0d\xf8\0\0\x58\x16\0\0\xdb\0\0\0\x9f\x0b\0\0\x30\xe8\0\0\
\x68\x16\0\0\xdb\0\0\0\xd4\x0b\0\0\x24\xec\0\0\x70\x16\0\0\xdb\0\0\0\x59\x0b\0\
\0\x19\xf0\0\0\x80\x16\0\0\xdb\0\0\0\x59\x0b\0\0\x0d\xf0\0\0\x88\x16\0\0\xdb\0\
\0\0\0\0\0\0\0\0\0\0\x98\x16\0\0\xdb\0\0\0\x81\x0b\0\0\x10\xf8\0\0\xa0\x16\0\0\
\xdb\0\0\0\x81\x0b\0\0\x0d\xf8\0\0\xa8\x16\0\0\xdb\0\0\0\x59\x0b\0\0\x19\xf0\0\
\0\xb0\x16\0\0\xdb\0\0\0\x59\x0b\0\0\x0d\xf0\0\0\xb8\x16\0\0\xdb\0\0\0\x81\x0b\
\0\0\x10\xf8\0\0\xc0\x16\0\0\xdb\0\0\0\x81\x0b\0\0\x0d\xf8\0\0\xc8\x16\0\0\xdb\
\0\0\0\x9f\x0b\0\0\x30\xe8\0\0\xd8\x16\0\0\xdb\0\0\0\xd4\x0b\0\0\x24\xec\0\0\
\xe0\x16\0\0\xdb\0\0\0\x59\x0b\0\0\x19\xf0\0\0\xf0\x16\0\0\xdb\0\0\0\x59\x0b\0\
\0\x0d\xf0\0\0\xf8\x16\0\0\xdb\0\0\0\0\0\0\0\0\0\0\0\x08\x17\0\0\xdb\0\0\0\x81\
\x0b\0\0\x10\xf8\0\0\x10\x17\0\0\xdb\0\0\0\x81\x0b\0\0\x0d\xf8\0\0\x18\x17\0\0\
\xdb\0\0\0\x59\x0b\0\0\x19\xf0\0\0\x20\x17\0\0\xdb\0\0\0\x59\x0b\0\0\x0d\xf0\0\
\0\x28\x17\0\0\xdb\0\0\0\x81\x0b\0\0\x10\xf8\0\0\x30\x17\0\0\xdb\0\0\0\x81\x0b\
\0\0\x0d\xf8\0\0\x38\x17\0\0\xdb\0\0\0\x9f\x0b\0\0\x30\xe8\0\0\x48\x17\0\0\xdb\
\0\0\0\xd4\x0b\0\0\x24\xec\0\0\x50\x17\0\0\xdb\0\0\0\x59\x0b\0\0\x19\xf0\0\0\
\x60\x17\0\0\xdb\0\0\0\x59\x0b\0\0\x0d\xf0\0\0\x68\x17\0\0\xdb\0\0\0\0\0\0\0\0\
\0\0\0\x78\x17\0\0\xdb\0\0\0\x81\x0b\0\0\x10\xf8\0\0\x80\x17\0\0\xdb\0\0\0\x81\
\x0b\0\0\x0d\xf8\0\0\x88\x17\0\0\xdb\0\0\0\x59\x0b\0\0\x19\xf0\0\0\x90\x17\0\0\
\xdb\0\0\0\x59\x0b\0\0\x0d\xf0\0\0\x98\x17\0\0\xdb\0\0\0\x81\x0b\0\0\x10\xf8\0\
\0\xa0\x17\0\0\xdb\0\0\0\x81\x0b\0\0\x0d\xf8\0\0\xa8\x17\0\0\xdb\0\0\0\x9f\x0b\
\0\0\x30\xe8\0\0\xb8\x17\0\0\xdb\0\0\0\xd4\x0b\0\0\x24\xec\0\0\xc0\x17\0\0\xdb\
\0\0\0\x59\x0b\0\0\x19\xf0\0\0\xd0\x17\0\0\xdb\0\0\0\x59\x0b\0\0\x0d\xf0\0\0\
\xd8\x17\0\0\xdb\0\0\0\0\0\0\0\0\0\0\0\xe8\x17\0\0\xdb\0\0\0\x81\x0b\0\0\x10\
\xf8\0\0\xf0\x17\0\0\xdb\0\0\0\x81\x0b\0\0\x0d\xf8\0\0\xf8\x17\0\0\xdb\0\0\0\
\x59\x0b\0\0\x19\xf0\0\0\0\x18\0\0\xdb\0\0\0\x59\x0b\0\0\x0d\xf0\0\0\x08\x18\0\
\0\xdb\0\0\0\x81\x0b\0\0\x10\xf8\0\0\x10\x18\0\0\xdb\0\0\0\x81\x0b\0\0\x0d\xf8\
\0\0\x18\x18\0\0\xdb\0\0\0\x9f\x0b\0\0\x30\xe8\0\0\x28\x18\0\0\xdb\0\0\0\xd4\
\x0b\0\0\x24\xec\0\0\x30\x18\0\0\xdb\0\0\0\x59\x0b\0\0\x19\xf0\0\0\x40\x18\0\0\
\xdb\0\0\0\x59\x0b\0\0\x0d\xf0\0\0\x48\x18\0\0\xdb\0\0\0\0\0\0\0\0\0\0\0\x58\
\x18\0\0\xdb\0\0\0\x81\x0b\0\0\x10\xf8\0\0\x60\x18\0\0\xdb\0\0\0\x81\x0b\0\0\
\x0d\xf8\0\0\x68\x18\0\0\xdb\0\0\0\x59\x0b\0\0\x19\xf0\0\0\x70\x18\0\0\xdb\0\0\
\0\x59\x0b\0\0\x0d\xf0\0\0\x78\x18\0\0\xdb\0\0\0\x81\x0b\0\0\x10\xf8\0\0\x80\
\x18\0\0\xdb\0\0\0\x81\x0b\0\0\x0d\xf8\0\0\x88\x18\0\0\xdb\0\0\0\x9f\x0b\0\0\
\x30\xe8\0\0\x98\x18\0\0\xdb\0\0\0\xd4\x0b\0\0\x24\xec\0\0\xa0\x18\0\0\xdb\0\0\
\0\x59\x0b\0\0\x19\xf0\0\0\xb0\x18\0\0\xdb\0\0\0\x59\x0b\0\0\x0d\xf0\0\0\xb8\
\x18\0\0\xdb\0\0\0\0\0\0\0\0\0\0\0\xc8\x18\0\0\xdb\0\0\0\x81\x0b\0\0\x10\xf8\0\
\0\xd0\x18\0\0\xdb\0\0\0\x81\x0b\0\0\x0d\xf8\0\0\xd8\x18\0\0\xdb\0\0\0\x59\x0b\
\0\0\x19\xf0\0\0\xe0\x18\0\0\xdb\0\0\0\x59\x0b\0\0\x0d\xf0\0\0\xe8\x18\0\0\xdb\
\0\0\0\x81\x0b\0\0\x10\xf8\0\0\xf0\x18\0\0\xdb\0\0\0\x81\x0b\0\0\x0d\xf8\0\0\
\xf8\x18\0\0\xdb\0\0\0\x9f\x0b\0\0\x30\xe8\0\0\x08\x19\0\0\xdb\0\0\0\xd4\x0b\0\
\0\x24\xec\0\0\x10\x19\0\0\xdb\0\0\0\x59\x0b\0\0\x19\xf0\0\0\x20\x19\0\0\xdb\0\
\0\0\x59\x0b\0\0\x0d\xf0\0\0\x28\x19\0\0\xdb\0\0\0\0\0\0\0\0\0\0\0\x38\x19\0\0\
\xdb\0\0\0\x81\x0b\0\0\x10\xf8\0\0\x40\x19\0\0\xdb\0\0\0\x81\x0b\0\0\x0d\xf8\0\
\0\x48\x19\0\0\xdb\0\0\0\x59\x0b\0\0\x19\xf0\0\0\x50\x19\0\0\xdb\0\0\0\x59\x0b\
\0\0\x0d\xf0\0\0\x58\x19\0\0\xdb\0\0\0\x81\x0b\0\0\x10\xf8\0\0\x60\x19\0\0\xdb\
\0\0\0\x81\x0b\0\0\x0d\xf8\0\0\x68\x19\0\0\xdb\0\0\0\x9f\x0b\0\0\x30\xe8\0\0\
\x78\x19\0\0\xdb\0\0\0\xd4\x0b\0\0\x24\xec\0\0\x80\x19\0\0\xdb\0\0\0\x59\x0b\0\
\0\x19\xf0\0\0\x90\x19\0\0\xdb\0\0\0\x59\x0b\0\0\x0d\xf0\0\0\x98\x19\0\0\xdb\0\
\0\0\0\0\0\0\0\0\0\0\xa8\x19\0\0\xdb\0\0\0\x81\x0b\0\0\x10\xf8\0\0\xb0\x19\0\0\
\xdb\0\0\0\x81\x0b\0\0\x0d\xf8\0\0\xb8\x19\0\0\xdb\0\0\0\x59\x0b\0\0\x19\xf0\0\
\0\xc0\x19\0\0\xdb\0\0\0\x59\x0b\0\0\x0d\xf0\0\0\xc8\x19\0\0\xdb\0\0\0\x81\x0b\
\0\0\x10\xf8\0\0\xd0\x19\0\0\xdb\0\0\0\x81\x0b\0\0\x0d\xf8\0\0\xd8\x19\0\0\xdb\
\0\0\0\x9f\x0b\0\0\x30\xe8\0\0\xe8\x19\0\0\xdb\0\0\0\xd4\x0b\0\0\x24\xec\0\0\
\xf0\x19\0\0\xdb\0\0\0\x59\x0b\0\0\x19\xf0\0\0\0\x1a\0\0\xdb\0\0\0\x59\x0b\0\0\
\x0d\xf0\0\0\x08\x1a\0\0\xdb\0\0\0\0\0\0\0\0\0\0\0\x18\x1a\0\0\xdb\0\0\0\x81\
\x0b\0\0\x10\xf8\0\0\x20\x1a\0\0\xdb\0\0\0\x81\x0b\0\0\x0d\xf8\0\0\x28\x1a\0\0\
\xdb\0\0\0\x59\x0b\0\0\x19\xf0\0\0\x30\x1a\0\0\xdb\0\0\0\x59\x0b\0\0\x0d\xf0\0\
\0\x38\x1a\0\0\xdb\0\0\0\x81\x0b\0\0\x10\xf8\0\0\x40\x1a\0\0\xdb\0\0\0\x81\x0b\
\0\0\x0d\xf8\0\0\x48\x1a\0\0\xdb\0\0\0\x9f\x0b\0\0\x30\xe8\0\0\x58\x1a\0\0\xdb\
\0\0\0\xd4\x0b\0\0\x24\xec\0\0\x60\x1a\0\0\xdb\0\0\0\x59\x0b\0\0\x19\xf0\0\0\
\x70\x1a\0\0\xdb\0\0\0\x59\x0b\0\0\x0d\xf0\0\0\x78\x1a\0\0\xdb\0\0\0\0\0\0\0\0\
\0\0\0\x88\x1a\0\0\xdb\0\0\0\x81\x0b\0\0\x10\xf8\0\0\x90\x1a\0\0\xdb\0\0\0\x81\
\x0b\0\0\x0d\xf8\0\0\x98\x1a\0\0\xdb\0\0\0\x59\x0b\0\0\x19\xf0\0\0\xa0\x1a\0\0\
\xdb\0\0\0\x59\x0b\0\0\x0d\xf0\0\0\xa8\x1a\0\0\xdb\0\0\0\x81\x0b\0\0\x10\xf8\0\
\0\xb0\x1a\0\0\xdb\0\0\0\x81\x0b\0\0\x0d\xf8\0\0\xb8\x1a\0\0\xdb\0\0\0\x9f\x0b\
\0\0\x30\xe8\0\0\xc8\x1a\0\0\xdb\0\0\0\xd4\x0b\0\0\x24\xec\0\0\xd0\x1a\0\0\xdb\
\0\0\0\x59\x0b\0\0\x19\xf0\0\0\xe0\x1a\0\0\xdb\0\0\0\x59\x0b\0\0\x0d\xf0\0\0\
\xe8\x1a\0\0\xdb\0\0\0\0\0\0\0\0\0\0\0\xf8\x1a\0\0\xdb\0\0\0\x81\x0b\0\0\x10\
\xf8\0\0\0\x1b\0\0\xdb\0\0\0\x81\x0b\0\0\x0d\xf8\0\0\x08\x1b\0\0\xdb\0\0\0\x59\
\x0b\0\0\x19\xf0\0\0\x10\x1b\0\0\xdb\0\0\0\x59\x0b\0\0\x0d\xf0\0\0\x18\x1b\0\0\
\xdb\0\0\0\x81\x0b\0\0\x10\xf8\0\0\x20\x1b\0\0\xdb\0\0\0\x81\x0b\0\0\x0d\xf8\0\
\0\x28\x1b\0\0\xdb\0\0\0\x9f\x0b\0\0\x30\xe8\0\0\x38\x1b\0\0\xdb\0\0\0\xd4\x0b\
\0\0\x24\xec\0\0\x40\x1b\0\0\xdb\0\0\0\x59\x0b\0\0\x19\xf0\0\0\x50\x1b\0\0\xdb\
\0\0\0\x59\x0b\0\0\x0d\xf0\0\0\x58\x1b\0\0\xdb\0\0\0\0\0\0\0\0\0\0\0\x68\x1b\0\
\0\xdb\0\0\0\x81\x0b\0\0\x10\xf8\0\0\x70\x1b\0\0\xdb\0\0\0\x81\x0b\0\0\x0d\xf8\
\0\0\x78\x1b\0\0\xdb\0\0\0\x59\x0b\0\0\x19\xf0\0\0\x80\x1b\0\0\xdb\0\0\0\x59\
\x0b\0\0\x0d\xf0\0\0\x88\x1b\0\0\xdb\0\0\0\x81\x0b\0\0\x10\xf8\0\0\x90\x1b\0\0\
\xdb\0\0\0\x81\x0b\0\0\x0d\xf8\0\0\x98\x1b\0\0\xdb\0\0\0\x9f\x0b\0\0\x30\xe8\0\
\0\xa8\x1b\0\0\xdb\0\0\0\xd4\x0b\0\0\x24\xec\0\0\xb0\x1b\0\0\xdb\0\0\0\x59\x0b\
\0\0\x19\xf0\0\0\xc0\x1b\0\0\xdb\0\0\0\x59\x0b\0\0\x0d\xf0\0\0\xc8\x1b\0\0\xdb\
\0\0\0\0\0\0\0\0\0\0\0\xd8\x1b\0\0\xdb\0\0\0\x81\x0b\0\0\x10\xf8\0\0\xe0\x1b\0\
\0\xdb\0\0\0\x81\x0b\0\0\x0d\xf8\0\0\xe8\x1b\0\0\xdb\0\0\0\x59\x0b\0\0\x19\xf0\
\0\0\xf0\x1b\0\0\xdb\0\0\0\x59\x0b\0\0\x0d\xf0\0\0\xf8\x1b\0\0\xdb\0\0\0\x81\
\x0b\0\0\x10\xf8\0\0\0\x1c\0\0\xdb\0\0\0\x81\x0b\0\0\x0d\xf8\0\0\x08\x1c\0\0\
\xdb\0\0\0\x9f\x0b\0\0\x30\xe8\0\0\x18\x1c\0\0\xdb\0\0\0\xd4\x0b\0\0\x24\xec\0\
\0\x20\x1c\0\0\xdb\0\0\0\x59\x0b\0\0\x19\xf0\0\0\x30\x1c\0\0\xdb\0\0\0\x59\x0b\
\0\0\x0d\xf0\0\0\x38\x1c\0\0\xdb\0\0\0\0\0\0\0\0\0\0\0\x48\x1c\0\0\xdb\0\0\0\
\x81\x0b\0\0\x10\xf8\0\0\x50\x1c\0\0\xdb\0\0\0\x81\x0b\0\0\x0d\xf8\0\0\x58\x1c\
\0\0\xdb\0\0\0\x59\x0b\0\0\x19\xf0\0\0\x60\x1c\0\0\xdb\0\0\0\x59\x0b\0\0\x0d\
\xf0\0\0\x68\x1c\0\0\xdb\0\0\0\x81\x0b\0\0\x10\xf8\0\0\x70\x1c\0\0\xdb\0\0\0\
\x81\x0b\0\0\x0d\xf8\0\0\x78\x1c\0\0\xdb\0\0\0\x9f\x0b\0\0\x30\xe8\0\0\x88\x1c\
\0\0\xdb\0\0\0\xd4\x0b\0\0\x24\xec\0\0\x90\x1c\0\0\xdb\0\0\0\x59\x0b\0\0\x19\
\xf0\0\0\xa0\x1c\0\0\xdb\0\0\0\x59\x0b\0\0\x0d\xf0\0\0\xa8\x1c\0\0\xdb\0\0\0\0\
\0\0\0\0\0\0\0\xb8\x1c\0\0\xdb\0\0\0\x81\x0b\0\0\x10\xf8\0\0\xc0\x1c\0\0\xdb\0\
\0\0\x81\x0b\0\0\x0d\xf8\0\0\xc8\x1c\0\0\xdb\0\0\0\x59\x0b\0\0\x19\xf0\0\0\xd0\
\x1c\0\0\xdb\0\0\0\x59\x0b\0\0\x0d\xf0\0\0\xd8\x1c\0\0\xdb\0\0\0\x81\x0b\0\0\
\x10\xf8\0\0\xe0\x1c\0\0\xdb\0\0\0\x81\x0b\0\0\x0d\xf8\0\0\xe8\x1c\0\0\xdb\0\0\
\0\x9f\x0b\0\0\x30\xe8\0\0\xf8\x1c\0\0\xdb\0\0\0\xd4\x0b\0\0\x24\xec\0\0\0\x1d\
\0\0\xdb\0\0\0\x59\x0b\0\0\x19\xf0\0\0\x10\x1d\0\0\xdb\0\0\0\x59\x0b\0\0\x0d\
\xf0\0\0\x18\x1d\0\0\xdb\0\0\0\0\0\0\0\0\0\0\0\x28\x1d\0\0\xdb\0\0\0\x81\x0b\0\
\0\x10\xf8\0\0\x30\x1d\0\0\xdb\0\0\0\x81\x0b\0\0\x0d\xf8\0\0\x38\x1d\0\0\xdb\0\
\0\0\x59\x0b\0\0\x19\xf0\0\0\x40\x1d\0\0\xdb\0\0\0\x59\x0b\0\0\x0d\xf0\0\0\x48\
\x1d\0\0\xdb\0\0\0\x81\x0b\0\0\x10\xf8\0\0\x50\x1d\0\0\xdb\0\0\0\x81\x0b\0\0\
\x0d\xf8\0\0\x58\x1d\0\0\xdb\0\0\0\x9f\x0b\0\0\x30\xe8\0\0\x68\x1d\0\0\xdb\0\0\
\0\xd4\x0b\0\0\x24\xec\0\0\x70\x1d\0\0\xdb\0\0\0\x59\x0b\0\0\x19\xf0\0\0\x80\
\x1d\0\0\xdb\0\0\0\x59\x0b\0\0\x0d\xf0\0\0\x88\x1d\0\0\xdb\0\0\0\0\0\0\0\0\0\0\
\0\x98\x1d\0\0\xdb\0\0\0\x81\x0b\0\0\x10\xf8\0\0\xa0\x1d\0\0\xdb\0\0\0\x81\x0b\
\0\0\x0d\xf8\0\0\xa8\x1d\0\0\xdb\0\0\0\x59\x0b\0\0\x19\xf0\0\0\xb0\x1d\0\0\xdb\
\0\0\0\x59\x0b\0\0\x0d\xf0\0\0\xb8\x1d\0\0\xdb\0\0\0\x81\x0b\0\0\x10\xf8\0\0\
\xc0\x1d\0\0\xdb\0\0\0\x81\x0b\0\0\x0d\xf8\0\0\xc8\x1d\0\0\xdb\0\0\0\x9f\x0b\0\
\0\x30\xe8\0\0\xd8\x1d\0\0\xdb\0\0\0\xd4\x0b\0\0\x24\xec\0\0\xe0\x1d\0\0\xdb\0\
\0\0\x59\x0b\0\0\x19\xf0\0\0\xf0\x1d\0\0\xdb\0\0\0\x59\x0b\0\0\x0d\xf0\0\0\xf8\
\x1d\0\0\xdb\0\0\0\0\0\0\0\0\0\0\0\x08\x1e\0\0\xdb\0\0\0\x81\x0b\0\0\x10\xf8\0\
\0\x10\x1e\0\0\xdb\0\0\0\x81\x0b\0\0\x0d\xf8\0\0\x18\x1e\0\0\xdb\0\0\0\x59\x0b\
\0\0\x19\xf0\0\0\x20\x1e\0\0\xdb\0\0\0\x59\x0b\0\0\x0d\xf0\0\0\x28\x1e\0\0\xdb\
\0\0\0\x81\x0b\0\0\x10\xf8\0\0\x30\x1e\0\0\xdb\0\0\0\x81\x0b\0\0\x0d\xf8\0\0\
\x38\x1e\0\0\xdb\0\0\0\x9f\x0b\0\0\x30\xe8\0\0\x48\x1e\0\0\xdb\0\0\0\xd4\x0b\0\
\0\x24\xec\0\0\x50\x1e\0\0\xdb\0\0\0\x59\x0b\0\0\x19\xf0\0\0\x60\x1e\0\0\xdb\0\
\0\0\x59\x0b\0\0\x0d\xf0\0\0\x68\x1e\0\0\xdb\0\0\0\0\0\0\0\0\0\0\0\x78\x1e\0\0\
\xdb\0\0\0\x81\x0b\0\0\x10\xf8\0\0\x80\x1e\0\0\xdb\0\0\0\x81\x0b\0\0\x0d\xf8\0\
\0\x88\x1e\0\0\xdb\0\0\0\x59\x0b\0\0\x19\xf0\0\0\x90\x1e\0\0\xdb\0\0\0\x59\x0b\
\0\0\x0d\xf0\0\0\x98\x1e\0\0\xdb\0\0\0\x81\x0b\0\0\x10\xf8\0\0\xa0\x1e\0\0\xdb\
\0\0\0\x81\x0b\0\0\x0d\xf8\0\0\xa8\x1e\0\0\xdb\0\0\0\x9f\x0b\0\0\x30\xe8\0\0\
\xb8\x1e\0\0\xdb\0\0\0\xd4\x0b\0\0\x24\xec\0\0\xc0\x1e\0\0\xdb\0\0\0\x59\x0b\0\
\0\x19\xf0\0\0\xd0\x1e\0\0\xdb\0\0\0\x59\x0b\0\0\x0d\xf0\0\0\xd8\x1e\0\0\xdb\0\
\0\0\0\0\0\0\0\0\0\0\xe8\x1e\0\0\xdb\0\0\0\x81\x0b\0\0\x10\xf8\0\0\xf0\x1e\0\0\
\xdb\0\0\0\x81\x0b\0\0\x0d\xf8\0\0\xf8\x1e\0\0\xdb\0\0\0\x59\x0b\0\0\x19\xf0\0\
\0\0\x1f\0\0\xdb\0\0\0\x59\x0b\0\0\x0d\xf0\0\0\x08\x1f\0\0\xdb\0\0\0\x81\x0b\0\
\0\x10\xf8\0\0\x10\x1f\0\0\xdb\0\0\0\x81\x0b\0\0\x0d\xf8\0\0\x18\x1f\0\0\xdb\0\
\0\0\x9f\x0b\0\0\x30\xe8\0\0\x28\x1f\0\0\xdb\0\0\0\xd4\x0b\0\0\x24\xec\0\0\x30\
\x1f\0\0\xdb\0\0\0\x59\x0b\0\0\x19\xf0\0\0\x40\x1f\0\0\xdb\0\0\0\x59\x0b\0\0\
\x0d\xf0\0\0\x48\x1f\0\0\xdb\0\0\0\0\0\0\0\0\0\0\0\x58\x1f\0\0\xdb\0\0\0\x81\
\x0b\0\0\x10\xf8\0\0\x60\x1f\0\0\xdb\0\0\0\x81\x0b\0\0\x0d\xf8\0\0\x78\x1f\0\0\
\xdb\0\0\0\x59\x0b\0\0\x19\xf0\0\0\x88\x1f\0\0\xdb\0\0\0\x59\x0b\0\0\x0d\xf0\0\
\0\x90\x1f\0\0\xdb\0\0\0\x81\x0b\0\0\x10\xf8\0\0\x98\x1f\0\0\xdb\0\0\0\x81\x0b\
\0\0\x0d\xf8\0\0\xa0\x1f\0\0\xdb\0\0\0\x9f\x0b\0\0\x30\xe8\0\0\xb0\x1f\0\0\xdb\
\0\0\0\xd4\x0b\0\0\x24\xec\0\0\xb8\x1f\0\0\xdb\0\0\0\x59\x0b\0\0\x19\xf0\0\0\
\xd0\x1f\0\0\xdb\0\0\0\x59\x0b\0\0\x0d\xf0\0\0\xd8\x1f\0\0\xdb\0\0\0\0\0\0\0\0\
\0\0\0\xe8\x1f\0\0\xdb\0\0\0\x81\x0b\0\0\x10\xf8\0\0\xf0\x1f\0\0\xdb\0\0\0\x81\
\x0b\0\0\x0d\xf8\0\0\xf8\x1f\0\0\xdb\0\0\0\x59\x0b\0\0\x19\xf0\0\0\x08\x20\0\0\
\xdb\0\0\0\x59\x0b\0\0\x0d\xf0\0\0\x10\x20\0\0\xdb\0\0\0\x81\x0b\0\0\x10\xf8\0\
\0\x18\x20\0\0\xdb\0\0\0\x81\x0b\0\0\x0d\xf8\0\0\x20\x20\0\0\xdb\0\0\0\x9f\x0b\
\0\0\x30\xe8\0\0\x30\x20\0\0\xdb\0\0\0\xd4\x0b\0\0\x24\xec\0\0\x38\x20\0\0\xdb\
\0\0\0\x59\x0b\0\0\x19\xf0\0\0\x50\x20\0\0\xdb\0\0\0\x59\x0b\0\0\x0d\xf0\0\0\
\x58\x20\0\0\xdb\0\0\0\0\0\0\0\0\0\0\0\x68\x20\0\0\xdb\0\0\0\x81\x0b\0\0\x10\
\xf8\0\0\x70\x20\0\0\xdb\0\0\0\x81\x0b\0\0\x0d\xf8\0\0\x78\x20\0\0\xdb\0\0\0\
\x59\x0b\0\0\x19\xf0\0\0\x88\x20\0\0\xdb\0\0\0\x59\x0b\0\0\x0d\xf0\0\0\x90\x20\
\0\0\xdb\0\0\0\x81\x0b\0\0\x10\xf8\0\0\x98\x20\0\0\xdb\0\0\0\x81\x0b\0\0\x0d\
\xf8\0\0\xa0\x20\0\0\xdb\0\0\0\x9f\x0b\0\0\x30\xe8\0\0\xb0\x20\0\0\xdb\0\0\0\
\xd4\x0b\0\0\x24\xec\0\0\xb8\x20\0\0\xdb\0\0\0\x59\x0b\0\0\x19\xf0\0\0\xd0\x20\
\0\0\xdb\0\0\0\x59\x0b\0\0\x0d\xf0\0\0\xd8\x20\0\0\xdb\0\0\0\0\0\0\0\0\0\0\0\
\xe8\x20\0\0\xdb\0\0\0\x81\x0b\0\0\x10\xf8\0\0\xf0\x20\0\0\xdb\0\0\0\x81\x0b\0\
\0\x0d\xf8\0\0\xf8\x20\0\0\xdb\0\0\0\x59\x0b\0\0\x19\xf0\0\0\x08\x21\0\0\xdb\0\
\0\0\x59\x0b\0\0\x0d\xf0\0\0\x10\x21\0\0\xdb\0\0\0\x81\x0b\0\0\x10\xf8\0\0\x18\
\x21\0\0\xdb\0\0\0\x81\x0b\0\0\x0d\xf8\0\0\x20\x21\0\0\xdb\0\0\0\x9f\x0b\0\0\
\x30\xe8\0\0\x30\x21\0\0\xdb\0\0\0\xd4\x0b\0\0\x24\xec\0\0\x38\x21\0\0\xdb\0\0\
\0\x59\x0b\0\0\x19\xf0\0\0\x50\x21\0\0\xdb\0\0\0\x59\x0b\0\0\x0d\xf0\0\0\x58\
\x21\0\0\xdb\0\0\0\0\0\0\0\0\0\0\0\x68\x21\0\0\xdb\0\0\0\x81\x0b\0\0\x10\xf8\0\
\0\x70\x21\0\0\xdb\0\0\0\x81\x0b\0\0\x0d\xf8\0\0\x78\x21\0\0\xdb\0\0\0\x59\x0b\
\0\0\x19\xf0\0\0\x88\x21\0\0\xdb\0\0\0\x59\x0b\0\0\x0d\xf0\0\0\x90\x21\0\0\xdb\
\0\0\0\x81\x0b\0\0\x10\xf8\0\0\x98\x21\0\0\xdb\0\0\0\x81\x0b\0\0\x0d\xf8\0\0\
\xa0\x21\0\0\xdb\0\0\0\x9f\x0b\0\0\x30\xe8\0\0\xb0\x21\0\0\xdb\0\0\0\xd4\x0b\0\
\0\x24\xec\0\0\xb8\x21\0\0\xdb\0\0\0\x59\x0b\0\0\x19\xf0\0\0\xd0\x21\0\0\xdb\0\
\0\0\x59\x0b\0\0\x0d\xf0\0\0\xd8\x21\0\0\xdb\0\0\0\0\0\0\0\0\0\0\0\xe8\x21\0\0\
\xdb\0\0\0\x81\x0b\0\0\x10\xf8\0\0\xf0\x21\0\0\xdb\0\0\0\x81\x0b\0\0\x0d\xf8\0\
\0\xf8\x21\0\0\xdb\0\0\0\x59\x0b\0\0\x19\xf0\0\0\x08\x22\0\0\xdb\0\0\0\x59\x0b\
\0\0\x0d\xf0\0\0\x10\x22\0\0\xdb\0\0\0\x81\x0b\0\0\x10\xf8\0\0\x18\x22\0\0\xdb\
\0\0\0\x81\x0b\0\0\x0d\xf8\0\0\x20\x22\0\0\xdb\0\0\0\x9f\x0b\0\0\x30\xe8\0\0\
\x30\x22\0\0\xdb\0\0\0\xd4\x0b\0\0\x24\xec\0\0\x38\x22\0\0\xdb\0\0\0\x59\x0b\0\
\0\x19\xf0\0\0\x50\x22\0\0\xdb\0\0\0\x59\x0b\0\0\x0d\xf0\0\0\x58\x22\0\0\xdb\0\
\0\0\0\0\0\0\0\0\0\0\x68\x22\0\0\xdb\0\0\0\x81\x0b\0\0\x10\xf8\0\0\x70\x22\0\0\
\xdb\0\0\0\x81\x0b\0\0\x0d\xf8\0\0\x78\x22\0\0\xdb\0\0\0\x59\x0b\0\0\x19\xf0\0\
\0\x88\x22\0\0\xdb\0\0\0\x59\x0b\0\0\x0d\xf0\0\0\x90\x22\0\0\xdb\0\0\0\x81\x0b\
\0\0\x10\xf8\0\0\x98\x22\0\0\xdb\0\0\0\x81\x0b\0\0\x0d\xf8\0\0\xa0\x22\0\0\xdb\
\0\0\0\x9f\x0b\0\0\x30\xe8\0\0\xb0\x22\0\0\xdb\0\0\0\xd4\x0b\0\0\x24\xec\0\0\
\xb8\x22\0\0\xdb\0\0\0\x59\x0b\0\0\x19\xf0\0\0\xd0\x22\0\0\xdb\0\0\0\x59\x0b\0\
\0\x0d\xf0\0\0\xd8\x22\0\0\xdb\0\0\0\0\0\0\0\0\0\0\0\xe8\x22\0\0\xdb\0\0\0\x81\
\x0b\0\0\x10\xf8\0\0\xf0\x22\0\0\xdb\0\0\0\x81\x0b\0\0\x0d\xf8\0\0\xf8\x22\0\0\
\xdb\0\0\0\x59\x0b\0\0\x19\xf0\0\0\x08\x23\0\0\xdb\0\0\0\x59\x0b\0\0\x0d\xf0\0\
\0\x10\x23\0\0\xdb\0\0\0\x81\x0b\0\0\x10\xf8\0\0\x18\x23\0\0\xdb\0\0\0\x81\x0b\
\0\0\x0d\xf8\0\0\x20\x23\0\0\xdb\0\0\0\x9f\x0b\0\0\x30\xe8\0\0\x30\x23\0\0\xdb\
\0\0\0\xd4\x0b\0\0\x24\xec\0\0\x38\x23\0\0\xdb\0\0\0\x59\x0b\0\0\x19\xf0\0\0\
\x50\x23\0\0\xdb\0\0\0\x59\x0b\0\0\x0d\xf0\0\0\x58\x23\0\0\xdb\0\0\0\0\0\0\0\0\
\0\0\0\x68\x23\0\0\xdb\0\0\0\x81\x0b\0\0\x10\xf8\0\0\x70\x23\0\0\xdb\0\0\0\x81\
\x0b\0\0\x0d\xf8\0\0\x78\x23\0\0\xdb\0\0\0\x59\x0b\0\0\x19\xf0\0\0\x88\x23\0\0\
\xdb\0\0\0\x59\x0b\0\0\x0d\xf0\0\0\x90\x23\0\0\xdb\0\0\0\x81\x0b\0\0\x10\xf8\0\
\0\x98\x23\0\0\xdb\0\0\0\x81\x0b\0\0\x0d\xf8\0\0\xa0\x23\0\0\xdb\0\0\0\x9f\x0b\
\0\0\x30\xe8\0\0\xb0\x23\0\0\xdb\0\0\0\xd4\x0b\0\0\x24\xec\0\0\xb8\x23\0\0\xdb\
\0\0\0\x59\x0b\0\0\x19\xf0\0\0\xd0\x23\0\0\xdb\0\0\0\x59\x0b\0\0\x0d\xf0\0\0\
\xd8\x23\0\0\xdb\0\0\0\0\0\0\0\0\0\0\0\xe8\x23\0\0\xdb\0\0\0\x81\x0b\0\0\x10\
\xf8\0\0\xf0\x23\0\0\xdb\0\0\0\x81\x0b\0\0\x0d\xf8\0\0\xf8\x23\0\0\xdb\0\0\0\
\x59\x0b\0\0\x19\xf0\0\0\x08\x24\0\0\xdb\0\0\0\x59\x0b\0\0\x0d\xf0\0\0\x10\x24\
\0\0\xdb\0\0\0\x81\x0b\0\0\x10\xf8\0\0\x18\x24\0\0\xdb\0\0\0\x81\x0b\0\0\x0d\
\xf8\0\0\x20\x24\0\0\xdb\0\0\0\x9f\x0b\0\0\x30\xe8\0\0\x30\x24\0\0\xdb\0\0\0\
\xd4\x0b\0\0\x24\xec\0\0\x38\x24\0\0\xdb\0\0\0\x59\x0b\0\0\x19\xf0\0\0\x50\x24\
\0\0\xdb\0\0\0\x59\x0b\0\0\x0d\xf0\0\0\x58\x24\0\0\xdb\0\0\0\0\0\0\0\0\0\0\0\
\x68\x24\0\0\xdb\0\0\0\x81\x0b\0\0\x10\xf8\0\0\x70\x24\0\0\xdb\0\0\0\x81\x0b\0\
\0\x0d\xf8\0\0\x78\x24\0\0\xdb\0\0\0\x59\x0b\0\0\x19\xf0\0\0\x88\x24\0\0\xdb\0\
\0\0\x59\x0b\0\0\x0d\xf0\0\0\x90\x24\0\0\xdb\0\0\0\x81\x0b\0\0\x10\xf8\0\0\x98\
\x24\0\0\xdb\0\0\0\x81\x0b\0\0\x0d\xf8\0\0\xa0\x24\0\0\xdb\0\0\0\x9f\x0b\0\0\
\x30\xe8\0\0\xb0\x24\0\0\xdb\0\0\0\xd4\x0b\0\0\x24\xec\0\0\xb8\x24\0\0\xdb\0\0\
\0\x59\x0b\0\0\x19\xf0\0\0\xd0\x24\0\0\xdb\0\0\0\x59\x0b\0\0\x0d\xf0\0\0\xd8\
\x24\0\0\xdb\0\0\0\0\0\0\0\0\0\0\0\xe8\x24\0\0\xdb\0\0\0\x81\x0b\0\0\x10\xf8\0\
\0\xf0\x24\0\0\xdb\0\0\0\x81\x0b\0\0\x0d\xf8\0\0\xf8\x24\0\0\xdb\0\0\0\x59\x0b\
\0\0\x19\xf0\0\0\x08\x25\0\0\xdb\0\0\0\x59\x0b\0\0\x0d\xf0\0\0\x10\x25\0\0\xdb\
\0\0\0\x81\x0b\0\0\x10\xf8\0\0\x18\x25\0\0\xdb\0\0\0\x81\x0b\0\0\x0d\xf8\0\0\
\x20\x25\0\0\xdb\0\0\0\x9f\x0b\0\0\x30\xe8\0\0\x30\x25\0\0\xdb\0\0\0\xd4\x0b\0\
\0\x24\xec\0\0\x38\x25\0\0\xdb\0\0\0\x59\x0b\0\0\x19\xf0\0\0\x50\x25\0\0\xdb\0\
\0\0\x59\x0b\0\0\x0d\xf0\0\0\x58\x25\0\0\xdb\0\0\0\0\0\0\0\0\0\0\0\x68\x25\0\0\
\xdb\0\0\0\x81\x0b\0\0\x10\xf8\0\0\x70\x25\0\0\xdb\0\0\0\x81\x0b\0\0\x0d\xf8\0\
\0\x78\x25\0\0\xdb\0\0\0\x59\x0b\0\0\x19\xf0\0\0\x88\x25\0\0\xdb\0\0\0\x59\x0b\
\0\0\x0d\xf0\0\0\x90\x25\0\0\xdb\0\0\0\x81\x0b\0\0\x10\xf8\0\0\x98\x25\0\0\xdb\
\0\0\0\x81\x0b\0\0\x0d\xf8\0\0\xa0\x25\0\0\xdb\0\0\0\x9f\x0b\0\0\x30\xe8\0\0\
\xb0\x25\0\0\xdb\0\0\0\xd4\x0b\0\0\x24\xec\0\0\xb8\x25\0\0\xdb\0\0\0\x59\x0b\0\
\0\x19\xf0\0\0\xd0\x25\0\0\xdb\0\0\0\x59\x0b\0\0\x0d\xf0\0\0\xd8\x25\0\0\xdb\0\
\0\0\0\0\0\0\0\0\0\0\xe8\x25\0\0\xdb\0\0\0\x81\x0b\0\0\x10\xf8\0\0\xf0\x25\0\0\
\xdb\0\0\0\x81\x0b\0\0\x0d\xf8\0\0\xf8\x25\0\0\xdb\0\0\0\x59\x0b\0\0\x19\xf0\0\
\0\x08\x26\0\0\xdb\0\0\0\x59\x0b\0\0\x0d\xf0\0\0\x10\x26\0\0\xdb\0\0\0\x81\x0b\
\0\0\x10\xf8\0\0\x18\x26\0\0\xdb\0\0\0\x81\x0b\0\0\x0d\xf8\0\0\x20\x26\0\0\xdb\
\0\0\0\x9f\x0b\0\0\x30\xe8\0\0\x30\x26\0\0\xdb\0\0\0\xd4\x0b\0\0\x24\xec\0\0\
\x38\x26\0\0\xdb\0\0\0\x59\x0b\0\0\x19\xf0\0\0\x50\x26\0\0\xdb\0\0\0\x59\x0b\0\
\0\x0d\xf0\0\0\x58\x26\0\0\xdb\0\0\0\0\0\0\0\0\0\0\0\x68\x26\0\0\xdb\0\0\0\x81\
\x0b\0\0\x10\xf8\0\0\x70\x26\0\0\xdb\0\0\0\x81\x0b\0\0\x0d\xf8\0\0\x78\x26\0\0\
\xdb\0\0\0\x59\x0b\0\0\x19\xf0\0\0\x88\x26\0\0\xdb\0\0\0\x59\x0b\0\0\x0d\xf0\0\
\0\x90\x26\0\0\xdb\0\0\0\x81\x0b\0\0\x10\xf8\0\0\x98\x26\0\0\xdb\0\0\0\x81\x0b\
\0\0\x0d\xf8\0\0\xa0\x26\0\0\xdb\0\0\0\x9f\x0b\0\0\x30\xe8\0\0\xb0\x26\0\0\xdb\
\0\0\0\xd4\x0b\0\0\x24\xec\0\0\xb8\x26\0\0\xdb\0\0\0\x59\x0b\0\0\x19\xf0\0\0\
\xd0\x26\0\0\xdb\0\0\0\x59\x0b\0\0\x0d\xf0\0\0\xd8\x26\0\0\xdb\0\0\0\0\0\0\0\0\
\0\0\0\xe8\x26\0\0\xdb\0\0\0\x81\x0b\0\0\x10\xf8\0\0\xf0\x26\0\0\xdb\0\0\0\x81\
\x0b\0\0\x0d\xf8\0\0\xf8\x26\0\0\xdb\0\0\0\x59\x0b\0\0\x19\xf0\0\0\x08\x27\0\0\
\xdb\0\0\0\x59\x0b\0\0\x0d\xf0\0\0\x10\x27\0\0\xdb\0\0\0\x81\x0b\0\0\x10\xf8\0\
\0\x18\x27\0\0\xdb\0\0\0\x81\x0b\0\0\x0d\xf8\0\0\x20\x27\0\0\xdb\0\0\0\x9f\x0b\
\0\0\x30\xe8\0\0\x30\x27\0\0\xdb\0\0\0\xd4\x0b\0\0\x24\xec\0\0\x38\x27\0\0\xdb\
\0\0\0\x59\x0b\0\0\x19\xf0\0\0\x50\x27\0\0\xdb\0\0\0\x59\x0b\0\0\x0d\xf0\0\0\
\x58\x27\0\0\xdb\0\0\0\0\0\0\0\0\0\0\0\x68\x27\0\0\xdb\0\0\0\x81\x0b\0\0\x10\
\xf8\0\0\x70\x27\0\0\xdb\0\0\0\x81\x0b\0\0\x0d\xf8\0\0\x78\x27\0\0\xdb\0\0\0\
\x59\x0b\0\0\x19\xf0\0\0\x88\x27\0\0\xdb\0\0\0\x59\x0b\0\0\x0d\xf0\0\0\x90\x27\
\0\0\xdb\0\0\0\x81\x0b\0\0\x10\xf8\0\0\x98\x27\0\0\xdb\0\0\0\x81\x0b\0\0\x0d\
\xf8\0\0\xa0\x27\0\0\xdb\0\0\0\x9f\x0b\0\0\x30\xe8\0\0\xb0\x27\0\0\xdb\0\0\0\
\xd4\x0b\0\0\x24\xec\0\0\xb8\x27\0\0\xdb\0\0\0\x59\x0b\0\0\x19\xf0\0\0\xd0\x27\
\0\0\xdb\0\0\0\x59\x0b\0\0\x0d\xf0\0\0\xd8\x27\0\0\xdb\0\0\0\0\0\0\0\0\0\0\0\
\xe8\x27\0\0\xdb\0\0\0\x81\x0b\0\0\x10\xf8\0\0\xf0\x27\0\0\xdb\0\0\0\x81\x0b\0\
\0\x0d\xf8\0\0\xf8\x27\0\0\xdb\0\0\0\x59\x0b\0\0\x19\xf0\0\0\x08\x28\0\0\xdb\0\
\0\0\x59\x0b\0\0\x0d\xf0\0\0\x10\x28\0\0\xdb\0\0\0\x81\x0b\0\0\x10\xf8\0\0\x18\
\x28\0\0\xdb\0\0\0\x81\x0b\0\0\x0d\xf8\0\0\x20\x28\0\0\xdb\0\0\0\x9f\x0b\0\0\
\x30\xe8\0\0\x30\x28\0\0\xdb\0\0\0\xd4\x0b\0\0\x24\xec\0\0\x38\x28\0\0\xdb\0\0\
\0\x59\x0b\0\0\x19\xf0\0\0\x50\x28\0\0\xdb\0\0\0\x59\x0b\0\0\x0d\xf0\0\0\x58\
\x28\0\0\xdb\0\0\0\0\0\0\0\0\0\0\0\x68\x28\0\0\xdb\0\0\0\x81\x0b\0\0\x10\xf8\0\
\0\x70\x28\0\0\xdb\0\0\0\x81\x0b\0\0\x0d\xf8\0\0\x78\x28\0\0\xdb\0\0\0\x59\x0b\
\0\0\x19\xf0\0\0\x88\x28\0\0\xdb\0\0\0\x59\x0b\0\0\x0d\xf0\0\0\x90\x28\0\0\xdb\
\0\0\0\x81\x0b\0\0\x10\xf8\0\0\x98\x28\0\0\xdb\0\0\0\x81\x0b\0\0\x0d\xf8\0\0\
\xa0\x28\0\0\xdb\0\0\0\x9f\x0b\0\0\x30\xe8\0\0\xb0\x28\0\0\xdb\0\0\0\xd4\x0b\0\
\0\x24\xec\0\0\xb8\x28\0\0\xdb\0\0\0\x59\x0b\0\0\x19\xf0\0\0\xd0\x28\0\0\xdb\0\
\0\0\x59\x0b\0\0\x0d\xf0\0\0\xd8\x28\0\0\xdb\0\0\0\0\0\0\0\0\0\0\0\xe8\x28\0\0\
\xdb\0\0\0\x81\x0b\0\0\x10\xf8\0\0\xf0\x28\0\0\xdb\0\0\0\x81\x0b\0\0\x0d\xf8\0\
\0\xf8\x28\0\0\xdb\0\0\0\x59\x0b\0\0\x19\xf0\0\0\x08\x29\0\0\xdb\0\0\0\x59\x0b\
\0\0\x0d\xf0\0\0\x10\x29\0\0\xdb\0\0\0\x81\x0b\0\0\x10\xf8\0\0\x18\x29\0\0\xdb\
\0\0\0\x81\x0b\0\0\x0d\xf8\0\0\x20\x29\0\0\xdb\0\0\0\x9f\x0b\0\0\x30\xe8\0\0\
\x30\x29\0\0\xdb\0\0\0\xd4\x0b\0\0\x24\xec\0\0\x38\x29\0\0\xdb\0\0\0\x59\x0b\0\
\0\x19\xf0\0\0\x50\x29\0\0\xdb\0\0\0\x59\x0b\0\0\x0d\xf0\0\0\x58\x29\0\0\xdb\0\
\0\0\0\0\0\0\0\0\0\0\x68\x29\0\0\xdb\0\0\0\x81\x0b\0\0\x10\xf8\0\0\x70\x29\0\0\
\xdb\0\0\0\x81\x0b\0\0\x0d\xf8\0\0\x78\x29\0\0\xdb\0\0\0\x59\x0b\0\0\x19\xf0\0\
\0\x88\x29\0\0\xdb\0\0\0\x59\x0b\0\0\x0d\xf0\0\0\x90\x29\0\0\xdb\0\0\0\x81\x0b\
\0\0\x10\xf8\0\0\x98\x29\0\0\xdb\0\0\0\x81\x0b\0\0\x0d\xf8\0\0\xa0\x29\0\0\xdb\
\0\0\0\x9f\x0b\0\0\x30\xe8\0\0\xb0\x29\0\0\xdb\0\0\0\xd4\x0b\0\0\x24\xec\0\0\
\xb8\x29\0\0\xdb\0\0\0\x59\x0b\0\0\x19\xf0\0\0\xd0\x29\0\0\xdb\0\0\0\x59\x0b\0\
\0\x0d\xf0\0\0\xd8\x29\0\0\xdb\0\0\0\0\0\0\0\0\0\0\0\xe8\x29\0\0\xdb\0\0\0\x81\
\x0b\0\0\x10\xf8\0\0\xf0\x29\0\0\xdb\0\0\0\x81\x0b\0\0\x0d\xf8\0\0\xf8\x29\0\0\
\xdb\0\0\0\x59\x0b\0\0\x19\xf0\0\0\x08\x2a\0\0\xdb\0\0\0\x59\x0b\0\0\x0d\xf0\0\
\0\x10\x2a\0\0\xdb\0\0\0\x81\x0b\0\0\x10\xf8\0\0\x18\x2a\0\0\xdb\0\0\0\x81\x0b\
\0\0\x0d\xf8\0\0\x20\x2a\0\0\xdb\0\0\0\x9f\x0b\0\0\x30\xe8\0\0\x30\x2a\0\0\xdb\
\0\0\0\xd4\x0b\0\0\x24\xec\0\0\x38\x2a\0\0\xdb\0\0\0\x59\x0b\0\0\x19\xf0\0\0\
\x50\x2a\0\0\xdb\0\0\0\x59\x0b\0\0\x0d\xf0\0\0\x58\x2a\0\0\xdb\0\0\0\0\0\0\0\0\
\0\0\0\x68\x2a\0\0\xdb\0\0\0\x81\x0b\0\0\x10\xf8\0\0\x70\x2a\0\0\xdb\0\0\0\x81\
\x0b\0\0\x0d\xf8\0\0\x78\x2a\0\0\xdb\0\0\0\x59\x0b\0\0\x19\xf0\0\0\x88\x2a\0\0\
\xdb\0\0\0\x59\x0b\0\0\x0d\xf0\0\0\x90\x2a\0\0\xdb\0\0\0\x81\x0b\0\0\x10\xf8\0\
\0\x98\x2a\0\0\xdb\0\0\0\x81\x0b\0\0\x0d\xf8\0\0\xa0\x2a\0\0\xdb\0\0\0\x9f\x0b\
\0\0\x30\xe8\0\0\xb0\x2a\0\0\xdb\0\0\0\xd4\x0b\0\0\x24\xec\0\0\xb8\x2a\0\0\xdb\
\0\0\0\x59\x0b\0\0\x19\xf0\0\0\xd0\x2a\0\0\xdb\0\0\0\x59\x0b\0\0\x0d\xf0\0\0\
\xd8\x2a\0\0\xdb\0\0\0\0\0\0\0\0\0\0\0\xe8\x2a\0\0\xdb\0\0\0\x81\x0b\0\0\x10\
\xf8\0\0\xf0\x2a\0\0\xdb\0\0\0\x81\x0b\0\0\x0d\xf8\0\0\xf8\x2a\0\0\xdb\0\0\0\
\x59\x0b\0\0\x19\xf0\0\0\x08\x2b\0\0\xdb\0\0\0\x59\x0b\0\0\x0d\xf0\0\0\x10\x2b\
\0\0\xdb\0\0\0\x81\x0b\0\0\x10\xf8\0\0\x18\x2b\0\0\xdb\0\0\0\x81\x0b\0\0\x0d\
\xf8\0\0\x20\x2b\0\0\xdb\0\0\0\x9f\x0b\0\0\x30\xe8\0\0\x30\x2b\0\0\xdb\0\0\0\
\xd4\x0b\0\0\x24\xec\0\0\x38\x2b\0\0\xdb\0\0\0\x59\x0b\0\0\x19\xf0\0\0\x50\x2b\
\0\0\xdb\0\0\0\x59\x0b\0\0\x0d\xf0\0\0\x58\x2b\0\0\xdb\0\0\0\0\0\0\0\0\0\0\0\
\x68\x2b\0\0\xdb\0\0\0\x81\x0b\0\0\x10\xf8\0\0\x70\x2b\0\0\xdb\0\0\0\x81\x0b\0\
\0\x0d\xf8\0\0\x78\x2b\0\0\xdb\0\0\0\x59\x0b\0\0\x19\xf0\0\0\x88\x2b\0\0\xdb\0\
\0\0\x59\x0b\0\0\x0d\xf0\0\0\x90\x2b\0\0\xdb\0\0\0\x81\x0b\0\0\x10\xf8\0\0\x98\
\x2b\0\0\xdb\0\0\0\x81\x0b\0\0\x0d\xf8\0\0\xa0\x2b\0\0\xdb\0\0\0\x9f\x0b\0\0\
\x30\xe8\0\0\xb0\x2b\0\0\xdb\0\0\0\xd4\x0b\0\0\x24\xec\0\0\xb8\x2b\0\0\xdb\0\0\
\0\x59\x0b\0\0\x19\xf0\0\0\xd0\x2b\0\0\xdb\0\0\0\x59\x0b\0\0\x0d\xf0\0\0\xd8\
\x2b\0\0\xdb\0\0\0\0\0\0\0\0\0\0\0\xe8\x2b\0\0\xdb\0\0\0\x81\x0b\0\0\x10\xf8\0\
\0\xf0\x2b\0\0\xdb\0\0\0\x81\x0b\0\0\x0d\xf8\0\0\xf8\x2b\0\0\xdb\0\0\0\x59\x0b\
\0\0\x19\xf0\0\0\x08\x2c\0\0\xdb\0\0\0\x59\x0b\0\0\x0d\xf0\0\0\x10\x2c\0\0\xdb\
\0\0\0\x81\x0b\0\0\x10\xf8\0\0\x18\x2c\0\0\xdb\0\0\0\x81\x0b\0\0\x0d\xf8\0\0\
\x20\x2c\0\0\xdb\0\0\0\x9f\x0b\0\0\x30\xe8\0\0\x30\x2c\0\0\xdb\0\0\0\xd4\x0b\0\
\0\x24\xec\0\0\x38\x2c\0\0\xdb\0\0\0\x59\x0b\0\0\x19\xf0\0\0\x50\x2c\0\0\xdb\0\
\0\0\x59\x0b\0\0\x0d\xf0\0\0\x58\x2c\0\0\xdb\0\0\0\0\0\0\0\0\0\0\0\x68\x2c\0\0\
\xdb\0\0\0\x81\x0b\0\0\x10\xf8\0\0\x70\x2c\0\0\xdb\0\0\0\x81\x0b\0\0\x0d\xf8\0\
\0\x78\x2c\0\0\xdb\0\0\0\x59\x0b\0\0\x19\xf0\0\0\x88\x2c\0\0\xdb\0\0\0\x59\x0b\
\0\0\x0d\xf0\0\0\x90\x2c\0\0\xdb\0\0\0\x81\x0b\0\0\x10\xf8\0\0\x98\x2c\0\0\xdb\
\0\0\0\x81\x0b\0\0\x0d\xf8\0\0\xa0\x2c\0\0\xdb\0\0\0\x9f\x0b\0\0\x30\xe8\0\0\
\xb0\x2c\0\0\xdb\0\0\0\xd4\x0b\0\0\x24\xec\0\0\xb8\x2c\0\0\xdb\0\0\0\x59\x0b\0\
\0\x19\xf0\0\0\xd0\x2c\0\0\xdb\0\0\0\x59\x0b\0\0\x0d\xf0\0\0\xd8\x2c\0\0\xdb\0\
\0\0\0\0\0\0\0\0\0\0\xe8\x2c\0\0\xdb\0\0\0\x81\x0b\0\0\x10\xf8\0\0\xf0\x2c\0\0\
\xdb\0\0\0\x81\x0b\0\0\x0d\xf8\0\0\xf8\x2c\0\0\xdb\0\0\0\x59\x0b\0\0\x19\xf0\0\
\0\x08\x2d\0\0\xdb\0\0\0\x59\x0b\0\0\x0d\xf0\0\0\x10\x2d\0\0\xdb\0\0\0\x81\x0b\
\0\0\x10\xf8\0\0\x18\x2d\0\0\xdb\0\0\0\x81\x0b\0\0\x0d\xf8\0\0\x20\x2d\0\0\xdb\
\0\0\0\x9f\x0b\0\0\x30\xe8\0\0\x30\x2d\0\0\xdb\0\0\0\xd4\x0b\0\0\x24\xec\0\0\
\x38\x2d\0\0\xdb\0\0\0\x59\x0b\0\0\x19\xf0\0\0\x50\x2d\0\0\xdb\0\0\0\x59\x0b\0\
\0\x0d\xf0\0\0\x58\x2d\0\0\xdb\0\0\0\0\0\0\0\0\0\0\0\x68\x2d\0\0\xdb\0\0\0\x81\
\x0b\0\0\x10\xf8\0\0\x70\x2d\0\0\xdb\0\0\0\x81\x0b\0\0\x0d\xf8\0\0\x78\x2d\0\0\
\xdb\0\0\0\x59\x0b\0\0\x19\xf0\0\0\x88\x2d\0\0\xdb\0\0\0\x59\x0b\0\0\x0d\xf0\0\
\0\x90\x2d\0\0\xdb\0\0\0\x81\x0b\0\0\x10\xf8\0\0\x98\x2d\0\0\xdb\0\0\0\x81\x0b\
\0\0\x0d\xf8\0\0\xa0\x2d\0\0\xdb\0\0\0\x9f\x0b\0\0\x30\xe8\0\0\xb0\x2d\0\0\xdb\
\0\0\0\xd4\x0b\0\0\x24\xec\0\0\xb8\x2d\0\0\xdb\0\0\0\x59\x0b\0\0\x19\xf0\0\0\
\xd0\x2d\0\0\xdb\0\0\0\x59\x0b\0\0\x0d\xf0\0\0\xd8\x2d\0\0\xdb\0\0\0\0\0\0\0\0\
\0\0\0\xe8\x2d\0\0\xdb\0\0\0\x81\x0b\0\0\x10\xf8\0\0\xf0\x2d\0\0\xdb\0\0\0\x81\
\x0b\0\0\x0d\xf8\0\0\xf8\x2d\0\0\xdb\0\0\0\x59\x0b\0\0\x19\xf0\0\0\x08\x2e\0\0\
\xdb\0\0\0\x59\x0b\0\0\x0d\xf0\0\0\x10\x2e\0\0\xdb\0\0\0\x81\x0b\0\0\x10\xf8\0\
\0\x18\x2e\0\0\xdb\0\0\0\x81\x0b\0\0\x0d\xf8\0\0\x20\x2e\0\0\xdb\0\0\0\x9f\x0b\
\0\0\x30\xe8\0\0\x30\x2e\0\0\xdb\0\0\0\xd4\x0b\0\0\x24\xec\0\0\x38\x2e\0\0\xdb\
\0\0\0\x59\x0b\0\0\x19\xf0\0\0\x50\x2e\0\0\xdb\0\0\0\x59\x0b\0\0\x0d\xf0\0\0\
\x58\x2e\0\0\xdb\0\0\0\0\0\0\0\0\0\0\0\x68\x2e\0\0\xdb\0\0\0\x81\x0b\0\0\x10\
\xf8\0\0\x70\x2e\0\0\xdb\0\0\0\x81\x0b\0\0\x0d\xf8\0\0\x78\x2e\0\0\xdb\0\0\0\
\x59\x0b\0\0\x19\xf0\0\0\x88\x2e\0\0\xdb\0\0\0\x59\x0b\0\0\x0d\xf0\0\0\x90\x2e\
\0\0\xdb\0\0\0\x81\x0b\0\0\x10\xf8\0\0\x98\x2e\0\0\xdb\0\0\0\x81\x0b\0\0\x0d\
\xf8\0\0\xa0\x2e\0\0\xdb\0\0\0\x9f\x0b\0\0\x30\xe8\0\0\xb0\x2e\0\0\xdb\0\0\0\
\xd4\x0b\0\0\x24\xec\0\0\xb8\x2e\0\0\xdb\0\0\0\x59\x0b\0\0\x19\xf0\0\0\xd0\x2e\
\0\0\xdb\0\0\0\x59\x0b\0\0\x0d\xf0\0\0\xd8\x2e\0\0\xdb\0\0\0\0\0\0\0\0\0\0\0\
\xe8\x2e\0\0\xdb\0\0\0\x81\x0b\0\0\x10\xf8\0\0\xf0\x2e\0\0\xdb\0\0\0\x81\x0b\0\
\0\x0d\xf8\0\0\xf8\x2e\0\0\xdb\0\0\0\x59\x0b\0\0\x19\xf0\0\0\x08\x2f\0\0\xdb\0\
\0\0\x59\x0b\0\0\x0d\xf0\0\0\x10\x2f\0\0\xdb\0\0\0\x81\x0b\0\0\x10\xf8\0\0\x18\
\x2f\0\0\xdb\0\0\0\x81\x0b\0\0\x0d\xf8\0\0\x20\x2f\0\0\xdb\0\0\0\x9f\x0b\0\0\
\x30\xe8\0\0\x30\x2f\0\0\xdb\0\0\0\xd4\x0b\0\0\x24\xec\0\0\x38\x2f\0\0\xdb\0\0\
\0\x59\x0b\0\0\x19\xf0\0\0\x50\x2f\0\0\xdb\0\0\0\x59\x0b\0\0\x0d\xf0\0\0\x58\
\x2f\0\0\xdb\0\0\0\0\0\0\0\0\0\0\0\x68\x2f\0\0\xdb\0\0\0\x81\x0b\0\0\x10\xf8\0\
\0\x70\x2f\0\0\xdb\0\0\0\x81\x0b\0\0\x0d\xf8\0\0\x78\x2f\0\0\xdb\0\0\0\x59\x0b\
\0\0\x19\xf0\0\0\x88\x2f\0\0\xdb\0\0\0\x59\x0b\0\0\x0d\xf0\0\0\x90\x2f\0\0\xdb\
\0\0\0\x81\x0b\0\0\x10\xf8\0\0\x98\x2f\0\0\xdb\0\0\0\x81\x0b\0\0\x0d\xf8\0\0\
\xa0\x2f\0\0\xdb\0\0\0\x9f\x0b\0\0\x30\xe8\0\0\xb0\x2f\0\0\xdb\0\0\0\xd4\x0b\0\
\0\x24\xec\0\0\xb8\x2f\0\0\xdb\0\0\0\x59\x0b\0\0\x19\xf0\0\0\xd0\x2f\0\0\xdb\0\
\0\0\x59\x0b\0\0\x0d\xf0\0\0\xd8\x2f\0\0\xdb\0\0\0\0\0\0\0\0\0\0\0\xe8\x2f\0\0\
\xdb\0\0\0\x81\x0b\0\0\x10\xf8\0\0\xf0\x2f\0\0\xdb\0\0\0\x81\x0b\0\0\x0d\xf8\0\
\0\xf8\x2f\0\0\xdb\0\0\0\x59\x0b\0\0\x19\xf0\0\0\x08\x30\0\0\xdb\0\0\0\x59\x0b\
\0\0\x0d\xf0\0\0\x10\x30\0\0\xdb\0\0\0\x81\x0b\0\0\x10\xf8\0\0\x18\x30\0\0\xdb\
\0\0\0\x81\x0b\0\0\x0d\xf8\0\0\x20\x30\0\0\xdb\0\0\0\x9f\x0b\0\0\x30\xe8\0\0\
\x30\x30\0\0\xdb\0\0\0\xd4\x0b\0\0\x24\xec\0\0\x38\x30\0\0\xdb\0\0\0\x59\x0b\0\
\0\x19\xf0\0\0\x50\x30\0\0\xdb\0\0\0\x59\x0b\0\0\x0d\xf0\0\0\x58\x30\0\0\xdb\0\
\0\0\0\0\0\0\0\0\0\0\x68\x30\0\0\xdb\0\0\0\x81\x0b\0\0\x10\xf8\0\0\x70\x30\0\0\
\xdb\0\0\0\x81\x0b\0\0\x0d\xf8\0\0\x78\x30\0\0\xdb\0\0\0\x59\x0b\0\0\x19\xf0\0\
\0\x88\x30\0\0\xdb\0\0\0\x59\x0b\0\0\x0d\xf0\0\0\x90\x30\0\0\xdb\0\0\0\x81\x0b\
\0\0\x10\xf8\0\0\x98\x30\0\0\xdb\0\0\0\x81\x0b\0\0\x0d\xf8\0\0\xa0\x30\0\0\xdb\
\0\0\0\x9f\x0b\0\0\x30\xe8\0\0\xb0\x30\0\0\xdb\0\0\0\xd4\x0b\0\0\x24\xec\0\0\
\xb8\x30\0\0\xdb\0\0\0\x59\x0b\0\0\x19\xf0\0\0\xd0\x30\0\0\xdb\0\0\0\x59\x0b\0\
\0\x0d\xf0\0\0\xd8\x30\0\0\xdb\0\0\0\0\0\0\0\0\0\0\0\xe8\x30\0\0\xdb\0\0\0\x81\
\x0b\0\0\x10\xf8\0\0\xf0\x30\0\0\xdb\0\0\0\x81\x0b\0\0\x0d\xf8\0\0\xf8\x30\0\0\
\xdb\0\0\0\x59\x0b\0\0\x19\xf0\0\0\x08\x31\0\0\xdb\0\0\0\x59\x0b\0\0\x0d\xf0\0\
\0\x10\x31\0\0\xdb\0\0\0\x81\x0b\0\0\x10\xf8\0\0\x18\x31\0\0\xdb\0\0\0\x81\x0b\
\0\0\x0d\xf8\0\0\x20\x31\0\0\xdb\0\0\0\x9f\x0b\0\0\x30\xe8\0\0\x30\x31\0\0\xdb\
\0\0\0\xd4\x0b\0\0\x24\xec\0\0\x38\x31\0\0\xdb\0\0\0\x59\x0b\0\0\x19\xf0\0\0\
\x50\x31\0\0\xdb\0\0\0\x59\x0b\0\0\x0d\xf0\0\0\x58\x31\0\0\xdb\0\0\0\0\0\0\0\0\
\0\0\0\x68\x31\0\0\xdb\0\0\0\x81\x0b\0\0\x10\xf8\0\0\x70\x31\0\0\xdb\0\0\0\x81\
\x0b\0\0\x0d\xf8\0\0\x78\x31\0\0\xdb\0\0\0\x59\x0b\0\0\x19\xf0\0\0\x88\x31\0\0\
\xdb\0\0\0\x59\x0b\0\0\x0d\xf0\0\0\x90\x31\0\0\xdb\0\0\0\x81\x0b\0\0\x10\xf8\0\
\0\x98\x31\0\0\xdb\0\0\0\x81\x0b\0\0\x0d\xf8\0\0\xa0\x31\0\0\xdb\0\0\0\x9f\x0b\
\0\0\x30\xe8\0\0\xb0\x31\0\0\xdb\0\0\0\xd4\x0b\0\0\x24\xec\0\0\xb8\x31\0\0\xdb\
\0\0\0\x59\x0b\0\0\x19\xf0\0\0\xd0\x31\0\0\xdb\0\0\0\x59\x0b\0\0\x0d\xf0\0\0\
\xd8\x31\0\0\xdb\0\0\0\0\0\0\0\0\0\0\0\xe8\x31\0\0\xdb\0\0\0\x81\x0b\0\0\x10\
\xf8\0\0\xf0\x31\0\0\xdb\0\0\0\x81\x0b\0\0\x0d\xf8\0\0\xf8\x31\0\0\xdb\0\0\0\
\x59\x0b\0\0\x19\xf0\0\0\x08\x32\0\0\xdb\0\0\0\x59\x0b\0\0\x0d\xf0\0\0\x10\x32\
\0\0\xdb\0\0\0\x81\x0b\0\0\x10\xf8\0\0\x18\x32\0\0\xdb\0\0\0\x81\x0b\0\0\x0d\
\xf8\0\0\x20\x32\0\0\xdb\0\0\0\x9f\x0b\0\0\x30\xe8\0\0\x30\x32\0\0\xdb\0\0\0\
\xd4\x0b\0\0\x24\xec\0\0\x38\x32\0\0\xdb\0\0\0\x59\x0b\0\0\x19\xf0\0\0\x50\x32\
\0\0\xdb\0\0\0\x59\x0b\0\0\x0d\xf0\0\0\x58\x32\0\0\xdb\0\0\0\0\0\0\0\0\0\0\0\
\x68\x32\0\0\xdb\0\0\0\x81\x0b\0\0\x10\xf8\0\0\x70\x32\0\0\xdb\0\0\0\x81\x0b\0\
\0\x0d\xf8\0\0\x78\x32\0\0\xdb\0\0\0\x59\x0b\0\0\x19\xf0\0\0\x88\x32\0\0\xdb\0\
\0\0\x59\x0b\0\0\x0d\xf0\0\0\x90\x32\0\0\xdb\0\0\0\x81\x0b\0\0\x10\xf8\0\0\x98\
\x32\0\0\xdb\0\0\0\x81\x0b\0\0\x0d\xf8\0\0\xa0\x32\0\0\xdb\0\0\0\x9f\x0b\0\0\
\x30\xe8\0\0\xb0\x32\0\0\xdb\0\0\0\xd4\x0b\0\0\x24\xec\0\0\xb8\x32\0\0\xdb\0\0\
\0\x59\x0b\0\0\x19\xf0\0\0\xd0\x32\0\0\xdb\0\0\0\x59\x0b\0\0\x0d\xf0\0\0\xd8\
\x32\0\0\xdb\0\0\0\0\0\0\0\0\0\0\0\xe8\x32\0\0\xdb\0\0\0\x81\x0b\0\0\x10\xf8\0\
\0\xf0\x32\0\0\xdb\0\0\0\x81\x0b\0\0\x0d\xf8\0\0\xf8\x32\0\0\xdb\0\0\0\x59\x0b\
\0\0\x19\xf0\0\0\x08\x33\0\0\xdb\0\0\0\x59\x0b\0\0\x0d\xf0\0\0\x10\x33\0\0\xdb\
\0\0\0\x81\x0b\0\0\x10\xf8\0\0\x18\x33\0\0\xdb\0\0\0\x81\x0b\0\0\x0d\xf8\0\0\
\x20\x33\0\0\xdb\0\0\0\x9f\x0b\0\0\x30\xe8\0\0\x30\x33\0\0\xdb\0\0\0\xd4\x0b\0\
\0\x24\xec\0\0\x38\x33\0\0\xdb\0\0\0\x59\x0b\0\0\x19\xf0\0\0\x50\x33\0\0\xdb\0\
\0\0\x59\x0b\0\0\x0d\xf0\0\0\x58\x33\0\0\xdb\0\0\0\0\0\0\0\0\0\0\0\x68\x33\0\0\
\xdb\0\0\0\x81\x0b\0\0\x10\xf8\0\0\x70\x33\0\0\xdb\0\0\0\x81\x0b\0\0\x0d\xf8\0\
\0\x78\x33\0\0\xdb\0\0\0\x59\x0b\0\0\x19\xf0\0\0\x88\x33\0\0\xdb\0\0\0\x59\x0b\
\0\0\x0d\xf0\0\0\x90\x33\0\0\xdb\0\0\0\x81\x0b\0\0\x10\xf8\0\0\x98\x33\0\0\xdb\
\0\0\0\x81\x0b\0\0\x0d\xf8\0\0\xa0\x33\0\0\xdb\0\0\0\x9f\x0b\0\0\x30\xe8\0\0\
\xb0\x33\0\0\xdb\0\0\0\xd4\x0b\0\0\x24\xec\0\0\xb8\x33\0\0\xdb\0\0\0\x59\x0b\0\
\0\x19\xf0\0\0\xd0\x33\0\0\xdb\0\0\0\x59\x0b\0\0\x0d\xf0\0\0\xd8\x33\0\0\xdb\0\
\0\0\0\0\0\0\0\0\0\0\xe8\x33\0\0\xdb\0\0\0\x81\x0b\0\0\x10\xf8\0\0\xf0\x33\0\0\
\xdb\0\0\0\x81\x0b\0\0\x0d\xf8\0\0\xf8\x33\0\0\xdb\0\0\0\x59\x0b\0\0\x19\xf0\0\
\0\x08\x34\0\0\xdb\0\0\0\x59\x0b\0\0\x0d\xf0\0\0\x10\x34\0\0\xdb\0\0\0\x81\x0b\
\0\0\x10\xf8\0\0\x18\x34\0\0\xdb\0\0\0\x81\x0b\0\0\x0d\xf8\0\0\x20\x34\0\0\xdb\
\0\0\0\x9f\x0b\0\0\x30\xe8\0\0\x30\x34\0\0\xdb\0\0\0\xd4\x0b\0\0\x24\xec\0\0\
\x38\x34\0\0\xdb\0\0\0\x59\x0b\0\0\x19\xf0\0\0\x50\x34\0\0\xdb\0\0\0\x59\x0b\0\
\0\x0d\xf0\0\0\x58\x34\0\0\xdb\0\0\0\0\0\0\0\0\0\0\0\x68\x34\0\0\xdb\0\0\0\x81\
\x0b\0\0\x10\xf8\0\0\x70\x34\0\0\xdb\0\0\0\x81\x0b\0\0\x0d\xf8\0\0\x78\x34\0\0\
\xdb\0\0\0\x59\x0b\0\0\x19\xf0\0\0\x88\x34\0\0\xdb\0\0\0\x59\x0b\0\0\x0d\xf0\0\
\0\x90\x34\0\0\xdb\0\0\0\x81\x0b\0\0\x10\xf8\0\0\x98\x34\0\0\xdb\0\0\0\x81\x0b\
\0\0\x0d\xf8\0\0\xa0\x34\0\0\xdb\0\0\0\x9f\x0b\0\0\x30\xe8\0\0\xb0\x34\0\0\xdb\
\0\0\0\xd4\x0b\0\0\x24\xec\0\0\xb8\x34\0\0\xdb\0\0\0\x59\x0b\0\0\x19\xf0\0\0\
\xd0\x34\0\0\xdb\0\0\0\x59\x0b\0\0\x0d\xf0\0\0\xd8\x34\0\0\xdb\0\0\0\0\0\0\0\0\
\0\0\0\xe8\x34\0\0\xdb\0\0\0\x81\x0b\0\0\x10\xf8\0\0\xf0\x34\0\0\xdb\0\0\0\x81\
\x0b\0\0\x0d\xf8\0\0\xf8\x34\0\0\xdb\0\0\0\x59\x0b\0\0\x19\xf0\0\0\x08\x35\0\0\
\xdb\0\0\0\x59\x0b\0\0\x0d\xf0\0\0\x10\x35\0\0\xdb\0\0\0\x81\x0b\0\0\x10\xf8\0\
\0\x18\x35\0\0\xdb\0\0\0\x81\x0b\0\0\x0d\xf8\0\0\x20\x35\0\0\xdb\0\0\0\x9f\x0b\
\0\0\x30\xe8\0\0\x30\x35\0\0\xdb\0\0\0\xd4\x0b\0\0\x24\xec\0\0\x38\x35\0\0\xdb\
\0\0\0\x59\x0b\0\0\x19\xf0\0\0\x50\x35\0\0\xdb\0\0\0\x59\x0b\0\0\x0d\xf0\0\0\
\x58\x35\0\0\xdb\0\0\0\0\0\0\0\0\0\0\0\x68\x35\0\0\xdb\0\0\0\x81\x0b\0\0\x10\
\xf8\0\0\x70\x35\0\0\xdb\0\0\0\x81\x0b\0\0\x0d\xf8\0\0\x78\x35\0\0\xdb\0\0\0\
\x59\x0b\0\0\x19\xf0\0\0\x88\x35\0\0\xdb\0\0\0\x59\x0b\0\0\x0d\xf0\0\0\x90\x35\
\0\0\xdb\0\0\0\x81\x0b\0\0\x10\xf8\0\0\x98\x35\0\0\xdb\0\0\0\x81\x0b\0\0\x0d\
\xf8\0\0\xa0\x35\0\0\xdb\0\0\0\x9f\x0b\0\0\x30\xe8\0\0\xb0\x35\0\0\xdb\0\0\0\
\xd4\x0b\0\0\x24\xec\0\0\xb8\x35\0\0\xdb\0\0\0\x59\x0b\0\0\x19\xf0\0\0\xd0\x35\
\0\0\xdb\0\0\0\x59\x0b\0\0\x0d\xf0\0\0\xd8\x35\0\0\xdb\0\0\0\0\0\0\0\0\0\0\0\
\xe8\x35\0\0\xdb\0\0\0\x81\x0b\0\0\x10\xf8\0\0\xf0\x35\0\0\xdb\0\0\0\x81\x0b\0\
\0\x0d\xf8\0\0\xf8\x35\0\0\xdb\0\0\0\x59\x0b\0\0\x19\xf0\0\0\x08\x36\0\0\xdb\0\
\0\0\x59\x0b\0\0\x0d\xf0\0\0\x10\x36\0\0\xdb\0\0\0\x81\x0b\0\0\x10\xf8\0\0\x18\
\x36\0\0\xdb\0\0\0\x81\x0b\0\0\x0d\xf8\0\0\x20\x36\0\0\xdb\0\0\0\x9f\x0b\0\0\
\x30\xe8\0\0\x30\x36\0\0\xdb\0\0\0\xd4\x0b\0\0\x24\xec\0\0\x38\x36\0\0\xdb\0\0\
\0\x59\x0b\0\0\x19\xf0\0\0\x50\x36\0\0\xdb\0\0\0\x59\x0b\0\0\x0d\xf0\0\0\x58\
\x36\0\0\xdb\0\0\0\0\0\0\0\0\0\0\0\x68\x36\0\0\xdb\0\0\0\x81\x0b\0\0\x10\xf8\0\
\0\x70\x36\0\0\xdb\0\0\0\x81\x0b\0\0\x0d\xf8\0\0\x78\x36\0\0\xdb\0\0\0\x59\x0b\
\0\0\x19\xf0\0\0\x88\x36\0\0\xdb\0\0\0\x59\x0b\0\0\x0d\xf0\0\0\x90\x36\0\0\xdb\
\0\0\0\x81\x0b\0\0\x10\xf8\0\0\x98\x36\0\0\xdb\0\0\0\x81\x0b\0\0\x0d\xf8\0\0\
\xa0\x36\0\0\xdb\0\0\0\x9f\x0b\0\0\x30\xe8\0\0\xb0\x36\0\0\xdb\0\0\0\xd4\x0b\0\
\0\x24\xec\0\0\xb8\x36\0\0\xdb\0\0\0\x59\x0b\0\0\x19\xf0\0\0\xd0\x36\0\0\xdb\0\
\0\0\x59\x0b\0\0\x0d\xf0\0\0\xd8\x36\0\0\xdb\0\0\0\0\0\0\0\0\0\0\0\xe8\x36\0\0\
\xdb\0\0\0\x81\x0b\0\0\x10\xf8\0\0\xf0\x36\0\0\xdb\0\0\0\x81\x0b\0\0\x0d\xf8\0\
\0\xf8\x36\0\0\xdb\0\0\0\x59\x0b\0\0\x19\xf0\0\0\x08\x37\0\0\xdb\0\0\0\x59\x0b\
\0\0\x0d\xf0\0\0\x10\x37\0\0\xdb\0\0\0\x81\x0b\0\0\x10\xf8\0\0\x18\x37\0\0\xdb\
\0\0\0\x81\x0b\0\0\x0d\xf8\0\0\x20\x37\0\0\xdb\0\0\0\x9f\x0b\0\0\x30\xe8\0\0\
\x30\x37\0\0\xdb\0\0\0\xd4\x0b\0\0\x24\xec\0\0\x38\x37\0\0\xdb\0\0\0\x59\x0b\0\
\0\x19\xf0\0\0\x50\x37\0\0\xdb\0\0\0\x59\x0b\0\0\x0d\xf0\0\0\x58\x37\0\0\xdb\0\
\0\0\0\0\0\0\0\0\0\0\x68\x37\0\0\xdb\0\0\0\x81\x0b\0\0\x10\xf8\0\0\x70\x37\0\0\
\xdb\0\0\0\x81\x0b\0\0\x0d\xf8\0\0\x78\x37\0\0\xdb\0\0\0\x59\x0b\0\0\x19\xf0\0\
\0\x88\x37\0\0\xdb\0\0\0\x59\x0b\0\0\x0d\xf0\0\0\x90\x37\0\0\xdb\0\0\0\x81\x0b\
\0\0\x10\xf8\0\0\x98\x37\0\0\xdb\0\0\0\x81\x0b\0\0\x0d\xf8\0\0\xa0\x37\0\0\xdb\
\0\0\0\x9f\x0b\0\0\x30\xe8\0\0\xb0\x37\0\0\xdb\0\0\0\xd4\x0b\0\0\x24\xec\0\0\
\xb8\x37\0\0\xdb\0\0\0\x59\x0b\0\0\x19\xf0\0\0\xd0\x37\0\0\xdb\0\0\0\x59\x0b\0\
\0\x0d\xf0\0\0\xd8\x37\0\0\xdb\0\0\0\0\0\0\0\0\0\0\0\xe8\x37\0\0\xdb\0\0\0\x81\
\x0b\0\0\x10\xf8\0\0\xf0\x37\0\0\xdb\0\0\0\x81\x0b\0\0\x0d\xf8\0\0\xf8\x37\0\0\
\xdb\0\0\0\x59\x0b\0\0\x19\xf0\0\0\x08\x38\0\0\xdb\0\0\0\x59\x0b\0\0\x0d\xf0\0\
\0\x10\x38\0\0\xdb\0\0\0\x81\x0b\0\0\x10\xf8\0\0\x18\x38\0\0\xdb\0\0\0\x81\x0b\
\0\0\x0d\xf8\0\0\x20\x38\0\0\xdb\0\0\0\x9f\x0b\0\0\x30\xe8\0\0\x30\x38\0\0\xdb\
\0\0\0\xd4\x0b\0\0\x24\xec\0\0\x38\x38\0\0\xdb\0\0\0\x59\x0b\0\0\x19\xf0\0\0\
\x50\x38\0\0\xdb\0\0\0\x59\x0b\0\0\x0d\xf0\0\0\x58\x38\0\0\xdb\0\0\0\0\0\0\0\0\
\0\0\0\x68\x38\0\0\xdb\0\0\0\x81\x0b\0\0\x10\xf8\0\0\x70\x38\0\0\xdb\0\0\0\x81\
\x0b\0\0\x0d\xf8\0\0\x78\x38\0\0\xdb\0\0\0\x59\x0b\0\0\x19\xf0\0\0\x88\x38\0\0\
\xdb\0\0\0\x59\x0b\0\0\x0d\xf0\0\0\x90\x38\0\0\xdb\0\0\0\x81\x0b\0\0\x10\xf8\0\
\0\x98\x38\0\0\xdb\0\0\0\x81\x0b\0\0\x0d\xf8\0\0\xa0\x38\0\0\xdb\0\0\0\x9f\x0b\
\0\0\x30\xe8\0\0\xb0\x38\0\0\xdb\0\0\0\xd4\x0b\0\0\x24\xec\0\0\xb8\x38\0\0\xdb\
\0\0\0\x59\x0b\0\0\x19\xf0\0\0\xd0\x38\0\0\xdb\0\0\0\x59\x0b\0\0\x0d\xf0\0\0\
\xd8\x38\0\0\xdb\0\0\0\0\0\0\0\0\0\0\0\xe8\x38\0\0\xdb\0\0\0\x81\x0b\0\0\x10\
\xf8\0\0\xf0\x38\0\0\xdb\0\0\0\x81\x0b\0\0\x0d\xf8\0\0\xf8\x38\0\0\xdb\0\0\0\
\x59\x0b\0\0\x19\xf0\0\0\x08\x39\0\0\xdb\0\0\0\x59\x0b\0\0\x0d\xf0\0\0\x10\x39\
\0\0\xdb\0\0\0\x81\x0b\0\0\x10\xf8\0\0\x18\x39\0\0\xdb\0\0\0\x81\x0b\0\0\x0d\
\xf8\0\0\x20\x39\0\0\xdb\0\0\0\x9f\x0b\0\0\x30\xe8\0\0\x30\x39\0\0\xdb\0\0\0\
\xd4\x0b\0\0\x24\xec\0\0\x38\x39\0\0\xdb\0\0\0\x59\x0b\0\0\x19\xf0\0\0\x50\x39\
\0\0\xdb\0\0\0\x59\x0b\0\0\x0d\xf0\0\0\x58\x39\0\0\xdb\0\0\0\0\0\0\0\0\0\0\0\
\x68\x39\0\0\xdb\0\0\0\x81\x0b\0\0\x10\xf8\0\0\x70\x39\0\0\xdb\0\0\0\x81\x0b\0\
\0\x0d\xf8\0\0\x78\x39\0\0\xdb\0\0\0\x59\x0b\0\0\x19\xf0\0\0\x88\x39\0\0\xdb\0\
\0\0\x59\x0b\0\0\x0d\xf0\0\0\x90\x39\0\0\xdb\0\0\0\x81\x0b\0\0\x10\xf8\0\0\x98\
\x39\0\0\xdb\0\0\0\x81\x0b\0\0\x0d\xf8\0\0\xa0\x39\0\0\xdb\0\0\0\x9f\x0b\0\0\
\x30\xe8\0\0\xb0\x39\0\0\xdb\0\0\0\xd4\x0b\0\0\x24\xec\0\0\xb8\x39\0\0\xdb\0\0\
\0\x59\x0b\0\0\x19\xf0\0\0\xd0\x39\0\0\xdb\0\0\0\x59\x0b\0\0\x0d\xf0\0\0\xd8\
\x39\0\0\xdb\0\0\0\0\0\0\0\0\0\0\0\xe8\x39\0\0\xdb\0\0\0\x81\x0b\0\0\x10\xf8\0\
\0\xf0\x39\0\0\xdb\0\0\0\x81\x0b\0\0\x0d\xf8\0\0\xf8\x39\0\0\xdb\0\0\0\x59\x0b\
\0\0\x19\xf0\0\0\x08\x3a\0\0\xdb\0\0\0\x59\x0b\0\0\x0d\xf0\0\0\x10\x3a\0\0\xdb\
\0\0\0\x81\x0b\0\0\x10\xf8\0\0\x18\x3a\0\0\xdb\0\0\0\x81\x0b\0\0\x0d\xf8\0\0\
\x20\x3a\0\0\xdb\0\0\0\x9f\x0b\0\0\x30\xe8\0\0\x30\x3a\0\0\xdb\0\0\0\xd4\x0b\0\
\0\x24\xec\0\0\x38\x3a\0\0\xdb\0\0\0\x59\x0b\0\0\x19\xf0\0\0\x50\x3a\0\0\xdb\0\
\0\0\x59\x0b\0\0\x0d\xf0\0\0\x58\x3a\0\0\xdb\0\0\0\0\0\0\0\0\0\0\0\x68\x3a\0\0\
\xdb\0\0\0\x81\x0b\0\0\x10\xf8\0\0\x70\x3a\0\0\xdb\0\0\0\x81\x0b\0\0\x0d\xf8\0\
\0\x78\x3a\0\0\xdb\0\0\0\x59\x0b\0\0\x19\xf0\0\0\x88\x3a\0\0\xdb\0\0\0\x59\x0b\
\0\0\x0d\xf0\0\0\x90\x3a\0\0\xdb\0\0\0\x81\x0b\0\0\x10\xf8\0\0\x98\x3a\0\0\xdb\
\0\0\0\x81\x0b\0\0\x0d\xf8\0\0\xa0\x3a\0\0\xdb\0\0\0\x9f\x0b\0\0\x30\xe8\0\0\
\xb0\x3a\0\0\xdb\0\0\0\xd4\x0b\0\0\x24\xec\0\0\xb8\x3a\0\0\xdb\0\0\0\x59\x0b\0\
\0\x19\xf0\0\0\xd0\x3a\0\0\xdb\0\0\0\x59\x0b\0\0\x0d\xf0\0\0\xd8\x3a\0\0\xdb\0\
\0\0\0\0\0\0\0\0\0\0\xe8\x3a\0\0\xdb\0\0\0\x81\x0b\0\0\x10\xf8\0\0\xf0\x3a\0\0\
\xdb\0\0\0\x81\x0b\0\0\x0d\xf8\0\0\xf8\x3a\0\0\xdb\0\0\0\x59\x0b\0\0\x19\xf0\0\
\0\x08\x3b\0\0\xdb\0\0\0\x59\x0b\0\0\x0d\xf0\0\0\x10\x3b\0\0\xdb\0\0\0\x81\x0b\
\0\0\x10\xf8\0\0\x18\x3b\0\0\xdb\0\0\0\x81\x0b\0\0\x0d\xf8\0\0\x20\x3b\0\0\xdb\
\0\0\0\x9f\x0b\0\0\x30\xe8\0\0\x30\x3b\0\0\xdb\0\0\0\xd4\x0b\0\0\x24\xec\0\0\
\x38\x3b\0\0\xdb\0\0\0\x59\x0b\0\0\x19\xf0\0\0\x50\x3b\0\0\xdb\0\0\0\x59\x0b\0\
\0\x0d\xf0\0\0\x58\x3b\0\0\xdb\0\0\0\0\0\0\0\0\0\0\0\x68\x3b\0\0\xdb\0\0\0\x81\
\x0b\0\0\x10\xf8\0\0\x70\x3b\0\0\xdb\0\0\0\x81\x0b\0\0\x0d\xf8\0\0\x78\x3b\0\0\
\xdb\0\0\0\x59\x0b\0\0\x19\xf0\0\0\x88\x3b\0\0\xdb\0\0\0\x59\x0b\0\0\x0d\xf0\0\
\0\x90\x3b\0\0\xdb\0\0\0\x81\x0b\0\0\x10\xf8\0\0\x98\x3b\0\0\xdb\0\0\0\x81\x0b\
\0\0\x0d\xf8\0\0\xa0\x3b\0\0\xdb\0\0\0\x9f\x0b\0\0\x30\xe8\0\0\xb0\x3b\0\0\xdb\
\0\0\0\xd4\x0b\0\0\x24\xec\0\0\xb8\x3b\0\0\xdb\0\0\0\x59\x0b\0\0\x19\xf0\0\0\
\xd0\x3b\0\0\xdb\0\0\0\x59\x0b\0\0\x0d\xf0\0\0\xd8\x3b\0\0\xdb\0\0\0\0\0\0\0\0\
\0\0\0\xe8\x3b\0\0\xdb\0\0\0\x81\x0b\0\0\x10\xf8\0\0\xf0\x3b\0\0\xdb\0\0\0\x81\
\x0b\0\0\x0d\xf8\0\0\xf8\x3b\0\0\xdb\0\0\0\x59\x0b\0\0\x19\xf0\0\0\x08\x3c\0\0\
\xdb\0\0\0\x59\x0b\0\0\x0d\xf0\0\0\x10\x3c\0\0\xdb\0\0\0\x81\x0b\0\0\x10\xf8\0\
\0\x18\x3c\0\0\xdb\0\0\0\x81\x0b\0\0\x0d\xf8\0\0\x20\x3c\0\0\xdb\0\0\0\x9f\x0b\
\0\0\x30\xe8\0\0\x30\x3c\0\0\xdb\0\0\0\xd4\x0b\0\0\x24\xec\0\0\x38\x3c\0\0\xdb\
\0\0\0\x59\x0b\0\0\x19\xf0\0\0\x50\x3c\0\0\xdb\0\0\0\x59\x0b\0\0\x0d\xf0\0\0\
\x58\x3c\0\0\xdb\0\0\0\0\0\0\0\0\0\0\0\x68\x3c\0\0\xdb\0\0\0\x81\x0b\0\0\x10\
\xf8\0\0\x70\x3c\0\0\xdb\0\0\0\x81\x0b\0\0\x0d\xf8\0\0\x78\x3c\0\0\xdb\0\0\0\
\x59\x0b\0\0\x19\xf0\0\0\x88\x3c\0\0\xdb\0\0\0\x59\x0b\0\0\x0d\xf0\0\0\x90\x3c\
\0\0\xdb\0\0\0\x81\x0b\0\0\x10\xf8\0\0\x98\x3c\0\0\xdb\0\0\0\x81\x0b\0\0\x0d\
\xf8\0\0\xa0\x3c\0\0\xdb\0\0\0\x9f\x0b\0\0\x30\xe8\0\0\xb0\x3c\0\0\xdb\0\0\0\
\xd4\x0b\0\0\x24\xec\0\0\xb8\x3c\0\0\xdb\0\0\0\x59\x0b\0\0\x19\xf0\0\0\xd0\x3c\
\0\0\xdb\0\0\0\x59\x0b\0\0\x0d\xf0\0\0\xd8\x3c\0\0\xdb\0\0\0\0\0\0\0\0\0\0\0\
\xe8\x3c\0\0\xdb\0\0\0\x81\x0b\0\0\x10\xf8\0\0\xf0\x3c\0\0\xdb\0\0\0\x81\x0b\0\
\0\x0d\xf8\0\0\xf8\x3c\0\0\xdb\0\0\0\x59\x0b\0\0\x19\xf0\0\0\x08\x3d\0\0\xdb\0\
\0\0\x59\x0b\0\0\x0d\xf0\0\0\x10\x3d\0\0\xdb\0\0\0\x81\x0b\0\0\x10\xf8\0\0\x18\
\x3d\0\0\xdb\0\0\0\x81\x0b\0\0\x0d\xf8\0\0\x20\x3d\0\0\xdb\0\0\0\x9f\x0b\0\0\
\x30\xe8\0\0\x30\x3d\0\0\xdb\0\0\0\xd4\x0b\0\0\x24\xec\0\0\x38\x3d\0\0\xdb\0\0\
\0\x59\x0b\0\0\x19\xf0\0\0\x50\x3d\0\0\xdb\0\0\0\x59\x0b\0\0\x0d\xf0\0\0\x58\
\x3d\0\0\xdb\0\0\0\0\0\0\0\0\0\0\0\x68\x3d\0\0\xdb\0\0\0\x81\x0b\0\0\x10\xf8\0\
\0\x70\x3d\0\0\xdb\0\0\0\x81\x0b\0\0\x0d\xf8\0\0\x78\x3d\0\0\xdb\0\0\0\x59\x0b\
\0\0\x19\xf0\0\0\x88\x3d\0\0\xdb\0\0\0\x59\x0b\0\0\x0d\xf0\0\0\x90\x3d\0\0\xdb\
\0\0\0\x81\x0b\0\0\x10\xf8\0\0\x98\x3d\0\0\xdb\0\0\0\x81\x0b\0\0\x0d\xf8\0\0\
\xa0\x3d\0\0\xdb\0\0\0\x9f\x0b\0\0\x30\xe8\0\0\xb0\x3d\0\0\xdb\0\0\0\xd4\x0b\0\
\0\x24\xec\0\0\xb8\x3d\0\0\xdb\0\0\0\x59\x0b\0\0\x19\xf0\0\0\xd0\x3d\0\0\xdb\0\
\0\0\x59\x0b\0\0\x0d\xf0\0\0\xd8\x3d\0\0\xdb\0\0\0\0\0\0\0\0\0\0\0\xe8\x3d\0\0\
\xdb\0\0\0\x81\x0b\0\0\x10\xf8\0\0\xf0\x3d\0\0\xdb\0\0\0\x81\x0b\0\0\x0d\xf8\0\
\0\xf8\x3d\0\0\xdb\0\0\0\x59\x0b\0\0\x19\xf0\0\0\x08\x3e\0\0\xdb\0\0\0\x59\x0b\
\0\0\x0d\xf0\0\0\x10\x3e\0\0\xdb\0\0\0\x81\x0b\0\0\x10\xf8\0\0\x18\x3e\0\0\xdb\
\0\0\0\x81\x0b\0\0\x0d\xf8\0\0\x20\x3e\0\0\xdb\0\0\0\x9f\x0b\0\0\x30\xe8\0\0\
\x30\x3e\0\0\xdb\0\0\0\xd4\x0b\0\0\x24\xec\0\0\x38\x3e\0\0\xdb\0\0\0\x59\x0b\0\
\0\x19\xf0\0\0\x50\x3e\0\0\xdb\0\0\0\x59\x0b\0\0\x0d\xf0\0\0\x58\x3e\0\0\xdb\0\
\0\0\0\0\0\0\0\0\0\0\x68\x3e\0\0\xdb\0\0\0\x81\x0b\0\0\x10\xf8\0\0\x70\x3e\0\0\
\xdb\0\0\0\x81\x0b\0\0\x0d\xf8\0\0\x78\x3e\0\0\xdb\0\0\0\x59\x0b\0\0\x19\xf0\0\
\0\x88\x3e\0\0\xdb\0\0\0\x59\x0b\0\0\x0d\xf0\0\0\x90\x3e\0\0\xdb\0\0\0\x81\x0b\
\0\0\x10\xf8\0\0\x98\x3e\0\0\xdb\0\0\0\x81\x0b\0\0\x0d\xf8\0\0\xa0\x3e\0\0\xdb\
\0\0\0\x9f\x0b\0\0\x30\xe8\0\0\xb0\x3e\0\0\xdb\0\0\0\xd4\x0b\0\0\x24\xec\0\0\
\xb8\x3e\0\0\xdb\0\0\0\x59\x0b\0\0\x19\xf0\0\0\xd0\x3e\0\0\xdb\0\0\0\x59\x0b\0\
\0\x0d\xf0\0\0\xd8\x3e\0\0\xdb\0\0\0\0\0\0\0\0\0\0\0\xe8\x3e\0\0\xdb\0\0\0\x81\
\x0b\0\0\x10\xf8\0\0\xf0\x3e\0\0\xdb\0\0\0\x81\x0b\0\0\x0d\xf8\0\0\xf8\x3e\0\0\
\xdb\0\0\0\x59\x0b\0\0\x19\xf0\0\0\x08\x3f\0\0\xdb\0\0\0\x59\x0b\0\0\x0d\xf0\0\
\0\x10\x3f\0\0\xdb\0\0\0\x81\x0b\0\0\x10\xf8\0\0\x18\x3f\0\0\xdb\0\0\0\x81\x0b\
\0\0\x0d\xf8\0\0\x20\x3f\0\0\xdb\0\0\0\x9f\x0b\0\0\x30\xe8\0\0\x30\x3f\0\0\xdb\
\0\0\0\xd4\x0b\0\0\x24\xec\0\0\x38\x3f\0\0\xdb\0\0\0\x59\x0b\0\0\x19\xf0\0\0\
\x50\x3f\0\0\xdb\0\0\0\x59\x0b\0\0\x0d\xf0\0\0\x58\x3f\0\0\xdb\0\0\0\0\0\0\0\0\
\0\0\0\x68\x3f\0\0\xdb\0\0\0\x81\x0b\0\0\x10\xf8\0\0\x70\x3f\0\0\xdb\0\0\0\x81\
\x0b\0\0\x0d\xf8\0\0\x78\x3f\0\0\xdb\0\0\0\x59\x0b\0\0\x19\xf0\0\0\x88\x3f\0\0\
\xdb\0\0\0\x59\x0b\0\0\x0d\xf0\0\0\x90\x3f\0\0\xdb\0\0\0\x81\x0b\0\0\x10\xf8\0\
\0\x98\x3f\0\0\xdb\0\0\0\x81\x0b\0\0\x0d\xf8\0\0\xa0\x3f\0\0\xdb\0\0\0\x9f\x0b\
\0\0\x30\xe8\0\0\xb0\x3f\0\0\xdb\0\0\0\xd4\x0b\0\0\x24\xec\0\0\xb8\x3f\0\0\xdb\
\0\0\0\x59\x0b\0\0\x19\xf0\0\0\xd0\x3f\0\0\xdb\0\0\0\x59\x0b\0\0\x0d\xf0\0\0\
\xd8\x3f\0\0\xdb\0\0\0\0\0\0\0\0\0\0\0\xe8\x3f\0\0\xdb\0\0\0\x81\x0b\0\0\x10\
\xf8\0\0\xf0\x3f\0\0\xdb\0\0\0\x81\x0b\0\0\x0d\xf8\0\0\xf8\x3f\0\0\xdb\0\0\0\
\x59\x0b\0\0\x19\xf0\0\0\x08\x40\0\0\xdb\0\0\0\x59\x0b\0\0\x0d\xf0\0\0\x10\x40\
\0\0\xdb\0\0\0\x81\x0b\0\0\x10\xf8\0\0\x18\x40\0\0\xdb\0\0\0\x81\x0b\0\0\x0d\
\xf8\0\0\x20\x40\0\0\xdb\0\0\0\x9f\x0b\0\0\x30\xe8\0\0\x30\x40\0\0\xdb\0\0\0\
\xd4\x0b\0\0\x24\xec\0\0\x38\x40\0\0\xdb\0\0\0\x59\x0b\0\0\x19\xf0\0\0\x50\x40\
\0\0\xdb\0\0\0\x59\x0b\0\0\x0d\xf0\0\0\x58\x40\0\0\xdb\0\0\0\0\0\0\0\0\0\0\0\
\x68\x40\0\0\xdb\0\0\0\x81\x0b\0\0\x10\xf8\0\0\x70\x40\0\0\xdb\0\0\0\x81\x0b\0\
\0\x0d\xf8\0\0\x78\x40\0\0\xdb\0\0\0\x59\x0b\0\0\x19\xf0\0\0\x88\x40\0\0\xdb\0\
\0\0\x59\x0b\0\0\x0d\xf0\0\0\x90\x40\0\0\xdb\0\0\0\x81\x0b\0\0\x10\xf8\0\0\x98\
\x40\0\0\xdb\0\0\0\x81\x0b\0\0\x0d\xf8\0\0\xa0\x40\0\0\xdb\0\0\0\x9f\x0b\0\0\
\x30\xe8\0\0\xb0\x40\0\0\xdb\0\0\0\xd4\x0b\0\0\x24\xec\0\0\xb8\x40\0\0\xdb\0\0\
\0\x59\x0b\0\0\x19\xf0\0\0\xd0\x40\0\0\xdb\0\0\0\x59\x0b\0\0\x0d\xf0\0\0\xd8\
\x40\0\0\xdb\0\0\0\0\0\0\0\0\0\0\0\xe8\x40\0\0\xdb\0\0\0\x81\x0b\0\0\x10\xf8\0\
\0\xf0\x40\0\0\xdb\0\0\0\x81\x0b\0\0\x0d\xf8\0\0\xf8\x40\0\0\xdb\0\0\0\x59\x0b\
\0\0\x19\xf0\0\0\x08\x41\0\0\xdb\0\0\0\x59\x0b\0\0\x0d\xf0\0\0\x10\x41\0\0\xdb\
\0\0\0\x81\x0b\0\0\x10\xf8\0\0\x18\x41\0\0\xdb\0\0\0\x81\x0b\0\0\x0d\xf8\0\0\
\x20\x41\0\0\xdb\0\0\0\x9f\x0b\0\0\x30\xe8\0\0\x30\x41\0\0\xdb\0\0\0\xd4\x0b\0\
\0\x24\xec\0\0\x38\x41\0\0\xdb\0\0\0\x59\x0b\0\0\x19\xf0\0\0\x50\x41\0\0\xdb\0\
\0\0\x59\x0b\0\0\x0d\xf0\0\0\x58\x41\0\0\xdb\0\0\0\0\0\0\0\0\0\0\0\x68\x41\0\0\
\xdb\0\0\0\x81\x0b\0\0\x10\xf8\0\0\x70\x41\0\0\xdb\0\0\0\x81\x0b\0\0\x0d\xf8\0\
\0\x78\x41\0\0\xdb\0\0\0\x59\x0b\0\0\x19\xf0\0\0\x88\x41\0\0\xdb\0\0\0\x59\x0b\
\0\0\x0d\xf0\0\0\x90\x41\0\0\xdb\0\0\0\x81\x0b\0\0\x10\xf8\0\0\x98\x41\0\0\xdb\
\0\0\0\x81\x0b\0\0\x0d\xf8\0\0\xa0\x41\0\0\xdb\0\0\0\x9f\x0b\0\0\x30\xe8\0\0\
\xb0\x41\0\0\xdb\0\0\0\xd4\x0b\0\0\x24\xec\0\0\xb8\x41\0\0\xdb\0\0\0\x59\x0b\0\
\0\x19\xf0\0\0\xd0\x41\0\0\xdb\0\0\0\x59\x0b\0\0\x0d\xf0\0\0\xd8\x41\0\0\xdb\0\
\0\0\0\0\0\0\0\0\0\0\xe8\x41\0\0\xdb\0\0\0\x81\x0b\0\0\x10\xf8\0\0\xf0\x41\0\0\
\xdb\0\0\0\x81\x0b\0\0\x0d\xf8\0\0\xf8\x41\0\0\xdb\0\0\0\x59\x0b\0\0\x19\xf0\0\
\0\x08\x42\0\0\xdb\0\0\0\x59\x0b\0\0\x0d\xf0\0\0\x10\x42\0\0\xdb\0\0\0\x81\x0b\
\0\0\x10\xf8\0\0\x18\x42\0\0\xdb\0\0\0\x81\x0b\0\0\x0d\xf8\0\0\x20\x42\0\0\xdb\
\0\0\0\x9f\x0b\0\0\x30\xe8\0\0\x30\x42\0\0\xdb\0\0\0\xd4\x0b\0\0\x24\xec\0\0\
\x38\x42\0\0\xdb\0\0\0\x59\x0b\0\0\x19\xf0\0\0\x50\x42\0\0\xdb\0\0\0\x59\x0b\0\
\0\x0d\xf0\0\0\x58\x42\0\0\xdb\0\0\0\0\0\0\0\0\0\0\0\x68\x42\0\0\xdb\0\0\0\x81\
\x0b\0\0\x10\xf8\0\0\x70\x42\0\0\xdb\0\0\0\x81\x0b\0\0\x0d\xf8\0\0\x78\x42\0\0\
\xdb\0\0\0\x59\x0b\0\0\x19\xf0\0\0\x88\x42\0\0\xdb\0\0\0\x59\x0b\0\0\x0d\xf0\0\
\0\x90\x42\0\0\xdb\0\0\0\x81\x0b\0\0\x10\xf8\0\0\x98\x42\0\0\xdb\0\0\0\x81\x0b\
\0\0\x0d\xf8\0\0\xa0\x42\0\0\xdb\0\0\0\x9f\x0b\0\0\x30\xe8\0\0\xb0\x42\0\0\xdb\
\0\0\0\xd4\x0b\0\0\x24\xec\0\0\xb8\x42\0\0\xdb\0\0\0\x59\x0b\0\0\x19\xf0\0\0\
\xd0\x42\0\0\xdb\0\0\0\x59\x0b\0\0\x0d\xf0\0\0\xd8\x42\0\0\xdb\0\0\0\0\0\0\0\0\
\0\0\0\xe8\x42\0\0\xdb\0\0\0\x81\x0b\0\0\x10\xf8\0\0\xf0\x42\0\0\xdb\0\0\0\x81\
\x0b\0\0\x0d\xf8\0\0\xf8\x42\0\0\xdb\0\0\0\x59\x0b\0\0\x19\xf0\0\0\x08\x43\0\0\
\xdb\0\0\0\x59\x0b\0\0\x0d\xf0\0\0\x10\x43\0\0\xdb\0\0\0\x81\x0b\0\0\x10\xf8\0\
\0\x18\x43\0\0\xdb\0\0\0\x81\x0b\0\0\x0d\xf8\0\0\x20\x43\0\0\xdb\0\0\0\x9f\x0b\
\0\0\x30\xe8\0\0\x30\x43\0\0\xdb\0\0\0\xd4\x0b\0\0\x24\xec\0\0\x38\x43\0\0\xdb\
\0\0\0\x59\x0b\0\0\x19\xf0\0\0\x50\x43\0\0\xdb\0\0\0\x59\x0b\0\0\x0d\xf0\0\0\
\x58\x43\0\0\xdb\0\0\0\0\0\0\0\0\0\0\0\x68\x43\0\0\xdb\0\0\0\x81\x0b\0\0\x10\
\xf8\0\0\x70\x43\0\0\xdb\0\0\0\x81\x0b\0\0\x0d\xf8\0\0\x78\x43\0\0\xdb\0\0\0\
\x59\x0b\0\0\x19\xf0\0\0\x88\x43\0\0\xdb\0\0\0\x59\x0b\0\0\x0d\xf0\0\0\x90\x43\
\0\0\xdb\0\0\0\x81\x0b\0\0\x10\xf8\0\0\x98\x43\0\0\xdb\0\0\0\x81\x0b\0\0\x0d\
\xf8\0\0\xa0\x43\0\0\xdb\0\0\0\x9f\x0b\0\0\x30\xe8\0\0\xb0\x43\0\0\xdb\0\0\0\
\xd4\x0b\0\0\x24\xec\0\0\xb8\x43\0\0\xdb\0\0\0\x59\x0b\0\0\x19\xf0\0\0\xd0\x43\
\0\0\xdb\0\0\0\x59\x0b\0\0\x0d\xf0\0\0\xd8\x43\0\0\xdb\0\0\0\0\0\0\0\0\0\0\0\
\xe8\x43\0\0\xdb\0\0\0\x81\x0b\0\0\x10\xf8\0\0\xf0\x43\0\0\xdb\0\0\0\x81\x0b\0\
\0\x0d\xf8\0\0\xf8\x43\0\0\xdb\0\0\0\x59\x0b\0\0\x19\xf0\0\0\x08\x44\0\0\xdb\0\
\0\0\x59\x0b\0\0\x0d\xf0\0\0\x10\x44\0\0\xdb\0\0\0\x81\x0b\0\0\x10\xf8\0\0\x18\
\x44\0\0\xdb\0\0\0\x81\x0b\0\0\x0d\xf8\0\0\x20\x44\0\0\xdb\0\0\0\x9f\x0b\0\0\
\x30\xe8\0\0\x30\x44\0\0\xdb\0\0\0\xd4\x0b\0\0\x24\xec\0\0\x38\x44\0\0\xdb\0\0\
\0\x59\x0b\0\0\x19\xf0\0\0\x50\x44\0\0\xdb\0\0\0\x59\x0b\0\0\x0d\xf0\0\0\x58\
\x44\0\0\xdb\0\0\0\0\0\0\0\0\0\0\0\x68\x44\0\0\xdb\0\0\0\x81\x0b\0\0\x10\xf8\0\
\0\x70\x44\0\0\xdb\0\0\0\x81\x0b\0\0\x0d\xf8\0\0\x78\x44\0\0\xdb\0\0\0\x59\x0b\
\0\0\x19\xf0\0\0\x88\x44\0\0\xdb\0\0\0\x59\x0b\0\0\x0d\xf0\0\0\x90\x44\0\0\xdb\
\0\0\0\x81\x0b\0\0\x10\xf8\0\0\x98\x44\0\0\xdb\0\0\0\x81\x0b\0\0\x0d\xf8\0\0\
\xa0\x44\0\0\xdb\0\0\0\x9f\x0b\0\0\x30\xe8\0\0\xb0\x44\0\0\xdb\0\0\0\xd4\x0b\0\
\0\x24\xec\0\0\xb8\x44\0\0\xdb\0\0\0\x59\x0b\0\0\x19\xf0\0\0\xd0\x44\0\0\xdb\0\
\0\0\x59\x0b\0\0\x0d\xf0\0\0\xd8\x44\0\0\xdb\0\0\0\0\0\0\0\0\0\0\0\xe8\x44\0\0\
\xdb\0\0\0\x81\x0b\0\0\x10\xf8\0\0\xf0\x44\0\0\xdb\0\0\0\x81\x0b\0\0\x0d\xf8\0\
\0\xf8\x44\0\0\xdb\0\0\0\x59\x0b\0\0\x19\xf0\0\0\x08\x45\0\0\xdb\0\0\0\x59\x0b\
\0\0\x0d\xf0\0\0\x10\x45\0\0\xdb\0\0\0\x81\x0b\0\0\x10\xf8\0\0\x18\x45\0\0\xdb\
\0\0\0\x81\x0b\0\0\x0d\xf8\0\0\x20\x45\0\0\xdb\0\0\0\x9f\x0b\0\0\x30\xe8\0\0\
\x30\x45\0\0\xdb\0\0\0\xd4\x0b\0\0\x24\xec\0\0\x38\x45\0\0\xdb\0\0\0\x59\x0b\0\
\0\x19\xf0\0\0\x50\x45\0\0\xdb\0\0\0\x59\x0b\0\0\x0d\xf0\0\0\x58\x45\0\0\xdb\0\
\0\0\0\0\0\0\0\0\0\0\x68\x45\0\0\xdb\0\0\0\x81\x0b\0\0\x10\xf8\0\0\x70\x45\0\0\
\xdb\0\0\0\x81\x0b\0\0\x0d\xf8\0\0\x78\x45\0\0\xdb\0\0\0\x59\x0b\0\0\x19\xf0\0\
\0\x88\x45\0\0\xdb\0\0\0\x59\x0b\0\0\x0d\xf0\0\0\x90\x45\0\0\xdb\0\0\0\x81\x0b\
\0\0\x10\xf8\0\0\x98\x45\0\0\xdb\0\0\0\x81\x0b\0\0\x0d\xf8\0\0\xa0\x45\0\0\xdb\
\0\0\0\x9f\x0b\0\0\x30\xe8\0\0\xb0\x45\0\0\xdb\0\0\0\xd4\x0b\0\0\x24\xec\0\0\
\xb8\x45\0\0\xdb\0\0\0\x59\x0b\0\0\x19\xf0\0\0\xd0\x45\0\0\xdb\0\0\0\x59\x0b\0\
\0\x0d\xf0\0\0\xd8\x45\0\0\xdb\0\0\0\0\0\0\0\0\0\0\0\xe8\x45\0\0\xdb\0\0\0\x81\
\x0b\0\0\x10\xf8\0\0\xf0\x45\0\0\xdb\0\0\0\x81\x0b\0\0\x0d\xf8\0\0\xf8\x45\0\0\
\xdb\0\0\0\x59\x0b\0\0\x19\xf0\0\0\x08\x46\0\0\xdb\0\0\0\x59\x0b\0\0\x0d\xf0\0\
\0\x10\x46\0\0\xdb\0\0\0\x81\x0b\0\0\x10\xf8\0\0\x18\x46\0\0\xdb\0\0\0\x81\x0b\
\0\0\x0d\xf8\0\0\x20\x46\0\0\xdb\0\0\0\x9f\x0b\0\0\x30\xe8\0\0\x30\x46\0\0\xdb\
\0\0\0\xd4\x0b\0\0\x24\xec\0\0\x38\x46\0\0\xdb\0\0\0\x59\x0b\0\0\x19\xf0\0\0\
\x50\x46\0\0\xdb\0\0\0\x59\x0b\0\0\x0d\xf0\0\0\x58\x46\0\0\xdb\0\0\0\0\0\0\0\0\
\0\0\0\x68\x46\0\0\xdb\0\0\0\x81\x0b\0\0\x10\xf8\0\0\x70\x46\0\0\xdb\0\0\0\x81\
\x0b\0\0\x0d\xf8\0\0\x78\x46\0\0\xdb\0\0\0\x59\x0b\0\0\x19\xf0\0\0\x88\x46\0\0\
\xdb\0\0\0\x59\x0b\0\0\x0d\xf0\0\0\x90\x46\0\0\xdb\0\0\0\x81\x0b\0\0\x10\xf8\0\
\0\x98\x46\0\0\xdb\0\0\0\x81\x0b\0\0\x0d\xf8\0\0\xa0\x46\0\0\xdb\0\0\0\x9f\x0b\
\0\0\x30\xe8\0\0\xb0\x46\0\0\xdb\0\0\0\xd4\x0b\0\0\x24\xec\0\0\xb8\x46\0\0\xdb\
\0\0\0\x59\x0b\0\0\x19\xf0\0\0\xd0\x46\0\0\xdb\0\0\0\x59\x0b\0\0\x0d\xf0\0\0\
\xd8\x46\0\0\xdb\0\0\0\0\0\0\0\0\0\0\0\xe8\x46\0\0\xdb\0\0\0\x81\x0b\0\0\x10\
\xf8\0\0\xf0\x46\0\0\xdb\0\0\0\x81\x0b\0\0\x0d\xf8\0\0\xf8\x46\0\0\xdb\0\0\0\
\x59\x0b\0\0\x19\xf0\0\0\x08\x47\0\0\xdb\0\0\0\x59\x0b\0\0\x0d\xf0\0\0\x10\x47\
\0\0\xdb\0\0\0\x81\x0b\0\0\x10\xf8\0\0\x18\x47\0\0\xdb\0\0\0\x81\x0b\0\0\x0d\
\xf8\0\0\x20\x47\0\0\xdb\0\0\0\x9f\x0b\0\0\x30\xe8\0\0\x30\x47\0\0\xdb\0\0\0\
\xd4\x0b\0\0\x24\xec\0\0\x38\x47\0\0\xdb\0\0\0\x59\x0b\0\0\x19\xf0\0\0\x50\x47\
\0\0\xdb\0\0\0\x59\x0b\0\0\x0d\xf0\0\0\x58\x47\0\0\xdb\0\0\0\0\0\0\0\0\0\0\0\
\x68\x47\0\0\xdb\0\0\0\x81\x0b\0\0\x10\xf8\0\0\x70\x47\0\0\xdb\0\0\0\x81\x0b\0\
\0\x0d\xf8\0\0\x78\x47\0\0\xdb\0\0\0\x59\x0b\0\0\x19\xf0\0\0\x88\x47\0\0\xdb\0\
\0\0\x59\x0b\0\0\x0d\xf0\0\0\x90\x47\0\0\xdb\0\0\0\x81\x0b\0\0\x10\xf8\0\0\x98\
\x47\0\0\xdb\0\0\0\x81\x0b\0\0\x0d\xf8\0\0\xa0\x47\0\0\xdb\0\0\0\x9f\x0b\0\0\
\x30\xe8\0\0\xb0\x47\0\0\xdb\0\0\0\xd4\x0b\0\0\x24\xec\0\0\xb8\x47\0\0\xdb\0\0\
\0\x59\x0b\0\0\x19\xf0\0\0\xd0\x47\0\0\xdb\0\0\0\x59\x0b\0\0\x0d\xf0\0\0\xd8\
\x47\0\0\xdb\0\0\0\0\0\0\0\0\0\0\0\xe8\x47\0\0\xdb\0\0\0\x81\x0b\0\0\x10\xf8\0\
\0\xf0\x47\0\0\xdb\0\0\0\x81\x0b\0\0\x0d\xf8\0\0\xf8\x47\0\0\xdb\0\0\0\x59\x0b\
\0\0\x19\xf0\0\0\x08\x48\0\0\xdb\0\0\0\x59\x0b\0\0\x0d\xf0\0\0\x10\x48\0\0\xdb\
\0\0\0\x81\x0b\0\0\x10\xf8\0\0\x18\x48\0\0\xdb\0\0\0\x81\x0b\0\0\x0d\xf8\0\0\
\x20\x48\0\0\xdb\0\0\0\x9f\x0b\0\0\x30\xe8\0\0\x30\x48\0\0\xdb\0\0\0\xd4\x0b\0\
\0\x24\xec\0\0\x38\x48\0\0\xdb\0\0\0\x59\x0b\0\0\x19\xf0\0\0\x50\x48\0\0\xdb\0\
\0\0\x59\x0b\0\0\x0d\xf0\0\0\x58\x48\0\0\xdb\0\0\0\0\0\0\0\0\0\0\0\x68\x48\0\0\
\xdb\0\0\0\x81\x0b\0\0\x10\xf8\0\0\x70\x48\0\0\xdb\0\0\0\x81\x0b\0\0\x0d\xf8\0\
\0\x78\x48\0\0\xdb\0\0\0\x59\x0b\0\0\x19\xf0\0\0\x88\x48\0\0\xdb\0\0\0\x59\x0b\
\0\0\x0d\xf0\0\0\x90\x48\0\0\xdb\0\0\0\x81\x0b\0\0\x10\xf8\0\0\x98\x48\0\0\xdb\
\0\0\0\x81\x0b\0\0\x0d\xf8\0\0\xa0\x48\0\0\xdb\0\0\0\x9f\x0b\0\0\x30\xe8\0\0\
\xb0\x48\0\0\xdb\0\0\0\xd4\x0b\0\0\x24\xec\0\0\xb8\x48\0\0\xdb\0\0\0\x59\x0b\0\
\0\x19\xf0\0\0\xd0\x48\0\0\xdb\0\0\0\x59\x0b\0\0\x0d\xf0\0\0\xd8\x48\0\0\xdb\0\
\0\0\0\0\0\0\0\0\0\0\xe8\x48\0\0\xdb\0\0\0\x81\x0b\0\0\x10\xf8\0\0\xf0\x48\0\0\
\xdb\0\0\0\x81\x0b\0\0\x0d\xf8\0\0\xf8\x48\0\0\xdb\0\0\0\x59\x0b\0\0\x19\xf0\0\
\0\x08\x49\0\0\xdb\0\0\0\x59\x0b\0\0\x0d\xf0\0\0\x10\x49\0\0\xdb\0\0\0\x81\x0b\
\0\0\x10\xf8\0\0\x18\x49\0\0\xdb\0\0\0\x81\x0b\0\0\x0d\xf8\0\0\x20\x49\0\0\xdb\
\0\0\0\x9f\x0b\0\0\x30\xe8\0\0\x30\x49\0\0\xdb\0\0\0\xd4\x0b\0\0\x24\xec\0\0\
\x38\x49\0\0\xdb\0\0\0\x59\x0b\0\0\x19\xf0\0\0\x50\x49\0\0\xdb\0\0\0\x59\x0b\0\
\0\x0d\xf0\0\0\x58\x49\0\0\xdb\0\0\0\0\0\0\0\0\0\0\0\x68\x49\0\0\xdb\0\0\0\x81\
\x0b\0\0\x10\xf8\0\0\x70\x49\0\0\xdb\0\0\0\x81\x0b\0\0\x0d\xf8\0\0\x78\x49\0\0\
\xdb\0\0\0\x59\x0b\0\0\x19\xf0\0\0\x88\x49\0\0\xdb\0\0\0\x59\x0b\0\0\x0d\xf0\0\
\0\x90\x49\0\0\xdb\0\0\0\x81\x0b\0\0\x10\xf8\0\0\x98\x49\0\0\xdb\0\0\0\x81\x0b\
\0\0\x0d\xf8\0\0\xa0\x49\0\0\xdb\0\0\0\x9f\x0b\0\0\x30\xe8\0\0\xb0\x49\0\0\xdb\
\0\0\0\xd4\x0b\0\0\x24\xec\0\0\xb8\x49\0\0\xdb\0\0\0\x59\x0b\0\0\x19\xf0\0\0\
\xd0\x49\0\0\xdb\0\0\0\x59\x0b\0\0\x0d\xf0\0\0\xd8\x49\0\0\xdb\0\0\0\0\0\0\0\0\
\0\0\0\xe8\x49\0\0\xdb\0\0\0\x81\x0b\0\0\x10\xf8\0\0\xf0\x49\0\0\xdb\0\0\0\x81\
\x0b\0\0\x0d\xf8\0\0\xf8\x49\0\0\xdb\0\0\0\x59\x0b\0\0\x19\xf0\0\0\x08\x4a\0\0\
\xdb\0\0\0\x59\x0b\0\0\x0d\xf0\0\0\x10\x4a\0\0\xdb\0\0\0\x81\x0b\0\0\x10\xf8\0\
\0\x18\x4a\0\0\xdb\0\0\0\x81\x0b\0\0\x0d\xf8\0\0\x20\x4a\0\0\xdb\0\0\0\x9f\x0b\
\0\0\x30\xe8\0\0\x30\x4a\0\0\xdb\0\0\0\xd4\x0b\0\0\x24\xec\0\0\x38\x4a\0\0\xdb\
\0\0\0\x59\x0b\0\0\x19\xf0\0\0\x50\x4a\0\0\xdb\0\0\0\x59\x0b\0\0\x0d\xf0\0\0\
\x58\x4a\0\0\xdb\0\0\0\0\0\0\0\0\0\0\0\x68\x4a\0\0\xdb\0\0\0\x81\x0b\0\0\x10\
\xf8\0\0\x70\x4a\0\0\xdb\0\0\0\x81\x0b\0\0\x0d\xf8\0\0\x78\x4a\0\0\xdb\0\0\0\
\x59\x0b\0\0\x19\xf0\0\0\x88\x4a\0\0\xdb\0\0\0\x59\x0b\0\0\x0d\xf0\0\0\x90\x4a\
\0\0\xdb\0\0\0\x81\x0b\0\0\x10\xf8\0\0\x98\x4a\0\0\xdb\0\0\0\x81\x0b\0\0\x0d\
\xf8\0\0\xa0\x4a\0\0\xdb\0\0\0\x9f\x0b\0\0\x30\xe8\0\0\xb0\x4a\0\0\xdb\0\0\0\
\xd4\x0b\0\0\x24\xec\0\0\xb8\x4a\0\0\xdb\0\0\0\x59\x0b\0\0\x19\xf0\0\0\xd0\x4a\
\0\0\xdb\0\0\0\x59\x0b\0\0\x0d\xf0\0\0\xd8\x4a\0\0\xdb\0\0\0\0\0\0\0\0\0\0\0\
\xe8\x4a\0\0\xdb\0\0\0\x81\x0b\0\0\x10\xf8\0\0\xf0\x4a\0\0\xdb\0\0\0\x81\x0b\0\
\0\x0d\xf8\0\0\xf8\x4a\0\0\xdb\0\0\0\x59\x0b\0\0\x19\xf0\0\0\x08\x4b\0\0\xdb\0\
\0\0\x59\x0b\0\0\x0d\xf0\0\0\x10\x4b\0\0\xdb\0\0\0\x81\x0b\0\0\x10\xf8\0\0\x18\
\x4b\0\0\xdb\0\0\0\x81\x0b\0\0\x0d\xf8\0\0\x20\x4b\0\0\xdb\0\0\0\x9f\x0b\0\0\
\x30\xe8\0\0\x30\x4b\0\0\xdb\0\0\0\xd4\x0b\0\0\x24\xec\0\0\x38\x4b\0\0\xdb\0\0\
\0\x59\x0b\0\0\x19\xf0\0\0\x50\x4b\0\0\xdb\0\0\0\x59\x0b\0\0\x0d\xf0\0\0\x58\
\x4b\0\0\xdb\0\0\0\0\0\0\0\0\0\0\0\x68\x4b\0\0\xdb\0\0\0\x81\x0b\0\0\x10\xf8\0\
\0\x70\x4b\0\0\xdb\0\0\0\x81\x0b\0\0\x0d\xf8\0\0\x78\x4b\0\0\xdb\0\0\0\x59\x0b\
\0\0\x19\xf0\0\0\x88\x4b\0\0\xdb\0\0\0\x59\x0b\0\0\x0d\xf0\0\0\x90\x4b\0\0\xdb\
\0\0\0\x81\x0b\0\0\x10\xf8\0\0\x98\x4b\0\0\xdb\0\0\0\x81\x0b\0\0\x0d\xf8\0\0\
\xa0\x4b\0\0\xdb\0\0\0\x9f\x0b\0\0\x30\xe8\0\0\xb0\x4b\0\0\xdb\0\0\0\xd4\x0b\0\
\0\x24\xec\0\0\xb8\x4b\0\0\xdb\0\0\0\x59\x0b\0\0\x19\xf0\0\0\xd0\x4b\0\0\xdb\0\
\0\0\x59\x0b\0\0\x0d\xf0\0\0\xd8\x4b\0\0\xdb\0\0\0\0\0\0\0\0\0\0\0\xe8\x4b\0\0\
\xdb\0\0\0\x81\x0b\0\0\x10\xf8\0\0\xf0\x4b\0\0\xdb\0\0\0\x81\x0b\0\0\x0d\xf8\0\
\0\xf8\x4b\0\0\xdb\0\0\0\x59\x0b\0\0\x19\xf0\0\0\x08\x4c\0\0\xdb\0\0\0\x59\x0b\
\0\0\x0d\xf0\0\0\x10\x4c\0\0\xdb\0\0\0\x81\x0b\0\0\x10\xf8\0\0\x18\x4c\0\0\xdb\
\0\0\0\x81\x0b\0\0\x0d\xf8\0\0\x20\x4c\0\0\xdb\0\0\0\x9f\x0b\0\0\x30\xe8\0\0\
\x30\x4c\0\0\xdb\0\0\0\xd4\x0b\0\0\x24\xec\0\0\x38\x4c\0\0\xdb\0\0\0\x59\x0b\0\
\0\x19\xf0\0\0\x50\x4c\0\0\xdb\0\0\0\x59\x0b\0\0\x0d\xf0\0\0\x58\x4c\0\0\xdb\0\
\0\0\0\0\0\0\0\0\0\0\x68\x4c\0\0\xdb\0\0\0\x81\x0b\0\0\x10\xf8\0\0\x70\x4c\0\0\
\xdb\0\0\0\x81\x0b\0\0\x0d\xf8\0\0\x78\x4c\0\0\xdb\0\0\0\x59\x0b\0\0\x19\xf0\0\
\0\x88\x4c\0\0\xdb\0\0\0\x59\x0b\0\0\x0d\xf0\0\0\x90\x4c\0\0\xdb\0\0\0\x81\x0b\
\0\0\x10\xf8\0\0\x98\x4c\0\0\xdb\0\0\0\x81\x0b\0\0\x0d\xf8\0\0\xa0\x4c\0\0\xdb\
\0\0\0\x9f\x0b\0\0\x30\xe8\0\0\xb0\x4c\0\0\xdb\0\0\0\xd4\x0b\0\0\x24\xec\0\0\
\xb8\x4c\0\0\xdb\0\0\0\x59\x0b\0\0\x19\xf0\0\0\xd0\x4c\0\0\xdb\0\0\0\x59\x0b\0\
\0\x0d\xf0\0\0\xd8\x4c\0\0\xdb\0\0\0\0\0\0\0\0\0\0\0\xe8\x4c\0\0\xdb\0\0\0\x81\
\x0b\0\0\x10\xf8\0\0\xf0\x4c\0\0\xdb\0\0\0\x81\x0b\0\0\x0d\xf8\0\0\xf8\x4c\0\0\
\xdb\0\0\0\x59\x0b\0\0\x19\xf0\0\0\x08\x4d\0\0\xdb\0\0\0\x59\x0b\0\0\x0d\xf0\0\
\0\x10\x4d\0\0\xdb\0\0\0\x81\x0b\0\0\x10\xf8\0\0\x18\x4d\0\0\xdb\0\0\0\x81\x0b\
\0\0\x0d\xf8\0\0\x20\x4d\0\0\xdb\0\0\0\x9f\x0b\0\0\x30\xe8\0\0\x30\x4d\0\0\xdb\
\0\0\0\xd4\x0b\0\0\x24\xec\0\0\x38\x4d\0\0\xdb\0\0\0\x59\x0b\0\0\x19\xf0\0\0\
\x50\x4d\0\0\xdb\0\0\0\x59\x0b\0\0\x0d\xf0\0\0\x58\x4d\0\0\xdb\0\0\0\0\0\0\0\0\
\0\0\0\x68\x4d\0\0\xdb\0\0\0\x81\x0b\0\0\x10\xf8\0\0\x70\x4d\0\0\xdb\0\0\0\x81\
\x0b\0\0\x0d\xf8\0\0\x78\x4d\0\0\xdb\0\0\0\x59\x0b\0\0\x19\xf0\0\0\x88\x4d\0\0\
\xdb\0\0\0\x59\x0b\0\0\x0d\xf0\0\0\x90\x4d\0\0\xdb\0\0\0\x81\x0b\0\0\x10\xf8\0\
\0\x98\x4d\0\0\xdb\0\0\0\x81\x0b\0\0\x0d\xf8\0\0\xa0\x4d\0\0\xdb\0\0\0\x9f\x0b\
\0\0\x30\xe8\0\0\xb0\x4d\0\0\xdb\0\0\0\xd4\x0b\0\0\x24\xec\0\0\xb8\x4d\0\0\xdb\
\0\0\0\x59\x0b\0\0\x19\xf0\0\0\xd0\x4d\0\0\xdb\0\0\0\x59\x0b\0\0\x0d\xf0\0\0\
\xd8\x4d\0\0\xdb\0\0\0\0\0\0\0\0\0\0\0\xe8\x4d\0\0\xdb\0\0\0\x81\x0b\0\0\x10\
\xf8\0\0\xf0\x4d\0\0\xdb\0\0\0\x81\x0b\0\0\x0d\xf8\0\0\xf8\x4d\0\0\xdb\0\0\0\
\x59\x0b\0\0\x19\xf0\0\0\x08\x4e\0\0\xdb\0\0\0\x59\x0b\0\0\x0d\xf0\0\0\x10\x4e\
\0\0\xdb\0\0\0\x81\x0b\0\0\x10\xf8\0\0\x18\x4e\0\0\xdb\0\0\0\x81\x0b\0\0\x0d\
\xf8\0\0\x20\x4e\0\0\xdb\0\0\0\x9f\x0b\0\0\x30\xe8\0\0\x30\x4e\0\0\xdb\0\0\0\
\xd4\x0b\0\0\x24\xec\0\0\x38\x4e\0\0\xdb\0\0\0\x59\x0b\0\0\x19\xf0\0\0\x50\x4e\
\0\0\xdb\0\0\0\x59\x0b\0\0\x0d\xf0\0\0\x58\x4e\0\0\xdb\0\0\0\0\0\0\0\0\0\0\0\
\x68\x4e\0\0\xdb\0\0\0\x81\x0b\0\0\x10\xf8\0\0\x70\x4e\0\0\xdb\0\0\0\x81\x0b\0\
\0\x0d\xf8\0\0\x78\x4e\0\0\xdb\0\0\0\x59\x0b\0\0\x19\xf0\0\0\x88\x4e\0\0\xdb\0\
\0\0\x59\x0b\0\0\x0d\xf0\0\0\x90\x4e\0\0\xdb\0\0\0\x81\x0b\0\0\x10\xf8\0\0\x98\
\x4e\0\0\xdb\0\0\0\x81\x0b\0\0\x0d\xf8\0\0\xa0\x4e\0\0\xdb\0\0\0\x9f\x0b\0\0\
\x30\xe8\0\0\xb0\x4e\0\0\xdb\0\0\0\xd4\x0b\0\0\x24\xec\0\0\xb8\x4e\0\0\xdb\0\0\
\0\x59\x0b\0\0\x19\xf0\0\0\xd0\x4e\0\0\xdb\0\0\0\x59\x0b\0\0\x0d\xf0\0\0\xd8\
\x4e\0\0\xdb\0\0\0\0\0\0\0\0\0\0\0\xe8\x4e\0\0\xdb\0\0\0\x81\x0b\0\0\x10\xf8\0\
\0\xf0\x4e\0\0\xdb\0\0\0\x81\x0b\0\0\x0d\xf8\0\0\xf8\x4e\0\0\xdb\0\0\0\x59\x0b\
\0\0\x19\xf0\0\0\x08\x4f\0\0\xdb\0\0\0\x59\x0b\0\0\x0d\xf0\0\0\x10\x4f\0\0\xdb\
\0\0\0\x81\x0b\0\0\x10\xf8\0\0\x18\x4f\0\0\xdb\0\0\0\x81\x0b\0\0\x0d\xf8\0\0\
\x20\x4f\0\0\xdb\0\0\0\x9f\x0b\0\0\x30\xe8\0\0\x30\x4f\0\0\xdb\0\0\0\xd4\x0b\0\
\0\x24\xec\0\0\x38\x4f\0\0\xdb\0\0\0\x59\x0b\0\0\x19\xf0\0\0\x50\x4f\0\0\xdb\0\
\0\0\x59\x0b\0\0\x0d\xf0\0\0\x58\x4f\0\0\xdb\0\0\0\0\0\0\0\0\0\0\0\x68\x4f\0\0\
\xdb\0\0\0\x81\x0b\0\0\x10\xf8\0\0\x70\x4f\0\0\xdb\0\0\0\x81\x0b\0\0\x0d\xf8\0\
\0\x78\x4f\0\0\xdb\0\0\0\x59\x0b\0\0\x19\xf0\0\0\x88\x4f\0\0\xdb\0\0\0\x59\x0b\
\0\0\x0d\xf0\0\0\x90\x4f\0\0\xdb\0\0\0\x81\x0b\0\0\x10\xf8\0\0\x98\x4f\0\0\xdb\
\0\0\0\x81\x0b\0\0\x0d\xf8\0\0\xa0\x4f\0\0\xdb\0\0\0\x9f\x0b\0\0\x30\xe8\0\0\
\xb0\x4f\0\0\xdb\0\0\0\xd4\x0b\0\0\x24\xec\0\0\xb8\x4f\0\0\xdb\0\0\0\x59\x0b\0\
\0\x19\xf0\0\0\xd0\x4f\0\0\xdb\0\0\0\x59\x0b\0\0\x0d\xf0\0\0\xd8\x4f\0\0\xdb\0\
\0\0\0\0\0\0\0\0\0\0\xe8\x4f\0\0\xdb\0\0\0\x81\x0b\0\0\x10\xf8\0\0\xf0\x4f\0\0\
\xdb\0\0\0\x81\x0b\0\0\x0d\xf8\0\0\xf8\x4f\0\0\xdb\0\0\0\x59\x0b\0\0\x19\xf0\0\
\0\x08\x50\0\0\xdb\0\0\0\x59\x0b\0\0\x0d\xf0\0\0\x10\x50\0\0\xdb\0\0\0\x81\x0b\
\0\0\x10\xf8\0\0\x18\x50\0\0\xdb\0\0\0\x81\x0b\0\0\x0d\xf8\0\0\x20\x50\0\0\xdb\
\0\0\0\x9f\x0b\0\0\x30\xe8\0\0\x30\x50\0\0\xdb\0\0\0\xd4\x0b\0\0\x24\xec\0\0\
\x38\x50\0\0\xdb\0\0\0\x59\x0b\0\0\x19\xf0\0\0\x50\x50\0\0\xdb\0\0\0\x59\x0b\0\
\0\x0d\xf0\0\0\x58\x50\0\0\xdb\0\0\0\0\0\0\0\0\0\0\0\x68\x50\0\0\xdb\0\0\0\x81\
\x0b\0\0\x10\xf8\0\0\x70\x50\0\0\xdb\0\0\0\x81\x0b\0\0\x0d\xf8\0\0\x78\x50\0\0\
\xdb\0\0\0\x59\x0b\0\0\x19\xf0\0\0\x88\x50\0\0\xdb\0\0\0\x59\x0b\0\0\x0d\xf0\0\
\0\x90\x50\0\0\xdb\0\0\0\x81\x0b\0\0\x10\xf8\0\0\x98\x50\0\0\xdb\0\0\0\x81\x0b\
\0\0\x0d\xf8\0\0\xa0\x50\0\0\xdb\0\0\0\x9f\x0b\0\0\x30\xe8\0\0\xb0\x50\0\0\xdb\
\0\0\0\xd4\x0b\0\0\x24\xec\0\0\xb8\x50\0\0\xdb\0\0\0\x59\x0b\0\0\x19\xf0\0\0\
\xd0\x50\0\0\xdb\0\0\0\x59\x0b\0\0\x0d\xf0\0\0\xd8\x50\0\0\xdb\0\0\0\0\0\0\0\0\
\0\0\0\xe8\x50\0\0\xdb\0\0\0\x81\x0b\0\0\x10\xf8\0\0\xf0\x50\0\0\xdb\0\0\0\x81\
\x0b\0\0\x0d\xf8\0\0\xf8\x50\0\0\xdb\0\0\0\x59\x0b\0\0\x19\xf0\0\0\x08\x51\0\0\
\xdb\0\0\0\x59\x0b\0\0\x0d\xf0\0\0\x10\x51\0\0\xdb\0\0\0\x81\x0b\0\0\x10\xf8\0\
\0\x18\x51\0\0\xdb\0\0\0\x81\x0b\0\0\x0d\xf8\0\0\x20\x51\0\0\xdb\0\0\0\x9f\x0b\
\0\0\x30\xe8\0\0\x30\x51\0\0\xdb\0\0\0\xd4\x0b\0\0\x24\xec\0\0\x38\x51\0\0\xdb\
\0\0\0\x59\x0b\0\0\x19\xf0\0\0\x50\x51\0\0\xdb\0\0\0\x59\x0b\0\0\x0d\xf0\0\0\
\x58\x51\0\0\xdb\0\0\0\0\0\0\0\0\0\0\0\x68\x51\0\0\xdb\0\0\0\x81\x0b\0\0\x10\
\xf8\0\0\x70\x51\0\0\xdb\0\0\0\x81\x0b\0\0\x0d\xf8\0\0\x78\x51\0\0\xdb\0\0\0\
\x59\x0b\0\0\x19\xf0\0\0\x88\x51\0\0\xdb\0\0\0\x59\x0b\0\0\x0d\xf0\0\0\x90\x51\
\0\0\xdb\0\0\0\x81\x0b\0\0\x10\xf8\0\0\x98\x51\0\0\xdb\0\0\0\x81\x0b\0\0\x0d\
\xf8\0\0\xa0\x51\0\0\xdb\0\0\0\x9f\x0b\0\0\x30\xe8\0\0\xb0\x51\0\0\xdb\0\0\0\
\xd4\x0b\0\0\x24\xec\0\0\xb8\x51\0\0\xdb\0\0\0\x59\x0b\0\0\x19\xf0\0\0\xd0\x51\
\0\0\xdb\0\0\0\x59\x0b\0\0\x0d\xf0\0\0\xd8\x51\0\0\xdb\0\0\0\0\0\0\0\0\0\0\0\
\xe8\x51\0\0\xdb\0\0\0\x81\x0b\0\0\x10\xf8\0\0\xf0\x51\0\0\xdb\0\0\0\x81\x0b\0\
\0\x0d\xf8\0\0\xf8\x51\0\0\xdb\0\0\0\x59\x0b\0\0\x19\xf0\0\0\x08\x52\0\0\xdb\0\
\0\0\x59\x0b\0\0\x0d\xf0\0\0\x10\x52\0\0\xdb\0\0\0\x81\x0b\0\0\x10\xf8\0\0\x18\
\x52\0\0\xdb\0\0\0\x81\x0b\0\0\x0d\xf8\0\0\x20\x52\0\0\xdb\0\0\0\x9f\x0b\0\0\
\x30\xe8\0\0\x30\x52\0\0\xdb\0\0\0\xd4\x0b\0\0\x24\xec\0\0\x38\x52\0\0\xdb\0\0\
\0\x59\x0b\0\0\x19\xf0\0\0\x50\x52\0\0\xdb\0\0\0\x59\x0b\0\0\x0d\xf0\0\0\x58\
\x52\0\0\xdb\0\0\0\0\0\0\0\0\0\0\0\x68\x52\0\0\xdb\0\0\0\x81\x0b\0\0\x10\xf8\0\
\0\x70\x52\0\0\xdb\0\0\0\x81\x0b\0\0\x0d\xf8\0\0\x78\x52\0\0\xdb\0\0\0\x59\x0b\
\0\0\x19\xf0\0\0\x88\x52\0\0\xdb\0\0\0\x59\x0b\0\0\x0d\xf0\0\0\x90\x52\0\0\xdb\
\0\0\0\x81\x0b\0\0\x10\xf8\0\0\x98\x52\0\0\xdb\0\0\0\x81\x0b\0\0\x0d\xf8\0\0\
\xa0\x52\0\0\xdb\0\0\0\x9f\x0b\0\0\x30\xe8\0\0\xb0\x52\0\0\xdb\0\0\0\xd4\x0b\0\
\0\x24\xec\0\0\xb8\x52\0\0\xdb\0\0\0\x59\x0b\0\0\x19\xf0\0\0\xd0\x52\0\0\xdb\0\
\0\0\x59\x0b\0\0\x0d\xf0\0\0\xd8\x52\0\0\xdb\0\0\0\0\0\0\0\0\0\0\0\xe8\x52\0\0\
\xdb\0\0\0\x81\x0b\0\0\x10\xf8\0\0\xf0\x52\0\0\xdb\0\0\0\x81\x0b\0\0\x0d\xf8\0\
\0\xf8\x52\0\0\xdb\0\0\0\x59\x0b\0\0\x19\xf0\0\0\x08\x53\0\0\xdb\0\0\0\x59\x0b\
\0\0\x0d\xf0\0\0\x10\x53\0\0\xdb\0\0\0\x81\x0b\0\0\x10\xf8\0\0\x18\x53\0\0\xdb\
\0\0\0\x81\x0b\0\0\x0d\xf8\0\0\x20\x53\0\0\xdb\0\0\0\x9f\x0b\0\0\x30\xe8\0\0\
\x30\x53\0\0\xdb\0\0\0\xd4\x0b\0\0\x24\xec\0\0\x38\x53\0\0\xdb\0\0\0\x59\x0b\0\
\0\x19\xf0\0\0\x50\x53\0\0\xdb\0\0\0\x59\x0b\0\0\x0d\xf0\0\0\x58\x53\0\0\xdb\0\
\0\0\0\0\0\0\0\0\0\0\x68\x53\0\0\xdb\0\0\0\x81\x0b\0\0\x10\xf8\0\0\x70\x53\0\0\
\xdb\0\0\0\x81\x0b\0\0\x0d\xf8\0\0\x78\x53\0\0\xdb\0\0\0\x59\x0b\0\0\x19\xf0\0\
\0\x88\x53\0\0\xdb\0\0\0\x59\x0b\0\0\x0d\xf0\0\0\x90\x53\0\0\xdb\0\0\0\x81\x0b\
\0\0\x10\xf8\0\0\x98\x53\0\0\xdb\0\0\0\x81\x0b\0\0\x0d\xf8\0\0\xa0\x53\0\0\xdb\
\0\0\0\x9f\x0b\0\0\x30\xe8\0\0\xb0\x53\0\0\xdb\0\0\0\xd4\x0b\0\0\x24\xec\0\0\
\xb8\x53\0\0\xdb\0\0\0\x59\x0b\0\0\x19\xf0\0\0\xd0\x53\0\0\xdb\0\0\0\x59\x0b\0\
\0\x0d\xf0\0\0\xd8\x53\0\0\xdb\0\0\0\0\0\0\0\0\0\0\0\xe8\x53\0\0\xdb\0\0\0\x81\
\x0b\0\0\x10\xf8\0\0\xf0\x53\0\0\xdb\0\0\0\x81\x0b\0\0\x0d\xf8\0\0\xf8\x53\0\0\
\xdb\0\0\0\x59\x0b\0\0\x19\xf0\0\0\x08\x54\0\0\xdb\0\0\0\x59\x0b\0\0\x0d\xf0\0\
\0\x10\x54\0\0\xdb\0\0\0\x81\x0b\0\0\x10\xf8\0\0\x18\x54\0\0\xdb\0\0\0\x81\x0b\
\0\0\x0d\xf8\0\0\x20\x54\0\0\xdb\0\0\0\x9f\x0b\0\0\x30\xe8\0\0\x30\x54\0\0\xdb\
\0\0\0\xd4\x0b\0\0\x24\xec\0\0\x38\x54\0\0\xdb\0\0\0\x59\x0b\0\0\x19\xf0\0\0\
\x50\x54\0\0\xdb\0\0\0\x59\x0b\0\0\x0d\xf0\0\0\x58\x54\0\0\xdb\0\0\0\0\0\0\0\0\
\0\0\0\x68\x54\0\0\xdb\0\0\0\x81\x0b\0\0\x10\xf8\0\0\x70\x54\0\0\xdb\0\0\0\x81\
\x0b\0\0\x0d\xf8\0\0\x78\x54\0\0\xdb\0\0\0\x59\x0b\0\0\x19\xf0\0\0\x88\x54\0\0\
\xdb\0\0\0\x59\x0b\0\0\x0d\xf0\0\0\x90\x54\0\0\xdb\0\0\0\x81\x0b\0\0\x10\xf8\0\
\0\x98\x54\0\0\xdb\0\0\0\x81\x0b\0\0\x0d\xf8\0\0\xa0\x54\0\0\xdb\0\0\0\x9f\x0b\
\0\0\x30\xe8\0\0\xb0\x54\0\0\xdb\0\0\0\xd4\x0b\0\0\x24\xec\0\0\xb8\x54\0\0\xdb\
\0\0\0\x59\x0b\0\0\x19\xf0\0\0\xd0\x54\0\0\xdb\0\0\0\x59\x0b\0\0\x0d\xf0\0\0\
\xd8\x54\0\0\xdb\0\0\0\0\0\0\0\0\0\0\0\xe8\x54\0\0\xdb\0\0\0\x81\x0b\0\0\x10\
\xf8\0\0\xf0\x54\0\0\xdb\0\0\0\x81\x0b\0\0\x0d\xf8\0\0\xf8\x54\0\0\xdb\0\0\0\
\x59\x0b\0\0\x19\xf0\0\0\x08\x55\0\0\xdb\0\0\0\x59\x0b\0\0\x0d\xf0\0\0\x10\x55\
\0\0\xdb\0\0\0\x81\x0b\0\0\x10\xf8\0\0\x18\x55\0\0\xdb\0\0\0\x81\x0b\0\0\x0d\
\xf8\0\0\x20\x55\0\0\xdb\0\0\0\x9f\x0b\0\0\x30\xe8\0\0\x30\x55\0\0\xdb\0\0\0\
\xd4\x0b\0\0\x24\xec\0\0\x38\x55\0\0\xdb\0\0\0\x59\x0b\0\0\x19\xf0\0\0\x50\x55\
\0\0\xdb\0\0\0\x59\x0b\0\0\x0d\xf0\0\0\x58\x55\0\0\xdb\0\0\0\0\0\0\0\0\0\0\0\
\x68\x55\0\0\xdb\0\0\0\x81\x0b\0\0\x10\xf8\0\0\x70\x55\0\0\xdb\0\0\0\x81\x0b\0\
\0\x0d\xf8\0\0\x78\x55\0\0\xdb\0\0\0\x59\x0b\0\0\x19\xf0\0\0\x88\x55\0\0\xdb\0\
\0\0\x59\x0b\0\0\x0d\xf0\0\0\x90\x55\0\0\xdb\0\0\0\x81\x0b\0\0\x10\xf8\0\0\x98\
\x55\0\0\xdb\0\0\0\x81\x0b\0\0\x0d\xf8\0\0\xa0\x55\0\0\xdb\0\0\0\x9f\x0b\0\0\
\x30\xe8\0\0\xb0\x55\0\0\xdb\0\0\0\xd4\x0b\0\0\x24\xec\0\0\xb8\x55\0\0\xdb\0\0\
\0\x59\x0b\0\0\x19\xf0\0\0\xd0\x55\0\0\xdb\0\0\0\x59\x0b\0\0\x0d\xf0\0\0\xd8\
\x55\0\0\xdb\0\0\0\0\0\0\0\0\0\0\0\xe8\x55\0\0\xdb\0\0\0\x81\x0b\0\0\x10\xf8\0\
\0\xf0\x55\0\0\xdb\0\0\0\x81\x0b\0\0\x0d\xf8\0\0\xf8\x55\0\0\xdb\0\0\0\x59\x0b\
\0\0\x19\xf0\0\0\x08\x56\0\0\xdb\0\0\0\x59\x0b\0\0\x0d\xf0\0\0\x10\x56\0\0\xdb\
\0\0\0\x81\x0b\0\0\x10\xf8\0\0\x18\x56\0\0\xdb\0\0\0\x81\x0b\0\0\x0d\xf8\0\0\
\x20\x56\0\0\xdb\0\0\0\x9f\x0b\0\0\x30\xe8\0\0\x30\x56\0\0\xdb\0\0\0\xd4\x0b\0\
\0\x24\xec\0\0\x38\x56\0\0\xdb\0\0\0\x59\x0b\0\0\x19\xf0\0\0\x50\x56\0\0\xdb\0\
\0\0\x59\x0b\0\0\x0d\xf0\0\0\x58\x56\0\0\xdb\0\0\0\0\0\0\0\0\0\0\0\x68\x56\0\0\
\xdb\0\0\0\x81\x0b\0\0\x10\xf8\0\0\x70\x56\0\0\xdb\0\0\0\x81\x0b\0\0\x0d\xf8\0\
\0\x78\x56\0\0\xdb\0\0\0\x59\x0b\0\0\x19\xf0\0\0\x88\x56\0\0\xdb\0\0\0\x59\x0b\
\0\0\x0d\xf0\0\0\x90\x56\0\0\xdb\0\0\0\x81\x0b\0\0\x10\xf8\0\0\x98\x56\0\0\xdb\
\0\0\0\x81\x0b\0\0\x0d\xf8\0\0\xa0\x56\0\0\xdb\0\0\0\x9f\x0b\0\0\x30\xe8\0\0\
\xb0\x56\0\0\xdb\0\0\0\xd4\x0b\0\0\x24\xec\0\0\xb8\x56\0\0\xdb\0\0\0\x59\x0b\0\
\0\x19\xf0\0\0\xd0\x56\0\0\xdb\0\0\0\x59\x0b\0\0\x0d\xf0\0\0\xd8\x56\0\0\xdb\0\
\0\0\0\0\0\0\0\0\0\0\xe8\x56\0\0\xdb\0\0\0\x81\x0b\0\0\x10\xf8\0\0\xf0\x56\0\0\
\xdb\0\0\0\x81\x0b\0\0\x0d\xf8\0\0\xf8\x56\0\0\xdb\0\0\0\x59\x0b\0\0\x19\xf0\0\
\0\x08\x57\0\0\xdb\0\0\0\x59\x0b\0\0\x0d\xf0\0\0\x10\x57\0\0\xdb\0\0\0\x81\x0b\
\0\0\x10\xf8\0\0\x18\x57\0\0\xdb\0\0\0\x81\x0b\0\0\x0d\xf8\0\0\x20\x57\0\0\xdb\
\0\0\0\x9f\x0b\0\0\x30\xe8\0\0\x30\x57\0\0\xdb\0\0\0\xd4\x0b\0\0\x24\xec\0\0\
\x38\x57\0\0\xdb\0\0\0\x59\x0b\0\0\x19\xf0\0\0\x50\x57\0\0\xdb\0\0\0\x59\x0b\0\
\0\x0d\xf0\0\0\x58\x57\0\0\xdb\0\0\0\0\0\0\0\0\0\0\0\x68\x57\0\0\xdb\0\0\0\x81\
\x0b\0\0\x10\xf8\0\0\x70\x57\0\0\xdb\0\0\0\x81\x0b\0\0\x0d\xf8\0\0\x78\x57\0\0\
\xdb\0\0\0\x59\x0b\0\0\x19\xf0\0\0\x88\x57\0\0\xdb\0\0\0\x59\x0b\0\0\x0d\xf0\0\
\0\x90\x57\0\0\xdb\0\0\0\x81\x0b\0\0\x10\xf8\0\0\x98\x57\0\0\xdb\0\0\0\x81\x0b\
\0\0\x0d\xf8\0\0\xa0\x57\0\0\xdb\0\0\0\x9f\x0b\0\0\x30\xe8\0\0\xb0\x57\0\0\xdb\
\0\0\0\xd4\x0b\0\0\x24\xec\0\0\xb8\x57\0\0\xdb\0\0\0\x59\x0b\0\0\x19\xf0\0\0\
\xd0\x57\0\0\xdb\0\0\0\x59\x0b\0\0\x0d\xf0\0\0\xd8\x57\0\0\xdb\0\0\0\0\0\0\0\0\
\0\0\0\xe8\x57\0\0\xdb\0\0\0\x81\x0b\0\0\x10\xf8\0\0\xf0\x57\0\0\xdb\0\0\0\x81\
\x0b\0\0\x0d\xf8\0\0\xf8\x57\0\0\xdb\0\0\0\x59\x0b\0\0\x19\xf0\0\0\x08\x58\0\0\
\xdb\0\0\0\x59\x0b\0\0\x0d\xf0\0\0\x10\x58\0\0\xdb\0\0\0\x81\x0b\0\0\x10\xf8\0\
\0\x18\x58\0\0\xdb\0\0\0\x81\x0b\0\0\x0d\xf8\0\0\x20\x58\0\0\xdb\0\0\0\x9f\x0b\
\0\0\x30\xe8\0\0\x30\x58\0\0\xdb\0\0\0\xd4\x0b\0\0\x24\xec\0\0\x38\x58\0\0\xdb\
\0\0\0\x59\x0b\0\0\x19\xf0\0\0\x50\x58\0\0\xdb\0\0\0\x59\x0b\0\0\x0d\xf0\0\0\
\x58\x58\0\0\xdb\0\0\0\0\0\0\0\0\0\0\0\x68\x58\0\0\xdb\0\0\0\x81\x0b\0\0\x10\
\xf8\0\0\x70\x58\0\0\xdb\0\0\0\x81\x0b\0\0\x0d\xf8\0\0\x78\x58\0\0\xdb\0\0\0\
\x59\x0b\0\0\x19\xf0\0\0\x88\x58\0\0\xdb\0\0\0\x59\x0b\0\0\x0d\xf0\0\0\x90\x58\
\0\0\xdb\0\0\0\x81\x0b\0\0\x10\xf8\0\0\x98\x58\0\0\xdb\0\0\0\x81\x0b\0\0\x0d\
\xf8\0\0\xa0\x58\0\0\xdb\0\0\0\x9f\x0b\0\0\x30\xe8\0\0\xb0\x58\0\0\xdb\0\0\0\
\xd4\x0b\0\0\x24\xec\0\0\xb8\x58\0\0\xdb\0\0\0\x59\x0b\0\0\x19\xf0\0\0\xd0\x58\
\0\0\xdb\0\0\0\x59\x0b\0\0\x0d\xf0\0\0\xd8\x58\0\0\xdb\0\0\0\0\0\0\0\0\0\0\0\
\xe8\x58\0\0\xdb\0\0\0\x81\x0b\0\0\x10\xf8\0\0\xf0\x58\0\0\xdb\0\0\0\x81\x0b\0\
\0\x0d\xf8\0\0\xf8\x58\0\0\xdb\0\0\0\x59\x0b\0\0\x19\xf0\0\0\x08\x59\0\0\xdb\0\
\0\0\x59\x0b\0\0\x0d\xf0\0\0\x10\x59\0\0\xdb\0\0\0\x81\x0b\0\0\x10\xf8\0\0\x18\
\x59\0\0\xdb\0\0\0\x81\x0b\0\0\x0d\xf8\0\0\x20\x59\0\0\xdb\0\0\0\x9f\x0b\0\0\
\x30\xe8\0\0\x30\x59\0\0\xdb\0\0\0\xd4\x0b\0\0\x24\xec\0\0\x38\x59\0\0\xdb\0\0\
\0\x59\x0b\0\0\x19\xf0\0\0\x50\x59\0\0\xdb\0\0\0\x59\x0b\0\0\x0d\xf0\0\0\x58\
\x59\0\0\xdb\0\0\0\0\0\0\0\0\0\0\0\x68\x59\0\0\xdb\0\0\0\x81\x0b\0\0\x10\xf8\0\
\0\x70\x59\0\0\xdb\0\0\0\x81\x0b\0\0\x0d\xf8\0\0\x78\x59\0\0\xdb\0\0\0\x59\x0b\
\0\0\x19\xf0\0\0\x88\x59\0\0\xdb\0\0\0\x59\x0b\0\0\x0d\xf0\0\0\x90\x59\0\0\xdb\
\0\0\0\x81\x0b\0\0\x10\xf8\0\0\x98\x59\0\0\xdb\0\0\0\x81\x0b\0\0\x0d\xf8\0\0\
\xa0\x59\0\0\xdb\0\0\0\x9f\x0b\0\0\x30\xe8\0\0\xb0\x59\0\0\xdb\0\0\0\xd4\x0b\0\
\0\x24\xec\0\0\xb8\x59\0\0\xdb\0\0\0\x59\x0b\0\0\x19\xf0\0\0\xd0\x59\0\0\xdb\0\
\0\0\x59\x0b\0\0\x0d\xf0\0\0\xd8\x59\0\0\xdb\0\0\0\0\0\0\0\0\0\0\0\xe8\x59\0\0\
\xdb\0\0\0\x81\x0b\0\0\x10\xf8\0\0\xf0\x59\0\0\xdb\0\0\0\x81\x0b\0\0\x0d\xf8\0\
\0\xf8\x59\0\0\xdb\0\0\0\x59\x0b\0\0\x19\xf0\0\0\x08\x5a\0\0\xdb\0\0\0\x59\x0b\
\0\0\x0d\xf0\0\0\x10\x5a\0\0\xdb\0\0\0\x81\x0b\0\0\x10\xf8\0\0\x18\x5a\0\0\xdb\
\0\0\0\x81\x0b\0\0\x0d\xf8\0\0\x20\x5a\0\0\xdb\0\0\0\x9f\x0b\0\0\x30\xe8\0\0\
\x30\x5a\0\0\xdb\0\0\0\xd4\x0b\0\0\x24\xec\0\0\x38\x5a\0\0\xdb\0\0\0\x59\x0b\0\
\0\x19\xf0\0\0\x50\x5a\0\0\xdb\0\0\0\x59\x0b\0\0\x0d\xf0\0\0\x58\x5a\0\0\xdb\0\
\0\0\0\0\0\0\0\0\0\0\x68\x5a\0\0\xdb\0\0\0\x81\x0b\0\0\x10\xf8\0\0\x70\x5a\0\0\
\xdb\0\0\0\x81\x0b\0\0\x0d\xf8\0\0\x78\x5a\0\0\xdb\0\0\0\x59\x0b\0\0\x19\xf0\0\
\0\x88\x5a\0\0\xdb\0\0\0\x59\x0b\0\0\x0d\xf0\0\0\x90\x5a\0\0\xdb\0\0\0\x81\x0b\
\0\0\x10\xf8\0\0\x98\x5a\0\0\xdb\0\0\0\x81\x0b\0\0\x0d\xf8\0\0\xa0\x5a\0\0\xdb\
\0\0\0\x9f\x0b\0\0\x30\xe8\0\0\xb0\x5a\0\0\xdb\0\0\0\xd4\x0b\0\0\x24\xec\0\0\
\xb8\x5a\0\0\xdb\0\0\0\x59\x0b\0\0\x19\xf0\0\0\xd0\x5a\0\0\xdb\0\0\0\x59\x0b\0\
\0\x0d\xf0\0\0\xd8\x5a\0\0\xdb\0\0\0\0\0\0\0\0\0\0\0\xe8\x5a\0\0\xdb\0\0\0\x81\
\x0b\0\0\x10\xf8\0\0\xf0\x5a\0\0\xdb\0\0\0\x81\x0b\0\0\x0d\xf8\0\0\xf8\x5a\0\0\
\xdb\0\0\0\x59\x0b\0\0\x19\xf0\0\0\x08\x5b\0\0\xdb\0\0\0\x59\x0b\0\0\x0d\xf0\0\
\0\x10\x5b\0\0\xdb\0\0\0\x81\x0b\0\0\x10\xf8\0\0\x18\x5b\0\0\xdb\0\0\0\x81\x0b\
\0\0\x0d\xf8\0\0\x20\x5b\0\0\xdb\0\0\0\x9f\x0b\0\0\x30\xe8\0\0\x30\x5b\0\0\xdb\
\0\0\0\xd4\x0b\0\0\x24\xec\0\0\x38\x5b\0\0\xdb\0\0\0\x59\x0b\0\0\x19\xf0\0\0\
\x50\x5b\0\0\xdb\0\0\0\x59\x0b\0\0\x0d\xf0\0\0\x58\x5b\0\0\xdb\0\0\0\0\0\0\0\0\
\0\0\0\x68\x5b\0\0\xdb\0\0\0\x81\x0b\0\0\x10\xf8\0\0\x70\x5b\0\0\xdb\0\0\0\x81\
\x0b\0\0\x0d\xf8\0\0\x78\x5b\0\0\xdb\0\0\0\x59\x0b\0\0\x19\xf0\0\0\x88\x5b\0\0\
\xdb\0\0\0\x59\x0b\0\0\x0d\xf0\0\0\x90\x5b\0\0\xdb\0\0\0\x81\x0b\0\0\x10\xf8\0\
\0\x98\x5b\0\0\xdb\0\0\0\x81\x0b\0\0\x0d\xf8\0\0\xa0\x5b\0\0\xdb\0\0\0\x9f\x0b\
\0\0\x30\xe8\0\0\xb0\x5b\0\0\xdb\0\0\0\xd4\x0b\0\0\x24\xec\0\0\xb8\x5b\0\0\xdb\
\0\0\0\x59\x0b\0\0\x19\xf0\0\0\xd0\x5b\0\0\xdb\0\0\0\x59\x0b\0\0\x0d\xf0\0\0\
\xd8\x5b\0\0\xdb\0\0\0\0\0\0\0\0\0\0\0\xe8\x5b\0\0\xdb\0\0\0\x81\x0b\0\0\x10\
\xf8\0\0\xf0\x5b\0\0\xdb\0\0\0\x81\x0b\0\0\x0d\xf8\0\0\xf8\x5b\0\0\xdb\0\0\0\
\x59\x0b\0\0\x19\xf0\0\0\x08\x5c\0\0\xdb\0\0\0\x59\x0b\0\0\x0d\xf0\0\0\x10\x5c\
\0\0\xdb\0\0\0\x81\x0b\0\0\x10\xf8\0\0\x18\x5c\0\0\xdb\0\0\0\x81\x0b\0\0\x0d\
\xf8\0\0\x20\x5c\0\0\xdb\0\0\0\x9f\x0b\0\0\x30\xe8\0\0\x30\x5c\0\0\xdb\0\0\0\
\xd4\x0b\0\0\x24\xec\0\0\x38\x5c\0\0\xdb\0\0\0\x59\x0b\0\0\x19\xf0\0\0\x50\x5c\
\0\0\xdb\0\0\0\x59\x0b\0\0\x0d\xf0\0\0\x58\x5c\0\0\xdb\0\0\0\0\0\0\0\0\0\0\0\
\x68\x5c\0\0\xdb\0\0\0\x81\x0b\0\0\x10\xf8\0\0\x70\x5c\0\0\xdb\0\0\0\x81\x0b\0\
\0\x0d\xf8\0\0\x78\x5c\0\0\xdb\0\0\0\x59\x0b\0\0\x19\xf0\0\0\x88\x5c\0\0\xdb\0\
\0\0\x59\x0b\0\0\x0d\xf0\0\0\x90\x5c\0\0\xdb\0\0\0\x81\x0b\0\0\x10\xf8\0\0\x98\
\x5c\0\0\xdb\0\0\0\x81\x0b\0\0\x0d\xf8\0\0\xa0\x5c\0\0\xdb\0\0\0\x9f\x0b\0\0\
\x30\xe8\0\0\xb0\x5c\0\0\xdb\0\0\0\xd4\x0b\0\0\x24\xec\0\0\xb8\x5c\0\0\xdb\0\0\
\0\x59\x0b\0\0\x19\xf0\0\0\xd0\x5c\0\0\xdb\0\0\0\x59\x0b\0\0\x0d\xf0\0\0\xd8\
\x5c\0\0\xdb\0\0\0\0\0\0\0\0\0\0\0\xe8\x5c\0\0\xdb\0\0\0\x81\x0b\0\0\x10\xf8\0\
\0\xf0\x5c\0\0\xdb\0\0\0\x81\x0b\0\0\x0d\xf8\0\0\xf8\x5c\0\0\xdb\0\0\0\x59\x0b\
\0\0\x19\xf0\0\0\x08\x5d\0\0\xdb\0\0\0\x59\x0b\0\0\x0d\xf0\0\0\x10\x5d\0\0\xdb\
\0\0\0\x81\x0b\0\0\x10\xf8\0\0\x18\x5d\0\0\xdb\0\0\0\x81\x0b\0\0\x0d\xf8\0\0\
\x20\x5d\0\0\xdb\0\0\0\x9f\x0b\0\0\x30\xe8\0\0\x30\x5d\0\0\xdb\0\0\0\xd4\x0b\0\
\0\x24\xec\0\0\x38\x5d\0\0\xdb\0\0\0\x59\x0b\0\0\x19\xf0\0\0\x50\x5d\0\0\xdb\0\
\0\0\x59\x0b\0\0\x0d\xf0\0\0\x58\x5d\0\0\xdb\0\0\0\0\0\0\0\0\0\0\0\x68\x5d\0\0\
\xdb\0\0\0\x81\x0b\0\0\x10\xf8\0\0\x70\x5d\0\0\xdb\0\0\0\x81\x0b\0\0\x0d\xf8\0\
\0\x78\x5d\0\0\xdb\0\0\0\x59\x0b\0\0\x19\xf0\0\0\x88\x5d\0\0\xdb\0\0\0\x59\x0b\
\0\0\x0d\xf0\0\0\x90\x5d\0\0\xdb\0\0\0\x81\x0b\0\0\x10\xf8\0\0\x98\x5d\0\0\xdb\
\0\0\0\x81\x0b\0\0\x0d\xf8\0\0\xa0\x5d\0\0\xdb\0\0\0\x9f\x0b\0\0\x30\xe8\0\0\
\xb0\x5d\0\0\xdb\0\0\0\xd4\x0b\0\0\x24\xec\0\0\xb8\x5d\0\0\xdb\0\0\0\x59\x0b\0\
\0\x19\xf0\0\0\xd0\x5d\0\0\xdb\0\0\0\x59\x0b\0\0\x0d\xf0\0\0\xd8\x5d\0\0\xdb\0\
\0\0\0\0\0\0\0\0\0\0\xe8\x5d\0\0\xdb\0\0\0\x81\x0b\0\0\x10\xf8\0\0\xf0\x5d\0\0\
\xdb\0\0\0\x81\x0b\0\0\x0d\xf8\0\0\xf8\x5d\0\0\xdb\0\0\0\x59\x0b\0\0\x19\xf0\0\
\0\x08\x5e\0\0\xdb\0\0\0\x59\x0b\0\0\x0d\xf0\0\0\x10\x5e\0\0\xdb\0\0\0\x81\x0b\
\0\0\x10\xf8\0\0\x18\x5e\0\0\xdb\0\0\0\x81\x0b\0\0\x0d\xf8\0\0\x20\x5e\0\0\xdb\
\0\0\0\x9f\x0b\0\0\x30\xe8\0\0\x30\x5e\0\0\xdb\0\0\0\xd4\x0b\0\0\x24\xec\0\0\
\x38\x5e\0\0\xdb\0\0\0\x59\x0b\0\0\x19\xf0\0\0\x50\x5e\0\0\xdb\0\0\0\x59\x0b\0\
\0\x0d\xf0\0\0\x58\x5e\0\0\xdb\0\0\0\0\0\0\0\0\0\0\0\x68\x5e\0\0\xdb\0\0\0\x81\
\x0b\0\0\x10\xf8\0\0\x70\x5e\0\0\xdb\0\0\0\x81\x0b\0\0\x0d\xf8\0\0\x78\x5e\0\0\
\xdb\0\0\0\x59\x0b\0\0\x19\xf0\0\0\x88\x5e\0\0\xdb\0\0\0\x59\x0b\0\0\x0d\xf0\0\
\0\x90\x5e\0\0\xdb\0\0\0\x81\x0b\0\0\x10\xf8\0\0\x98\x5e\0\0\xdb\0\0\0\x81\x0b\
\0\0\x0d\xf8\0\0\xa0\x5e\0\0\xdb\0\0\0\x9f\x0b\0\0\x30\xe8\0\0\xb0\x5e\0\0\xdb\
\0\0\0\xd4\x0b\0\0\x24\xec\0\0\xb8\x5e\0\0\xdb\0\0\0\x59\x0b\0\0\x19\xf0\0\0\
\xd0\x5e\0\0\xdb\0\0\0\x59\x0b\0\0\x0d\xf0\0\0\xd8\x5e\0\0\xdb\0\0\0\0\0\0\0\0\
\0\0\0\xe8\x5e\0\0\xdb\0\0\0\x81\x0b\0\0\x10\xf8\0\0\xf0\x5e\0\0\xdb\0\0\0\x81\
\x0b\0\0\x0d\xf8\0\0\xf8\x5e\0\0\xdb\0\0\0\x59\x0b\0\0\x19\xf0\0\0\x08\x5f\0\0\
\xdb\0\0\0\x59\x0b\0\0\x0d\xf0\0\0\x10\x5f\0\0\xdb\0\0\0\x81\x0b\0\0\x10\xf8\0\
\0\x18\x5f\0\0\xdb\0\0\0\x81\x0b\0\0\x0d\xf8\0\0\x20\x5f\0\0\xdb\0\0\0\x9f\x0b\
\0\0\x30\xe8\0\0\x30\x5f\0\0\xdb\0\0\0\xd4\x0b\0\0\x24\xec\0\0\x38\x5f\0\0\xdb\
\0\0\0\x59\x0b\0\0\x19\xf0\0\0\x50\x5f\0\0\xdb\0\0\0\x59\x0b\0\0\x0d\xf0\0\0\
\x58\x5f\0\0\xdb\0\0\0\0\0\0\0\0\0\0\0\x68\x5f\0\0\xdb\0\0\0\x81\x0b\0\0\x10\
\xf8\0\0\x70\x5f\0\0\xdb\0\0\0\x81\x0b\0\0\x0d\xf8\0\0\x78\x5f\0\0\xdb\0\0\0\
\x59\x0b\0\0\x19\xf0\0\0\x88\x5f\0\0\xdb\0\0\0\x59\x0b\0\0\x0d\xf0\0\0\x90\x5f\
\0\0\xdb\0\0\0\x81\x0b\0\0\x10\xf8\0\0\x98\x5f\0\0\xdb\0\0\0\x81\x0b\0\0\x0d\
\xf8\0\0\xa0\x5f\0\0\xdb\0\0\0\x9f\x0b\0\0\x30\xe8\0\0\xb0\x5f\0\0\xdb\0\0\0\
\xd4\x0b\0\0\x24\xec\0\0\xb8\x5f\0\0\xdb\0\0\0\x59\x0b\0\0\x19\xf0\0\0\xd0\x5f\
\0\0\xdb\0\0\0\x59\x0b\0\0\x0d\xf0\0\0\xd8\x5f\0\0\xdb\0\0\0\0\0\0\0\0\0\0\0\
\xe8\x5f\0\0\xdb\0\0\0\x81\x0b\0\0\x10\xf8\0\0\xf0\x5f\0\0\xdb\0\0\0\x81\x0b\0\
\0\x0d\xf8\0\0\xf8\x5f\0\0\xdb\0\0\0\x59\x0b\0\0\x19\xf0\0\0\x08\x60\0\0\xdb\0\
\0\0\x59\x0b\0\0\x0d\xf0\0\0\x10\x60\0\0\xdb\0\0\0\x81\x0b\0\0\x10\xf8\0\0\x18\
\x60\0\0\xdb\0\0\0\x81\x0b\0\0\x0d\xf8\0\0\x20\x60\0\0\xdb\0\0\0\x9f\x0b\0\0\
\x30\xe8\0\0\x30\x60\0\0\xdb\0\0\0\xd4\x0b\0\0\x24\xec\0\0\x38\x60\0\0\xdb\0\0\
\0\x59\x0b\0\0\x19\xf0\0\0\x50\x60\0\0\xdb\0\0\0\x59\x0b\0\0\x0d\xf0\0\0\x58\
\x60\0\0\xdb\0\0\0\0\0\0\0\0\0\0\0\x68\x60\0\0\xdb\0\0\0\x81\x0b\0\0\x10\xf8\0\
\0\x70\x60\0\0\xdb\0\0\0\x81\x0b\0\0\x0d\xf8\0\0\x78\x60\0\0\xdb\0\0\0\x59\x0b\
\0\0\x19\xf0\0\0\x88\x60\0\0\xdb\0\0\0\x59\x0b\0\0\x0d\xf0\0\0\x90\x60\0\0\xdb\
\0\0\0\x81\x0b\0\0\x10\xf8\0\0\x98\x60\0\0\xdb\0\0\0\x81\x0b\0\0\x0d\xf8\0\0\
\xa0\x60\0\0\xdb\0\0\0\x9f\x0b\0\0\x30\xe8\0\0\xb0\x60\0\0\xdb\0\0\0\xd4\x0b\0\
\0\x24\xec\0\0\xb8\x60\0\0\xdb\0\0\0\x59\x0b\0\0\x19\xf0\0\0\xd0\x60\0\0\xdb\0\
\0\0\x59\x0b\0\0\x0d\xf0\0\0\xd8\x60\0\0\xdb\0\0\0\0\0\0\0\0\0\0\0\xe8\x60\0\0\
\xdb\0\0\0\x81\x0b\0\0\x10\xf8\0\0\xf0\x60\0\0\xdb\0\0\0\x81\x0b\0\0\x0d\xf8\0\
\0\xf8\x60\0\0\xdb\0\0\0\x59\x0b\0\0\x19\xf0\0\0\x08\x61\0\0\xdb\0\0\0\x59\x0b\
\0\0\x0d\xf0\0\0\x10\x61\0\0\xdb\0\0\0\x81\x0b\0\0\x10\xf8\0\0\x18\x61\0\0\xdb\
\0\0\0\x81\x0b\0\0\x0d\xf8\0\0\x20\x61\0\0\xdb\0\0\0\x9f\x0b\0\0\x30\xe8\0\0\
\x30\x61\0\0\xdb\0\0\0\xd4\x0b\0\0\x24\xec\0\0\x38\x61\0\0\xdb\0\0\0\x59\x0b\0\
\0\x19\xf0\0\0\x50\x61\0\0\xdb\0\0\0\x59\x0b\0\0\x0d\xf0\0\0\x58\x61\0\0\xdb\0\
\0\0\0\0\0\0\0\0\0\0\x68\x61\0\0\xdb\0\0\0\x81\x0b\0\0\x10\xf8\0\0\x70\x61\0\0\
\xdb\0\0\0\x81\x0b\0\0\x0d\xf8\0\0\x78\x61\0\0\xdb\0\0\0\x59\x0b\0\0\x19\xf0\0\
\0\x88\x61\0\0\xdb\0\0\0\x59\x0b\0\0\x0d\xf0\0\0\x90\x61\0\0\xdb\0\0\0\x81\x0b\
\0\0\x10\xf8\0\0\x98\x61\0\0\xdb\0\0\0\x81\x0b\0\0\x0d\xf8\0\0\xa0\x61\0\0\xdb\
\0\0\0\x9f\x0b\0\0\x30\xe8\0\0\xb0\x61\0\0\xdb\0\0\0\xd4\x0b\0\0\x24\xec\0\0\
\xb8\x61\0\0\xdb\0\0\0\x59\x0b\0\0\x19\xf0\0\0\xd0\x61\0\0\xdb\0\0\0\x59\x0b\0\
\0\x0d\xf0\0\0\xd8\x61\0\0\xdb\0\0\0\0\0\0\0\0\0\0\0\xe8\x61\0\0\xdb\0\0\0\x81\
\x0b\0\0\x10\xf8\0\0\xf0\x61\0\0\xdb\0\0\0\x81\x0b\0\0\x0d\xf8\0\0\xf8\x61\0\0\
\xdb\0\0\0\x59\x0b\0\0\x19\xf0\0\0\x08\x62\0\0\xdb\0\0\0\x59\x0b\0\0\x0d\xf0\0\
\0\x10\x62\0\0\xdb\0\0\0\x81\x0b\0\0\x10\xf8\0\0\x18\x62\0\0\xdb\0\0\0\x81\x0b\
\0\0\x0d\xf8\0\0\x20\x62\0\0\xdb\0\0\0\x9f\x0b\0\0\x30\xe8\0\0\x30\x62\0\0\xdb\
\0\0\0\xd4\x0b\0\0\x24\xec\0\0\x38\x62\0\0\xdb\0\0\0\x59\x0b\0\0\x19\xf0\0\0\
\x50\x62\0\0\xdb\0\0\0\x59\x0b\0\0\x0d\xf0\0\0\x58\x62\0\0\xdb\0\0\0\0\0\0\0\0\
\0\0\0\x68\x62\0\0\xdb\0\0\0\x81\x0b\0\0\x10\xf8\0\0\x70\x62\0\0\xdb\0\0\0\x81\
\x0b\0\0\x0d\xf8\0\0\x78\x62\0\0\xdb\0\0\0\x59\x0b\0\0\x19\xf0\0\0\x88\x62\0\0\
\xdb\0\0\0\x59\x0b\0\0\x0d\xf0\0\0\x90\x62\0\0\xdb\0\0\0\x81\x0b\0\0\x10\xf8\0\
\0\x98\x62\0\0\xdb\0\0\0\x81\x0b\0\0\x0d\xf8\0\0\xa0\x62\0\0\xdb\0\0\0\x9f\x0b\
\0\0\x30\xe8\0\0\xb0\x62\0\0\xdb\0\0\0\xd4\x0b\0\0\x24\xec\0\0\xb8\x62\0\0\xdb\
\0\0\0\x59\x0b\0\0\x19\xf0\0\0\xd0\x62\0\0\xdb\0\0\0\x59\x0b\0\0\x0d\xf0\0\0\
\xd8\x62\0\0\xdb\0\0\0\0\0\0\0\0\0\0\0\xe8\x62\0\0\xdb\0\0\0\x81\x0b\0\0\x10\
\xf8\0\0\xf0\x62\0\0\xdb\0\0\0\x81\x0b\0\0\x0d\xf8\0\0\xf8\x62\0\0\xdb\0\0\0\
\x59\x0b\0\0\x19\xf0\0\0\x08\x63\0\0\xdb\0\0\0\x59\x0b\0\0\x0d\xf0\0\0\x10\x63\
\0\0\xdb\0\0\0\x81\x0b\0\0\x10\xf8\0\0\x18\x63\0\0\xdb\0\0\0\x81\x0b\0\0\x0d\
\xf8\0\0\x20\x63\0\0\xdb\0\0\0\x9f\x0b\0\0\x30\xe8\0\0\x30\x63\0\0\xdb\0\0\0\
\xd4\x0b\0\0\x24\xec\0\0\x38\x63\0\0\xdb\0\0\0\x59\x0b\0\0\x19\xf0\0\0\x50\x63\
\0\0\xdb\0\0\0\x59\x0b\0\0\x0d\xf0\0\0\x58\x63\0\0\xdb\0\0\0\0\0\0\0\0\0\0\0\
\x68\x63\0\0\xdb\0\0\0\x81\x0b\0\0\x10\xf8\0\0\x70\x63\0\0\xdb\0\0\0\x81\x0b\0\
\0\x0d\xf8\0\0\x78\x63\0\0\xdb\0\0\0\x59\x0b\0\0\x19\xf0\0\0\x88\x63\0\0\xdb\0\
\0\0\x59\x0b\0\0\x0d\xf0\0\0\x90\x63\0\0\xdb\0\0\0\x81\x0b\0\0\x10\xf8\0\0\x98\
\x63\0\0\xdb\0\0\0\x81\x0b\0\0\x0d\xf8\0\0\xa0\x63\0\0\xdb\0\0\0\x9f\x0b\0\0\
\x30\xe8\0\0\xb0\x63\0\0\xdb\0\0\0\xd4\x0b\0\0\x24\xec\0\0\xb8\x63\0\0\xdb\0\0\
\0\x59\x0b\0\0\x19\xf0\0\0\xd0\x63\0\0\xdb\0\0\0\x59\x0b\0\0\x0d\xf0\0\0\xd8\
\x63\0\0\xdb\0\0\0\0\0\0\0\0\0\0\0\xe8\x63\0\0\xdb\0\0\0\x81\x0b\0\0\x10\xf8\0\
\0\xf0\x63\0\0\xdb\0\0\0\x81\x0b\0\0\x0d\xf8\0\0\xf8\x63\0\0\xdb\0\0\0\x59\x0b\
\0\0\x19\xf0\0\0\x08\x64\0\0\xdb\0\0\0\x59\x0b\0\0\x0d\xf0\0\0\x10\x64\0\0\xdb\
\0\0\0\x81\x0b\0\0\x10\xf8\0\0\x18\x64\0\0\xdb\0\0\0\x81\x0b\0\0\x0d\xf8\0\0\
\x20\x64\0\0\xdb\0\0\0\x9f\x0b\0\0\x30\xe8\0\0\x30\x64\0\0\xdb\0\0\0\xd4\x0b\0\
\0\x24\xec\0\0\x38\x64\0\0\xdb\0\0\0\x59\x0b\0\0\x19\xf0\0\0\x50\x64\0\0\xdb\0\
\0\0\x59\x0b\0\0\x0d\xf0\0\0\x58\x64\0\0\xdb\0\0\0\0\0\0\0\0\0\0\0\x68\x64\0\0\
\xdb\0\0\0\x81\x0b\0\0\x10\xf8\0\0\x70\x64\0\0\xdb\0\0\0\x81\x0b\0\0\x0d\xf8\0\
\0\x78\x64\0\0\xdb\0\0\0\x59\x0b\0\0\x19\xf0\0\0\x88\x64\0\0\xdb\0\0\0\x59\x0b\
\0\0\x0d\xf0\0\0\x90\x64\0\0\xdb\0\0\0\x81\x0b\0\0\x10\xf8\0\0\x98\x64\0\0\xdb\
\0\0\0\x81\x0b\0\0\x0d\xf8\0\0\xa0\x64\0\0\xdb\0\0\0\x9f\x0b\0\0\x30\xe8\0\0\
\xb0\x64\0\0\xdb\0\0\0\xd4\x0b\0\0\x24\xec\0\0\xb8\x64\0\0\xdb\0\0\0\x59\x0b\0\
\0\x19\xf0\0\0\xd0\x64\0\0\xdb\0\0\0\x59\x0b\0\0\x0d\xf0\0\0\xd8\x64\0\0\xdb\0\
\0\0\0\0\0\0\0\0\0\0\xe8\x64\0\0\xdb\0\0\0\x81\x0b\0\0\x10\xf8\0\0\xf0\x64\0\0\
\xdb\0\0\0\x81\x0b\0\0\x0d\xf8\0\0\xf8\x64\0\0\xdb\0\0\0\x59\x0b\0\0\x19\xf0\0\
\0\x08\x65\0\0\xdb\0\0\0\x59\x0b\0\0\x0d\xf0\0\0\x10\x65\0\0\xdb\0\0\0\x81\x0b\
\0\0\x10\xf8\0\0\x18\x65\0\0\xdb\0\0\0\x81\x0b\0\0\x0d\xf8\0\0\x20\x65\0\0\xdb\
\0\0\0\x9f\x0b\0\0\x30\xe8\0\0\x30\x65\0\0\xdb\0\0\0\xd4\x0b\0\0\x24\xec\0\0\
\x38\x65\0\0\xdb\0\0\0\x59\x0b\0\0\x19\xf0\0\0\x50\x65\0\0\xdb\0\0\0\x59\x0b\0\
\0\x0d\xf0\0\0\x58\x65\0\0\xdb\0\0\0\0\0\0\0\0\0\0\0\x68\x65\0\0\xdb\0\0\0\x81\
\x0b\0\0\x10\xf8\0\0\x70\x65\0\0\xdb\0\0\0\x81\x0b\0\0\x0d\xf8\0\0\x78\x65\0\0\
\xdb\0\0\0\x59\x0b\0\0\x19\xf0\0\0\x88\x65\0\0\xdb\0\0\0\x59\x0b\0\0\x0d\xf0\0\
\0\x90\x65\0\0\xdb\0\0\0\x81\x0b\0\0\x10\xf8\0\0\x98\x65\0\0\xdb\0\0\0\x81\x0b\
\0\0\x0d\xf8\0\0\xa0\x65\0\0\xdb\0\0\0\x9f\x0b\0\0\x30\xe8\0\0\xb0\x65\0\0\xdb\
\0\0\0\xd4\x0b\0\0\x24\xec\0\0\xb8\x65\0\0\xdb\0\0\0\x59\x0b\0\0\x19\xf0\0\0\
\xd0\x65\0\0\xdb\0\0\0\x59\x0b\0\0\x0d\xf0\0\0\xd8\x65\0\0\xdb\0\0\0\0\0\0\0\0\
\0\0\0\xe8\x65\0\0\xdb\0\0\0\x81\x0b\0\0\x10\xf8\0\0\xf0\x65\0\0\xdb\0\0\0\x81\
\x0b\0\0\x0d\xf8\0\0\xf8\x65\0\0\xdb\0\0\0\x59\x0b\0\0\x19\xf0\0\0\x08\x66\0\0\
\xdb\0\0\0\x59\x0b\0\0\x0d\xf0\0\0\x10\x66\0\0\xdb\0\0\0\x81\x0b\0\0\x10\xf8\0\
\0\x18\x66\0\0\xdb\0\0\0\x81\x0b\0\0\x0d\xf8\0\0\x20\x66\0\0\xdb\0\0\0\x9f\x0b\
\0\0\x30\xe8\0\0\x30\x66\0\0\xdb\0\0\0\xd4\x0b\0\0\x24\xec\0\0\x38\x66\0\0\xdb\
\0\0\0\x59\x0b\0\0\x19\xf0\0\0\x50\x66\0\0\xdb\0\0\0\x59\x0b\0\0\x0d\xf0\0\0\
\x58\x66\0\0\xdb\0\0\0\0\0\0\0\0\0\0\0\x68\x66\0\0\xdb\0\0\0\x81\x0b\0\0\x10\
\xf8\0\0\x70\x66\0\0\xdb\0\0\0\x81\x0b\0\0\x0d\xf8\0\0\x78\x66\0\0\xdb\0\0\0\
\x59\x0b\0\0\x19\xf0\0\0\x88\x66\0\0\xdb\0\0\0\x59\x0b\0\0\x0d\xf0\0\0\x90\x66\
\0\0\xdb\0\0\0\x81\x0b\0\0\x10\xf8\0\0\x98\x66\0\0\xdb\0\0\0\x81\x0b\0\0\x0d\
\xf8\0\0\xa0\x66\0\0\xdb\0\0\0\x9f\x0b\0\0\x30\xe8\0\0\xb0\x66\0\0\xdb\0\0\0\
\xd4\x0b\0\0\x24\xec\0\0\xb8\x66\0\0\xdb\0\0\0\x59\x0b\0\0\x19\xf0\0\0\xd0\x66\
\0\0\xdb\0\0\0\x59\x0b\0\0\x0d\xf0\0\0\xd8\x66\0\0\xdb\0\0\0\0\0\0\0\0\0\0\0\
\xe8\x66\0\0\xdb\0\0\0\x81\x0b\0\0\x10\xf8\0\0\xf0\x66\0\0\xdb\0\0\0\x81\x0b\0\
\0\x0d\xf8\0\0\xf8\x66\0\0\xdb\0\0\0\x59\x0b\0\0\x19\xf0\0\0\x08\x67\0\0\xdb\0\
\0\0\x59\x0b\0\0\x0d\xf0\0\0\x10\x67\0\0\xdb\0\0\0\x81\x0b\0\0\x10\xf8\0\0\x18\
\x67\0\0\xdb\0\0\0\x81\x0b\0\0\x0d\xf8\0\0\x20\x67\0\0\xdb\0\0\0\x9f\x0b\0\0\
\x30\xe8\0\0\x30\x67\0\0\xdb\0\0\0\xd4\x0b\0\0\x24\xec\0\0\x38\x67\0\0\xdb\0\0\
\0\x59\x0b\0\0\x19\xf0\0\0\x50\x67\0\0\xdb\0\0\0\x59\x0b\0\0\x0d\xf0\0\0\x58\
\x67\0\0\xdb\0\0\0\0\0\0\0\0\0\0\0\x68\x67\0\0\xdb\0\0\0\x81\x0b\0\0\x10\xf8\0\
\0\x70\x67\0\0\xdb\0\0\0\x81\x0b\0\0\x0d\xf8\0\0\x78\x67\0\0\xdb\0\0\0\x59\x0b\
\0\0\x19\xf0\0\0\x88\x67\0\0\xdb\0\0\0\x59\x0b\0\0\x0d\xf0\0\0\x90\x67\0\0\xdb\
\0\0\0\x81\x0b\0\0\x10\xf8\0\0\x98\x67\0\0\xdb\0\0\0\x81\x0b\0\0\x0d\xf8\0\0\
\xa0\x67\0\0\xdb\0\0\0\x9f\x0b\0\0\x30\xe8\0\0\xb0\x67\0\0\xdb\0\0\0\xd4\x0b\0\
\0\x24\xec\0\0\xb8\x67\0\0\xdb\0\0\0\x59\x0b\0\0\x19\xf0\0\0\xd0\x67\0\0\xdb\0\
\0\0\x59\x0b\0\0\x0d\xf0\0\0\xd8\x67\0\0\xdb\0\0\0\0\0\0\0\0\0\0\0\xe8\x67\0\0\
\xdb\0\0\0\x81\x0b\0\0\x10\xf8\0\0\xf0\x67\0\0\xdb\0\0\0\x81\x0b\0\0\x0d\xf8\0\
\0\xf8\x67\0\0\xdb\0\0\0\x59\x0b\0\0\x19\xf0\0\0\x08\x68\0\0\xdb\0\0\0\x59\x0b\
\0\0\x0d\xf0\0\0\x10\x68\0\0\xdb\0\0\0\x81\x0b\0\0\x10\xf8\0\0\x18\x68\0\0\xdb\
\0\0\0\x81\x0b\0\0\x0d\xf8\0\0\x20\x68\0\0\xdb\0\0\0\x9f\x0b\0\0\x30\xe8\0\0\
\x30\x68\0\0\xdb\0\0\0\xd4\x0b\0\0\x24\xec\0\0\x38\x68\0\0\xdb\0\0\0\x59\x0b\0\
\0\x19\xf0\0\0\x50\x68\0\0\xdb\0\0\0\x59\x0b\0\0\x0d\xf0\0\0\x58\x68\0\0\xdb\0\
\0\0\0\0\0\0\0\0\0\0\x68\x68\0\0\xdb\0\0\0\x81\x0b\0\0\x10\xf8\0\0\x70\x68\0\0\
\xdb\0\0\0\x81\x0b\0\0\x0d\xf8\0\0\x78\x68\0\0\xdb\0\0\0\x59\x0b\0\0\x19\xf0\0\
\0\x88\x68\0\0\xdb\0\0\0\x59\x0b\0\0\x0d\xf0\0\0\x90\x68\0\0\xdb\0\0\0\x81\x0b\
\0\0\x10\xf8\0\0\x98\x68\0\0\xdb\0\0\0\x81\x0b\0\0\x0d\xf8\0\0\xa0\x68\0\0\xdb\
\0\0\0\x9f\x0b\0\0\x30\xe8\0\0\xb0\x68\0\0\xdb\0\0\0\xd4\x0b\0\0\x24\xec\0\0\
\xb8\x68\0\0\xdb\0\0\0\x59\x0b\0\0\x19\xf0\0\0\xd0\x68\0\0\xdb\0\0\0\x59\x0b\0\
\0\x0d\xf0\0\0\xd8\x68\0\0\xdb\0\0\0\0\0\0\0\0\0\0\0\xe8\x68\0\0\xdb\0\0\0\x81\
\x0b\0\0\x10\xf8\0\0\xf0\x68\0\0\xdb\0\0\0\x81\x0b\0\0\x0d\xf8\0\0\xf8\x68\0\0\
\xdb\0\0\0\x59\x0b\0\0\x19\xf0\0\0\x08\x69\0\0\xdb\0\0\0\x59\x0b\0\0\x0d\xf0\0\
\0\x10\x69\0\0\xdb\0\0\0\x81\x0b\0\0\x10\xf8\0\0\x18\x69\0\0\xdb\0\0\0\x81\x0b\
\0\0\x0d\xf8\0\0\x20\x69\0\0\xdb\0\0\0\x9f\x0b\0\0\x30\xe8\0\0\x30\x69\0\0\xdb\
\0\0\0\xd4\x0b\0\0\x24\xec\0\0\x38\x69\0\0\xdb\0\0\0\x59\x0b\0\0\x19\xf0\0\0\
\x50\x69\0\0\xdb\0\0\0\x59\x0b\0\0\x0d\xf0\0\0\x58\x69\0\0\xdb\0\0\0\0\0\0\0\0\
\0\0\0\x68\x69\0\0\xdb\0\0\0\x81\x0b\0\0\x10\xf8\0\0\x70\x69\0\0\xdb\0\0\0\x81\
\x0b\0\0\x0d\xf8\0\0\x78\x69\0\0\xdb\0\0\0\x59\x0b\0\0\x19\xf0\0\0\x88\x69\0\0\
\xdb\0\0\0\x59\x0b\0\0\x0d\xf0\0\0\x90\x69\0\0\xdb\0\0\0\x81\x0b\0\0\x10\xf8\0\
\0\x98\x69\0\0\xdb\0\0\0\x81\x0b\0\0\x0d\xf8\0\0\xa0\x69\0\0\xdb\0\0\0\x9f\x0b\
\0\0\x30\xe8\0\0\xb0\x69\0\0\xdb\0\0\0\xd4\x0b\0\0\x24\xec\0\0\xb8\x69\0\0\xdb\
\0\0\0\x59\x0b\0\0\x19\xf0\0\0\xd0\x69\0\0\xdb\0\0\0\x59\x0b\0\0\x0d\xf0\0\0\
\xd8\x69\0\0\xdb\0\0\0\0\0\0\0\0\0\0\0\xe8\x69\0\0\xdb\0\0\0\x81\x0b\0\0\x10\
\xf8\0\0\xf0\x69\0\0\xdb\0\0\0\x81\x0b\0\0\x0d\xf8\0\0\xf8\x69\0\0\xdb\0\0\0\
\x59\x0b\0\0\x19\xf0\0\0\x08\x6a\0\0\xdb\0\0\0\x59\x0b\0\0\x0d\xf0\0\0\x10\x6a\
\0\0\xdb\0\0\0\x81\x0b\0\0\x10\xf8\0\0\x18\x6a\0\0\xdb\0\0\0\x81\x0b\0\0\x0d\
\xf8\0\0\x20\x6a\0\0\xdb\0\0\0\x9f\x0b\0\0\x30\xe8\0\0\x30\x6a\0\0\xdb\0\0\0\
\xd4\x0b\0\0\x24\xec\0\0\x38\x6a\0\0\xdb\0\0\0\x59\x0b\0\0\x19\xf0\0\0\x50\x6a\
\0\0\xdb\0\0\0\x59\x0b\0\0\x0d\xf0\0\0\x58\x6a\0\0\xdb\0\0\0\0\0\0\0\0\0\0\0\
\x68\x6a\0\0\xdb\0\0\0\x81\x0b\0\0\x10\xf8\0\0\x70\x6a\0\0\xdb\0\0\0\x81\x0b\0\
\0\x0d\xf8\0\0\x78\x6a\0\0\xdb\0\0\0\x59\x0b\0\0\x19\xf0\0\0\x88\x6a\0\0\xdb\0\
\0\0\x59\x0b\0\0\x0d\xf0\0\0\x90\x6a\0\0\xdb\0\0\0\x81\x0b\0\0\x10\xf8\0\0\x98\
\x6a\0\0\xdb\0\0\0\x81\x0b\0\0\x0d\xf8\0\0\xa0\x6a\0\0\xdb\0\0\0\x9f\x0b\0\0\
\x30\xe8\0\0\xb0\x6a\0\0\xdb\0\0\0\xd4\x0b\0\0\x24\xec\0\0\xb8\x6a\0\0\xdb\0\0\
\0\x59\x0b\0\0\x19\xf0\0\0\xd0\x6a\0\0\xdb\0\0\0\x59\x0b\0\0\x0d\xf0\0\0\xd8\
\x6a\0\0\xdb\0\0\0\0\0\0\0\0\0\0\0\xe8\x6a\0\0\xdb\0\0\0\x81\x0b\0\0\x10\xf8\0\
\0\xf0\x6a\0\0\xdb\0\0\0\x81\x0b\0\0\x0d\xf8\0\0\xf8\x6a\0\0\xdb\0\0\0\x59\x0b\
\0\0\x19\xf0\0\0\x08\x6b\0\0\xdb\0\0\0\x59\x0b\0\0\x0d\xf0\0\0\x10\x6b\0\0\xdb\
\0\0\0\x81\x0b\0\0\x10\xf8\0\0\x18\x6b\0\0\xdb\0\0\0\x81\x0b\0\0\x0d\xf8\0\0\
\x20\x6b\0\0\xdb\0\0\0\x9f\x0b\0\0\x30\xe8\0\0\x30\x6b\0\0\xdb\0\0\0\xd4\x0b\0\
\0\x24\xec\0\0\x38\x6b\0\0\xdb\0\0\0\x59\x0b\0\0\x19\xf0\0\0\x50\x6b\0\0\xdb\0\
\0\0\x59\x0b\0\0\x0d\xf0\0\0\x58\x6b\0\0\xdb\0\0\0\0\0\0\0\0\0\0\0\x68\x6b\0\0\
\xdb\0\0\0\x81\x0b\0\0\x10\xf8\0\0\x70\x6b\0\0\xdb\0\0\0\x81\x0b\0\0\x0d\xf8\0\
\0\x78\x6b\0\0\xdb\0\0\0\x59\x0b\0\0\x19\xf0\0\0\x88\x6b\0\0\xdb\0\0\0\x59\x0b\
\0\0\x0d\xf0\0\0\x90\x6b\0\0\xdb\0\0\0\x81\x0b\0\0\x10\xf8\0\0\x98\x6b\0\0\xdb\
\0\0\0\x81\x0b\0\0\x0d\xf8\0\0\xa0\x6b\0\0\xdb\0\0\0\x9f\x0b\0\0\x30\xe8\0\0\
\xb0\x6b\0\0\xdb\0\0\0\xd4\x0b\0\0\x24\xec\0\0\xb8\x6b\0\0\xdb\0\0\0\x59\x0b\0\
\0\x19\xf0\0\0\xd0\x6b\0\0\xdb\0\0\0\x59\x0b\0\0\x0d\xf0\0\0\xd8\x6b\0\0\xdb\0\
\0\0\0\0\0\0\0\0\0\0\xe8\x6b\0\0\xdb\0\0\0\x81\x0b\0\0\x10\xf8\0\0\xf0\x6b\0\0\
\xdb\0\0\0\x81\x0b\0\0\x0d\xf8\0\0\xf8\x6b\0\0\xdb\0\0\0\x59\x0b\0\0\x19\xf0\0\
\0\x08\x6c\0\0\xdb\0\0\0\x59\x0b\0\0\x0d\xf0\0\0\x10\x6c\0\0\xdb\0\0\0\x81\x0b\
\0\0\x10\xf8\0\0\x18\x6c\0\0\xdb\0\0\0\x81\x0b\0\0\x0d\xf8\0\0\x20\x6c\0\0\xdb\
\0\0\0\x9f\x0b\0\0\x30\xe8\0\0\x30\x6c\0\0\xdb\0\0\0\xd4\x0b\0\0\x24\xec\0\0\
\x38\x6c\0\0\xdb\0\0\0\x59\x0b\0\0\x19\xf0\0\0\x50\x6c\0\0\xdb\0\0\0\x59\x0b\0\
\0\x0d\xf0\0\0\x58\x6c\0\0\xdb\0\0\0\0\0\0\0\0\0\0\0\x68\x6c\0\0\xdb\0\0\0\x81\
\x0b\0\0\x10\xf8\0\0\x70\x6c\0\0\xdb\0\0\0\x81\x0b\0\0\x0d\xf8\0\0\x78\x6c\0\0\
\xdb\0\0\0\x59\x0b\0\0\x19\xf0\0\0\x88\x6c\0\0\xdb\0\0\0\x59\x0b\0\0\x0d\xf0\0\
\0\x90\x6c\0\0\xdb\0\0\0\x81\x0b\0\0\x10\xf8\0\0\x98\x6c\0\0\xdb\0\0\0\x81\x0b\
\0\0\x0d\xf8\0\0\xa0\x6c\0\0\xdb\0\0\0\x9f\x0b\0\0\x30\xe8\0\0\xb0\x6c\0\0\xdb\
\0\0\0\xd4\x0b\0\0\x24\xec\0\0\xb8\x6c\0\0\xdb\0\0\0\x59\x0b\0\0\x19\xf0\0\0\
\xd0\x6c\0\0\xdb\0\0\0\x59\x0b\0\0\x0d\xf0\0\0\xd8\x6c\0\0\xdb\0\0\0\0\0\0\0\0\
\0\0\0\xe8\x6c\0\0\xdb\0\0\0\x81\x0b\0\0\x10\xf8\0\0\xf0\x6c\0\0\xdb\0\0\0\x81\
\x0b\0\0\x0d\xf8\0\0\xf8\x6c\0\0\xdb\0\0\0\x59\x0b\0\0\x19\xf0\0\0\x08\x6d\0\0\
\xdb\0\0\0\x59\x0b\0\0\x0d\xf0\0\0\x10\x6d\0\0\xdb\0\0\0\x81\x0b\0\0\x10\xf8\0\
\0\x18\x6d\0\0\xdb\0\0\0\x81\x0b\0\0\x0d\xf8\0\0\x20\x6d\0\0\xdb\0\0\0\x9f\x0b\
\0\0\x30\xe8\0\0\x30\x6d\0\0\xdb\0\0\0\xd4\x0b\0\0\x24\xec\0\0\x38\x6d\0\0\xdb\
\0\0\0\x59\x0b\0\0\x19\xf0\0\0\x50\x6d\0\0\xdb\0\0\0\x59\x0b\0\0\x0d\xf0\0\0\
\x58\x6d\0\0\xdb\0\0\0\0\0\0\0\0\0\0\0\x68\x6d\0\0\xdb\0\0\0\x81\x0b\0\0\x10\
\xf8\0\0\x70\x6d\0\0\xdb\0\0\0\x81\x0b\0\0\x0d\xf8\0\0\x78\x6d\0\0\xdb\0\0\0\
\x59\x0b\0\0\x19\xf0\0\0\x88\x6d\0\0\xdb\0\0\0\x59\x0b\0\0\x0d\xf0\0\0\x90\x6d\
\0\0\xdb\0\0\0\x81\x0b\0\0\x10\xf8\0\0\x98\x6d\0\0\xdb\0\0\0\x81\x0b\0\0\x0d\
\xf8\0\0\xa0\x6d\0\0\xdb\0\0\0\x9f\x0b\0\0\x30\xe8\0\0\xb0\x6d\0\0\xdb\0\0\0\
\xd4\x0b\0\0\x24\xec\0\0\xb8\x6d\0\0\xdb\0\0\0\x59\x0b\0\0\x19\xf0\0\0\xd0\x6d\
\0\0\xdb\0\0\0\x59\x0b\0\0\x0d\xf0\0\0\xd8\x6d\0\0\xdb\0\0\0\0\0\0\0\0\0\0\0\
\xe8\x6d\0\0\xdb\0\0\0\x81\x0b\0\0\x10\xf8\0\0\xf0\x6d\0\0\xdb\0\0\0\x81\x0b\0\
\0\x0d\xf8\0\0\xf8\x6d\0\0\xdb\0\0\0\x59\x0b\0\0\x19\xf0\0\0\x08\x6e\0\0\xdb\0\
\0\0\x59\x0b\0\0\x0d\xf0\0\0\x10\x6e\0\0\xdb\0\0\0\x81\x0b\0\0\x10\xf8\0\0\x18\
\x6e\0\0\xdb\0\0\0\x81\x0b\0\0\x0d\xf8\0\0\x20\x6e\0\0\xdb\0\0\0\x9f\x0b\0\0\
\x30\xe8\0\0\x30\x6e\0\0\xdb\0\0\0\xd4\x0b\0\0\x24\xec\0\0\x38\x6e\0\0\xdb\0\0\
\0\x59\x0b\0\0\x19\xf0\0\0\x50\x6e\0\0\xdb\0\0\0\x59\x0b\0\0\x0d\xf0\0\0\x58\
\x6e\0\0\xdb\0\0\0\0\0\0\0\0\0\0\0\x68\x6e\0\0\xdb\0\0\0\x81\x0b\0\0\x10\xf8\0\
\0\x70\x6e\0\0\xdb\0\0\0\x81\x0b\0\0\x0d\xf8\0\0\x78\x6e\0\0\xdb\0\0\0\x59\x0b\
\0\0\x19\xf0\0\0\x88\x6e\0\0\xdb\0\0\0\x59\x0b\0\0\x0d\xf0\0\0\x90\x6e\0\0\xdb\
\0\0\0\x81\x0b\0\0\x10\xf8\0\0\x98\x6e\0\0\xdb\0\0\0\x81\x0b\0\0\x0d\xf8\0\0\
\xa0\x6e\0\0\xdb\0\0\0\x9f\x0b\0\0\x30\xe8\0\0\xb0\x6e\0\0\xdb\0\0\0\xd4\x0b\0\
\0\x24\xec\0\0\xb8\x6e\0\0\xdb\0\0\0\x59\x0b\0\0\x19\xf0\0\0\xd0\x6e\0\0\xdb\0\
\0\0\x59\x0b\0\0\x0d\xf0\0\0\xd8\x6e\0\0\xdb\0\0\0\0\0\0\0\0\0\0\0\xe8\x6e\0\0\
\xdb\0\0\0\x81\x0b\0\0\x10\xf8\0\0\xf0\x6e\0\0\xdb\0\0\0\x81\x0b\0\0\x0d\xf8\0\
\0\xf8\x6e\0\0\xdb\0\0\0\x59\x0b\0\0\x19\xf0\0\0\x08\x6f\0\0\xdb\0\0\0\x59\x0b\
\0\0\x0d\xf0\0\0\x10\x6f\0\0\xdb\0\0\0\x81\x0b\0\0\x10\xf8\0\0\x18\x6f\0\0\xdb\
\0\0\0\x81\x0b\0\0\x0d\xf8\0\0\x20\x6f\0\0\xdb\0\0\0\x9f\x0b\0\0\x30\xe8\0\0\
\x30\x6f\0\0\xdb\0\0\0\xd4\x0b\0\0\x24\xec\0\0\x38\x6f\0\0\xdb\0\0\0\x59\x0b\0\
\0\x19\xf0\0\0\x50\x6f\0\0\xdb\0\0\0\x59\x0b\0\0\x0d\xf0\0\0\x58\x6f\0\0\xdb\0\
\0\0\0\0\0\0\0\0\0\0\x68\x6f\0\0\xdb\0\0\0\x81\x0b\0\0\x10\xf8\0\0\x70\x6f\0\0\
\xdb\0\0\0\x81\x0b\0\0\x0d\xf8\0\0\x78\x6f\0\0\xdb\0\0\0\x59\x0b\0\0\x19\xf0\0\
\0\x88\x6f\0\0\xdb\0\0\0\x59\x0b\0\0\x0d\xf0\0\0\x90\x6f\0\0\xdb\0\0\0\x81\x0b\
\0\0\x10\xf8\0\0\x98\x6f\0\0\xdb\0\0\0\x81\x0b\0\0\x0d\xf8\0\0\xa0\x6f\0\0\xdb\
\0\0\0\x9f\x0b\0\0\x30\xe8\0\0\xb0\x6f\0\0\xdb\0\0\0\xd4\x0b\0\0\x24\xec\0\0\
\xb8\x6f\0\0\xdb\0\0\0\x59\x0b\0\0\x19\xf0\0\0\xd0\x6f\0\0\xdb\0\0\0\x59\x0b\0\
\0\x0d\xf0\0\0\xd8\x6f\0\0\xdb\0\0\0\0\0\0\0\0\0\0\0\xe8\x6f\0\0\xdb\0\0\0\x81\
\x0b\0\0\x10\xf8\0\0\xf0\x6f\0\0\xdb\0\0\0\x81\x0b\0\0\x0d\xf8\0\0\xf8\x6f\0\0\
\xdb\0\0\0\x59\x0b\0\0\x19\xf0\0\0\x08\x70\0\0\xdb\0\0\0\x59\x0b\0\0\x0d\xf0\0\
\0\x10\x70\0\0\xdb\0\0\0\x81\x0b\0\0\x10\xf8\0\0\x18\x70\0\0\xdb\0\0\0\x81\x0b\
\0\0\x0d\xf8\0\0\x20\x70\0\0\xdb\0\0\0\x9f\x0b\0\0\x30\xe8\0\0\x30\x70\0\0\xdb\
\0\0\0\xd4\x0b\0\0\x24\xec\0\0\x38\x70\0\0\xdb\0\0\0\x59\x0b\0\0\x19\xf0\0\0\
\x50\x70\0\0\xdb\0\0\0\x59\x0b\0\0\x0d\xf0\0\0\x58\x70\0\0\xdb\0\0\0\0\0\0\0\0\
\0\0\0\x68\x70\0\0\xdb\0\0\0\x81\x0b\0\0\x10\xf8\0\0\x70\x70\0\0\xdb\0\0\0\x81\
\x0b\0\0\x0d\xf8\0\0\x78\x70\0\0\xdb\0\0\0\x59\x0b\0\0\x19\xf0\0\0\x88\x70\0\0\
\xdb\0\0\0\x59\x0b\0\0\x0d\xf0\0\0\x90\x70\0\0\xdb\0\0\0\x81\x0b\0\0\x10\xf8\0\
\0\x98\x70\0\0\xdb\0\0\0\x81\x0b\0\0\x0d\xf8\0\0\xa0\x70\0\0\xdb\0\0\0\x9f\x0b\
\0\0\x30\xe8\0\0\xb0\x70\0\0\xdb\0\0\0\xd4\x0b\0\0\x24\xec\0\0\xb8\x70\0\0\xdb\
\0\0\0\x59\x0b\0\0\x19\xf0\0\0\xd0\x70\0\0\xdb\0\0\0\x59\x0b\0\0\x0d\xf0\0\0\
\xd8\x70\0\0\xdb\0\0\0\0\0\0\0\0\0\0\0\xe8\x70\0\0\xdb\0\0\0\x81\x0b\0\0\x10\
\xf8\0\0\xf0\x70\0\0\xdb\0\0\0\x81\x0b\0\0\x0d\xf8\0\0\xf8\x70\0\0\xdb\0\0\0\
\x59\x0b\0\0\x19\xf0\0\0\x08\x71\0\0\xdb\0\0\0\x59\x0b\0\0\x0d\xf0\0\0\x10\x71\
\0\0\xdb\0\0\0\x81\x0b\0\0\x10\xf8\0\0\x18\x71\0\0\xdb\0\0\0\x81\x0b\0\0\x0d\
\xf8\0\0\x20\x71\0\0\xdb\0\0\0\x9f\x0b\0\0\x30\xe8\0\0\x30\x71\0\0\xdb\0\0\0\
\xd4\x0b\0\0\x24\xec\0\0\x38\x71\0\0\xdb\0\0\0\x59\x0b\0\0\x19\xf0\0\0\x50\x71\
\0\0\xdb\0\0\0\x59\x0b\0\0\x0d\xf0\0\0\x58\x71\0\0\xdb\0\0\0\0\0\0\0\0\0\0\0\
\x68\x71\0\0\xdb\0\0\0\x81\x0b\0\0\x10\xf8\0\0\x70\x71\0\0\xdb\0\0\0\x81\x0b\0\
\0\x0d\xf8\0\0\x78\x71\0\0\xdb\0\0\0\x59\x0b\0\0\x19\xf0\0\0\x88\x71\0\0\xdb\0\
\0\0\x59\x0b\0\0\x0d\xf0\0\0\x90\x71\0\0\xdb\0\0\0\x81\x0b\0\0\x10\xf8\0\0\x98\
\x71\0\0\xdb\0\0\0\x81\x0b\0\0\x0d\xf8\0\0\xa0\x71\0\0\xdb\0\0\0\x9f\x0b\0\0\
\x30\xe8\0\0\xb0\x71\0\0\xdb\0\0\0\xd4\x0b\0\0\x24\xec\0\0\xb8\x71\0\0\xdb\0\0\
\0\x59\x0b\0\0\x19\xf0\0\0\xd0\x71\0\0\xdb\0\0\0\x59\x0b\0\0\x0d\xf0\0\0\xd8\
\x71\0\0\xdb\0\0\0\0\0\0\0\0\0\0\0\xe8\x71\0\0\xdb\0\0\0\x81\x0b\0\0\x10\xf8\0\
\0\xf0\x71\0\0\xdb\0\0\0\x81\x0b\0\0\x0d\xf8\0\0\xf8\x71\0\0\xdb\0\0\0\x59\x0b\
\0\0\x19\xf0\0\0\x08\x72\0\0\xdb\0\0\0\x59\x0b\0\0\x0d\xf0\0\0\x10\x72\0\0\xdb\
\0\0\0\x81\x0b\0\0\x10\xf8\0\0\x18\x72\0\0\xdb\0\0\0\x81\x0b\0\0\x0d\xf8\0\0\
\x20\x72\0\0\xdb\0\0\0\x9f\x0b\0\0\x30\xe8\0\0\x30\x72\0\0\xdb\0\0\0\xd4\x0b\0\
\0\x24\xec\0\0\x38\x72\0\0\xdb\0\0\0\x59\x0b\0\0\x19\xf0\0\0\x50\x72\0\0\xdb\0\
\0\0\x59\x0b\0\0\x0d\xf0\0\0\x58\x72\0\0\xdb\0\0\0\0\0\0\0\0\0\0\0\x68\x72\0\0\
\xdb\0\0\0\x81\x0b\0\0\x10\xf8\0\0\x70\x72\0\0\xdb\0\0\0\x81\x0b\0\0\x0d\xf8\0\
\0\x78\x72\0\0\xdb\0\0\0\x59\x0b\0\0\x19\xf0\0\0\x88\x72\0\0\xdb\0\0\0\x59\x0b\
\0\0\x0d\xf0\0\0\x90\x72\0\0\xdb\0\0\0\x81\x0b\0\0\x10\xf8\0\0\x98\x72\0\0\xdb\
\0\0\0\x81\x0b\0\0\x0d\xf8\0\0\xa0\x72\0\0\xdb\0\0\0\x9f\x0b\0\0\x30\xe8\0\0\
\xb0\x72\0\0\xdb\0\0\0\xd4\x0b\0\0\x24\xec\0\0\xb8\x72\0\0\xdb\0\0\0\x59\x0b\0\
\0\x19\xf0\0\0\xd0\x72\0\0\xdb\0\0\0\x59\x0b\0\0\x0d\xf0\0\0\xd8\x72\0\0\xdb\0\
\0\0\0\0\0\0\0\0\0\0\xe8\x72\0\0\xdb\0\0\0\x81\x0b\0\0\x10\xf8\0\0\xf0\x72\0\0\
\xdb\0\0\0\x81\x0b\0\0\x0d\xf8\0\0\xf8\x72\0\0\xdb\0\0\0\x59\x0b\0\0\x19\xf0\0\
\0\x08\x73\0\0\xdb\0\0\0\x59\x0b\0\0\x0d\xf0\0\0\x10\x73\0\0\xdb\0\0\0\x81\x0b\
\0\0\x10\xf8\0\0\x18\x73\0\0\xdb\0\0\0\x81\x0b\0\0\x0d\xf8\0\0\x20\x73\0\0\xdb\
\0\0\0\x9f\x0b\0\0\x30\xe8\0\0\x30\x73\0\0\xdb\0\0\0\xd4\x0b\0\0\x24\xec\0\0\
\x38\x73\0\0\xdb\0\0\0\x59\x0b\0\0\x19\xf0\0\0\x50\x73\0\0\xdb\0\0\0\x59\x0b\0\
\0\x0d\xf0\0\0\x58\x73\0\0\xdb\0\0\0\0\0\0\0\0\0\0\0\x68\x73\0\0\xdb\0\0\0\x81\
\x0b\0\0\x10\xf8\0\0\x70\x73\0\0\xdb\0\0\0\x81\x0b\0\0\x0d\xf8\0\0\x78\x73\0\0\
\xdb\0\0\0\x59\x0b\0\0\x19\xf0\0\0\x88\x73\0\0\xdb\0\0\0\x59\x0b\0\0\x0d\xf0\0\
\0\x90\x73\0\0\xdb\0\0\0\x81\x0b\0\0\x10\xf8\0\0\x98\x73\0\0\xdb\0\0\0\x81\x0b\
\0\0\x0d\xf8\0\0\xa0\x73\0\0\xdb\0\0\0\x9f\x0b\0\0\x30\xe8\0\0\xb0\x73\0\0\xdb\
\0\0\0\xd4\x0b\0\0\x24\xec\0\0\xb8\x73\0\0\xdb\0\0\0\x59\x0b\0\0\x19\xf0\0\0\
\xd0\x73\0\0\xdb\0\0\0\x59\x0b\0\0\x0d\xf0\0\0\xd8\x73\0\0\xdb\0\0\0\0\0\0\0\0\
\0\0\0\xe8\x73\0\0\xdb\0\0\0\x81\x0b\0\0\x10\xf8\0\0\xf0\x73\0\0\xdb\0\0\0\x81\
\x0b\0\0\x0d\xf8\0\0\xf8\x73\0\0\xdb\0\0\0\x59\x0b\0\0\x19\xf0\0\0\x08\x74\0\0\
\xdb\0\0\0\x59\x0b\0\0\x0d\xf0\0\0\x10\x74\0\0\xdb\0\0\0\x81\x0b\0\0\x10\xf8\0\
\0\x18\x74\0\0\xdb\0\0\0\x81\x0b\0\0\x0d\xf8\0\0\x20\x74\0\0\xdb\0\0\0\x9f\x0b\
\0\0\x30\xe8\0\0\x30\x74\0\0\xdb\0\0\0\xd4\x0b\0\0\x24\xec\0\0\x38\x74\0\0\xdb\
\0\0\0\x59\x0b\0\0\x19\xf0\0\0\x50\x74\0\0\xdb\0\0\0\x59\x0b\0\0\x0d\xf0\0\0\
\x58\x74\0\0\xdb\0\0\0\0\0\0\0\0\0\0\0\x68\x74\0\0\xdb\0\0\0\x81\x0b\0\0\x10\
\xf8\0\0\x70\x74\0\0\xdb\0\0\0\x81\x0b\0\0\x0d\xf8\0\0\x78\x74\0\0\xdb\0\0\0\
\x59\x0b\0\0\x19\xf0\0\0\x88\x74\0\0\xdb\0\0\0\x59\x0b\0\0\x0d\xf0\0\0\x90\x74\
\0\0\xdb\0\0\0\x81\x0b\0\0\x10\xf8\0\0\x98\x74\0\0\xdb\0\0\0\x81\x0b\0\0\x0d\
\xf8\0\0\xa0\x74\0\0\xdb\0\0\0\x9f\x0b\0\0\x30\xe8\0\0\xb0\x74\0\0\xdb\0\0\0\
\xd4\x0b\0\0\x24\xec\0\0\xb8\x74\0\0\xdb\0\0\0\x59\x0b\0\0\x19\xf0\0\0\xd0\x74\
\0\0\xdb\0\0\0\x59\x0b\0\0\x0d\xf0\0\0\xd8\x74\0\0\xdb\0\0\0\0\0\0\0\0\0\0\0\
\xe8\x74\0\0\xdb\0\0\0\x81\x0b\0\0\x10\xf8\0\0\xf0\x74\0\0\xdb\0\0\0\x81\x0b\0\
\0\x0d\xf8\0\0\xf8\x74\0\0\xdb\0\0\0\x59\x0b\0\0\x19\xf0\0\0\x08\x75\0\0\xdb\0\
\0\0\x59\x0b\0\0\x0d\xf0\0\0\x10\x75\0\0\xdb\0\0\0\x81\x0b\0\0\x10\xf8\0\0\x18\
\x75\0\0\xdb\0\0\0\x81\x0b\0\0\x0d\xf8\0\0\x20\x75\0\0\xdb\0\0\0\x9f\x0b\0\0\
\x30\xe8\0\0\x30\x75\0\0\xdb\0\0\0\xd4\x0b\0\0\x24\xec\0\0\x38\x75\0\0\xdb\0\0\
\0\x59\x0b\0\0\x19\xf0\0\0\x50\x75\0\0\xdb\0\0\0\x59\x0b\0\0\x0d\xf0\0\0\x58\
\x75\0\0\xdb\0\0\0\0\0\0\0\0\0\0\0\x68\x75\0\0\xdb\0\0\0\x81\x0b\0\0\x10\xf8\0\
\0\x70\x75\0\0\xdb\0\0\0\x81\x0b\0\0\x0d\xf8\0\0\x78\x75\0\0\xdb\0\0\0\x59\x0b\
\0\0\x19\xf0\0\0\x88\x75\0\0\xdb\0\0\0\x59\x0b\0\0\x0d\xf0\0\0\x90\x75\0\0\xdb\
\0\0\0\x81\x0b\0\0\x10\xf8\0\0\x98\x75\0\0\xdb\0\0\0\x81\x0b\0\0\x0d\xf8\0\0\
\xa0\x75\0\0\xdb\0\0\0\x9f\x0b\0\0\x30\xe8\0\0\xb0\x75\0\0\xdb\0\0\0\xd4\x0b\0\
\0\x24\xec\0\0\xb8\x75\0\0\xdb\0\0\0\x59\x0b\0\0\x19\xf0\0\0\xd0\x75\0\0\xdb\0\
\0\0\x59\x0b\0\0\x0d\xf0\0\0\xd8\x75\0\0\xdb\0\0\0\0\0\0\0\0\0\0\0\xe8\x75\0\0\
\xdb\0\0\0\x81\x0b\0\0\x10\xf8\0\0\xf0\x75\0\0\xdb\0\0\0\x81\x0b\0\0\x0d\xf8\0\
\0\xf8\x75\0\0\xdb\0\0\0\x59\x0b\0\0\x19\xf0\0\0\x08\x76\0\0\xdb\0\0\0\x59\x0b\
\0\0\x0d\xf0\0\0\x10\x76\0\0\xdb\0\0\0\x81\x0b\0\0\x10\xf8\0\0\x18\x76\0\0\xdb\
\0\0\0\x81\x0b\0\0\x0d\xf8\0\0\x20\x76\0\0\xdb\0\0\0\x9f\x0b\0\0\x30\xe8\0\0\
\x30\x76\0\0\xdb\0\0\0\xd4\x0b\0\0\x24\xec\0\0\x38\x76\0\0\xdb\0\0\0\x59\x0b\0\
\0\x19\xf0\0\0\x50\x76\0\0\xdb\0\0\0\x59\x0b\0\0\x0d\xf0\0\0\x58\x76\0\0\xdb\0\
\0\0\0\0\0\0\0\0\0\0\x68\x76\0\0\xdb\0\0\0\x81\x0b\0\0\x10\xf8\0\0\x70\x76\0\0\
\xdb\0\0\0\x81\x0b\0\0\x0d\xf8\0\0\x78\x76\0\0\xdb\0\0\0\x59\x0b\0\0\x19\xf0\0\
\0\x88\x76\0\0\xdb\0\0\0\x59\x0b\0\0\x0d\xf0\0\0\x90\x76\0\0\xdb\0\0\0\x81\x0b\
\0\0\x10\xf8\0\0\x98\x76\0\0\xdb\0\0\0\x81\x0b\0\0\x0d\xf8\0\0\xa0\x76\0\0\xdb\
\0\0\0\x9f\x0b\0\0\x30\xe8\0\0\xb0\x76\0\0\xdb\0\0\0\xd4\x0b\0\0\x24\xec\0\0\
\xb8\x76\0\0\xdb\0\0\0\x59\x0b\0\0\x19\xf0\0\0\xd0\x76\0\0\xdb\0\0\0\x59\x0b\0\
\0\x0d\xf0\0\0\xd8\x76\0\0\xdb\0\0\0\0\0\0\0\0\0\0\0\xe8\x76\0\0\xdb\0\0\0\x81\
\x0b\0\0\x10\xf8\0\0\xf0\x76\0\0\xdb\0\0\0\x81\x0b\0\0\x0d\xf8\0\0\xf8\x76\0\0\
\xdb\0\0\0\x59\x0b\0\0\x19\xf0\0\0\x08\x77\0\0\xdb\0\0\0\x59\x0b\0\0\x0d\xf0\0\
\0\x10\x77\0\0\xdb\0\0\0\x81\x0b\0\0\x10\xf8\0\0\x18\x77\0\0\xdb\0\0\0\x81\x0b\
\0\0\x0d\xf8\0\0\x20\x77\0\0\xdb\0\0\0\x9f\x0b\0\0\x30\xe8\0\0\x30\x77\0\0\xdb\
\0\0\0\xd4\x0b\0\0\x24\xec\0\0\x38\x77\0\0\xdb\0\0\0\x59\x0b\0\0\x19\xf0\0\0\
\x50\x77\0\0\xdb\0\0\0\x59\x0b\0\0\x0d\xf0\0\0\x58\x77\0\0\xdb\0\0\0\0\0\0\0\0\
\0\0\0\x68\x77\0\0\xdb\0\0\0\x81\x0b\0\0\x10\xf8\0\0\x70\x77\0\0\xdb\0\0\0\x81\
\x0b\0\0\x0d\xf8\0\0\x78\x77\0\0\xdb\0\0\0\x59\x0b\0\0\x19\xf0\0\0\x88\x77\0\0\
\xdb\0\0\0\x59\x0b\0\0\x0d\xf0\0\0\x90\x77\0\0\xdb\0\0\0\x81\x0b\0\0\x10\xf8\0\
\0\x98\x77\0\0\xdb\0\0\0\x81\x0b\0\0\x0d\xf8\0\0\xa0\x77\0\0\xdb\0\0\0\x9f\x0b\
\0\0\x30\xe8\0\0\xb0\x77\0\0\xdb\0\0\0\xd4\x0b\0\0\x24\xec\0\0\xb8\x77\0\0\xdb\
\0\0\0\x59\x0b\0\0\x19\xf0\0\0\xd0\x77\0\0\xdb\0\0\0\x59\x0b\0\0\x0d\xf0\0\0\
\xd8\x77\0\0\xdb\0\0\0\0\0\0\0\0\0\0\0\xe8\x77\0\0\xdb\0\0\0\x81\x0b\0\0\x10\
\xf8\0\0\xf0\x77\0\0\xdb\0\0\0\x81\x0b\0\0\x0d\xf8\0\0\xf8\x77\0\0\xdb\0\0\0\
\x59\x0b\0\0\x19\xf0\0\0\x08\x78\0\0\xdb\0\0\0\x59\x0b\0\0\x0d\xf0\0\0\x10\x78\
\0\0\xdb\0\0\0\x81\x0b\0\0\x10\xf8\0\0\x18\x78\0\0\xdb\0\0\0\x81\x0b\0\0\x0d\
\xf8\0\0\x20\x78\0\0\xdb\0\0\0\x9f\x0b\0\0\x30\xe8\0\0\x30\x78\0\0\xdb\0\0\0\
\xd4\x0b\0\0\x24\xec\0\0\x38\x78\0\0\xdb\0\0\0\x59\x0b\0\0\x19\xf0\0\0\x50\x78\
\0\0\xdb\0\0\0\x59\x0b\0\0\x0d\xf0\0\0\x58\x78\0\0\xdb\0\0\0\0\0\0\0\0\0\0\0\
\x68\x78\0\0\xdb\0\0\0\x81\x0b\0\0\x10\xf8\0\0\x70\x78\0\0\xdb\0\0\0\x81\x0b\0\
\0\x0d\xf8\0\0\x78\x78\0\0\xdb\0\0\0\x59\x0b\0\0\x19\xf0\0\0\x88\x78\0\0\xdb\0\
\0\0\x59\x0b\0\0\x0d\xf0\0\0\x90\x78\0\0\xdb\0\0\0\x81\x0b\0\0\x10\xf8\0\0\x98\
\x78\0\0\xdb\0\0\0\x81\x0b\0\0\x0d\xf8\0\0\xa0\x78\0\0\xdb\0\0\0\x9f\x0b\0\0\
\x30\xe8\0\0\xb0\x78\0\0\xdb\0\0\0\xd4\x0b\0\0\x24\xec\0\0\xb8\x78\0\0\xdb\0\0\
\0\x59\x0b\0\0\x19\xf0\0\0\xd0\x78\0\0\xdb\0\0\0\x59\x0b\0\0\x0d\xf0\0\0\xd8\
\x78\0\0\xdb\0\0\0\0\0\0\0\0\0\0\0\xe8\x78\0\0\xdb\0\0\0\x81\x0b\0\0\x10\xf8\0\
\0\xf0\x78\0\0\xdb\0\0\0\x81\x0b\0\0\x0d\xf8\0\0\xf8\x78\0\0\xdb\0\0\0\x59\x0b\
\0\0\x19\xf0\0\0\x08\x79\0\0\xdb\0\0\0\x59\x0b\0\0\x0d\xf0\0\0\x10\x79\0\0\xdb\
\0\0\0\x81\x0b\0\0\x10\xf8\0\0\x18\x79\0\0\xdb\0\0\0\x81\x0b\0\0\x0d\xf8\0\0\
\x20\x79\0\0\xdb\0\0\0\x9f\x0b\0\0\x30\xe8\0\0\x30\x79\0\0\xdb\0\0\0\xd4\x0b\0\
\0\x24\xec\0\0\x38\x79\0\0\xdb\0\0\0\x59\x0b\0\0\x19\xf0\0\0\x50\x79\0\0\xdb\0\
\0\0\x59\x0b\0\0\x0d\xf0\0\0\x58\x79\0\0\xdb\0\0\0\0\0\0\0\0\0\0\0\x68\x79\0\0\
\xdb\0\0\0\x81\x0b\0\0\x10\xf8\0\0\x70\x79\0\0\xdb\0\0\0\x81\x0b\0\0\x0d\xf8\0\
\0\x78\x79\0\0\xdb\0\0\0\x59\x0b\0\0\x19\xf0\0\0\x88\x79\0\0\xdb\0\0\0\x59\x0b\
\0\0\x0d\xf0\0\0\x90\x79\0\0\xdb\0\0\0\x81\x0b\0\0\x10\xf8\0\0\x98\x79\0\0\xdb\
\0\0\0\x81\x0b\0\0\x0d\xf8\0\0\xa0\x79\0\0\xdb\0\0\0\x9f\x0b\0\0\x30\xe8\0\0\
\xb0\x79\0\0\xdb\0\0\0\xd4\x0b\0\0\x24\xec\0\0\xb8\x79\0\0\xdb\0\0\0\x59\x0b\0\
\0\x19\xf0\0\0\xd0\x79\0\0\xdb\0\0\0\x59\x0b\0\0\x0d\xf0\0\0\xd8\x79\0\0\xdb\0\
\0\0\0\0\0\0\0\0\0\0\xe8\x79\0\0\xdb\0\0\0\x81\x0b\0\0\x10\xf8\0\0\xf0\x79\0\0\
\xdb\0\0\0\x81\x0b\0\0\x0d\xf8\0\0\xf8\x79\0\0\xdb\0\0\0\x59\x0b\0\0\x19\xf0\0\
\0\x08\x7a\0\0\xdb\0\0\0\x59\x0b\0\0\x0d\xf0\0\0\x10\x7a\0\0\xdb\0\0\0\x81\x0b\
\0\0\x10\xf8\0\0\x18\x7a\0\0\xdb\0\0\0\x81\x0b\0\0\x0d\xf8\0\0\x20\x7a\0\0\xdb\
\0\0\0\x9f\x0b\0\0\x30\xe8\0\0\x30\x7a\0\0\xdb\0\0\0\xd4\x0b\0\0\x24\xec\0\0\
\x38\x7a\0\0\xdb\0\0\0\x59\x0b\0\0\x19\xf0\0\0\x50\x7a\0\0\xdb\0\0\0\x59\x0b\0\
\0\x0d\xf0\0\0\x58\x7a\0\0\xdb\0\0\0\0\0\0\0\0\0\0\0\x68\x7a\0\0\xdb\0\0\0\x81\
\x0b\0\0\x10\xf8\0\0\x70\x7a\0\0\xdb\0\0\0\x81\x0b\0\0\x0d\xf8\0\0\x78\x7a\0\0\
\xdb\0\0\0\x59\x0b\0\0\x19\xf0\0\0\x88\x7a\0\0\xdb\0\0\0\x59\x0b\0\0\x0d\xf0\0\
\0\x90\x7a\0\0\xdb\0\0\0\x81\x0b\0\0\x10\xf8\0\0\x98\x7a\0\0\xdb\0\0\0\x81\x0b\
\0\0\x0d\xf8\0\0\xa0\x7a\0\0\xdb\0\0\0\x9f\x0b\0\0\x30\xe8\0\0\xb0\x7a\0\0\xdb\
\0\0\0\xd4\x0b\0\0\x24\xec\0\0\xb8\x7a\0\0\xdb\0\0\0\x59\x0b\0\0\x19\xf0\0\0\
\xd0\x7a\0\0\xdb\0\0\0\x59\x0b\0\0\x0d\xf0\0\0\xd8\x7a\0\0\xdb\0\0\0\0\0\0\0\0\
\0\0\0\xe8\x7a\0\0\xdb\0\0\0\x81\x0b\0\0\x10\xf8\0\0\xf0\x7a\0\0\xdb\0\0\0\x81\
\x0b\0\0\x0d\xf8\0\0\xf8\x7a\0\0\xdb\0\0\0\x59\x0b\0\0\x19\xf0\0\0\x08\x7b\0\0\
\xdb\0\0\0\x59\x0b\0\0\x0d\xf0\0\0\x10\x7b\0\0\xdb\0\0\0\x81\x0b\0\0\x10\xf8\0\
\0\x18\x7b\0\0\xdb\0\0\0\x81\x0b\0\0\x0d\xf8\0\0\x20\x7b\0\0\xdb\0\0\0\x9f\x0b\
\0\0\x30\xe8\0\0\x30\x7b\0\0\xdb\0\0\0\xd4\x0b\0\0\x24\xec\0\0\x38\x7b\0\0\xdb\
\0\0\0\x59\x0b\0\0\x19\xf0\0\0\x50\x7b\0\0\xdb\0\0\0\x59\x0b\0\0\x0d\xf0\0\0\
\x58\x7b\0\0\xdb\0\0\0\0\0\0\0\0\0\0\0\x68\x7b\0\0\xdb\0\0\0\x81\x0b\0\0\x10\
\xf8\0\0\x70\x7b\0\0\xdb\0\0\0\x81\x0b\0\0\x0d\xf8\0\0\x78\x7b\0\0\xdb\0\0\0\
\x59\x0b\0\0\x19\xf0\0\0\x88\x7b\0\0\xdb\0\0\0\x59\x0b\0\0\x0d\xf0\0\0\x90\x7b\
\0\0\xdb\0\0\0\x81\x0b\0\0\x10\xf8\0\0\x98\x7b\0\0\xdb\0\0\0\x81\x0b\0\0\x0d\
\xf8\0\0\xa0\x7b\0\0\xdb\0\0\0\x9f\x0b\0\0\x30\xe8\0\0\xb0\x7b\0\0\xdb\0\0\0\
\xd4\x0b\0\0\x24\xec\0\0\xb8\x7b\0\0\xdb\0\0\0\x59\x0b\0\0\x19\xf0\0\0\xd0\x7b\
\0\0\xdb\0\0\0\x59\x0b\0\0\x0d\xf0\0\0\xd8\x7b\0\0\xdb\0\0\0\0\0\0\0\0\0\0\0\
\xe8\x7b\0\0\xdb\0\0\0\x81\x0b\0\0\x10\xf8\0\0\xf0\x7b\0\0\xdb\0\0\0\x81\x0b\0\
\0\x0d\xf8\0\0\xf8\x7b\0\0\xdb\0\0\0\x59\x0b\0\0\x19\xf0\0\0\x08\x7c\0\0\xdb\0\
\0\0\x59\x0b\0\0\x0d\xf0\0\0\x10\x7c\0\0\xdb\0\0\0\x81\x0b\0\0\x10\xf8\0\0\x18\
\x7c\0\0\xdb\0\0\0\x81\x0b\0\0\x0d\xf8\0\0\x20\x7c\0\0\xdb\0\0\0\x9f\x0b\0\0\
\x30\xe8\0\0\x30\x7c\0\0\xdb\0\0\0\xd4\x0b\0\0\x24\xec\0\0\x38\x7c\0\0\xdb\0\0\
\0\x59\x0b\0\0\x19\xf0\0\0\x50\x7c\0\0\xdb\0\0\0\x59\x0b\0\0\x0d\xf0\0\0\x58\
\x7c\0\0\xdb\0\0\0\0\0\0\0\0\0\0\0\x68\x7c\0\0\xdb\0\0\0\x81\x0b\0\0\x10\xf8\0\
\0\x70\x7c\0\0\xdb\0\0\0\x81\x0b\0\0\x0d\xf8\0\0\x78\x7c\0\0\xdb\0\0\0\x59\x0b\
\0\0\x19\xf0\0\0\x88\x7c\0\0\xdb\0\0\0\x59\x0b\0\0\x0d\xf0\0\0\x90\x7c\0\0\xdb\
\0\0\0\x81\x0b\0\0\x10\xf8\0\0\x98\x7c\0\0\xdb\0\0\0\x81\x0b\0\0\x0d\xf8\0\0\
\xa0\x7c\0\0\xdb\0\0\0\x9f\x0b\0\0\x30\xe8\0\0\xb0\x7c\0\0\xdb\0\0\0\xd4\x0b\0\
\0\x24\xec\0\0\xb8\x7c\0\0\xdb\0\0\0\x59\x0b\0\0\x19\xf0\0\0\xd0\x7c\0\0\xdb\0\
\0\0\x59\x0b\0\0\x0d\xf0\0\0\xd8\x7c\0\0\xdb\0\0\0\0\0\0\0\0\0\0\0\xe8\x7c\0\0\
\xdb\0\0\0\x81\x0b\0\0\x10\xf8\0\0\xf0\x7c\0\0\xdb\0\0\0\x81\x0b\0\0\x0d\xf8\0\
\0\xf8\x7c\0\0\xdb\0\0\0\x59\x0b\0\0\x19\xf0\0\0\x08\x7d\0\0\xdb\0\0\0\x59\x0b\
\0\0\x0d\xf0\0\0\x10\x7d\0\0\xdb\0\0\0\x81\x0b\0\0\x10\xf8\0\0\x18\x7d\0\0\xdb\
\0\0\0\x81\x0b\0\0\x0d\xf8\0\0\x20\x7d\0\0\xdb\0\0\0\x9f\x0b\0\0\x30\xe8\0\0\
\x30\x7d\0\0\xdb\0\0\0\xd4\x0b\0\0\x24\xec\0\0\x38\x7d\0\0\xdb\0\0\0\x59\x0b\0\
\0\x19\xf0\0\0\x50\x7d\0\0\xdb\0\0\0\x59\x0b\0\0\x0d\xf0\0\0\x58\x7d\0\0\xdb\0\
\0\0\0\0\0\0\0\0\0\0\x68\x7d\0\0\xdb\0\0\0\x81\x0b\0\0\x10\xf8\0\0\x70\x7d\0\0\
\xdb\0\0\0\x81\x0b\0\0\x0d\xf8\0\0\x78\x7d\0\0\xdb\0\0\0\x59\x0b\0\0\x19\xf0\0\
\0\x88\x7d\0\0\xdb\0\0\0\x59\x0b\0\0\x0d\xf0\0\0\x90\x7d\0\0\xdb\0\0\0\x81\x0b\
\0\0\x10\xf8\0\0\x98\x7d\0\0\xdb\0\0\0\x81\x0b\0\0\x0d\xf8\0\0\xa0\x7d\0\0\xdb\
\0\0\0\x9f\x0b\0\0\x30\xe8\0\0\xb0\x7d\0\0\xdb\0\0\0\xd4\x0b\0\0\x24\xec\0\0\
\xb8\x7d\0\0\xdb\0\0\0\x59\x0b\0\0\x19\xf0\0\0\xd0\x7d\0\0\xdb\0\0\0\x59\x0b\0\
\0\x0d\xf0\0\0\xd8\x7d\0\0\xdb\0\0\0\0\0\0\0\0\0\0\0\xe8\x7d\0\0\xdb\0\0\0\x81\
\x0b\0\0\x10\xf8\0\0\xf0\x7d\0\0\xdb\0\0\0\x81\x0b\0\0\x0d\xf8\0\0\xf8\x7d\0\0\
\xdb\0\0\0\x59\x0b\0\0\x19\xf0\0\0\x08\x7e\0\0\xdb\0\0\0\x59\x0b\0\0\x0d\xf0\0\
\0\x10\x7e\0\0\xdb\0\0\0\x81\x0b\0\0\x10\xf8\0\0\x18\x7e\0\0\xdb\0\0\0\x81\x0b\
\0\0\x0d\xf8\0\0\x20\x7e\0\0\xdb\0\0\0\x9f\x0b\0\0\x30\xe8\0\0\x30\x7e\0\0\xdb\
\0\0\0\xd4\x0b\0\0\x24\xec\0\0\x38\x7e\0\0\xdb\0\0\0\x59\x0b\0\0\x19\xf0\0\0\
\x50\x7e\0\0\xdb\0\0\0\x59\x0b\0\0\x0d\xf0\0\0\x58\x7e\0\0\xdb\0\0\0\0\0\0\0\0\
\0\0\0\x68\x7e\0\0\xdb\0\0\0\x81\x0b\0\0\x10\xf8\0\0\x70\x7e\0\0\xdb\0\0\0\x81\
\x0b\0\0\x0d\xf8\0\0\x78\x7e\0\0\xdb\0\0\0\x59\x0b\0\0\x19\xf0\0\0\x88\x7e\0\0\
\xdb\0\0\0\x59\x0b\0\0\x0d\xf0\0\0\x90\x7e\0\0\xdb\0\0\0\x81\x0b\0\0\x10\xf8\0\
\0\x98\x7e\0\0\xdb\0\0\0\x81\x0b\0\0\x0d\xf8\0\0\xa0\x7e\0\0\xdb\0\0\0\x9f\x0b\
\0\0\x30\xe8\0\0\xb0\x7e\0\0\xdb\0\0\0\xd4\x0b\0\0\x24\xec\0\0\xb8\x7e\0\0\xdb\
\0\0\0\x59\x0b\0\0\x19\xf0\0\0\xd0\x7e\0\0\xdb\0\0\0\x59\x0b\0\0\x0d\xf0\0\0\
\xd8\x7e\0\0\xdb\0\0\0\0\0\0\0\0\0\0\0\xe8\x7e\0\0\xdb\0\0\0\x81\x0b\0\0\x10\
\xf8\0\0\xf0\x7e\0\0\xdb\0\0\0\x81\x0b\0\0\x0d\xf8\0\0\xf8\x7e\0\0\xdb\0\0\0\
\x59\x0b\0\0\x19\xf0\0\0\x08\x7f\0\0\xdb\0\0\0\x59\x0b\0\0\x0d\xf0\0\0\x10\x7f\
\0\0\xdb\0\0\0\x81\x0b\0\0\x10\xf8\0\0\x18\x7f\0\0\xdb\0\0\0\x81\x0b\0\0\x0d\
\xf8\0\0\x20\x7f\0\0\xdb\0\0\0\x9f\x0b\0\0\x30\xe8\0\0\x30\x7f\0\0\xdb\0\0\0\
\xd4\x0b\0\0\x24\xec\0\0\x38\x7f\0\0\xdb\0\0\0\x59\x0b\0\0\x19\xf0\0\0\x50\x7f\
\0\0\xdb\0\0\0\x59\x0b\0\0\x0d\xf0\0\0\x58\x7f\0\0\xdb\0\0\0\0\0\0\0\0\0\0\0\
\x68\x7f\0\0\xdb\0\0\0\x81\x0b\0\0\x10\xf8\0\0\x70\x7f\0\0\xdb\0\0\0\x81\x0b\0\
\0\x0d\xf8\0\0\x78\x7f\0\0\xdb\0\0\0\x59\x0b\0\0\x19\xf0\0\0\x88\x7f\0\0\xdb\0\
\0\0\x59\x0b\0\0\x0d\xf0\0\0\x90\x7f\0\0\xdb\0\0\0\x81\x0b\0\0\x10\xf8\0\0\x98\
\x7f\0\0\xdb\0\0\0\x81\x0b\0\0\x0d\xf8\0\0\xa0\x7f\0\0\xdb\0\0\0\x9f\x0b\0\0\
\x30\xe8\0\0\xb0\x7f\0\0\xdb\0\0\0\xd4\x0b\0\0\x24\xec\0\0\xb8\x7f\0\0\xdb\0\0\
\0\x59\x0b\0\0\x19\xf0\0\0\xd0\x7f\0\0\xdb\0\0\0\x59\x0b\0\0\x0d\xf0\0\0\xd8\
\x7f\0\0\xdb\0\0\0\0\0\0\0\0\0\0\0\xe8\x7f\0\0\xdb\0\0\0\x81\x0b\0\0\x10\xf8\0\
\0\xf0\x7f\0\0\xdb\0\0\0\x81\x0b\0\0\x0d\xf8\0\0\xf8\x7f\0\0\xdb\0\0\0\x59\x0b\
\0\0\x19\xf0\0\0\x08\x80\0\0\xdb\0\0\0\x59\x0b\0\0\x0d\xf0\0\0\x10\x80\0\0\xdb\
\0\0\0\x81\x0b\0\0\x10\xf8\0\0\x18\x80\0\0\xdb\0\0\0\x81\x0b\0\0\x0d\xf8\0\0\
\x20\x80\0\0\xdb\0\0\0\x9f\x0b\0\0\x30\xe8\0\0\x30\x80\0\0\xdb\0\0\0\xd4\x0b\0\
\0\x24\xec\0\0\x38\x80\0\0\xdb\0\0\0\x59\x0b\0\0\x19\xf0\0\0\x50\x80\0\0\xdb\0\
\0\0\x59\x0b\0\0\x0d\xf0\0\0\x58\x80\0\0\xdb\0\0\0\0\0\0\0\0\0\0\0\x68\x80\0\0\
\xdb\0\0\0\x81\x0b\0\0\x10\xf8\0\0\x70\x80\0\0\xdb\0\0\0\x81\x0b\0\0\x0d\xf8\0\
\0\x78\x80\0\0\xdb\0\0\0\x59\x0b\0\0\x19\xf0\0\0\x88\x80\0\0\xdb\0\0\0\x59\x0b\
\0\0\x0d\xf0\0\0\x90\x80\0\0\xdb\0\0\0\x81\x0b\0\0\x10\xf8\0\0\x98\x80\0\0\xdb\
\0\0\0\x81\x0b\0\0\x0d\xf8\0\0\xa0\x80\0\0\xdb\0\0\0\x9f\x0b\0\0\x30\xe8\0\0\
\xb0\x80\0\0\xdb\0\0\0\xd4\x0b\0\0\x24\xec\0\0\xb8\x80\0\0\xdb\0\0\0\x59\x0b\0\
\0\x19\xf0\0\0\xd0\x80\0\0\xdb\0\0\0\x59\x0b\0\0\x0d\xf0\0\0\xd8\x80\0\0\xdb\0\
\0\0\0\0\0\0\0\0\0\0\xe8\x80\0\0\xdb\0\0\0\x81\x0b\0\0\x10\xf8\0\0\xf0\x80\0\0\
\xdb\0\0\0\x81\x0b\0\0\x0d\xf8\0\0\xf8\x80\0\0\xdb\0\0\0\x59\x0b\0\0\x19\xf0\0\
\0\x08\x81\0\0\xdb\0\0\0\x59\x0b\0\0\x0d\xf0\0\0\x10\x81\0\0\xdb\0\0\0\x81\x0b\
\0\0\x10\xf8\0\0\x18\x81\0\0\xdb\0\0\0\x81\x0b\0\0\x0d\xf8\0\0\x20\x81\0\0\xdb\
\0\0\0\x9f\x0b\0\0\x30\xe8\0\0\x30\x81\0\0\xdb\0\0\0\xd4\x0b\0\0\x24\xec\0\0\
\x38\x81\0\0\xdb\0\0\0\x59\x0b\0\0\x19\xf0\0\0\x50\x81\0\0\xdb\0\0\0\x59\x0b\0\
\0\x0d\xf0\0\0\x58\x81\0\0\xdb\0\0\0\0\0\0\0\0\0\0\0\x68\x81\0\0\xdb\0\0\0\x81\
\x0b\0\0\x10\xf8\0\0\x70\x81\0\0\xdb\0\0\0\x81\x0b\0\0\x0d\xf8\0\0\x78\x81\0\0\
\xdb\0\0\0\x59\x0b\0\0\x19\xf0\0\0\x88\x81\0\0\xdb\0\0\0\x59\x0b\0\0\x0d\xf0\0\
\0\x90\x81\0\0\xdb\0\0\0\x81\x0b\0\0\x10\xf8\0\0\x98\x81\0\0\xdb\0\0\0\x81\x0b\
\0\0\x0d\xf8\0\0\xa0\x81\0\0\xdb\0\0\0\x9f\x0b\0\0\x30\xe8\0\0\xb0\x81\0\0\xdb\
\0\0\0\xd4\x0b\0\0\x24\xec\0\0\xb8\x81\0\0\xdb\0\0\0\x59\x0b\0\0\x19\xf0\0\0\
\xd0\x81\0\0\xdb\0\0\0\x59\x0b\0\0\x0d\xf0\0\0\xd8\x81\0\0\xdb\0\0\0\0\0\0\0\0\
\0\0\0\xe8\x81\0\0\xdb\0\0\0\x81\x0b\0\0\x10\xf8\0\0\xf0\x81\0\0\xdb\0\0\0\x81\
\x0b\0\0\x0d\xf8\0\0\xf8\x81\0\0\xdb\0\0\0\x59\x0b\0\0\x19\xf0\0\0\x08\x82\0\0\
\xdb\0\0\0\x59\x0b\0\0\x0d\xf0\0\0\x10\x82\0\0\xdb\0\0\0\x81\x0b\0\0\x10\xf8\0\
\0\x18\x82\0\0\xdb\0\0\0\x81\x0b\0\0\x0d\xf8\0\0\x20\x82\0\0\xdb\0\0\0\x9f\x0b\
\0\0\x30\xe8\0\0\x30\x82\0\0\xdb\0\0\0\xd4\x0b\0\0\x24\xec\0\0\x38\x82\0\0\xdb\
\0\0\0\x59\x0b\0\0\x19\xf0\0\0\x50\x82\0\0\xdb\0\0\0\x59\x0b\0\0\x0d\xf0\0\0\
\x58\x82\0\0\xdb\0\0\0\0\0\0\0\0\0\0\0\x68\x82\0\0\xdb\0\0\0\x81\x0b\0\0\x10\
\xf8\0\0\x70\x82\0\0\xdb\0\0\0\x81\x0b\0\0\x0d\xf8\0\0\x78\x82\0\0\xdb\0\0\0\
\x59\x0b\0\0\x19\xf0\0\0\x88\x82\0\0\xdb\0\0\0\x59\x0b\0\0\x0d\xf0\0\0\x90\x82\
\0\0\xdb\0\0\0\x81\x0b\0\0\x10\xf8\0\0\x98\x82\0\0\xdb\0\0\0\x81\x0b\0\0\x0d\
\xf8\0\0\xa0\x82\0\0\xdb\0\0\0\x9f\x0b\0\0\x30\xe8\0\0\xb0\x82\0\0\xdb\0\0\0\
\xd4\x0b\0\0\x24\xec\0\0\xb8\x82\0\0\xdb\0\0\0\x59\x0b\0\0\x19\xf0\0\0\xd0\x82\
\0\0\xdb\0\0\0\x59\x0b\0\0\x0d\xf0\0\0\xd8\x82\0\0\xdb\0\0\0\0\0\0\0\0\0\0\0\
\xe8\x82\0\0\xdb\0\0\0\x81\x0b\0\0\x10\xf8\0\0\xf0\x82\0\0\xdb\0\0\0\x81\x0b\0\
\0\x0d\xf8\0\0\xf8\x82\0\0\xdb\0\0\0\x59\x0b\0\0\x19\xf0\0\0\x08\x83\0\0\xdb\0\
\0\0\x59\x0b\0\0\x0d\xf0\0\0\x10\x83\0\0\xdb\0\0\0\x81\x0b\0\0\x10\xf8\0\0\x18\
\x83\0\0\xdb\0\0\0\x81\x0b\0\0\x0d\xf8\0\0\x20\x83\0\0\xdb\0\0\0\x9f\x0b\0\0\
\x30\xe8\0\0\x30\x83\0\0\xdb\0\0\0\xd4\x0b\0\0\x24\xec\0\0\x38\x83\0\0\xdb\0\0\
\0\x59\x0b\0\0\x19\xf0\0\0\x50\x83\0\0\xdb\0\0\0\x59\x0b\0\0\x0d\xf0\0\0\x58\
\x83\0\0\xdb\0\0\0\0\0\0\0\0\0\0\0\x68\x83\0\0\xdb\0\0\0\x81\x0b\0\0\x10\xf8\0\
\0\x70\x83\0\0\xdb\0\0\0\x81\x0b\0\0\x0d\xf8\0\0\x78\x83\0\0\xdb\0\0\0\x59\x0b\
\0\0\x19\xf0\0\0\x88\x83\0\0\xdb\0\0\0\x59\x0b\0\0\x0d\xf0\0\0\x90\x83\0\0\xdb\
\0\0\0\x81\x0b\0\0\x10\xf8\0\0\x98\x83\0\0\xdb\0\0\0\x81\x0b\0\0\x0d\xf8\0\0\
\xa0\x83\0\0\xdb\0\0\0\x9f\x0b\0\0\x30\xe8\0\0\xb0\x83\0\0\xdb\0\0\0\xd4\x0b\0\
\0\x24\xec\0\0\xb8\x83\0\0\xdb\0\0\0\x59\x0b\0\0\x19\xf0\0\0\xd0\x83\0\0\xdb\0\
\0\0\x59\x0b\0\0\x0d\xf0\0\0\xd8\x83\0\0\xdb\0\0\0\0\0\0\0\0\0\0\0\xe8\x83\0\0\
\xdb\0\0\0\x81\x0b\0\0\x10\xf8\0\0\xf0\x83\0\0\xdb\0\0\0\x81\x0b\0\0\x0d\xf8\0\
\0\xf8\x83\0\0\xdb\0\0\0\x59\x0b\0\0\x19\xf0\0\0\x08\x84\0\0\xdb\0\0\0\x59\x0b\
\0\0\x0d\xf0\0\0\x10\x84\0\0\xdb\0\0\0\x81\x0b\0\0\x10\xf8\0\0\x18\x84\0\0\xdb\
\0\0\0\x81\x0b\0\0\x0d\xf8\0\0\x20\x84\0\0\xdb\0\0\0\x9f\x0b\0\0\x30\xe8\0\0\
\x30\x84\0\0\xdb\0\0\0\xd4\x0b\0\0\x24\xec\0\0\x38\x84\0\0\xdb\0\0\0\x59\x0b\0\
\0\x19\xf0\0\0\x50\x84\0\0\xdb\0\0\0\x59\x0b\0\0\x0d\xf0\0\0\x58\x84\0\0\xdb\0\
\0\0\0\0\0\0\0\0\0\0\x68\x84\0\0\xdb\0\0\0\x81\x0b\0\0\x10\xf8\0\0\x70\x84\0\0\
\xdb\0\0\0\x81\x0b\0\0\x0d\xf8\0\0\x78\x84\0\0\xdb\0\0\0\x59\x0b\0\0\x19\xf0\0\
\0\x88\x84\0\0\xdb\0\0\0\x59\x0b\0\0\x0d\xf0\0\0\x90\x84\0\0\xdb\0\0\0\x81\x0b\
\0\0\x10\xf8\0\0\x98\x84\0\0\xdb\0\0\0\x81\x0b\0\0\x0d\xf8\0\0\xa0\x84\0\0\xdb\
\0\0\0\x9f\x0b\0\0\x30\xe8\0\0\xb0\x84\0\0\xdb\0\0\0\xd4\x0b\0\0\x24\xec\0\0\
\xb8\x84\0\0\xdb\0\0\0\x59\x0b\0\0\x19\xf0\0\0\xd0\x84\0\0\xdb\0\0\0\x59\x0b\0\
\0\x0d\xf0\0\0\xd8\x84\0\0\xdb\0\0\0\0\0\0\0\0\0\0\0\xe8\x84\0\0\xdb\0\0\0\x81\
\x0b\0\0\x10\xf8\0\0\xf0\x84\0\0\xdb\0\0\0\x81\x0b\0\0\x0d\xf8\0\0\xf8\x84\0\0\
\xdb\0\0\0\x59\x0b\0\0\x19\xf0\0\0\x08\x85\0\0\xdb\0\0\0\x59\x0b\0\0\x0d\xf0\0\
\0\x10\x85\0\0\xdb\0\0\0\x81\x0b\0\0\x10\xf8\0\0\x18\x85\0\0\xdb\0\0\0\x81\x0b\
\0\0\x0d\xf8\0\0\x20\x85\0\0\xdb\0\0\0\x9f\x0b\0\0\x30\xe8\0\0\x30\x85\0\0\xdb\
\0\0\0\xd4\x0b\0\0\x24\xec\0\0\x38\x85\0\0\xdb\0\0\0\x59\x0b\0\0\x19\xf0\0\0\
\x50\x85\0\0\xdb\0\0\0\x59\x0b\0\0\x0d\xf0\0\0\x58\x85\0\0\xdb\0\0\0\0\0\0\0\0\
\0\0\0\x68\x85\0\0\xdb\0\0\0\x81\x0b\0\0\x10\xf8\0\0\x70\x85\0\0\xdb\0\0\0\x81\
\x0b\0\0\x0d\xf8\0\0\x78\x85\0\0\xdb\0\0\0\x59\x0b\0\0\x19\xf0\0\0\x88\x85\0\0\
\xdb\0\0\0\x59\x0b\0\0\x0d\xf0\0\0\x90\x85\0\0\xdb\0\0\0\x81\x0b\0\0\x10\xf8\0\
\0\x98\x85\0\0\xdb\0\0\0\x81\x0b\0\0\x0d\xf8\0\0\xa0\x85\0\0\xdb\0\0\0\x9f\x0b\
\0\0\x30\xe8\0\0\xb0\x85\0\0\xdb\0\0\0\xd4\x0b\0\0\x24\xec\0\0\xb8\x85\0\0\xdb\
\0\0\0\x59\x0b\0\0\x19\xf0\0\0\xd0\x85\0\0\xdb\0\0\0\x59\x0b\0\0\x0d\xf0\0\0\
\xd8\x85\0\0\xdb\0\0\0\0\0\0\0\0\0\0\0\xe8\x85\0\0\xdb\0\0\0\x81\x0b\0\0\x10\
\xf8\0\0\xf0\x85\0\0\xdb\0\0\0\x81\x0b\0\0\x0d\xf8\0\0\xf8\x85\0\0\xdb\0\0\0\
\x59\x0b\0\0\x19\xf0\0\0\x08\x86\0\0\xdb\0\0\0\x59\x0b\0\0\x0d\xf0\0\0\x10\x86\
\0\0\xdb\0\0\0\x81\x0b\0\0\x10\xf8\0\0\x18\x86\0\0\xdb\0\0\0\x81\x0b\0\0\x0d\
\xf8\0\0\x20\x86\0\0\xdb\0\0\0\x9f\x0b\0\0\x30\xe8\0\0\x30\x86\0\0\xdb\0\0\0\
\xd4\x0b\0\0\x24\xec\0\0\x38\x86\0\0\xdb\0\0\0\x59\x0b\0\0\x19\xf0\0\0\x50\x86\
\0\0\xdb\0\0\0\x59\x0b\0\0\x0d\xf0\0\0\x58\x86\0\0\xdb\0\0\0\0\0\0\0\0\0\0\0\
\x68\x86\0\0\xdb\0\0\0\x81\x0b\0\0\x10\xf8\0\0\x70\x86\0\0\xdb\0\0\0\x81\x0b\0\
\0\x0d\xf8\0\0\x78\x86\0\0\xdb\0\0\0\x59\x0b\0\0\x19\xf0\0\0\x88\x86\0\0\xdb\0\
\0\0\x59\x0b\0\0\x0d\xf0\0\0\x90\x86\0\0\xdb\0\0\0\x81\x0b\0\0\x10\xf8\0\0\x98\
\x86\0\0\xdb\0\0\0\x81\x0b\0\0\x0d\xf8\0\0\xa0\x86\0\0\xdb\0\0\0\x9f\x0b\0\0\
\x30\xe8\0\0\xb0\x86\0\0\xdb\0\0\0\xd4\x0b\0\0\x24\xec\0\0\xb8\x86\0\0\xdb\0\0\
\0\x59\x0b\0\0\x19\xf0\0\0\xd0\x86\0\0\xdb\0\0\0\x59\x0b\0\0\x0d\xf0\0\0\xd8\
\x86\0\0\xdb\0\0\0\0\0\0\0\0\0\0\0\xe8\x86\0\0\xdb\0\0\0\x81\x0b\0\0\x10\xf8\0\
\0\xf0\x86\0\0\xdb\0\0\0\x81\x0b\0\0\x0d\xf8\0\0\xf8\x86\0\0\xdb\0\0\0\x59\x0b\
\0\0\x19\xf0\0\0\x08\x87\0\0\xdb\0\0\0\x59\x0b\0\0\x0d\xf0\0\0\x10\x87\0\0\xdb\
\0\0\0\x81\x0b\0\0\x10\xf8\0\0\x18\x87\0\0\xdb\0\0\0\x81\x0b\0\0\x0d\xf8\0\0\
\x20\x87\0\0\xdb\0\0\0\x9f\x0b\0\0\x30\xe8\0\0\x30\x87\0\0\xdb\0\0\0\xd4\x0b\0\
\0\x24\xec\0\0\x38\x87\0\0\xdb\0\0\0\x59\x0b\0\0\x19\xf0\0\0\x50\x87\0\0\xdb\0\
\0\0\x59\x0b\0\0\x0d\xf0\0\0\x58\x87\0\0\xdb\0\0\0\0\0\0\0\0\0\0\0\x68\x87\0\0\
\xdb\0\0\0\x81\x0b\0\0\x10\xf8\0\0\x70\x87\0\0\xdb\0\0\0\x81\x0b\0\0\x0d\xf8\0\
\0\x78\x87\0\0\xdb\0\0\0\x59\x0b\0\0\x19\xf0\0\0\x88\x87\0\0\xdb\0\0\0\x59\x0b\
\0\0\x0d\xf0\0\0\x90\x87\0\0\xdb\0\0\0\x81\x0b\0\0\x10\xf8\0\0\x98\x87\0\0\xdb\
\0\0\0\x81\x0b\0\0\x0d\xf8\0\0\xa0\x87\0\0\xdb\0\0\0\x9f\x0b\0\0\x30\xe8\0\0\
\xb0\x87\0\0\xdb\0\0\0\xd4\x0b\0\0\x24\xec\0\0\xb8\x87\0\0\xdb\0\0\0\x59\x0b\0\
\0\x19\xf0\0\0\xd0\x87\0\0\xdb\0\0\0\x59\x0b\0\0\x0d\xf0\0\0\xd8\x87\0\0\xdb\0\
\0\0\0\0\0\0\0\0\0\0\xe8\x87\0\0\xdb\0\0\0\x81\x0b\0\0\x10\xf8\0\0\xf0\x87\0\0\
\xdb\0\0\0\x81\x0b\0\0\x0d\xf8\0\0\xf8\x87\0\0\xdb\0\0\0\x59\x0b\0\0\x19\xf0\0\
\0\x08\x88\0\0\xdb\0\0\0\x59\x0b\0\0\x0d\xf0\0\0\x10\x88\0\0\xdb\0\0\0\x81\x0b\
\0\0\x10\xf8\0\0\x18\x88\0\0\xdb\0\0\0\x81\x0b\0\0\x0d\xf8\0\0\x20\x88\0\0\xdb\
\0\0\0\x9f\x0b\0\0\x30\xe8\0\0\x30\x88\0\0\xdb\0\0\0\xd4\x0b\0\0\x24\xec\0\0\
\x38\x88\0\0\xdb\0\0\0\x59\x0b\0\0\x19\xf0\0\0\x50\x88\0\0\xdb\0\0\0\x59\x0b\0\
\0\x0d\xf0\0\0\x58\x88\0\0\xdb\0\0\0\0\0\0\0\0\0\0\0\x68\x88\0\0\xdb\0\0\0\x81\
\x0b\0\0\x10\xf8\0\0\x70\x88\0\0\xdb\0\0\0\x81\x0b\0\0\x0d\xf8\0\0\x78\x88\0\0\
\xdb\0\0\0\x59\x0b\0\0\x19\xf0\0\0\x88\x88\0\0\xdb\0\0\0\x59\x0b\0\0\x0d\xf0\0\
\0\x90\x88\0\0\xdb\0\0\0\x81\x0b\0\0\x10\xf8\0\0\x98\x88\0\0\xdb\0\0\0\x81\x0b\
\0\0\x0d\xf8\0\0\xa0\x88\0\0\xdb\0\0\0\x9f\x0b\0\0\x30\xe8\0\0\xb0\x88\0\0\xdb\
\0\0\0\xd4\x0b\0\0\x24\xec\0\0\xb8\x88\0\0\xdb\0\0\0\x59\x0b\0\0\x19\xf0\0\0\
\xd0\x88\0\0\xdb\0\0\0\x59\x0b\0\0\x0d\xf0\0\0\xd8\x88\0\0\xdb\0\0\0\0\0\0\0\0\
\0\0\0\xe8\x88\0\0\xdb\0\0\0\x81\x0b\0\0\x10\xf8\0\0\xf0\x88\0\0\xdb\0\0\0\x81\
\x0b\0\0\x0d\xf8\0\0\xf8\x88\0\0\xdb\0\0\0\x59\x0b\0\0\x19\xf0\0\0\x08\x89\0\0\
\xdb\0\0\0\x59\x0b\0\0\x0d\xf0\0\0\x10\x89\0\0\xdb\0\0\0\x81\x0b\0\0\x10\xf8\0\
\0\x18\x89\0\0\xdb\0\0\0\x81\x0b\0\0\x0d\xf8\0\0\x20\x89\0\0\xdb\0\0\0\x9f\x0b\
\0\0\x30\xe8\0\0\x30\x89\0\0\xdb\0\0\0\xd4\x0b\0\0\x24\xec\0\0\x38\x89\0\0\xdb\
\0\0\0\x59\x0b\0\0\x19\xf0\0\0\x50\x89\0\0\xdb\0\0\0\x59\x0b\0\0\x0d\xf0\0\0\
\x58\x89\0\0\xdb\0\0\0\0\0\0\0\0\0\0\0\x68\x89\0\0\xdb\0\0\0\x81\x0b\0\0\x10\
\xf8\0\0\x70\x89\0\0\xdb\0\0\0\x81\x0b\0\0\x0d\xf8\0\0\x78\x89\0\0\xdb\0\0\0\
\x59\x0b\0\0\x19\xf0\0\0\x88\x89\0\0\xdb\0\0\0\x59\x0b\0\0\x0d\xf0\0\0\x90\x89\
\0\0\xdb\0\0\0\x81\x0b\0\0\x10\xf8\0\0\x98\x89\0\0\xdb\0\0\0\x81\x0b\0\0\x0d\
\xf8\0\0\xa0\x89\0\0\xdb\0\0\0\x9f\x0b\0\0\x30\xe8\0\0\xb0\x89\0\0\xdb\0\0\0\
\xd4\x0b\0\0\x24\xec\0\0\xb8\x89\0\0\xdb\0\0\0\x59\x0b\0\0\x19\xf0\0\0\xd0\x89\
\0\0\xdb\0\0\0\x59\x0b\0\0\x0d\xf0\0\0\xd8\x89\0\0\xdb\0\0\0\0\0\0\0\0\0\0\0\
\xe8\x89\0\0\xdb\0\0\0\x81\x0b\0\0\x10\xf8\0\0\xf0\x89\0\0\xdb\0\0\0\x81\x0b\0\
\0\x0d\xf8\0\0\xf8\x89\0\0\xdb\0\0\0\x59\x0b\0\0\x19\xf0\0\0\x08\x8a\0\0\xdb\0\
\0\0\x59\x0b\0\0\x0d\xf0\0\0\x10\x8a\0\0\xdb\0\0\0\x81\x0b\0\0\x10\xf8\0\0\x18\
\x8a\0\0\xdb\0\0\0\x81\x0b\0\0\x0d\xf8\0\0\x20\x8a\0\0\xdb\0\0\0\x9f\x0b\0\0\
\x30\xe8\0\0\x30\x8a\0\0\xdb\0\0\0\xd4\x0b\0\0\x24\xec\0\0\x38\x8a\0\0\xdb\0\0\
\0\x59\x0b\0\0\x19\xf0\0\0\x50\x8a\0\0\xdb\0\0\0\x59\x0b\0\0\x0d\xf0\0\0\x58\
\x8a\0\0\xdb\0\0\0\0\0\0\0\0\0\0\0\x68\x8a\0\0\xdb\0\0\0\x81\x0b\0\0\x10\xf8\0\
\0\x70\x8a\0\0\xdb\0\0\0\x81\x0b\0\0\x0d\xf8\0\0\x78\x8a\0\0\xdb\0\0\0\x59\x0b\
\0\0\x19\xf0\0\0\x88\x8a\0\0\xdb\0\0\0\x59\x0b\0\0\x0d\xf0\0\0\x90\x8a\0\0\xdb\
\0\0\0\x81\x0b\0\0\x10\xf8\0\0\x98\x8a\0\0\xdb\0\0\0\x81\x0b\0\0\x0d\xf8\0\0\
\xa0\x8a\0\0\xdb\0\0\0\x9f\x0b\0\0\x30\xe8\0\0\xb0\x8a\0\0\xdb\0\0\0\xd4\x0b\0\
\0\x24\xec\0\0\xb8\x8a\0\0\xdb\0\0\0\x59\x0b\0\0\x19\xf0\0\0\xd0\x8a\0\0\xdb\0\
\0\0\x59\x0b\0\0\x0d\xf0\0\0\xd8\x8a\0\0\xdb\0\0\0\0\0\0\0\0\0\0\0\xe8\x8a\0\0\
\xdb\0\0\0\x81\x0b\0\0\x10\xf8\0\0\xf0\x8a\0\0\xdb\0\0\0\x81\x0b\0\0\x0d\xf8\0\
\0\xf8\x8a\0\0\xdb\0\0\0\x59\x0b\0\0\x19\xf0\0\0\x08\x8b\0\0\xdb\0\0\0\x59\x0b\
\0\0\x0d\xf0\0\0\x10\x8b\0\0\xdb\0\0\0\x81\x0b\0\0\x10\xf8\0\0\x18\x8b\0\0\xdb\
\0\0\0\x81\x0b\0\0\x0d\xf8\0\0\x20\x8b\0\0\xdb\0\0\0\x9f\x0b\0\0\x30\xe8\0\0\
\x30\x8b\0\0\xdb\0\0\0\xd4\x0b\0\0\x24\xec\0\0\x38\x8b\0\0\xdb\0\0\0\x59\x0b\0\
\0\x19\xf0\0\0\x50\x8b\0\0\xdb\0\0\0\x59\x0b\0\0\x0d\xf0\0\0\x58\x8b\0\0\xdb\0\
\0\0\0\0\0\0\0\0\0\0\x68\x8b\0\0\xdb\0\0\0\x81\x0b\0\0\x10\xf8\0\0\x70\x8b\0\0\
\xdb\0\0\0\x81\x0b\0\0\x0d\xf8\0\0\x78\x8b\0\0\xdb\0\0\0\x59\x0b\0\0\x19\xf0\0\
\0\x88\x8b\0\0\xdb\0\0\0\x59\x0b\0\0\x0d\xf0\0\0\x90\x8b\0\0\xdb\0\0\0\x81\x0b\
\0\0\x10\xf8\0\0\x98\x8b\0\0\xdb\0\0\0\x81\x0b\0\0\x0d\xf8\0\0\xa0\x8b\0\0\xdb\
\0\0\0\x9f\x0b\0\0\x30\xe8\0\0\xb0\x8b\0\0\xdb\0\0\0\xd4\x0b\0\0\x24\xec\0\0\
\xb8\x8b\0\0\xdb\0\0\0\x59\x0b\0\0\x19\xf0\0\0\xd0\x8b\0\0\xdb\0\0\0\x59\x0b\0\
\0\x0d\xf0\0\0\xd8\x8b\0\0\xdb\0\0\0\0\0\0\0\0\0\0\0\xe8\x8b\0\0\xdb\0\0\0\x81\
\x0b\0\0\x10\xf8\0\0\xf0\x8b\0\0\xdb\0\0\0\x81\x0b\0\0\x0d\xf8\0\0\xf8\x8b\0\0\
\xdb\0\0\0\x59\x0b\0\0\x19\xf0\0\0\x08\x8c\0\0\xdb\0\0\0\x59\x0b\0\0\x0d\xf0\0\
\0\x10\x8c\0\0\xdb\0\0\0\x81\x0b\0\0\x10\xf8\0\0\x18\x8c\0\0\xdb\0\0\0\x81\x0b\
\0\0\x0d\xf8\0\0\x20\x8c\0\0\xdb\0\0\0\x9f\x0b\0\0\x30\xe8\0\0\x30\x8c\0\0\xdb\
\0\0\0\xd4\x0b\0\0\x24\xec\0\0\x38\x8c\0\0\xdb\0\0\0\x59\x0b\0\0\x19\xf0\0\0\
\x50\x8c\0\0\xdb\0\0\0\x59\x0b\0\0\x0d\xf0\0\0\x58\x8c\0\0\xdb\0\0\0\0\0\0\0\0\
\0\0\0\x68\x8c\0\0\xdb\0\0\0\x81\x0b\0\0\x10\xf8\0\0\x70\x8c\0\0\xdb\0\0\0\x81\
\x0b\0\0\x0d\xf8\0\0\x78\x8c\0\0\xdb\0\0\0\x59\x0b\0\0\x19\xf0\0\0\x88\x8c\0\0\
\xdb\0\0\0\x59\x0b\0\0\x0d\xf0\0\0\x90\x8c\0\0\xdb\0\0\0\x81\x0b\0\0\x10\xf8\0\
\0\x98\x8c\0\0\xdb\0\0\0\x81\x0b\0\0\x0d\xf8\0\0\xa0\x8c\0\0\xdb\0\0\0\x9f\x0b\
\0\0\x30\xe8\0\0\xb0\x8c\0\0\xdb\0\0\0\xd4\x0b\0\0\x24\xec\0\0\xb8\x8c\0\0\xdb\
\0\0\0\x59\x0b\0\0\x19\xf0\0\0\xd0\x8c\0\0\xdb\0\0\0\x59\x0b\0\0\x0d\xf0\0\0\
\xd8\x8c\0\0\xdb\0\0\0\0\0\0\0\0\0\0\0\xe8\x8c\0\0\xdb\0\0\0\x81\x0b\0\0\x10\
\xf8\0\0\xf0\x8c\0\0\xdb\0\0\0\x81\x0b\0\0\x0d\xf8\0\0\xf8\x8c\0\0\xdb\0\0\0\
\x59\x0b\0\0\x19\xf0\0\0\x08\x8d\0\0\xdb\0\0\0\x59\x0b\0\0\x0d\xf0\0\0\x10\x8d\
\0\0\xdb\0\0\0\x81\x0b\0\0\x10\xf8\0\0\x18\x8d\0\0\xdb\0\0\0\x81\x0b\0\0\x0d\
\xf8\0\0\x20\x8d\0\0\xdb\0\0\0\x9f\x0b\0\0\x30\xe8\0\0\x30\x8d\0\0\xdb\0\0\0\
\xd4\x0b\0\0\x24\xec\0\0\x38\x8d\0\0\xdb\0\0\0\x59\x0b\0\0\x19\xf0\0\0\x50\x8d\
\0\0\xdb\0\0\0\x59\x0b\0\0\x0d\xf0\0\0\x58\x8d\0\0\xdb\0\0\0\0\0\0\0\0\0\0\0\
\x68\x8d\0\0\xdb\0\0\0\x81\x0b\0\0\x10\xf8\0\0\x70\x8d\0\0\xdb\0\0\0\x81\x0b\0\
\0\x0d\xf8\0\0\x78\x8d\0\0\xdb\0\0\0\x59\x0b\0\0\x19\xf0\0\0\x88\x8d\0\0\xdb\0\
\0\0\x59\x0b\0\0\x0d\xf0\0\0\x90\x8d\0\0\xdb\0\0\0\x81\x0b\0\0\x10\xf8\0\0\x98\
\x8d\0\0\xdb\0\0\0\x81\x0b\0\0\x0d\xf8\0\0\xa0\x8d\0\0\xdb\0\0\0\x9f\x0b\0\0\
\x30\xe8\0\0\xb0\x8d\0\0\xdb\0\0\0\xd4\x0b\0\0\x24\xec\0\0\xb8\x8d\0\0\xdb\0\0\
\0\x59\x0b\0\0\x19\xf0\0\0\xd0\x8d\0\0\xdb\0\0\0\x59\x0b\0\0\x0d\xf0\0\0\xd8\
\x8d\0\0\xdb\0\0\0\0\0\0\0\0\0\0\0\xe8\x8d\0\0\xdb\0\0\0\x81\x0b\0\0\x10\xf8\0\
\0\xf0\x8d\0\0\xdb\0\0\0\x81\x0b\0\0\x0d\xf8\0\0\xf8\x8d\0\0\xdb\0\0\0\x59\x0b\
\0\0\x19\xf0\0\0\x08\x8e\0\0\xdb\0\0\0\x59\x0b\0\0\x0d\xf0\0\0\x10\x8e\0\0\xdb\
\0\0\0\x81\x0b\0\0\x10\xf8\0\0\x18\x8e\0\0\xdb\0\0\0\x81\x0b\0\0\x0d\xf8\0\0\
\x20\x8e\0\0\xdb\0\0\0\x9f\x0b\0\0\x30\xe8\0\0\x30\x8e\0\0\xdb\0\0\0\xd4\x0b\0\
\0\x24\xec\0\0\x38\x8e\0\0\xdb\0\0\0\x59\x0b\0\0\x19\xf0\0\0\x50\x8e\0\0\xdb\0\
\0\0\x59\x0b\0\0\x0d\xf0\0\0\x58\x8e\0\0\xdb\0\0\0\0\0\0\0\0\0\0\0\x68\x8e\0\0\
\xdb\0\0\0\x81\x0b\0\0\x10\xf8\0\0\x70\x8e\0\0\xdb\0\0\0\x81\x0b\0\0\x0d\xf8\0\
\0\x78\x8e\0\0\xdb\0\0\0\x59\x0b\0\0\x19\xf0\0\0\x88\x8e\0\0\xdb\0\0\0\x59\x0b\
\0\0\x0d\xf0\0\0\x90\x8e\0\0\xdb\0\0\0\x81\x0b\0\0\x10\xf8\0\0\x98\x8e\0\0\xdb\
\0\0\0\x81\x0b\0\0\x0d\xf8\0\0\xa0\x8e\0\0\xdb\0\0\0\x9f\x0b\0\0\x30\xe8\0\0\
\xb0\x8e\0\0\xdb\0\0\0\xd4\x0b\0\0\x24\xec\0\0\xb8\x8e\0\0\xdb\0\0\0\x59\x0b\0\
\0\x19\xf0\0\0\xd0\x8e\0\0\xdb\0\0\0\x59\x0b\0\0\x0d\xf0\0\0\xd8\x8e\0\0\xdb\0\
\0\0\0\0\0\0\0\0\0\0\xe8\x8e\0\0\xdb\0\0\0\x81\x0b\0\0\x10\xf8\0\0\xf0\x8e\0\0\
\xdb\0\0\0\x81\x0b\0\0\x0d\xf8\0\0\xf8\x8e\0\0\xdb\0\0\0\x59\x0b\0\0\x19\xf0\0\
\0\x08\x8f\0\0\xdb\0\0\0\x59\x0b\0\0\x0d\xf0\0\0\x10\x8f\0\0\xdb\0\0\0\x81\x0b\
\0\0\x10\xf8\0\0\x18\x8f\0\0\xdb\0\0\0\x81\x0b\0\0\x0d\xf8\0\0\x20\x8f\0\0\xdb\
\0\0\0\x9f\x0b\0\0\x30\xe8\0\0\x30\x8f\0\0\xdb\0\0\0\xd4\x0b\0\0\x24\xec\0\0\
\x38\x8f\0\0\xdb\0\0\0\x59\x0b\0\0\x19\xf0\0\0\x50\x8f\0\0\xdb\0\0\0\x59\x0b\0\
\0\x0d\xf0\0\0\x58\x8f\0\0\xdb\0\0\0\0\0\0\0\0\0\0\0\x68\x8f\0\0\xdb\0\0\0\x81\
\x0b\0\0\x10\xf8\0\0\x70\x8f\0\0\xdb\0\0\0\x81\x0b\0\0\x0d\xf8\0\0\x78\x8f\0\0\
\xdb\0\0\0\x59\x0b\0\0\x19\xf0\0\0\x88\x8f\0\0\xdb\0\0\0\x59\x0b\0\0\x0d\xf0\0\
\0\x90\x8f\0\0\xdb\0\0\0\x81\x0b\0\0\x10\xf8\0\0\x98\x8f\0\0\xdb\0\0\0\x81\x0b\
\0\0\x0d\xf8\0\0\xa0\x8f\0\0\xdb\0\0\0\x9f\x0b\0\0\x30\xe8\0\0\xb0\x8f\0\0\xdb\
\0\0\0\xd4\x0b\0\0\x24\xec\0\0\xb8\x8f\0\0\xdb\0\0\0\x59\x0b\0\0\x19\xf0\0\0\
\xd0\x8f\0\0\xdb\0\0\0\x59\x0b\0\0\x0d\xf0\0\0\xd8\x8f\0\0\xdb\0\0\0\0\0\0\0\0\
\0\0\0\xe8\x8f\0\0\xdb\0\0\0\x81\x0b\0\0\x10\xf8\0\0\xf0\x8f\0\0\xdb\0\0\0\x81\
\x0b\0\0\x0d\xf8\0\0\xf8\x8f\0\0\xdb\0\0\0\x59\x0b\0\0\x19\xf0\0\0\x08\x90\0\0\
\xdb\0\0\0\x59\x0b\0\0\x0d\xf0\0\0\x10\x90\0\0\xdb\0\0\0\x81\x0b\0\0\x10\xf8\0\
\0\x18\x90\0\0\xdb\0\0\0\x81\x0b\0\0\x0d\xf8\0\0\x20\x90\0\0\xdb\0\0\0\x9f\x0b\
\0\0\x30\xe8\0\0\x30\x90\0\0\xdb\0\0\0\xd4\x0b\0\0\x24\xec\0\0\x38\x90\0\0\xdb\
\0\0\0\x59\x0b\0\0\x19\xf0\0\0\x50\x90\0\0\xdb\0\0\0\x59\x0b\0\0\x0d\xf0\0\0\
\x58\x90\0\0\xdb\0\0\0\0\0\0\0\0\0\0\0\x68\x90\0\0\xdb\0\0\0\x81\x0b\0\0\x10\
\xf8\0\0\x70\x90\0\0\xdb\0\0\0\x81\x0b\0\0\x0d\xf8\0\0\x78\x90\0\0\xdb\0\0\0\
\x59\x0b\0\0\x19\xf0\0\0\x88\x90\0\0\xdb\0\0\0\x59\x0b\0\0\x0d\xf0\0\0\x90\x90\
\0\0\xdb\0\0\0\x81\x0b\0\0\x10\xf8\0\0\x98\x90\0\0\xdb\0\0\0\x81\x0b\0\0\x0d\
\xf8\0\0\xa0\x90\0\0\xdb\0\0\0\x9f\x0b\0\0\x30\xe8\0\0\xb0\x90\0\0\xdb\0\0\0\
\xd4\x0b\0\0\x24\xec\0\0\xb8\x90\0\0\xdb\0\0\0\x59\x0b\0\0\x19\xf0\0\0\xd0\x90\
\0\0\xdb\0\0\0\x59\x0b\0\0\x0d\xf0\0\0\xd8\x90\0\0\xdb\0\0\0\0\0\0\0\0\0\0\0\
\xe8\x90\0\0\xdb\0\0\0\x81\x0b\0\0\x10\xf8\0\0\xf0\x90\0\0\xdb\0\0\0\x81\x0b\0\
\0\x0d\xf8\0\0\xf8\x90\0\0\xdb\0\0\0\x59\x0b\0\0\x19\xf0\0\0\x08\x91\0\0\xdb\0\
\0\0\x59\x0b\0\0\x0d\xf0\0\0\x10\x91\0\0\xdb\0\0\0\x81\x0b\0\0\x10\xf8\0\0\x18\
\x91\0\0\xdb\0\0\0\x81\x0b\0\0\x0d\xf8\0\0\x20\x91\0\0\xdb\0\0\0\x9f\x0b\0\0\
\x30\xe8\0\0\x30\x91\0\0\xdb\0\0\0\xd4\x0b\0\0\x24\xec\0\0\x38\x91\0\0\xdb\0\0\
\0\x59\x0b\0\0\x19\xf0\0\0\x50\x91\0\0\xdb\0\0\0\x59\x0b\0\0\x0d\xf0\0\0\x58\
\x91\0\0\xdb\0\0\0\0\0\0\0\0\0\0\0\x68\x91\0\0\xdb\0\0\0\x81\x0b\0\0\x10\xf8\0\
\0\x70\x91\0\0\xdb\0\0\0\x81\x0b\0\0\x0d\xf8\0\0\x78\x91\0\0\xdb\0\0\0\x59\x0b\
\0\0\x19\xf0\0\0\x88\x91\0\0\xdb\0\0\0\x59\x0b\0\0\x0d\xf0\0\0\x90\x91\0\0\xdb\
\0\0\0\x81\x0b\0\0\x10\xf8\0\0\x98\x91\0\0\xdb\0\0\0\x81\x0b\0\0\x0d\xf8\0\0\
\xa0\x91\0\0\xdb\0\0\0\x9f\x0b\0\0\x30\xe8\0\0\xb0\x91\0\0\xdb\0\0\0\xd4\x0b\0\
\0\x24\xec\0\0\xb8\x91\0\0\xdb\0\0\0\x59\x0b\0\0\x19\xf0\0\0\xd0\x91\0\0\xdb\0\
\0\0\x59\x0b\0\0\x0d\xf0\0\0\xd8\x91\0\0\xdb\0\0\0\0\0\0\0\0\0\0\0\xe8\x91\0\0\
\xdb\0\0\0\x81\x0b\0\0\x10\xf8\0\0\xf0\x91\0\0\xdb\0\0\0\x81\x0b\0\0\x0d\xf8\0\
\0\xf8\x91\0\0\xdb\0\0\0\x59\x0b\0\0\x19\xf0\0\0\x08\x92\0\0\xdb\0\0\0\x59\x0b\
\0\0\x0d\xf0\0\0\x10\x92\0\0\xdb\0\0\0\x81\x0b\0\0\x10\xf8\0\0\x18\x92\0\0\xdb\
\0\0\0\x81\x0b\0\0\x0d\xf8\0\0\x20\x92\0\0\xdb\0\0\0\x9f\x0b\0\0\x30\xe8\0\0\
\x30\x92\0\0\xdb\0\0\0\xd4\x0b\0\0\x24\xec\0\0\x38\x92\0\0\xdb\0\0\0\x59\x0b\0\
\0\x19\xf0\0\0\x50\x92\0\0\xdb\0\0\0\x59\x0b\0\0\x0d\xf0\0\0\x58\x92\0\0\xdb\0\
\0\0\0\0\0\0\0\0\0\0\x68\x92\0\0\xdb\0\0\0\x81\x0b\0\0\x10\xf8\0\0\x70\x92\0\0\
\xdb\0\0\0\x81\x0b\0\0\x0d\xf8\0\0\x78\x92\0\0\xdb\0\0\0\x59\x0b\0\0\x19\xf0\0\
\0\x88\x92\0\0\xdb\0\0\0\x59\x0b\0\0\x0d\xf0\0\0\x90\x92\0\0\xdb\0\0\0\x81\x0b\
\0\0\x10\xf8\0\0\x98\x92\0\0\xdb\0\0\0\x81\x0b\0\0\x0d\xf8\0\0\xa0\x92\0\0\xdb\
\0\0\0\x9f\x0b\0\0\x30\xe8\0\0\xb0\x92\0\0\xdb\0\0\0\xd4\x0b\0\0\x24\xec\0\0\
\xb8\x92\0\0\xdb\0\0\0\x59\x0b\0\0\x19\xf0\0\0\xd0\x92\0\0\xdb\0\0\0\x59\x0b\0\
\0\x0d\xf0\0\0\xd8\x92\0\0\xdb\0\0\0\0\0\0\0\0\0\0\0\xe8\x92\0\0\xdb\0\0\0\x81\
\x0b\0\0\x10\xf8\0\0\xf0\x92\0\0\xdb\0\0\0\x81\x0b\0\0\x0d\xf8\0\0\xf8\x92\0\0\
\xdb\0\0\0\x59\x0b\0\0\x19\xf0\0\0\x08\x93\0\0\xdb\0\0\0\x59\x0b\0\0\x0d\xf0\0\
\0\x10\x93\0\0\xdb\0\0\0\x81\x0b\0\0\x10\xf8\0\0\x18\x93\0\0\xdb\0\0\0\x81\x0b\
\0\0\x0d\xf8\0\0\x20\x93\0\0\xdb\0\0\0\x9f\x0b\0\0\x30\xe8\0\0\x30\x93\0\0\xdb\
\0\0\0\xd4\x0b\0\0\x24\xec\0\0\x38\x93\0\0\xdb\0\0\0\x59\x0b\0\0\x19\xf0\0\0\
\x50\x93\0\0\xdb\0\0\0\x59\x0b\0\0\x0d\xf0\0\0\x58\x93\0\0\xdb\0\0\0\0\0\0\0\0\
\0\0\0\x68\x93\0\0\xdb\0\0\0\x81\x0b\0\0\x10\xf8\0\0\x70\x93\0\0\xdb\0\0\0\x81\
\x0b\0\0\x0d\xf8\0\0\x78\x93\0\0\xdb\0\0\0\x59\x0b\0\0\x19\xf0\0\0\x88\x93\0\0\
\xdb\0\0\0\x59\x0b\0\0\x0d\xf0\0\0\x90\x93\0\0\xdb\0\0\0\x81\x0b\0\0\x10\xf8\0\
\0\x98\x93\0\0\xdb\0\0\0\x81\x0b\0\0\x0d\xf8\0\0\xa0\x93\0\0\xdb\0\0\0\x9f\x0b\
\0\0\x30\xe8\0\0\xb0\x93\0\0\xdb\0\0\0\xd4\x0b\0\0\x24\xec\0\0\xb8\x93\0\0\xdb\
\0\0\0\x59\x0b\0\0\x19\xf0\0\0\xd0\x93\0\0\xdb\0\0\0\x59\x0b\0\0\x0d\xf0\0\0\
\xd8\x93\0\0\xdb\0\0\0\0\0\0\0\0\0\0\0\xe8\x93\0\0\xdb\0\0\0\x81\x0b\0\0\x10\
\xf8\0\0\xf0\x93\0\0\xdb\0\0\0\x81\x0b\0\0\x0d\xf8\0\0\xf8\x93\0\0\xdb\0\0\0\
\x59\x0b\0\0\x19\xf0\0\0\x08\x94\0\0\xdb\0\0\0\x59\x0b\0\0\x0d\xf0\0\0\x10\x94\
\0\0\xdb\0\0\0\x81\x0b\0\0\x10\xf8\0\0\x18\x94\0\0\xdb\0\0\0\x81\x0b\0\0\x0d\
\xf8\0\0\x20\x94\0\0\xdb\0\0\0\x9f\x0b\0\0\x30\xe8\0\0\x30\x94\0\0\xdb\0\0\0\
\xd4\x0b\0\0\x24\xec\0\0\x38\x94\0\0\xdb\0\0\0\x59\x0b\0\0\x19\xf0\0\0\x50\x94\
\0\0\xdb\0\0\0\x59\x0b\0\0\x0d\xf0\0\0\x58\x94\0\0\xdb\0\0\0\0\0\0\0\0\0\0\0\
\x68\x94\0\0\xdb\0\0\0\x81\x0b\0\0\x10\xf8\0\0\x70\x94\0\0\xdb\0\0\0\x81\x0b\0\
\0\x0d\xf8\0\0\x78\x94\0\0\xdb\0\0\0\x59\x0b\0\0\x19\xf0\0\0\x88\x94\0\0\xdb\0\
\0\0\x59\x0b\0\0\x0d\xf0\0\0\x90\x94\0\0\xdb\0\0\0\x81\x0b\0\0\x10\xf8\0\0\x98\
\x94\0\0\xdb\0\0\0\x81\x0b\0\0\x0d\xf8\0\0\xa0\x94\0\0\xdb\0\0\0\x9f\x0b\0\0\
\x30\xe8\0\0\xb0\x94\0\0\xdb\0\0\0\xd4\x0b\0\0\x24\xec\0\0\xb8\x94\0\0\xdb\0\0\
\0\x59\x0b\0\0\x19\xf0\0\0\xd0\x94\0\0\xdb\0\0\0\x59\x0b\0\0\x0d\xf0\0\0\xd8\
\x94\0\0\xdb\0\0\0\0\0\0\0\0\0\0\0\xe8\x94\0\0\xdb\0\0\0\x81\x0b\0\0\x10\xf8\0\
\0\xf0\x94\0\0\xdb\0\0\0\x81\x0b\0\0\x0d\xf8\0\0\xf8\x94\0\0\xdb\0\0\0\x59\x0b\
\0\0\x19\xf0\0\0\x08\x95\0\0\xdb\0\0\0\x59\x0b\0\0\x0d\xf0\0\0\x10\x95\0\0\xdb\
\0\0\0\x81\x0b\0\0\x10\xf8\0\0\x18\x95\0\0\xdb\0\0\0\x81\x0b\0\0\x0d\xf8\0\0\
\x20\x95\0\0\xdb\0\0\0\x9f\x0b\0\0\x30\xe8\0\0\x30\x95\0\0\xdb\0\0\0\xd4\x0b\0\
\0\x24\xec\0\0\x38\x95\0\0\xdb\0\0\0\x59\x0b\0\0\x19\xf0\0\0\x50\x95\0\0\xdb\0\
\0\0\x59\x0b\0\0\x0d\xf0\0\0\x58\x95\0\0\xdb\0\0\0\0\0\0\0\0\0\0\0\x68\x95\0\0\
\xdb\0\0\0\x81\x0b\0\0\x10\xf8\0\0\x70\x95\0\0\xdb\0\0\0\x81\x0b\0\0\x0d\xf8\0\
\0\x78\x95\0\0\xdb\0\0\0\x59\x0b\0\0\x19\xf0\0\0\x88\x95\0\0\xdb\0\0\0\x59\x0b\
\0\0\x0d\xf0\0\0\x90\x95\0\0\xdb\0\0\0\x81\x0b\0\0\x10\xf8\0\0\x98\x95\0\0\xdb\
\0\0\0\x81\x0b\0\0\x0d\xf8\0\0\xa0\x95\0\0\xdb\0\0\0\x9f\x0b\0\0\x30\xe8\0\0\
\xb0\x95\0\0\xdb\0\0\0\xd4\x0b\0\0\x24\xec\0\0\xb8\x95\0\0\xdb\0\0\0\x59\x0b\0\
\0\x19\xf0\0\0\xd0\x95\0\0\xdb\0\0\0\x59\x0b\0\0\x0d\xf0\0\0\xd8\x95\0\0\xdb\0\
\0\0\0\0\0\0\0\0\0\0\xe8\x95\0\0\xdb\0\0\0\x81\x0b\0\0\x10\xf8\0\0\xf0\x95\0\0\
\xdb\0\0\0\x81\x0b\0\0\x0d\xf8\0\0\xf8\x95\0\0\xdb\0\0\0\x59\x0b\0\0\x19\xf0\0\
\0\x08\x96\0\0\xdb\0\0\0\x59\x0b\0\0\x0d\xf0\0\0\x10\x96\0\0\xdb\0\0\0\x81\x0b\
\0\0\x10\xf8\0\0\x18\x96\0\0\xdb\0\0\0\x81\x0b\0\0\x0d\xf8\0\0\x20\x96\0\0\xdb\
\0\0\0\x9f\x0b\0\0\x30\xe8\0\0\x30\x96\0\0\xdb\0\0\0\xd4\x0b\0\0\x24\xec\0\0\
\x38\x96\0\0\xdb\0\0\0\x59\x0b\0\0\x19\xf0\0\0\x50\x96\0\0\xdb\0\0\0\x59\x0b\0\
\0\x0d\xf0\0\0\x58\x96\0\0\xdb\0\0\0\0\0\0\0\0\0\0\0\x68\x96\0\0\xdb\0\0\0\x81\
\x0b\0\0\x10\xf8\0\0\x70\x96\0\0\xdb\0\0\0\x81\x0b\0\0\x0d\xf8\0\0\x78\x96\0\0\
\xdb\0\0\0\x59\x0b\0\0\x19\xf0\0\0\x88\x96\0\0\xdb\0\0\0\x59\x0b\0\0\x0d\xf0\0\
\0\x90\x96\0\0\xdb\0\0\0\x81\x0b\0\0\x10\xf8\0\0\x98\x96\0\0\xdb\0\0\0\x81\x0b\
\0\0\x0d\xf8\0\0\xa0\x96\0\0\xdb\0\0\0\x9f\x0b\0\0\x30\xe8\0\0\xb0\x96\0\0\xdb\
\0\0\0\xd4\x0b\0\0\x24\xec\0\0\xb8\x96\0\0\xdb\0\0\0\x59\x0b\0\0\x19\xf0\0\0\
\xd0\x96\0\0\xdb\0\0\0\x59\x0b\0\0\x0d\xf0\0\0\xd8\x96\0\0\xdb\0\0\0\0\0\0\0\0\
\0\0\0\xe8\x96\0\0\xdb\0\0\0\x81\x0b\0\0\x10\xf8\0\0\xf0\x96\0\0\xdb\0\0\0\x81\
\x0b\0\0\x0d\xf8\0\0\xf8\x96\0\0\xdb\0\0\0\x59\x0b\0\0\x19\xf0\0\0\x08\x97\0\0\
\xdb\0\0\0\x59\x0b\0\0\x0d\xf0\0\0\x10\x97\0\0\xdb\0\0\0\x81\x0b\0\0\x10\xf8\0\
\0\x18\x97\0\0\xdb\0\0\0\x81\x0b\0\0\x0d\xf8\0\0\x20\x97\0\0\xdb\0\0\0\x9f\x0b\
\0\0\x30\xe8\0\0\x30\x97\0\0\xdb\0\0\0\xd4\x0b\0\0\x24\xec\0\0\x38\x97\0\0\xdb\
\0\0\0\x59\x0b\0\0\x19\xf0\0\0\x50\x97\0\0\xdb\0\0\0\x59\x0b\0\0\x0d\xf0\0\0\
\x58\x97\0\0\xdb\0\0\0\0\0\0\0\0\0\0\0\x68\x97\0\0\xdb\0\0\0\x81\x0b\0\0\x10\
\xf8\0\0\x70\x97\0\0\xdb\0\0\0\x81\x0b\0\0\x0d\xf8\0\0\x78\x97\0\0\xdb\0\0\0\
\x59\x0b\0\0\x19\xf0\0\0\x88\x97\0\0\xdb\0\0\0\x59\x0b\0\0\x0d\xf0\0\0\x90\x97\
\0\0\xdb\0\0\0\x81\x0b\0\0\x10\xf8\0\0\x98\x97\0\0\xdb\0\0\0\x81\x0b\0\0\x0d\
\xf8\0\0\xa0\x97\0\0\xdb\0\0\0\x9f\x0b\0\0\x30\xe8\0\0\xb0\x97\0\0\xdb\0\0\0\
\xd4\x0b\0\0\x24\xec\0\0\xb8\x97\0\0\xdb\0\0\0\x59\x0b\0\0\x19\xf0\0\0\xd0\x97\
\0\0\xdb\0\0\0\x59\x0b\0\0\x0d\xf0\0\0\xd8\x97\0\0\xdb\0\0\0\0\0\0\0\0\0\0\0\
\xe8\x97\0\0\xdb\0\0\0\x81\x0b\0\0\x10\xf8\0\0\xf0\x97\0\0\xdb\0\0\0\x81\x0b\0\
\0\x0d\xf8\0\0\xf8\x97\0\0\xdb\0\0\0\x59\x0b\0\0\x19\xf0\0\0\x08\x98\0\0\xdb\0\
\0\0\x59\x0b\0\0\x0d\xf0\0\0\x10\x98\0\0\xdb\0\0\0\x81\x0b\0\0\x10\xf8\0\0\x18\
\x98\0\0\xdb\0\0\0\x81\x0b\0\0\x0d\xf8\0\0\x20\x98\0\0\xdb\0\0\0\x9f\x0b\0\0\
\x30\xe8\0\0\x30\x98\0\0\xdb\0\0\0\xd4\x0b\0\0\x24\xec\0\0\x38\x98\0\0\xdb\0\0\
\0\x59\x0b\0\0\x19\xf0\0\0\x50\x98\0\0\xdb\0\0\0\x59\x0b\0\0\x0d\xf0\0\0\x58\
\x98\0\0\xdb\0\0\0\0\0\0\0\0\0\0\0\x68\x98\0\0\xdb\0\0\0\x81\x0b\0\0\x10\xf8\0\
\0\x70\x98\0\0\xdb\0\0\0\x81\x0b\0\0\x0d\xf8\0\0\x78\x98\0\0\xdb\0\0\0\x59\x0b\
\0\0\x19\xf0\0\0\x88\x98\0\0\xdb\0\0\0\x59\x0b\0\0\x0d\xf0\0\0\x90\x98\0\0\xdb\
\0\0\0\x81\x0b\0\0\x10\xf8\0\0\x98\x98\0\0\xdb\0\0\0\x81\x0b\0\0\x0d\xf8\0\0\
\xa0\x98\0\0\xdb\0\0\0\x9f\x0b\0\0\x30\xe8\0\0\xb0\x98\0\0\xdb\0\0\0\xd4\x0b\0\
\0\x24\xec\0\0\xb8\x98\0\0\xdb\0\0\0\x59\x0b\0\0\x19\xf0\0\0\xd0\x98\0\0\xdb\0\
\0\0\x59\x0b\0\0\x0d\xf0\0\0\xd8\x98\0\0\xdb\0\0\0\0\0\0\0\0\0\0\0\xe8\x98\0\0\
\xdb\0\0\0\x81\x0b\0\0\x10\xf8\0\0\xf0\x98\0\0\xdb\0\0\0\x81\x0b\0\0\x0d\xf8\0\
\0\xf8\x98\0\0\xdb\0\0\0\x59\x0b\0\0\x19\xf0\0\0\x08\x99\0\0\xdb\0\0\0\x59\x0b\
\0\0\x0d\xf0\0\0\x10\x99\0\0\xdb\0\0\0\x81\x0b\0\0\x10\xf8\0\0\x18\x99\0\0\xdb\
\0\0\0\x81\x0b\0\0\x0d\xf8\0\0\x20\x99\0\0\xdb\0\0\0\x9f\x0b\0\0\x30\xe8\0\0\
\x30\x99\0\0\xdb\0\0\0\xd4\x0b\0\0\x24\xec\0\0\x38\x99\0\0\xdb\0\0\0\x59\x0b\0\
\0\x19\xf0\0\0\x50\x99\0\0\xdb\0\0\0\x59\x0b\0\0\x0d\xf0\0\0\x58\x99\0\0\xdb\0\
\0\0\0\0\0\0\0\0\0\0\x68\x99\0\0\xdb\0\0\0\x81\x0b\0\0\x10\xf8\0\0\x70\x99\0\0\
\xdb\0\0\0\x81\x0b\0\0\x0d\xf8\0\0\x78\x99\0\0\xdb\0\0\0\x59\x0b\0\0\x19\xf0\0\
\0\x88\x99\0\0\xdb\0\0\0\x59\x0b\0\0\x0d\xf0\0\0\x90\x99\0\0\xdb\0\0\0\x81\x0b\
\0\0\x10\xf8\0\0\x98\x99\0\0\xdb\0\0\0\x81\x0b\0\0\x0d\xf8\0\0\xa0\x99\0\0\xdb\
\0\0\0\x9f\x0b\0\0\x30\xe8\0\0\xb0\x99\0\0\xdb\0\0\0\xd4\x0b\0\0\x24\xec\0\0\
\xb8\x99\0\0\xdb\0\0\0\x59\x0b\0\0\x19\xf0\0\0\xd0\x99\0\0\xdb\0\0\0\x59\x0b\0\
\0\x0d\xf0\0\0\xd8\x99\0\0\xdb\0\0\0\0\0\0\0\0\0\0\0\xe8\x99\0\0\xdb\0\0\0\x81\
\x0b\0\0\x10\xf8\0\0\xf0\x99\0\0\xdb\0\0\0\x81\x0b\0\0\x0d\xf8\0\0\xf8\x99\0\0\
\xdb\0\0\0\x59\x0b\0\0\x19\xf0\0\0\x08\x9a\0\0\xdb\0\0\0\x59\x0b\0\0\x0d\xf0\0\
\0\x10\x9a\0\0\xdb\0\0\0\x81\x0b\0\0\x10\xf8\0\0\x18\x9a\0\0\xdb\0\0\0\x81\x0b\
\0\0\x0d\xf8\0\0\x20\x9a\0\0\xdb\0\0\0\x9f\x0b\0\0\x30\xe8\0\0\x30\x9a\0\0\xdb\
\0\0\0\xd4\x0b\0\0\x24\xec\0\0\x38\x9a\0\0\xdb\0\0\0\x59\x0b\0\0\x19\xf0\0\0\
\x50\x9a\0\0\xdb\0\0\0\x59\x0b\0\0\x0d\xf0\0\0\x58\x9a\0\0\xdb\0\0\0\0\0\0\0\0\
\0\0\0\x68\x9a\0\0\xdb\0\0\0\x81\x0b\0\0\x10\xf8\0\0\x70\x9a\0\0\xdb\0\0\0\x81\
\x0b\0\0\x0d\xf8\0\0\x78\x9a\0\0\xdb\0\0\0\x59\x0b\0\0\x19\xf0\0\0\x88\x9a\0\0\
\xdb\0\0\0\x59\x0b\0\0\x0d\xf0\0\0\x90\x9a\0\0\xdb\0\0\0\x81\x0b\0\0\x10\xf8\0\
\0\x98\x9a\0\0\xdb\0\0\0\x81\x0b\0\0\x0d\xf8\0\0\xa0\x9a\0\0\xdb\0\0\0\x9f\x0b\
\0\0\x30\xe8\0\0\xb0\x9a\0\0\xdb\0\0\0\xd4\x0b\0\0\x24\xec\0\0\xb8\x9a\0\0\xdb\
\0\0\0\x59\x0b\0\0\x19\xf0\0\0\xd0\x9a\0\0\xdb\0\0\0\x59\x0b\0\0\x0d\xf0\0\0\
\xd8\x9a\0\0\xdb\0\0\0\0\0\0\0\0\0\0\0\xe8\x9a\0\0\xdb\0\0\0\x81\x0b\0\0\x10\
\xf8\0\0\xf0\x9a\0\0\xdb\0\0\0\x81\x0b\0\0\x0d\xf8\0\0\xf8\x9a\0\0\xdb\0\0\0\
\x59\x0b\0\0\x19\xf0\0\0\x08\x9b\0\0\xdb\0\0\0\x59\x0b\0\0\x0d\xf0\0\0\x10\x9b\
\0\0\xdb\0\0\0\x81\x0b\0\0\x10\xf8\0\0\x18\x9b\0\0\xdb\0\0\0\x81\x0b\0\0\x0d\
\xf8\0\0\x20\x9b\0\0\xdb\0\0\0\x9f\x0b\0\0\x30\xe8\0\0\x30\x9b\0\0\xdb\0\0\0\
\xd4\x0b\0\0\x24\xec\0\0\x38\x9b\0\0\xdb\0\0\0\x59\x0b\0\0\x19\xf0\0\0\x50\x9b\
\0\0\xdb\0\0\0\x59\x0b\0\0\x0d\xf0\0\0\x58\x9b\0\0\xdb\0\0\0\0\0\0\0\0\0\0\0\
\x68\x9b\0\0\xdb\0\0\0\x81\x0b\0\0\x10\xf8\0\0\x70\x9b\0\0\xdb\0\0\0\x81\x0b\0\
\0\x0d\xf8\0\0\x78\x9b\0\0\xdb\0\0\0\x59\x0b\0\0\x19\xf0\0\0\x88\x9b\0\0\xdb\0\
\0\0\x59\x0b\0\0\x0d\xf0\0\0\x90\x9b\0\0\xdb\0\0\0\x81\x0b\0\0\x10\xf8\0\0\x98\
\x9b\0\0\xdb\0\0\0\x81\x0b\0\0\x0d\xf8\0\0\xa0\x9b\0\0\xdb\0\0\0\x9f\x0b\0\0\
\x30\xe8\0\0\xb0\x9b\0\0\xdb\0\0\0\xd4\x0b\0\0\x24\xec\0\0\xb8\x9b\0\0\xdb\0\0\
\0\x59\x0b\0\0\x19\xf0\0\0\xd0\x9b\0\0\xdb\0\0\0\x59\x0b\0\0\x0d\xf0\0\0\xd8\
\x9b\0\0\xdb\0\0\0\0\0\0\0\0\0\0\0\xe8\x9b\0\0\xdb\0\0\0\x81\x0b\0\0\x10\xf8\0\
\0\xf0\x9b\0\0\xdb\0\0\0\x81\x0b\0\0\x0d\xf8\0\0\xf8\x9b\0\0\xdb\0\0\0\x59\x0b\
\0\0\x19\xf0\0\0\x08\x9c\0\0\xdb\0\0\0\x59\x0b\0\0\x0d\xf0\0\0\x10\x9c\0\0\xdb\
\0\0\0\x81\x0b\0\0\x10\xf8\0\0\x18\x9c\0\0\xdb\0\0\0\x81\x0b\0\0\x0d\xf8\0\0\
\x20\x9c\0\0\xdb\0\0\0\x9f\x0b\0\0\x30\xe8\0\0\x30\x9c\0\0\xdb\0\0\0\xd4\x0b\0\
\0\x24\xec\0\0\x38\x9c\0\0\xdb\0\0\0\x59\x0b\0\0\x19\xf0\0\0\x50\x9c\0\0\xdb\0\
\0\0\x59\x0b\0\0\x0d\xf0\0\0\x58\x9c\0\0\xdb\0\0\0\0\0\0\0\0\0\0\0\x68\x9c\0\0\
\xdb\0\0\0\x81\x0b\0\0\x10\xf8\0\0\x70\x9c\0\0\xdb\0\0\0\x81\x0b\0\0\x0d\xf8\0\
\0\x78\x9c\0\0\xdb\0\0\0\x59\x0b\0\0\x19\xf0\0\0\x88\x9c\0\0\xdb\0\0\0\x59\x0b\
\0\0\x0d\xf0\0\0\x90\x9c\0\0\xdb\0\0\0\x81\x0b\0\0\x10\xf8\0\0\x98\x9c\0\0\xdb\
\0\0\0\x81\x0b\0\0\x0d\xf8\0\0\xa0\x9c\0\0\xdb\0\0\0\x9f\x0b\0\0\x30\xe8\0\0\
\xb0\x9c\0\0\xdb\0\0\0\xd4\x0b\0\0\x24\xec\0\0\xb8\x9c\0\0\xdb\0\0\0\x59\x0b\0\
\0\x19\xf0\0\0\xd0\x9c\0\0\xdb\0\0\0\x59\x0b\0\0\x0d\xf0\0\0\xd8\x9c\0\0\xdb\0\
\0\0\0\0\0\0\0\0\0\0\xe8\x9c\0\0\xdb\0\0\0\x81\x0b\0\0\x10\xf8\0\0\xf0\x9c\0\0\
\xdb\0\0\0\x81\x0b\0\0\x0d\xf8\0\0\xf8\x9c\0\0\xdb\0\0\0\x59\x0b\0\0\x19\xf0\0\
\0\x08\x9d\0\0\xdb\0\0\0\x59\x0b\0\0\x0d\xf0\0\0\x10\x9d\0\0\xdb\0\0\0\x81\x0b\
\0\0\x10\xf8\0\0\x18\x9d\0\0\xdb\0\0\0\x81\x0b\0\0\x0d\xf8\0\0\x20\x9d\0\0\xdb\
\0\0\0\x9f\x0b\0\0\x30\xe8\0\0\x30\x9d\0\0\xdb\0\0\0\xd4\x0b\0\0\x24\xec\0\0\
\x38\x9d\0\0\xdb\0\0\0\x59\x0b\0\0\x19\xf0\0\0\x50\x9d\0\0\xdb\0\0\0\x59\x0b\0\
\0\x0d\xf0\0\0\x58\x9d\0\0\xdb\0\0\0\0\0\0\0\0\0\0\0\x68\x9d\0\0\xdb\0\0\0\x81\
\x0b\0\0\x10\xf8\0\0\x70\x9d\0\0\xdb\0\0\0\x81\x0b\0\0\x0d\xf8\0\0\x78\x9d\0\0\
\xdb\0\0\0\x59\x0b\0\0\x19\xf0\0\0\x88\x9d\0\0\xdb\0\0\0\x59\x0b\0\0\x0d\xf0\0\
\0\x90\x9d\0\0\xdb\0\0\0\x81\x0b\0\0\x10\xf8\0\0\x98\x9d\0\0\xdb\0\0\0\x81\x0b\
\0\0\x0d\xf8\0\0\xa0\x9d\0\0\xdb\0\0\0\x9f\x0b\0\0\x30\xe8\0\0\xb0\x9d\0\0\xdb\
\0\0\0\xd4\x0b\0\0\x24\xec\0\0\xb8\x9d\0\0\xdb\0\0\0\x59\x0b\0\0\x19\xf0\0\0\
\xd0\x9d\0\0\xdb\0\0\0\x59\x0b\0\0\x0d\xf0\0\0\xd8\x9d\0\0\xdb\0\0\0\0\0\0\0\0\
\0\0\0\xe8\x9d\0\0\xdb\0\0\0\x81\x0b\0\0\x10\xf8\0\0\xf0\x9d\0\0\xdb\0\0\0\x81\
\x0b\0\0\x0d\xf8\0\0\xf8\x9d\0\0\xdb\0\0\0\x59\x0b\0\0\x19\xf0\0\0\x08\x9e\0\0\
\xdb\0\0\0\x59\x0b\0\0\x0d\xf0\0\0\x10\x9e\0\0\xdb\0\0\0\x81\x0b\0\0\x10\xf8\0\
\0\x18\x9e\0\0\xdb\0\0\0\x81\x0b\0\0\x0d\xf8\0\0\x20\x9e\0\0\xdb\0\0\0\x9f\x0b\
\0\0\x30\xe8\0\0\x30\x9e\0\0\xdb\0\0\0\xd4\x0b\0\0\x24\xec\0\0\x38\x9e\0\0\xdb\
\0\0\0\x59\x0b\0\0\x19\xf0\0\0\x50\x9e\0\0\xdb\0\0\0\x59\x0b\0\0\x0d\xf0\0\0\
\x58\x9e\0\0\xdb\0\0\0\0\0\0\0\0\0\0\0\x68\x9e\0\0\xdb\0\0\0\x81\x0b\0\0\x10\
\xf8\0\0\x70\x9e\0\0\xdb\0\0\0\x81\x0b\0\0\x0d\xf8\0\0\x78\x9e\0\0\xdb\0\0\0\
\x59\x0b\0\0\x19\xf0\0\0\x88\x9e\0\0\xdb\0\0\0\x59\x0b\0\0\x0d\xf0\0\0\x90\x9e\
\0\0\xdb\0\0\0\x81\x0b\0\0\x10\xf8\0\0\x98\x9e\0\0\xdb\0\0\0\x81\x0b\0\0\x0d\
\xf8\0\0\xa0\x9e\0\0\xdb\0\0\0\x9f\x0b\0\0\x30\xe8\0\0\xb0\x9e\0\0\xdb\0\0\0\
\xd4\x0b\0\0\x24\xec\0\0\xb8\x9e\0\0\xdb\0\0\0\x59\x0b\0\0\x19\xf0\0\0\xd0\x9e\
\0\0\xdb\0\0\0\x59\x0b\0\0\x0d\xf0\0\0\xd8\x9e\0\0\xdb\0\0\0\0\0\0\0\0\0\0\0\
\xe8\x9e\0\0\xdb\0\0\0\x81\x0b\0\0\x10\xf8\0\0\xf0\x9e\0\0\xdb\0\0\0\x81\x0b\0\
\0\x0d\xf8\0\0\xf8\x9e\0\0\xdb\0\0\0\x59\x0b\0\0\x19\xf0\0\0\x08\x9f\0\0\xdb\0\
\0\0\x59\x0b\0\0\x0d\xf0\0\0\x10\x9f\0\0\xdb\0\0\0\x81\x0b\0\0\x10\xf8\0\0\x18\
\x9f\0\0\xdb\0\0\0\x81\x0b\0\0\x0d\xf8\0\0\x20\x9f\0\0\xdb\0\0\0\x9f\x0b\0\0\
\x30\xe8\0\0\x30\x9f\0\0\xdb\0\0\0\xd4\x0b\0\0\x24\xec\0\0\x38\x9f\0\0\xdb\0\0\
\0\x59\x0b\0\0\x19\xf0\0\0\x50\x9f\0\0\xdb\0\0\0\x59\x0b\0\0\x0d\xf0\0\0\x58\
\x9f\0\0\xdb\0\0\0\0\0\0\0\0\0\0\0\x68\x9f\0\0\xdb\0\0\0\x81\x0b\0\0\x10\xf8\0\
\0\x70\x9f\0\0\xdb\0\0\0\x81\x0b\0\0\x0d\xf8\0\0\x78\x9f\0\0\xdb\0\0\0\x59\x0b\
\0\0\x19\xf0\0\0\x88\x9f\0\0\xdb\0\0\0\x59\x0b\0\0\x0d\xf0\0\0\x90\x9f\0\0\xdb\
\0\0\0\x81\x0b\0\0\x10\xf8\0\0\x98\x9f\0\0\xdb\0\0\0\x81\x0b\0\0\x0d\xf8\0\0\
\xa0\x9f\0\0\xdb\0\0\0\x9f\x0b\0\0\x30\xe8\0\0\xb0\x9f\0\0\xdb\0\0\0\xd4\x0b\0\
\0\x24\xec\0\0\xb8\x9f\0\0\xdb\0\0\0\x59\x0b\0\0\x19\xf0\0\0\xd0\x9f\0\0\xdb\0\
\0\0\x59\x0b\0\0\x0d\xf0\0\0\xd8\x9f\0\0\xdb\0\0\0\0\0\0\0\0\0\0\0\xe8\x9f\0\0\
\xdb\0\0\0\x81\x0b\0\0\x10\xf8\0\0\xf0\x9f\0\0\xdb\0\0\0\x81\x0b\0\0\x0d\xf8\0\
\0\xf8\x9f\0\0\xdb\0\0\0\x59\x0b\0\0\x19\xf0\0\0\x08\xa0\0\0\xdb\0\0\0\x59\x0b\
\0\0\x0d\xf0\0\0\x10\xa0\0\0\xdb\0\0\0\x81\x0b\0\0\x10\xf8\0\0\x18\xa0\0\0\xdb\
\0\0\0\x81\x0b\0\0\x0d\xf8\0\0\x20\xa0\0\0\xdb\0\0\0\x9f\x0b\0\0\x30\xe8\0\0\
\x30\xa0\0\0\xdb\0\0\0\xd4\x0b\0\0\x24\xec\0\0\x38\xa0\0\0\xdb\0\0\0\x59\x0b\0\
\0\x19\xf0\0\0\x50\xa0\0\0\xdb\0\0\0\x59\x0b\0\0\x0d\xf0\0\0\x58\xa0\0\0\xdb\0\
\0\0\0\0\0\0\0\0\0\0\x68\xa0\0\0\xdb\0\0\0\x81\x0b\0\0\x10\xf8\0\0\x70\xa0\0\0\
\xdb\0\0\0\x81\x0b\0\0\x0d\xf8\0\0\x78\xa0\0\0\xdb\0\0\0\x59\x0b\0\0\x19\xf0\0\
\0\x88\xa0\0\0\xdb\0\0\0\x59\x0b\0\0\x0d\xf0\0\0\x90\xa0\0\0\xdb\0\0\0\x81\x0b\
\0\0\x10\xf8\0\0\x98\xa0\0\0\xdb\0\0\0\x81\x0b\0\0\x0d\xf8\0\0\xa0\xa0\0\0\xdb\
\0\0\0\x9f\x0b\0\0\x30\xe8\0\0\xb0\xa0\0\0\xdb\0\0\0\xd4\x0b\0\0\x24\xec\0\0\
\xb8\xa0\0\0\xdb\0\0\0\x59\x0b\0\0\x19\xf0\0\0\xd0\xa0\0\0\xdb\0\0\0\x59\x0b\0\
\0\x0d\xf0\0\0\xd8\xa0\0\0\xdb\0\0\0\0\0\0\0\0\0\0\0\xe8\xa0\0\0\xdb\0\0\0\x81\
\x0b\0\0\x10\xf8\0\0\xf0\xa0\0\0\xdb\0\0\0\x81\x0b\0\0\x0d\xf8\0\0\xf8\xa0\0\0\
\xdb\0\0\0\x59\x0b\0\0\x19\xf0\0\0\x08\xa1\0\0\xdb\0\0\0\x59\x0b\0\0\x0d\xf0\0\
\0\x10\xa1\0\0\xdb\0\0\0\x81\x0b\0\0\x10\xf8\0\0\x18\xa1\0\0\xdb\0\0\0\x81\x0b\
\0\0\x0d\xf8\0\0\x20\xa1\0\0\xdb\0\0\0\x9f\x0b\0\0\x30\xe8\0\0\x30\xa1\0\0\xdb\
\0\0\0\xd4\x0b\0\0\x24\xec\0\0\x38\xa1\0\0\xdb\0\0\0\x59\x0b\0\0\x19\xf0\0\0\
\x50\xa1\0\0\xdb\0\0\0\x59\x0b\0\0\x0d\xf0\0\0\x58\xa1\0\0\xdb\0\0\0\0\0\0\0\0\
\0\0\0\x68\xa1\0\0\xdb\0\0\0\x81\x0b\0\0\x10\xf8\0\0\x70\xa1\0\0\xdb\0\0\0\x81\
\x0b\0\0\x0d\xf8\0\0\x78\xa1\0\0\xdb\0\0\0\x59\x0b\0\0\x19\xf0\0\0\x88\xa1\0\0\
\xdb\0\0\0\x59\x0b\0\0\x0d\xf0\0\0\x90\xa1\0\0\xdb\0\0\0\x81\x0b\0\0\x10\xf8\0\
\0\x98\xa1\0\0\xdb\0\0\0\x81\x0b\0\0\x0d\xf8\0\0\xa0\xa1\0\0\xdb\0\0\0\x9f\x0b\
\0\0\x30\xe8\0\0\xb0\xa1\0\0\xdb\0\0\0\xd4\x0b\0\0\x24\xec\0\0\xb8\xa1\0\0\xdb\
\0\0\0\x59\x0b\0\0\x19\xf0\0\0\xd0\xa1\0\0\xdb\0\0\0\x59\x0b\0\0\x0d\xf0\0\0\
\xd8\xa1\0\0\xdb\0\0\0\0\0\0\0\0\0\0\0\xe8\xa1\0\0\xdb\0\0\0\x81\x0b\0\0\x10\
\xf8\0\0\xf0\xa1\0\0\xdb\0\0\0\x81\x0b\0\0\x0d\xf8\0\0\xf8\xa1\0\0\xdb\0\0\0\
\x59\x0b\0\0\x19\xf0\0\0\x08\xa2\0\0\xdb\0\0\0\x59\x0b\0\0\x0d\xf0\0\0\x10\xa2\
\0\0\xdb\0\0\0\x81\x0b\0\0\x10\xf8\0\0\x18\xa2\0\0\xdb\0\0\0\x81\x0b\0\0\x0d\
\xf8\0\0\x20\xa2\0\0\xdb\0\0\0\x9f\x0b\0\0\x30\xe8\0\0\x30\xa2\0\0\xdb\0\0\0\
\xd4\x0b\0\0\x24\xec\0\0\x38\xa2\0\0\xdb\0\0\0\x59\x0b\0\0\x19\xf0\0\0\x50\xa2\
\0\0\xdb\0\0\0\x59\x0b\0\0\x0d\xf0\0\0\x58\xa2\0\0\xdb\0\0\0\0\0\0\0\0\0\0\0\
\x68\xa2\0\0\xdb\0\0\0\x81\x0b\0\0\x10\xf8\0\0\x70\xa2\0\0\xdb\0\0\0\x81\x0b\0\
\0\x0d\xf8\0\0\x78\xa2\0\0\xdb\0\0\0\x59\x0b\0\0\x19\xf0\0\0\x88\xa2\0\0\xdb\0\
\0\0\x59\x0b\0\0\x0d\xf0\0\0\x90\xa2\0\0\xdb\0\0\0\x81\x0b\0\0\x10\xf8\0\0\x98\
\xa2\0\0\xdb\0\0\0\x81\x0b\0\0\x0d\xf8\0\0\xa0\xa2\0\0\xdb\0\0\0\x9f\x0b\0\0\
\x30\xe8\0\0\xb0\xa2\0\0\xdb\0\0\0\xd4\x0b\0\0\x24\xec\0\0\xb8\xa2\0\0\xdb\0\0\
\0\x59\x0b\0\0\x19\xf0\0\0\xd0\xa2\0\0\xdb\0\0\0\x59\x0b\0\0\x0d\xf0\0\0\xd8\
\xa2\0\0\xdb\0\0\0\0\0\0\0\0\0\0\0\xe8\xa2\0\0\xdb\0\0\0\x81\x0b\0\0\x10\xf8\0\
\0\xf0\xa2\0\0\xdb\0\0\0\x81\x0b\0\0\x0d\xf8\0\0\xf8\xa2\0\0\xdb\0\0\0\x59\x0b\
\0\0\x19\xf0\0\0\x08\xa3\0\0\xdb\0\0\0\x59\x0b\0\0\x0d\xf0\0\0\x10\xa3\0\0\xdb\
\0\0\0\x81\x0b\0\0\x10\xf8\0\0\x18\xa3\0\0\xdb\0\0\0\x81\x0b\0\0\x0d\xf8\0\0\
\x20\xa3\0\0\xdb\0\0\0\x9f\x0b\0\0\x30\xe8\0\0\x30\xa3\0\0\xdb\0\0\0\xd4\x0b\0\
\0\x24\xec\0\0\x38\xa3\0\0\xdb\0\0\0\x59\x0b\0\0\x19\xf0\0\0\x50\xa3\0\0\xdb\0\
\0\0\x59\x0b\0\0\x0d\xf0\0\0\x58\xa3\0\0\xdb\0\0\0\0\0\0\0\0\0\0\0\x68\xa3\0\0\
\xdb\0\0\0\x81\x0b\0\0\x10\xf8\0\0\x70\xa3\0\0\xdb\0\0\0\x81\x0b\0\0\x0d\xf8\0\
\0\x78\xa3\0\0\xdb\0\0\0\x59\x0b\0\0\x19\xf0\0\0\x88\xa3\0\0\xdb\0\0\0\x59\x0b\
\0\0\x0d\xf0\0\0\x90\xa3\0\0\xdb\0\0\0\x81\x0b\0\0\x10\xf8\0\0\x98\xa3\0\0\xdb\
\0\0\0\x81\x0b\0\0\x0d\xf8\0\0\xa0\xa3\0\0\xdb\0\0\0\x9f\x0b\0\0\x30\xe8\0\0\
\xb0\xa3\0\0\xdb\0\0\0\xd4\x0b\0\0\x24\xec\0\0\xb8\xa3\0\0\xdb\0\0\0\x59\x0b\0\
\0\x19\xf0\0\0\xd0\xa3\0\0\xdb\0\0\0\x59\x0b\0\0\x0d\xf0\0\0\xd8\xa3\0\0\xdb\0\
\0\0\0\0\0\0\0\0\0\0\xe8\xa3\0\0\xdb\0\0\0\x81\x0b\0\0\x10\xf8\0\0\xf0\xa3\0\0\
\xdb\0\0\0\x81\x0b\0\0\x0d\xf8\0\0\xf8\xa3\0\0\xdb\0\0\0\x59\x0b\0\0\x19\xf0\0\
\0\x08\xa4\0\0\xdb\0\0\0\x59\x0b\0\0\x0d\xf0\0\0\x10\xa4\0\0\xdb\0\0\0\x81\x0b\
\0\0\x10\xf8\0\0\x18\xa4\0\0\xdb\0\0\0\x81\x0b\0\0\x0d\xf8\0\0\x20\xa4\0\0\xdb\
\0\0\0\x9f\x0b\0\0\x30\xe8\0\0\x30\xa4\0\0\xdb\0\0\0\xd4\x0b\0\0\x24\xec\0\0\
\x38\xa4\0\0\xdb\0\0\0\x59\x0b\0\0\x19\xf0\0\0\x50\xa4\0\0\xdb\0\0\0\x59\x0b\0\
\0\x0d\xf0\0\0\x58\xa4\0\0\xdb\0\0\0\0\0\0\0\0\0\0\0\x68\xa4\0\0\xdb\0\0\0\x81\
\x0b\0\0\x10\xf8\0\0\x70\xa4\0\0\xdb\0\0\0\x81\x0b\0\0\x0d\xf8\0\0\x78\xa4\0\0\
\xdb\0\0\0\x59\x0b\0\0\x19\xf0\0\0\x88\xa4\0\0\xdb\0\0\0\x59\x0b\0\0\x0d\xf0\0\
\0\x90\xa4\0\0\xdb\0\0\0\x81\x0b\0\0\x10\xf8\0\0\x98\xa4\0\0\xdb\0\0\0\x81\x0b\
\0\0\x0d\xf8\0\0\xa0\xa4\0\0\xdb\0\0\0\x9f\x0b\0\0\x30\xe8\0\0\xb0\xa4\0\0\xdb\
\0\0\0\xd4\x0b\0\0\x24\xec\0\0\xb8\xa4\0\0\xdb\0\0\0\x59\x0b\0\0\x19\xf0\0\0\
\xd0\xa4\0\0\xdb\0\0\0\x59\x0b\0\0\x0d\xf0\0\0\xd8\xa4\0\0\xdb\0\0\0\0\0\0\0\0\
\0\0\0\xe8\xa4\0\0\xdb\0\0\0\x81\x0b\0\0\x10\xf8\0\0\xf0\xa4\0\0\xdb\0\0\0\x81\
\x0b\0\0\x0d\xf8\0\0\xf8\xa4\0\0\xdb\0\0\0\x59\x0b\0\0\x19\xf0\0\0\x08\xa5\0\0\
\xdb\0\0\0\x59\x0b\0\0\x0d\xf0\0\0\x10\xa5\0\0\xdb\0\0\0\x81\x0b\0\0\x10\xf8\0\
\0\x18\xa5\0\0\xdb\0\0\0\x81\x0b\0\0\x0d\xf8\0\0\x20\xa5\0\0\xdb\0\0\0\x9f\x0b\
\0\0\x30\xe8\0\0\x30\xa5\0\0\xdb\0\0\0\xd4\x0b\0\0\x24\xec\0\0\x38\xa5\0\0\xdb\
\0\0\0\x59\x0b\0\0\x19\xf0\0\0\x50\xa5\0\0\xdb\0\0\0\x59\x0b\0\0\x0d\xf0\0\0\
\x58\xa5\0\0\xdb\0\0\0\0\0\0\0\0\0\0\0\x68\xa5\0\0\xdb\0\0\0\x81\x0b\0\0\x10\
\xf8\0\0\x70\xa5\0\0\xdb\0\0\0\x81\x0b\0\0\x0d\xf8\0\0\x78\xa5\0\0\xdb\0\0\0\
\x59\x0b\0\0\x19\xf0\0\0\x88\xa5\0\0\xdb\0\0\0\x59\x0b\0\0\x0d\xf0\0\0\x90\xa5\
\0\0\xdb\0\0\0\x81\x0b\0\0\x10\xf8\0\0\x98\xa5\0\0\xdb\0\0\0\x81\x0b\0\0\x0d\
\xf8\0\0\xa0\xa5\0\0\xdb\0\0\0\x9f\x0b\0\0\x30\xe8\0\0\xb0\xa5\0\0\xdb\0\0\0\
\xd4\x0b\0\0\x24\xec\0\0\xb8\xa5\0\0\xdb\0\0\0\x59\x0b\0\0\x19\xf0\0\0\xd0\xa5\
\0\0\xdb\0\0\0\x59\x0b\0\0\x0d\xf0\0\0\xd8\xa5\0\0\xdb\0\0\0\0\0\0\0\0\0\0\0\
\xe8\xa5\0\0\xdb\0\0\0\x81\x0b\0\0\x10\xf8\0\0\xf0\xa5\0\0\xdb\0\0\0\x81\x0b\0\
\0\x0d\xf8\0\0\xf8\xa5\0\0\xdb\0\0\0\x59\x0b\0\0\x19\xf0\0\0\x08\xa6\0\0\xdb\0\
\0\0\x59\x0b\0\0\x0d\xf0\0\0\x10\xa6\0\0\xdb\0\0\0\x81\x0b\0\0\x10\xf8\0\0\x18\
\xa6\0\0\xdb\0\0\0\x81\x0b\0\0\x0d\xf8\0\0\x20\xa6\0\0\xdb\0\0\0\x9f\x0b\0\0\
\x30\xe8\0\0\x30\xa6\0\0\xdb\0\0\0\xd4\x0b\0\0\x24\xec\0\0\x38\xa6\0\0\xdb\0\0\
\0\x59\x0b\0\0\x19\xf0\0\0\x50\xa6\0\0\xdb\0\0\0\x59\x0b\0\0\x0d\xf0\0\0\x58\
\xa6\0\0\xdb\0\0\0\0\0\0\0\0\0\0\0\x68\xa6\0\0\xdb\0\0\0\x81\x0b\0\0\x10\xf8\0\
\0\x70\xa6\0\0\xdb\0\0\0\x81\x0b\0\0\x0d\xf8\0\0\x78\xa6\0\0\xdb\0\0\0\x59\x0b\
\0\0\x19\xf0\0\0\x88\xa6\0\0\xdb\0\0\0\x59\x0b\0\0\x0d\xf0\0\0\x90\xa6\0\0\xdb\
\0\0\0\x81\x0b\0\0\x10\xf8\0\0\x98\xa6\0\0\xdb\0\0\0\x81\x0b\0\0\x0d\xf8\0\0\
\xa0\xa6\0\0\xdb\0\0\0\x9f\x0b\0\0\x30\xe8\0\0\xb0\xa6\0\0\xdb\0\0\0\xd4\x0b\0\
\0\x24\xec\0\0\xb8\xa6\0\0\xdb\0\0\0\x59\x0b\0\0\x19\xf0\0\0\xd0\xa6\0\0\xdb\0\
\0\0\x59\x0b\0\0\x0d\xf0\0\0\xd8\xa6\0\0\xdb\0\0\0\0\0\0\0\0\0\0\0\xe8\xa6\0\0\
\xdb\0\0\0\x81\x0b\0\0\x10\xf8\0\0\xf0\xa6\0\0\xdb\0\0\0\x81\x0b\0\0\x0d\xf8\0\
\0\xf8\xa6\0\0\xdb\0\0\0\x59\x0b\0\0\x19\xf0\0\0\x08\xa7\0\0\xdb\0\0\0\x59\x0b\
\0\0\x0d\xf0\0\0\x10\xa7\0\0\xdb\0\0\0\x81\x0b\0\0\x10\xf8\0\0\x18\xa7\0\0\xdb\
\0\0\0\x81\x0b\0\0\x0d\xf8\0\0\x20\xa7\0\0\xdb\0\0\0\x9f\x0b\0\0\x30\xe8\0\0\
\x30\xa7\0\0\xdb\0\0\0\xd4\x0b\0\0\x24\xec\0\0\x38\xa7\0\0\xdb\0\0\0\x59\x0b\0\
\0\x19\xf0\0\0\x50\xa7\0\0\xdb\0\0\0\x59\x0b\0\0\x0d\xf0\0\0\x58\xa7\0\0\xdb\0\
\0\0\0\0\0\0\0\0\0\0\x68\xa7\0\0\xdb\0\0\0\x81\x0b\0\0\x10\xf8\0\0\x70\xa7\0\0\
\xdb\0\0\0\x81\x0b\0\0\x0d\xf8\0\0\x78\xa7\0\0\xdb\0\0\0\x59\x0b\0\0\x19\xf0\0\
\0\x88\xa7\0\0\xdb\0\0\0\x59\x0b\0\0\x0d\xf0\0\0\x90\xa7\0\0\xdb\0\0\0\x81\x0b\
\0\0\x10\xf8\0\0\x98\xa7\0\0\xdb\0\0\0\x81\x0b\0\0\x0d\xf8\0\0\xa0\xa7\0\0\xdb\
\0\0\0\x9f\x0b\0\0\x30\xe8\0\0\xb0\xa7\0\0\xdb\0\0\0\xd4\x0b\0\0\x24\xec\0\0\
\xb8\xa7\0\0\xdb\0\0\0\x59\x0b\0\0\x19\xf0\0\0\xd0\xa7\0\0\xdb\0\0\0\x59\x0b\0\
\0\x0d\xf0\0\0\xd8\xa7\0\0\xdb\0\0\0\0\0\0\0\0\0\0\0\xe8\xa7\0\0\xdb\0\0\0\x81\
\x0b\0\0\x10\xf8\0\0\xf0\xa7\0\0\xdb\0\0\0\x81\x0b\0\0\x0d\xf8\0\0\xf8\xa7\0\0\
\xdb\0\0\0\x59\x0b\0\0\x19\xf0\0\0\x08\xa8\0\0\xdb\0\0\0\x59\x0b\0\0\x0d\xf0\0\
\0\x10\xa8\0\0\xdb\0\0\0\x81\x0b\0\0\x10\xf8\0\0\x18\xa8\0\0\xdb\0\0\0\x81\x0b\
\0\0\x0d\xf8\0\0\x20\xa8\0\0\xdb\0\0\0\x9f\x0b\0\0\x30\xe8\0\0\x30\xa8\0\0\xdb\
\0\0\0\xd4\x0b\0\0\x24\xec\0\0\x38\xa8\0\0\xdb\0\0\0\x59\x0b\0\0\x19\xf0\0\0\
\x50\xa8\0\0\xdb\0\0\0\x59\x0b\0\0\x0d\xf0\0\0\x58\xa8\0\0\xdb\0\0\0\0\0\0\0\0\
\0\0\0\x68\xa8\0\0\xdb\0\0\0\x81\x0b\0\0\x10\xf8\0\0\x70\xa8\0\0\xdb\0\0\0\x81\
\x0b\0\0\x0d\xf8\0\0\x78\xa8\0\0\xdb\0\0\0\x59\x0b\0\0\x19\xf0\0\0\x88\xa8\0\0\
\xdb\0\0\0\x59\x0b\0\0\x0d\xf0\0\0\x90\xa8\0\0\xdb\0\0\0\x81\x0b\0\0\x10\xf8\0\
\0\x98\xa8\0\0\xdb\0\0\0\x81\x0b\0\0\x0d\xf8\0\0\xa0\xa8\0\0\xdb\0\0\0\x9f\x0b\
\0\0\x30\xe8\0\0\xb0\xa8\0\0\xdb\0\0\0\xd4\x0b\0\0\x24\xec\0\0\xb8\xa8\0\0\xdb\
\0\0\0\x59\x0b\0\0\x19\xf0\0\0\xd0\xa8\0\0\xdb\0\0\0\x59\x0b\0\0\x0d\xf0\0\0\
\xd8\xa8\0\0\xdb\0\0\0\0\0\0\0\0\0\0\0\xe8\xa8\0\0\xdb\0\0\0\x81\x0b\0\0\x10\
\xf8\0\0\xf0\xa8\0\0\xdb\0\0\0\x81\x0b\0\0\x0d\xf8\0\0\xf8\xa8\0\0\xdb\0\0\0\
\x59\x0b\0\0\x19\xf0\0\0\x08\xa9\0\0\xdb\0\0\0\x59\x0b\0\0\x0d\xf0\0\0\x10\xa9\
\0\0\xdb\0\0\0\x81\x0b\0\0\x10\xf8\0\0\x18\xa9\0\0\xdb\0\0\0\x81\x0b\0\0\x0d\
\xf8\0\0\x20\xa9\0\0\xdb\0\0\0\x9f\x0b\0\0\x30\xe8\0\0\x30\xa9\0\0\xdb\0\0\0\
\xd4\x0b\0\0\x24\xec\0\0\x38\xa9\0\0\xdb\0\0\0\x59\x0b\0\0\x19\xf0\0\0\x50\xa9\
\0\0\xdb\0\0\0\x59\x0b\0\0\x0d\xf0\0\0\x58\xa9\0\0\xdb\0\0\0\0\0\0\0\0\0\0\0\
\x68\xa9\0\0\xdb\0\0\0\x81\x0b\0\0\x10\xf8\0\0\x70\xa9\0\0\xdb\0\0\0\x81\x0b\0\
\0\x0d\xf8\0\0\x78\xa9\0\0\xdb\0\0\0\x59\x0b\0\0\x19\xf0\0\0\x88\xa9\0\0\xdb\0\
\0\0\x59\x0b\0\0\x0d\xf0\0\0\x90\xa9\0\0\xdb\0\0\0\x81\x0b\0\0\x10\xf8\0\0\x98\
\xa9\0\0\xdb\0\0\0\x81\x0b\0\0\x0d\xf8\0\0\xa0\xa9\0\0\xdb\0\0\0\x9f\x0b\0\0\
\x30\xe8\0\0\xb0\xa9\0\0\xdb\0\0\0\xd4\x0b\0\0\x24\xec\0\0\xb8\xa9\0\0\xdb\0\0\
\0\x59\x0b\0\0\x19\xf0\0\0\xd0\xa9\0\0\xdb\0\0\0\x59\x0b\0\0\x0d\xf0\0\0\xd8\
\xa9\0\0\xdb\0\0\0\0\0\0\0\0\0\0\0\xe8\xa9\0\0\xdb\0\0\0\x81\x0b\0\0\x10\xf8\0\
\0\xf0\xa9\0\0\xdb\0\0\0\x81\x0b\0\0\x0d\xf8\0\0\xf8\xa9\0\0\xdb\0\0\0\x59\x0b\
\0\0\x19\xf0\0\0\x08\xaa\0\0\xdb\0\0\0\x59\x0b\0\0\x0d\xf0\0\0\x10\xaa\0\0\xdb\
\0\0\0\x81\x0b\0\0\x10\xf8\0\0\x18\xaa\0\0\xdb\0\0\0\x81\x0b\0\0\x0d\xf8\0\0\
\x20\xaa\0\0\xdb\0\0\0\x9f\x0b\0\0\x30\xe8\0\0\x30\xaa\0\0\xdb\0\0\0\xd4\x0b\0\
\0\x24\xec\0\0\x38\xaa\0\0\xdb\0\0\0\x59\x0b\0\0\x19\xf0\0\0\x50\xaa\0\0\xdb\0\
\0\0\x59\x0b\0\0\x0d\xf0\0\0\x58\xaa\0\0\xdb\0\0\0\0\0\0\0\0\0\0\0\x68\xaa\0\0\
\xdb\0\0\0\x81\x0b\0\0\x10\xf8\0\0\x70\xaa\0\0\xdb\0\0\0\x81\x0b\0\0\x0d\xf8\0\
\0\x78\xaa\0\0\xdb\0\0\0\x59\x0b\0\0\x19\xf0\0\0\x88\xaa\0\0\xdb\0\0\0\x59\x0b\
\0\0\x0d\xf0\0\0\x90\xaa\0\0\xdb\0\0\0\x81\x0b\0\0\x10\xf8\0\0\x98\xaa\0\0\xdb\
\0\0\0\x81\x0b\0\0\x0d\xf8\0\0\xa0\xaa\0\0\xdb\0\0\0\x9f\x0b\0\0\x30\xe8\0\0\
\xb0\xaa\0\0\xdb\0\0\0\xd4\x0b\0\0\x24\xec\0\0\xb8\xaa\0\0\xdb\0\0\0\x59\x0b\0\
\0\x19\xf0\0\0\xd0\xaa\0\0\xdb\0\0\0\x59\x0b\0\0\x0d\xf0\0\0\xd8\xaa\0\0\xdb\0\
\0\0\0\0\0\0\0\0\0\0\xe8\xaa\0\0\xdb\0\0\0\x81\x0b\0\0\x10\xf8\0\0\xf0\xaa\0\0\
\xdb\0\0\0\x81\x0b\0\0\x0d\xf8\0\0\xf8\xaa\0\0\xdb\0\0\0\x59\x0b\0\0\x19\xf0\0\
\0\x08\xab\0\0\xdb\0\0\0\x59\x0b\0\0\x0d\xf0\0\0\x10\xab\0\0\xdb\0\0\0\x81\x0b\
\0\0\x10\xf8\0\0\x18\xab\0\0\xdb\0\0\0\x81\x0b\0\0\x0d\xf8\0\0\x20\xab\0\0\xdb\
\0\0\0\x9f\x0b\0\0\x30\xe8\0\0\x30\xab\0\0\xdb\0\0\0\xd4\x0b\0\0\x24\xec\0\0\
\x38\xab\0\0\xdb\0\0\0\x59\x0b\0\0\x19\xf0\0\0\x50\xab\0\0\xdb\0\0\0\x59\x0b\0\
\0\x0d\xf0\0\0\x58\xab\0\0\xdb\0\0\0\0\0\0\0\0\0\0\0\x68\xab\0\0\xdb\0\0\0\x81\
\x0b\0\0\x10\xf8\0\0\x70\xab\0\0\xdb\0\0\0\x81\x0b\0\0\x0d\xf8\0\0\x78\xab\0\0\
\xdb\0\0\0\x59\x0b\0\0\x19\xf0\0\0\x88\xab\0\0\xdb\0\0\0\x59\x0b\0\0\x0d\xf0\0\
\0\x90\xab\0\0\xdb\0\0\0\x81\x0b\0\0\x10\xf8\0\0\x98\xab\0\0\xdb\0\0\0\x81\x0b\
\0\0\x0d\xf8\0\0\xa0\xab\0\0\xdb\0\0\0\x9f\x0b\0\0\x30\xe8\0\0\xb0\xab\0\0\xdb\
\0\0\0\xd4\x0b\0\0\x24\xec\0\0\xb8\xab\0\0\xdb\0\0\0\x59\x0b\0\0\x19\xf0\0\0\
\xd0\xab\0\0\xdb\0\0\0\x59\x0b\0\0\x0d\xf0\0\0\xd8\xab\0\0\xdb\0\0\0\0\0\0\0\0\
\0\0\0\xe8\xab\0\0\xdb\0\0\0\x81\x0b\0\0\x10\xf8\0\0\xf0\xab\0\0\xdb\0\0\0\x81\
\x0b\0\0\x0d\xf8\0\0\xf8\xab\0\0\xdb\0\0\0\x59\x0b\0\0\x19\xf0\0\0\x08\xac\0\0\
\xdb\0\0\0\x59\x0b\0\0\x0d\xf0\0\0\x10\xac\0\0\xdb\0\0\0\x81\x0b\0\0\x10\xf8\0\
\0\x18\xac\0\0\xdb\0\0\0\x81\x0b\0\0\x0d\xf8\0\0\x20\xac\0\0\xdb\0\0\0\x9f\x0b\
\0\0\x30\xe8\0\0\x30\xac\0\0\xdb\0\0\0\xd4\x0b\0\0\x24\xec\0\0\x38\xac\0\0\xdb\
\0\0\0\x59\x0b\0\0\x19\xf0\0\0\x50\xac\0\0\xdb\0\0\0\x59\x0b\0\0\x0d\xf0\0\0\
\x58\xac\0\0\xdb\0\0\0\0\0\0\0\0\0\0\0\x68\xac\0\0\xdb\0\0\0\x81\x0b\0\0\x10\
\xf8\0\0\x70\xac\0\0\xdb\0\0\0\x81\x0b\0\0\x0d\xf8\0\0\x78\xac\0\0\xdb\0\0\0\
\x59\x0b\0\0\x19\xf0\0\0\x88\xac\0\0\xdb\0\0\0\x59\x0b\0\0\x0d\xf0\0\0\x90\xac\
\0\0\xdb\0\0\0\x81\x0b\0\0\x10\xf8\0\0\x98\xac\0\0\xdb\0\0\0\x81\x0b\0\0\x0d\
\xf8\0\0\xa0\xac\0\0\xdb\0\0\0\x9f\x0b\0\0\x30\xe8\0\0\xb0\xac\0\0\xdb\0\0\0\
\xd4\x0b\0\0\x24\xec\0\0\xb8\xac\0\0\xdb\0\0\0\x59\x0b\0\0\x19\xf0\0\0\xd0\xac\
\0\0\xdb\0\0\0\x59\x0b\0\0\x0d\xf0\0\0\xd8\xac\0\0\xdb\0\0\0\0\0\0\0\0\0\0\0\
\xe8\xac\0\0\xdb\0\0\0\x81\x0b\0\0\x10\xf8\0\0\xf0\xac\0\0\xdb\0\0\0\x81\x0b\0\
\0\x0d\xf8\0\0\xf8\xac\0\0\xdb\0\0\0\x59\x0b\0\0\x19\xf0\0\0\x08\xad\0\0\xdb\0\
\0\0\x59\x0b\0\0\x0d\xf0\0\0\x10\xad\0\0\xdb\0\0\0\x81\x0b\0\0\x10\xf8\0\0\x18\
\xad\0\0\xdb\0\0\0\x81\x0b\0\0\x0d\xf8\0\0\x20\xad\0\0\xdb\0\0\0\x9f\x0b\0\0\
\x30\xe8\0\0\x30\xad\0\0\xdb\0\0\0\xd4\x0b\0\0\x24\xec\0\0\x38\xad\0\0\xdb\0\0\
\0\x59\x0b\0\0\x19\xf0\0\0\x50\xad\0\0\xdb\0\0\0\x59\x0b\0\0\x0d\xf0\0\0\x58\
\xad\0\0\xdb\0\0\0\0\0\0\0\0\0\0\0\x68\xad\0\0\xdb\0\0\0\x81\x0b\0\0\x10\xf8\0\
\0\x70\xad\0\0\xdb\0\0\0\x81\x0b\0\0\x0d\xf8\0\0\x78\xad\0\0\xdb\0\0\0\x59\x0b\
\0\0\x19\xf0\0\0\x88\xad\0\0\xdb\0\0\0\x59\x0b\0\0\x0d\xf0\0\0\x90\xad\0\0\xdb\
\0\0\0\x81\x0b\0\0\x10\xf8\0\0\x98\xad\0\0\xdb\0\0\0\x81\x0b\0\0\x0d\xf8\0\0\
\xa0\xad\0\0\xdb\0\0\0\x9f\x0b\0\0\x30\xe8\0\0\xb0\xad\0\0\xdb\0\0\0\xd4\x0b\0\
\0\x24\xec\0\0\xb8\xad\0\0\xdb\0\0\0\x59\x0b\0\0\x19\xf0\0\0\xd0\xad\0\0\xdb\0\
\0\0\x59\x0b\0\0\x0d\xf0\0\0\xd8\xad\0\0\xdb\0\0\0\0\0\0\0\0\0\0\0\xe8\xad\0\0\
\xdb\0\0\0\x81\x0b\0\0\x10\xf8\0\0\xf0\xad\0\0\xdb\0\0\0\x81\x0b\0\0\x0d\xf8\0\
\0\xf8\xad\0\0\xdb\0\0\0\x59\x0b\0\0\x19\xf0\0\0\x08\xae\0\0\xdb\0\0\0\x59\x0b\
\0\0\x0d\xf0\0\0\x10\xae\0\0\xdb\0\0\0\x81\x0b\0\0\x10\xf8\0\0\x18\xae\0\0\xdb\
\0\0\0\x81\x0b\0\0\x0d\xf8\0\0\x20\xae\0\0\xdb\0\0\0\x9f\x0b\0\0\x30\xe8\0\0\
\x30\xae\0\0\xdb\0\0\0\xd4\x0b\0\0\x24\xec\0\0\x38\xae\0\0\xdb\0\0\0\x59\x0b\0\
\0\x19\xf0\0\0\x50\xae\0\0\xdb\0\0\0\x59\x0b\0\0\x0d\xf0\0\0\x58\xae\0\0\xdb\0\
\0\0\0\0\0\0\0\0\0\0\x68\xae\0\0\xdb\0\0\0\x81\x0b\0\0\x10\xf8\0\0\x70\xae\0\0\
\xdb\0\0\0\x81\x0b\0\0\x0d\xf8\0\0\x78\xae\0\0\xdb\0\0\0\x59\x0b\0\0\x19\xf0\0\
\0\x88\xae\0\0\xdb\0\0\0\x59\x0b\0\0\x0d\xf0\0\0\x90\xae\0\0\xdb\0\0\0\x81\x0b\
\0\0\x10\xf8\0\0\x98\xae\0\0\xdb\0\0\0\x81\x0b\0\0\x0d\xf8\0\0\xa0\xae\0\0\xdb\
\0\0\0\x9f\x0b\0\0\x30\xe8\0\0\xb0\xae\0\0\xdb\0\0\0\xd4\x0b\0\0\x24\xec\0\0\
\xb8\xae\0\0\xdb\0\0\0\x59\x0b\0\0\x19\xf0\0\0\xd0\xae\0\0\xdb\0\0\0\x59\x0b\0\
\0\x0d\xf0\0\0\xd8\xae\0\0\xdb\0\0\0\0\0\0\0\0\0\0\0\xe8\xae\0\0\xdb\0\0\0\x81\
\x0b\0\0\x10\xf8\0\0\xf0\xae\0\0\xdb\0\0\0\x81\x0b\0\0\x0d\xf8\0\0\xf8\xae\0\0\
\xdb\0\0\0\x59\x0b\0\0\x19\xf0\0\0\x08\xaf\0\0\xdb\0\0\0\x59\x0b\0\0\x0d\xf0\0\
\0\x10\xaf\0\0\xdb\0\0\0\x81\x0b\0\0\x10\xf8\0\0\x18\xaf\0\0\xdb\0\0\0\x81\x0b\
\0\0\x0d\xf8\0\0\x20\xaf\0\0\xdb\0\0\0\x9f\x0b\0\0\x30\xe8\0\0\x30\xaf\0\0\xdb\
\0\0\0\xd4\x0b\0\0\x24\xec\0\0\x38\xaf\0\0\xdb\0\0\0\x59\x0b\0\0\x19\xf0\0\0\
\x50\xaf\0\0\xdb\0\0\0\x59\x0b\0\0\x0d\xf0\0\0\x58\xaf\0\0\xdb\0\0\0\0\0\0\0\0\
\0\0\0\x68\xaf\0\0\xdb\0\0\0\x81\x0b\0\0\x10\xf8\0\0\x70\xaf\0\0\xdb\0\0\0\x81\
\x0b\0\0\x0d\xf8\0\0\x78\xaf\0\0\xdb\0\0\0\x59\x0b\0\0\x19\xf0\0\0\x88\xaf\0\0\
\xdb\0\0\0\x59\x0b\0\0\x0d\xf0\0\0\x90\xaf\0\0\xdb\0\0\0\x81\x0b\0\0\x10\xf8\0\
\0\x98\xaf\0\0\xdb\0\0\0\x81\x0b\0\0\x0d\xf8\0\0\xa0\xaf\0\0\xdb\0\0\0\x9f\x0b\
\0\0\x30\xe8\0\0\xb0\xaf\0\0\xdb\0\0\0\xd4\x0b\0\0\x24\xec\0\0\xb8\xaf\0\0\xdb\
\0\0\0\x59\x0b\0\0\x19\xf0\0\0\xd0\xaf\0\0\xdb\0\0\0\x59\x0b\0\0\x0d\xf0\0\0\
\xd8\xaf\0\0\xdb\0\0\0\0\0\0\0\0\0\0\0\xe8\xaf\0\0\xdb\0\0\0\x81\x0b\0\0\x10\
\xf8\0\0\xf0\xaf\0\0\xdb\0\0\0\x81\x0b\0\0\x0d\xf8\0\0\xf8\xaf\0\0\xdb\0\0\0\
\x59\x0b\0\0\x19\xf0\0\0\x08\xb0\0\0\xdb\0\0\0\x59\x0b\0\0\x0d\xf0\0\0\x10\xb0\
\0\0\xdb\0\0\0\x81\x0b\0\0\x10\xf8\0\0\x18\xb0\0\0\xdb\0\0\0\x81\x0b\0\0\x0d\
\xf8\0\0\x20\xb0\0\0\xdb\0\0\0\x9f\x0b\0\0\x30\xe8\0\0\x30\xb0\0\0\xdb\0\0\0\
\xd4\x0b\0\0\x24\xec\0\0\x38\xb0\0\0\xdb\0\0\0\x59\x0b\0\0\x19\xf0\0\0\x50\xb0\
\0\0\xdb\0\0\0\x59\x0b\0\0\x0d\xf0\0\0\x58\xb0\0\0\xdb\0\0\0\0\0\0\0\0\0\0\0\
\x68\xb0\0\0\xdb\0\0\0\x81\x0b\0\0\x10\xf8\0\0\x70\xb0\0\0\xdb\0\0\0\x81\x0b\0\
\0\x0d\xf8\0\0\x78\xb0\0\0\xdb\0\0\0\x59\x0b\0\0\x19\xf0\0\0\x88\xb0\0\0\xdb\0\
\0\0\x59\x0b\0\0\x0d\xf0\0\0\x90\xb0\0\0\xdb\0\0\0\x81\x0b\0\0\x10\xf8\0\0\x98\
\xb0\0\0\xdb\0\0\0\x81\x0b\0\0\x0d\xf8\0\0\xa0\xb0\0\0\xdb\0\0\0\x9f\x0b\0\0\
\x30\xe8\0\0\xb0\xb0\0\0\xdb\0\0\0\xd4\x0b\0\0\x24\xec\0\0\xb8\xb0\0\0\xdb\0\0\
\0\x59\x0b\0\0\x19\xf0\0\0\xd0\xb0\0\0\xdb\0\0\0\x59\x0b\0\0\x0d\xf0\0\0\xd8\
\xb0\0\0\xdb\0\0\0\0\0\0\0\0\0\0\0\xe8\xb0\0\0\xdb\0\0\0\x81\x0b\0\0\x10\xf8\0\
\0\xf0\xb0\0\0\xdb\0\0\0\x81\x0b\0\0\x0d\xf8\0\0\xf8\xb0\0\0\xdb\0\0\0\x59\x0b\
\0\0\x19\xf0\0\0\x08\xb1\0\0\xdb\0\0\0\x59\x0b\0\0\x0d\xf0\0\0\x10\xb1\0\0\xdb\
\0\0\0\x81\x0b\0\0\x10\xf8\0\0\x18\xb1\0\0\xdb\0\0\0\x81\x0b\0\0\x0d\xf8\0\0\
\x20\xb1\0\0\xdb\0\0\0\x9f\x0b\0\0\x30\xe8\0\0\x30\xb1\0\0\xdb\0\0\0\xd4\x0b\0\
\0\x24\xec\0\0\x38\xb1\0\0\xdb\0\0\0\x59\x0b\0\0\x19\xf0\0\0\x50\xb1\0\0\xdb\0\
\0\0\x59\x0b\0\0\x0d\xf0\0\0\x58\xb1\0\0\xdb\0\0\0\0\0\0\0\0\0\0\0\x68\xb1\0\0\
\xdb\0\0\0\x81\x0b\0\0\x10\xf8\0\0\x70\xb1\0\0\xdb\0\0\0\x81\x0b\0\0\x0d\xf8\0\
\0\x78\xb1\0\0\xdb\0\0\0\x59\x0b\0\0\x19\xf0\0\0\x88\xb1\0\0\xdb\0\0\0\x59\x0b\
\0\0\x0d\xf0\0\0\x90\xb1\0\0\xdb\0\0\0\x81\x0b\0\0\x10\xf8\0\0\x98\xb1\0\0\xdb\
\0\0\0\x81\x0b\0\0\x0d\xf8\0\0\xa0\xb1\0\0\xdb\0\0\0\x9f\x0b\0\0\x30\xe8\0\0\
\xb0\xb1\0\0\xdb\0\0\0\xd4\x0b\0\0\x24\xec\0\0\xb8\xb1\0\0\xdb\0\0\0\x59\x0b\0\
\0\x19\xf0\0\0\xd0\xb1\0\0\xdb\0\0\0\x59\x0b\0\0\x0d\xf0\0\0\xd8\xb1\0\0\xdb\0\
\0\0\0\0\0\0\0\0\0\0\xe8\xb1\0\0\xdb\0\0\0\x81\x0b\0\0\x10\xf8\0\0\xf0\xb1\0\0\
\xdb\0\0\0\x81\x0b\0\0\x0d\xf8\0\0\xf8\xb1\0\0\xdb\0\0\0\x59\x0b\0\0\x19\xf0\0\
\0\x08\xb2\0\0\xdb\0\0\0\x59\x0b\0\0\x0d\xf0\0\0\x10\xb2\0\0\xdb\0\0\0\x81\x0b\
\0\0\x10\xf8\0\0\x18\xb2\0\0\xdb\0\0\0\x81\x0b\0\0\x0d\xf8\0\0\x20\xb2\0\0\xdb\
\0\0\0\x9f\x0b\0\0\x30\xe8\0\0\x30\xb2\0\0\xdb\0\0\0\xd4\x0b\0\0\x24\xec\0\0\
\x38\xb2\0\0\xdb\0\0\0\x59\x0b\0\0\x19\xf0\0\0\x50\xb2\0\0\xdb\0\0\0\x59\x0b\0\
\0\x0d\xf0\0\0\x58\xb2\0\0\xdb\0\0\0\0\0\0\0\0\0\0\0\x68\xb2\0\0\xdb\0\0\0\x81\
\x0b\0\0\x10\xf8\0\0\x70\xb2\0\0\xdb\0\0\0\x81\x0b\0\0\x0d\xf8\0\0\x78\xb2\0\0\
\xdb\0\0\0\x59\x0b\0\0\x19\xf0\0\0\x88\xb2\0\0\xdb\0\0\0\x59\x0b\0\0\x0d\xf0\0\
\0\x90\xb2\0\0\xdb\0\0\0\x81\x0b\0\0\x10\xf8\0\0\x98\xb2\0\0\xdb\0\0\0\x81\x0b\
\0\0\x0d\xf8\0\0\xa0\xb2\0\0\xdb\0\0\0\x9f\x0b\0\0\x30\xe8\0\0\xb0\xb2\0\0\xdb\
\0\0\0\xd4\x0b\0\0\x24\xec\0\0\xb8\xb2\0\0\xdb\0\0\0\x59\x0b\0\0\x19\xf0\0\0\
\xd0\xb2\0\0\xdb\0\0\0\x59\x0b\0\0\x0d\xf0\0\0\xd8\xb2\0\0\xdb\0\0\0\0\0\0\0\0\
\0\0\0\xe8\xb2\0\0\xdb\0\0\0\x81\x0b\0\0\x10\xf8\0\0\xf0\xb2\0\0\xdb\0\0\0\x81\
\x0b\0\0\x0d\xf8\0\0\xf8\xb2\0\0\xdb\0\0\0\x59\x0b\0\0\x19\xf0\0\0\x08\xb3\0\0\
\xdb\0\0\0\x59\x0b\0\0\x0d\xf0\0\0\x10\xb3\0\0\xdb\0\0\0\x81\x0b\0\0\x10\xf8\0\
\0\x18\xb3\0\0\xdb\0\0\0\x81\x0b\0\0\x0d\xf8\0\0\x20\xb3\0\0\xdb\0\0\0\x9f\x0b\
\0\0\x30\xe8\0\0\x30\xb3\0\0\xdb\0\0\0\xd4\x0b\0\0\x24\xec\0\0\x38\xb3\0\0\xdb\
\0\0\0\x59\x0b\0\0\x19\xf0\0\0\x50\xb3\0\0\xdb\0\0\0\x59\x0b\0\0\x0d\xf0\0\0\
\x58\xb3\0\0\xdb\0\0\0\0\0\0\0\0\0\0\0\x68\xb3\0\0\xdb\0\0\0\x81\x0b\0\0\x10\
\xf8\0\0\x70\xb3\0\0\xdb\0\0\0\x81\x0b\0\0\x0d\xf8\0\0\x78\xb3\0\0\xdb\0\0\0\
\x59\x0b\0\0\x19\xf0\0\0\x88\xb3\0\0\xdb\0\0\0\x59\x0b\0\0\x0d\xf0\0\0\x90\xb3\
\0\0\xdb\0\0\0\x81\x0b\0\0\x10\xf8\0\0\x98\xb3\0\0\xdb\0\0\0\x81\x0b\0\0\x0d\
\xf8\0\0\xa0\xb3\0\0\xdb\0\0\0\x9f\x0b\0\0\x30\xe8\0\0\xb0\xb3\0\0\xdb\0\0\0\
\xd4\x0b\0\0\x24\xec\0\0\xb8\xb3\0\0\xdb\0\0\0\x59\x0b\0\0\x19\xf0\0\0\xd0\xb3\
\0\0\xdb\0\0\0\x59\x0b\0\0\x0d\xf0\0\0\xd8\xb3\0\0\xdb\0\0\0\0\0\0\0\0\0\0\0\
\xe8\xb3\0\0\xdb\0\0\0\x81\x0b\0\0\x10\xf8\0\0\xf0\xb3\0\0\xdb\0\0\0\x81\x0b\0\
\0\x0d\xf8\0\0\xf8\xb3\0\0\xdb\0\0\0\x59\x0b\0\0\x19\xf0\0\0\x08\xb4\0\0\xdb\0\
\0\0\x59\x0b\0\0\x0d\xf0\0\0\x10\xb4\0\0\xdb\0\0\0\x81\x0b\0\0\x10\xf8\0\0\x18\
\xb4\0\0\xdb\0\0\0\x81\x0b\0\0\x0d\xf8\0\0\x20\xb4\0\0\xdb\0\0\0\x9f\x0b\0\0\
\x30\xe8\0\0\x30\xb4\0\0\xdb\0\0\0\xd4\x0b\0\0\x24\xec\0\0\x38\xb4\0\0\xdb\0\0\
\0\x59\x0b\0\0\x19\xf0\0\0\x50\xb4\0\0\xdb\0\0\0\x59\x0b\0\0\x0d\xf0\0\0\x58\
\xb4\0\0\xdb\0\0\0\0\0\0\0\0\0\0\0\x68\xb4\0\0\xdb\0\0\0\x81\x0b\0\0\x10\xf8\0\
\0\x70\xb4\0\0\xdb\0\0\0\x81\x0b\0\0\x0d\xf8\0\0\x78\xb4\0\0\xdb\0\0\0\x59\x0b\
\0\0\x19\xf0\0\0\x88\xb4\0\0\xdb\0\0\0\x59\x0b\0\0\x0d\xf0\0\0\x90\xb4\0\0\xdb\
\0\0\0\x81\x0b\0\0\x10\xf8\0\0\x98\xb4\0\0\xdb\0\0\0\x81\x0b\0\0\x0d\xf8\0\0\
\xa0\xb4\0\0\xdb\0\0\0\x9f\x0b\0\0\x30\xe8\0\0\xb0\xb4\0\0\xdb\0\0\0\xd4\x0b\0\
\0\x24\xec\0\0\xb8\xb4\0\0\xdb\0\0\0\x59\x0b\0\0\x19\xf0\0\0\xd0\xb4\0\0\xdb\0\
\0\0\x59\x0b\0\0\x0d\xf0\0\0\xd8\xb4\0\0\xdb\0\0\0\0\0\0\0\0\0\0\0\xe8\xb4\0\0\
\xdb\0\0\0\x81\x0b\0\0\x10\xf8\0\0\xf0\xb4\0\0\xdb\0\0\0\x81\x0b\0\0\x0d\xf8\0\
\0\xf8\xb4\0\0\xdb\0\0\0\x59\x0b\0\0\x19\xf0\0\0\x08\xb5\0\0\xdb\0\0\0\x59\x0b\
\0\0\x0d\xf0\0\0\x10\xb5\0\0\xdb\0\0\0\x81\x0b\0\0\x10\xf8\0\0\x18\xb5\0\0\xdb\
\0\0\0\x81\x0b\0\0\x0d\xf8\0\0\x20\xb5\0\0\xdb\0\0\0\x9f\x0b\0\0\x30\xe8\0\0\
\x30\xb5\0\0\xdb\0\0\0\xd4\x0b\0\0\x24\xec\0\0\x38\xb5\0\0\xdb\0\0\0\x59\x0b\0\
\0\x19\xf0\0\0\x50\xb5\0\0\xdb\0\0\0\x59\x0b\0\0\x0d\xf0\0\0\x58\xb5\0\0\xdb\0\
\0\0\0\0\0\0\0\0\0\0\x68\xb5\0\0\xdb\0\0\0\x81\x0b\0\0\x10\xf8\0\0\x70\xb5\0\0\
\xdb\0\0\0\x81\x0b\0\0\x0d\xf8\0\0\x78\xb5\0\0\xdb\0\0\0\x59\x0b\0\0\x19\xf0\0\
\0\x88\xb5\0\0\xdb\0\0\0\x59\x0b\0\0\x0d\xf0\0\0\x90\xb5\0\0\xdb\0\0\0\x81\x0b\
\0\0\x10\xf8\0\0\x98\xb5\0\0\xdb\0\0\0\x81\x0b\0\0\x0d\xf8\0\0\xa0\xb5\0\0\xdb\
\0\0\0\x9f\x0b\0\0\x30\xe8\0\0\xb0\xb5\0\0\xdb\0\0\0\xd4\x0b\0\0\x24\xec\0\0\
\xb8\xb5\0\0\xdb\0\0\0\x59\x0b\0\0\x19\xf0\0\0\xd0\xb5\0\0\xdb\0\0\0\x59\x0b\0\
\0\x0d\xf0\0\0\xd8\xb5\0\0\xdb\0\0\0\0\0\0\0\0\0\0\0\xe8\xb5\0\0\xdb\0\0\0\x81\
\x0b\0\0\x10\xf8\0\0\xf0\xb5\0\0\xdb\0\0\0\x81\x0b\0\0\x0d\xf8\0\0\xf8\xb5\0\0\
\xdb\0\0\0\x59\x0b\0\0\x19\xf0\0\0\x08\xb6\0\0\xdb\0\0\0\x59\x0b\0\0\x0d\xf0\0\
\0\x10\xb6\0\0\xdb\0\0\0\x81\x0b\0\0\x10\xf8\0\0\x18\xb6\0\0\xdb\0\0\0\x81\x0b\
\0\0\x0d\xf8\0\0\x20\xb6\0\0\xdb\0\0\0\x9f\x0b\0\0\x30\xe8\0\0\x30\xb6\0\0\xdb\
\0\0\0\xd4\x0b\0\0\x24\xec\0\0\x38\xb6\0\0\xdb\0\0\0\x59\x0b\0\0\x19\xf0\0\0\
\x50\xb6\0\0\xdb\0\0\0\x59\x0b\0\0\x0d\xf0\0\0\x58\xb6\0\0\xdb\0\0\0\0\0\0\0\0\
\0\0\0\x68\xb6\0\0\xdb\0\0\0\x81\x0b\0\0\x10\xf8\0\0\x70\xb6\0\0\xdb\0\0\0\x81\
\x0b\0\0\x0d\xf8\0\0\x78\xb6\0\0\xdb\0\0\0\x59\x0b\0\0\x19\xf0\0\0\x88\xb6\0\0\
\xdb\0\0\0\x59\x0b\0\0\x0d\xf0\0\0\x90\xb6\0\0\xdb\0\0\0\x81\x0b\0\0\x10\xf8\0\
\0\x98\xb6\0\0\xdb\0\0\0\x81\x0b\0\0\x0d\xf8\0\0\xa0\xb6\0\0\xdb\0\0\0\x9f\x0b\
\0\0\x30\xe8\0\0\xb0\xb6\0\0\xdb\0\0\0\xd4\x0b\0\0\x24\xec\0\0\xb8\xb6\0\0\xdb\
\0\0\0\x59\x0b\0\0\x19\xf0\0\0\xd0\xb6\0\0\xdb\0\0\0\x59\x0b\0\0\x0d\xf0\0\0\
\xd8\xb6\0\0\xdb\0\0\0\0\0\0\0\0\0\0\0\xe8\xb6\0\0\xdb\0\0\0\x81\x0b\0\0\x10\
\xf8\0\0\xf0\xb6\0\0\xdb\0\0\0\x81\x0b\0\0\x0d\xf8\0\0\xf8\xb6\0\0\xdb\0\0\0\
\x59\x0b\0\0\x19\xf0\0\0\x08\xb7\0\0\xdb\0\0\0\x59\x0b\0\0\x0d\xf0\0\0\x10\xb7\
\0\0\xdb\0\0\0\x81\x0b\0\0\x10\xf8\0\0\x18\xb7\0\0\xdb\0\0\0\x81\x0b\0\0\x0d\
\xf8\0\0\x20\xb7\0\0\xdb\0\0\0\x9f\x0b\0\0\x30\xe8\0\0\x30\xb7\0\0\xdb\0\0\0\
\xd4\x0b\0\0\x24\xec\0\0\x38\xb7\0\0\xdb\0\0\0\x59\x0b\0\0\x19\xf0\0\0\x50\xb7\
\0\0\xdb\0\0\0\x59\x0b\0\0\x0d\xf0\0\0\x58\xb7\0\0\xdb\0\0\0\0\0\0\0\0\0\0\0\
\x68\xb7\0\0\xdb\0\0\0\x81\x0b\0\0\x10\xf8\0\0\x70\xb7\0\0\xdb\0\0\0\x81\x0b\0\
\0\x0d\xf8\0\0\x78\xb7\0\0\xdb\0\0\0\x59\x0b\0\0\x19\xf0\0\0\x88\xb7\0\0\xdb\0\
\0\0\x59\x0b\0\0\x0d\xf0\0\0\x90\xb7\0\0\xdb\0\0\0\x81\x0b\0\0\x10\xf8\0\0\x98\
\xb7\0\0\xdb\0\0\0\x81\x0b\0\0\x0d\xf8\0\0\xa0\xb7\0\0\xdb\0\0\0\x9f\x0b\0\0\
\x30\xe8\0\0\xb0\xb7\0\0\xdb\0\0\0\xd4\x0b\0\0\x24\xec\0\0\xb8\xb7\0\0\xdb\0\0\
\0\x59\x0b\0\0\x19\xf0\0\0\xd0\xb7\0\0\xdb\0\0\0\x59\x0b\0\0\x0d\xf0\0\0\xd8\
\xb7\0\0\xdb\0\0\0\0\0\0\0\0\0\0\0\xe8\xb7\0\0\xdb\0\0\0\x81\x0b\0\0\x10\xf8\0\
\0\xf0\xb7\0\0\xdb\0\0\0\x81\x0b\0\0\x0d\xf8\0\0\xf8\xb7\0\0\xdb\0\0\0\x59\x0b\
\0\0\x19\xf0\0\0\x08\xb8\0\0\xdb\0\0\0\x59\x0b\0\0\x0d\xf0\0\0\x10\xb8\0\0\xdb\
\0\0\0\x81\x0b\0\0\x10\xf8\0\0\x18\xb8\0\0\xdb\0\0\0\x81\x0b\0\0\x0d\xf8\0\0\
\x20\xb8\0\0\xdb\0\0\0\x9f\x0b\0\0\x30\xe8\0\0\x30\xb8\0\0\xdb\0\0\0\xd4\x0b\0\
\0\x24\xec\0\0\x38\xb8\0\0\xdb\0\0\0\x59\x0b\0\0\x19\xf0\0\0\x50\xb8\0\0\xdb\0\
\0\0\x59\x0b\0\0\x0d\xf0\0\0\x58\xb8\0\0\xdb\0\0\0\0\0\0\0\0\0\0\0\x68\xb8\0\0\
\xdb\0\0\0\x81\x0b\0\0\x10\xf8\0\0\x70\xb8\0\0\xdb\0\0\0\x81\x0b\0\0\x0d\xf8\0\
\0\x78\xb8\0\0\xdb\0\0\0\x59\x0b\0\0\x19\xf0\0\0\x88\xb8\0\0\xdb\0\0\0\x59\x0b\
\0\0\x0d\xf0\0\0\x90\xb8\0\0\xdb\0\0\0\x81\x0b\0\0\x10\xf8\0\0\x98\xb8\0\0\xdb\
\0\0\0\x81\x0b\0\0\x0d\xf8\0\0\xa0\xb8\0\0\xdb\0\0\0\x9f\x0b\0\0\x30\xe8\0\0\
\xb0\xb8\0\0\xdb\0\0\0\xd4\x0b\0\0\x24\xec\0\0\xb8\xb8\0\0\xdb\0\0\0\x59\x0b\0\
\0\x19\xf0\0\0\xd0\xb8\0\0\xdb\0\0\0\x59\x0b\0\0\x0d\xf0\0\0\xd8\xb8\0\0\xdb\0\
\0\0\0\0\0\0\0\0\0\0\xe8\xb8\0\0\xdb\0\0\0\x81\x0b\0\0\x10\xf8\0\0\xf0\xb8\0\0\
\xdb\0\0\0\x81\x0b\0\0\x0d\xf8\0\0\xf8\xb8\0\0\xdb\0\0\0\x59\x0b\0\0\x19\xf0\0\
\0\x08\xb9\0\0\xdb\0\0\0\x59\x0b\0\0\x0d\xf0\0\0\x10\xb9\0\0\xdb\0\0\0\x81\x0b\
\0\0\x10\xf8\0\0\x18\xb9\0\0\xdb\0\0\0\x81\x0b\0\0\x0d\xf8\0\0\x20\xb9\0\0\xdb\
\0\0\0\x9f\x0b\0\0\x30\xe8\0\0\x30\xb9\0\0\xdb\0\0\0\xd4\x0b\0\0\x24\xec\0\0\
\x38\xb9\0\0\xdb\0\0\0\x59\x0b\0\0\x19\xf0\0\0\x50\xb9\0\0\xdb\0\0\0\x59\x0b\0\
\0\x0d\xf0\0\0\x58\xb9\0\0\xdb\0\0\0\0\0\0\0\0\0\0\0\x68\xb9\0\0\xdb\0\0\0\x81\
\x0b\0\0\x10\xf8\0\0\x70\xb9\0\0\xdb\0\0\0\x81\x0b\0\0\x0d\xf8\0\0\x78\xb9\0\0\
\xdb\0\0\0\x59\x0b\0\0\x19\xf0\0\0\x88\xb9\0\0\xdb\0\0\0\x59\x0b\0\0\x0d\xf0\0\
\0\x90\xb9\0\0\xdb\0\0\0\x81\x0b\0\0\x10\xf8\0\0\x98\xb9\0\0\xdb\0\0\0\x81\x0b\
\0\0\x0d\xf8\0\0\xa0\xb9\0\0\xdb\0\0\0\x9f\x0b\0\0\x30\xe8\0\0\xb0\xb9\0\0\xdb\
\0\0\0\xd4\x0b\0\0\x24\xec\0\0\xb8\xb9\0\0\xdb\0\0\0\x59\x0b\0\0\x19\xf0\0\0\
\xd0\xb9\0\0\xdb\0\0\0\x59\x0b\0\0\x0d\xf0\0\0\xd8\xb9\0\0\xdb\0\0\0\0\0\0\0\0\
\0\0\0\xe8\xb9\0\0\xdb\0\0\0\x81\x0b\0\0\x10\xf8\0\0\xf0\xb9\0\0\xdb\0\0\0\x81\
\x0b\0\0\x0d\xf8\0\0\xf8\xb9\0\0\xdb\0\0\0\x59\x0b\0\0\x19\xf0\0\0\x08\xba\0\0\
\xdb\0\0\0\x59\x0b\0\0\x0d\xf0\0\0\x10\xba\0\0\xdb\0\0\0\x81\x0b\0\0\x10\xf8\0\
\0\x18\xba\0\0\xdb\0\0\0\x81\x0b\0\0\x0d\xf8\0\0\x20\xba\0\0\xdb\0\0\0\x9f\x0b\
\0\0\x30\xe8\0\0\x30\xba\0\0\xdb\0\0\0\xd4\x0b\0\0\x24\xec\0\0\x38\xba\0\0\xdb\
\0\0\0\x59\x0b\0\0\x19\xf0\0\0\x50\xba\0\0\xdb\0\0\0\x59\x0b\0\0\x0d\xf0\0\0\
\x58\xba\0\0\xdb\0\0\0\0\0\0\0\0\0\0\0\x68\xba\0\0\xdb\0\0\0\x81\x0b\0\0\x10\
\xf8\0\0\x70\xba\0\0\xdb\0\0\0\x81\x0b\0\0\x0d\xf8\0\0\x78\xba\0\0\xdb\0\0\0\
\x59\x0b\0\0\x19\xf0\0\0\x88\xba\0\0\xdb\0\0\0\x59\x0b\0\0\x0d\xf0\0\0\x90\xba\
\0\0\xdb\0\0\0\x81\x0b\0\0\x10\xf8\0\0\x98\xba\0\0\xdb\0\0\0\x81\x0b\0\0\x0d\
\xf8\0\0\xa0\xba\0\0\xdb\0\0\0\x9f\x0b\0\0\x30\xe8\0\0\xb0\xba\0\0\xdb\0\0\0\
\xd4\x0b\0\0\x24\xec\0\0\xb8\xba\0\0\xdb\0\0\0\x59\x0b\0\0\x19\xf0\0\0\xd0\xba\
\0\0\xdb\0\0\0\x59\x0b\0\0\x0d\xf0\0\0\xd8\xba\0\0\xdb\0\0\0\0\0\0\0\0\0\0\0\
\xe8\xba\0\0\xdb\0\0\0\x81\x0b\0\0\x10\xf8\0\0\xf0\xba\0\0\xdb\0\0\0\x81\x0b\0\
\0\x0d\xf8\0\0\xf8\xba\0\0\xdb\0\0\0\x59\x0b\0\0\x19\xf0\0\0\x08\xbb\0\0\xdb\0\
\0\0\x59\x0b\0\0\x0d\xf0\0\0\x10\xbb\0\0\xdb\0\0\0\x81\x0b\0\0\x10\xf8\0\0\x18\
\xbb\0\0\xdb\0\0\0\x81\x0b\0\0\x0d\xf8\0\0\x20\xbb\0\0\xdb\0\0\0\x9f\x0b\0\0\
\x30\xe8\0\0\x30\xbb\0\0\xdb\0\0\0\xd4\x0b\0\0\x24\xec\0\0\x38\xbb\0\0\xdb\0\0\
\0\x59\x0b\0\0\x19\xf0\0\0\x50\xbb\0\0\xdb\0\0\0\x59\x0b\0\0\x0d\xf0\0\0\x58\
\xbb\0\0\xdb\0\0\0\0\0\0\0\0\0\0\0\x68\xbb\0\0\xdb\0\0\0\x81\x0b\0\0\x10\xf8\0\
\0\x70\xbb\0\0\xdb\0\0\0\x81\x0b\0\0\x0d\xf8\0\0\x78\xbb\0\0\xdb\0\0\0\x59\x0b\
\0\0\x19\xf0\0\0\x88\xbb\0\0\xdb\0\0\0\x59\x0b\0\0\x0d\xf0\0\0\x90\xbb\0\0\xdb\
\0\0\0\x81\x0b\0\0\x10\xf8\0\0\x98\xbb\0\0\xdb\0\0\0\x81\x0b\0\0\x0d\xf8\0\0\
\xa0\xbb\0\0\xdb\0\0\0\x9f\x0b\0\0\x30\xe8\0\0\xb0\xbb\0\0\xdb\0\0\0\xd4\x0b\0\
\0\x24\xec\0\0\xb8\xbb\0\0\xdb\0\0\0\x59\x0b\0\0\x19\xf0\0\0\xd0\xbb\0\0\xdb\0\
\0\0\x59\x0b\0\0\x0d\xf0\0\0\xd8\xbb\0\0\xdb\0\0\0\0\0\0\0\0\0\0\0\xe8\xbb\0\0\
\xdb\0\0\0\x81\x0b\0\0\x10\xf8\0\0\xf0\xbb\0\0\xdb\0\0\0\x81\x0b\0\0\x0d\xf8\0\
\0\xf8\xbb\0\0\xdb\0\0\0\x59\x0b\0\0\x19\xf0\0\0\x08\xbc\0\0\xdb\0\0\0\x59\x0b\
\0\0\x0d\xf0\0\0\x10\xbc\0\0\xdb\0\0\0\x81\x0b\0\0\x10\xf8\0\0\x18\xbc\0\0\xdb\
\0\0\0\x81\x0b\0\0\x0d\xf8\0\0\x20\xbc\0\0\xdb\0\0\0\x9f\x0b\0\0\x30\xe8\0\0\
\x30\xbc\0\0\xdb\0\0\0\xd4\x0b\0\0\x24\xec\0\0\x38\xbc\0\0\xdb\0\0\0\x59\x0b\0\
\0\x19\xf0\0\0\x50\xbc\0\0\xdb\0\0\0\x59\x0b\0\0\x0d\xf0\0\0\x58\xbc\0\0\xdb\0\
\0\0\0\0\0\0\0\0\0\0\x68\xbc\0\0\xdb\0\0\0\x81\x0b\0\0\x10\xf8\0\0\x70\xbc\0\0\
\xdb\0\0\0\x81\x0b\0\0\x0d\xf8\0\0\x78\xbc\0\0\xdb\0\0\0\x59\x0b\0\0\x19\xf0\0\
\0\x88\xbc\0\0\xdb\0\0\0\x59\x0b\0\0\x0d\xf0\0\0\x90\xbc\0\0\xdb\0\0\0\x81\x0b\
\0\0\x10\xf8\0\0\x98\xbc\0\0\xdb\0\0\0\x81\x0b\0\0\x0d\xf8\0\0\xa0\xbc\0\0\xdb\
\0\0\0\x9f\x0b\0\0\x30\xe8\0\0\xb0\xbc\0\0\xdb\0\0\0\xd4\x0b\0\0\x24\xec\0\0\
\xb8\xbc\0\0\xdb\0\0\0\x59\x0b\0\0\x19\xf0\0\0\xd0\xbc\0\0\xdb\0\0\0\x59\x0b\0\
\0\x0d\xf0\0\0\xd8\xbc\0\0\xdb\0\0\0\0\0\0\0\0\0\0\0\xe8\xbc\0\0\xdb\0\0\0\x81\
\x0b\0\0\x10\xf8\0\0\xf0\xbc\0\0\xdb\0\0\0\x81\x0b\0\0\x0d\xf8\0\0\xf8\xbc\0\0\
\xdb\0\0\0\x59\x0b\0\0\x19\xf0\0\0\x08\xbd\0\0\xdb\0\0\0\x59\x0b\0\0\x0d\xf0\0\
\0\x10\xbd\0\0\xdb\0\0\0\x81\x0b\0\0\x10\xf8\0\0\x18\xbd\0\0\xdb\0\0\0\x81\x0b\
\0\0\x0d\xf8\0\0\x20\xbd\0\0\xdb\0\0\0\x9f\x0b\0\0\x30\xe8\0\0\x30\xbd\0\0\xdb\
\0\0\0\xd4\x0b\0\0\x24\xec\0\0\x38\xbd\0\0\xdb\0\0\0\x59\x0b\0\0\x19\xf0\0\0\
\x50\xbd\0\0\xdb\0\0\0\x59\x0b\0\0\x0d\xf0\0\0\x58\xbd\0\0\xdb\0\0\0\0\0\0\0\0\
\0\0\0\x68\xbd\0\0\xdb\0\0\0\x81\x0b\0\0\x10\xf8\0\0\x70\xbd\0\0\xdb\0\0\0\x81\
\x0b\0\0\x0d\xf8\0\0\x78\xbd\0\0\xdb\0\0\0\x59\x0b\0\0\x19\xf0\0\0\x88\xbd\0\0\
\xdb\0\0\0\x59\x0b\0\0\x0d\xf0\0\0\x90\xbd\0\0\xdb\0\0\0\x81\x0b\0\0\x10\xf8\0\
\0\x98\xbd\0\0\xdb\0\0\0\x81\x0b\0\0\x0d\xf8\0\0\xa0\xbd\0\0\xdb\0\0\0\x9f\x0b\
\0\0\x30\xe8\0\0\xb0\xbd\0\0\xdb\0\0\0\xd4\x0b\0\0\x24\xec\0\0\xb8\xbd\0\0\xdb\
\0\0\0\x59\x0b\0\0\x19\xf0\0\0\xd0\xbd\0\0\xdb\0\0\0\x59\x0b\0\0\x0d\xf0\0\0\
\xd8\xbd\0\0\xdb\0\0\0\0\0\0\0\0\0\0\0\xe8\xbd\0\0\xdb\0\0\0\x81\x0b\0\0\x10\
\xf8\0\0\xf0\xbd\0\0\xdb\0\0\0\x81\x0b\0\0\x0d\xf8\0\0\xf8\xbd\0\0\xdb\0\0\0\
\x59\x0b\0\0\x19\xf0\0\0\x08\xbe\0\0\xdb\0\0\0\x59\x0b\0\0\x0d\xf0\0\0\x10\xbe\
\0\0\xdb\0\0\0\x81\x0b\0\0\x10\xf8\0\0\x18\xbe\0\0\xdb\0\0\0\x81\x0b\0\0\x0d\
\xf8\0\0\x20\xbe\0\0\xdb\0\0\0\x9f\x0b\0\0\x30\xe8\0\0\x30\xbe\0\0\xdb\0\0\0\
\xd4\x0b\0\0\x24\xec\0\0\x38\xbe\0\0\xdb\0\0\0\x59\x0b\0\0\x19\xf0\0\0\x50\xbe\
\0\0\xdb\0\0\0\x59\x0b\0\0\x0d\xf0\0\0\x58\xbe\0\0\xdb\0\0\0\0\0\0\0\0\0\0\0\
\x68\xbe\0\0\xdb\0\0\0\x81\x0b\0\0\x10\xf8\0\0\x70\xbe\0\0\xdb\0\0\0\x81\x0b\0\
\0\x0d\xf8\0\0\x78\xbe\0\0\xdb\0\0\0\x59\x0b\0\0\x19\xf0\0\0\x88\xbe\0\0\xdb\0\
\0\0\x59\x0b\0\0\x0d\xf0\0\0\x90\xbe\0\0\xdb\0\0\0\x81\x0b\0\0\x10\xf8\0\0\x98\
\xbe\0\0\xdb\0\0\0\x81\x0b\0\0\x0d\xf8\0\0\xa0\xbe\0\0\xdb\0\0\0\x9f\x0b\0\0\
\x30\xe8\0\0\xb0\xbe\0\0\xdb\0\0\0\xd4\x0b\0\0\x24\xec\0\0\xb8\xbe\0\0\xdb\0\0\
\0\x59\x0b\0\0\x19\xf0\0\0\xd0\xbe\0\0\xdb\0\0\0\x59\x0b\0\0\x0d\xf0\0\0\xd8\
\xbe\0\0\xdb\0\0\0\0\0\0\0\0\0\0\0\xe8\xbe\0\0\xdb\0\0\0\x81\x0b\0\0\x10\xf8\0\
\0\xf0\xbe\0\0\xdb\0\0\0\x81\x0b\0\0\x0d\xf8\0\0\xf8\xbe\0\0\xdb\0\0\0\x59\x0b\
\0\0\x19\xf0\0\0\x08\xbf\0\0\xdb\0\0\0\x59\x0b\0\0\x0d\xf0\0\0\x10\xbf\0\0\xdb\
\0\0\0\x81\x0b\0\0\x10\xf8\0\0\x18\xbf\0\0\xdb\0\0\0\x81\x0b\0\0\x0d\xf8\0\0\
\x20\xbf\0\0\xdb\0\0\0\x9f\x0b\0\0\x30\xe8\0\0\x30\xbf\0\0\xdb\0\0\0\xd4\x0b\0\
\0\x24\xec\0\0\x38\xbf\0\0\xdb\0\0\0\x59\x0b\0\0\x19\xf0\0\0\x50\xbf\0\0\xdb\0\
\0\0\x59\x0b\0\0\x0d\xf0\0\0\x58\xbf\0\0\xdb\0\0\0\0\0\0\0\0\0\0\0\x68\xbf\0\0\
\xdb\0\0\0\x81\x0b\0\0\x10\xf8\0\0\x70\xbf\0\0\xdb\0\0\0\x81\x0b\0\0\x0d\xf8\0\
\0\x78\xbf\0\0\xdb\0\0\0\x59\x0b\0\0\x19\xf0\0\0\x88\xbf\0\0\xdb\0\0\0\x59\x0b\
\0\0\x0d\xf0\0\0\x90\xbf\0\0\xdb\0\0\0\x81\x0b\0\0\x10\xf8\0\0\x98\xbf\0\0\xdb\
\0\0\0\x81\x0b\0\0\x0d\xf8\0\0\xa0\xbf\0\0\xdb\0\0\0\x9f\x0b\0\0\x30\xe8\0\0\
\xb0\xbf\0\0\xdb\0\0\0\xd4\x0b\0\0\x24\xec\0\0\xb8\xbf\0\0\xdb\0\0\0\x59\x0b\0\
\0\x19\xf0\0\0\xd0\xbf\0\0\xdb\0\0\0\x59\x0b\0\0\x0d\xf0\0\0\xd8\xbf\0\0\xdb\0\
\0\0\0\0\0\0\0\0\0\0\xe8\xbf\0\0\xdb\0\0\0\x81\x0b\0\0\x10\xf8\0\0\xf0\xbf\0\0\
\xdb\0\0\0\x81\x0b\0\0\x0d\xf8\0\0\xf8\xbf\0\0\xdb\0\0\0\x59\x0b\0\0\x19\xf0\0\
\0\x08\xc0\0\0\xdb\0\0\0\x59\x0b\0\0\x0d\xf0\0\0\x10\xc0\0\0\xdb\0\0\0\x81\x0b\
\0\0\x10\xf8\0\0\x18\xc0\0\0\xdb\0\0\0\x81\x0b\0\0\x0d\xf8\0\0\x20\xc0\0\0\xdb\
\0\0\0\x9f\x0b\0\0\x30\xe8\0\0\x30\xc0\0\0\xdb\0\0\0\xd4\x0b\0\0\x24\xec\0\0\
\x38\xc0\0\0\xdb\0\0\0\x59\x0b\0\0\x19\xf0\0\0\x50\xc0\0\0\xdb\0\0\0\x59\x0b\0\
\0\x0d\xf0\0\0\x58\xc0\0\0\xdb\0\0\0\0\0\0\0\0\0\0\0\x68\xc0\0\0\xdb\0\0\0\x81\
\x0b\0\0\x10\xf8\0\0\x70\xc0\0\0\xdb\0\0\0\x81\x0b\0\0\x0d\xf8\0\0\x78\xc0\0\0\
\xdb\0\0\0\x59\x0b\0\0\x19\xf0\0\0\x88\xc0\0\0\xdb\0\0\0\x59\x0b\0\0\x0d\xf0\0\
\0\x90\xc0\0\0\xdb\0\0\0\x81\x0b\0\0\x10\xf8\0\0\x98\xc0\0\0\xdb\0\0\0\x81\x0b\
\0\0\x0d\xf8\0\0\xa0\xc0\0\0\xdb\0\0\0\x9f\x0b\0\0\x30\xe8\0\0\xb0\xc0\0\0\xdb\
\0\0\0\xd4\x0b\0\0\x24\xec\0\0\xb8\xc0\0\0\xdb\0\0\0\x59\x0b\0\0\x19\xf0\0\0\
\xd0\xc0\0\0\xdb\0\0\0\x59\x0b\0\0\x0d\xf0\0\0\xd8\xc0\0\0\xdb\0\0\0\0\0\0\0\0\
\0\0\0\xe8\xc0\0\0\xdb\0\0\0\x81\x0b\0\0\x10\xf8\0\0\xf0\xc0\0\0\xdb\0\0\0\x81\
\x0b\0\0\x0d\xf8\0\0\xf8\xc0\0\0\xdb\0\0\0\x59\x0b\0\0\x19\xf0\0\0\x08\xc1\0\0\
\xdb\0\0\0\x59\x0b\0\0\x0d\xf0\0\0\x10\xc1\0\0\xdb\0\0\0\x81\x0b\0\0\x10\xf8\0\
\0\x18\xc1\0\0\xdb\0\0\0\x81\x0b\0\0\x0d\xf8\0\0\x20\xc1\0\0\xdb\0\0\0\x9f\x0b\
\0\0\x30\xe8\0\0\x30\xc1\0\0\xdb\0\0\0\xd4\x0b\0\0\x24\xec\0\0\x38\xc1\0\0\xdb\
\0\0\0\x59\x0b\0\0\x19\xf0\0\0\x50\xc1\0\0\xdb\0\0\0\x59\x0b\0\0\x0d\xf0\0\0\
\x58\xc1\0\0\xdb\0\0\0\0\0\0\0\0\0\0\0\x68\xc1\0\0\xdb\0\0\0\x81\x0b\0\0\x10\
\xf8\0\0\x70\xc1\0\0\xdb\0\0\0\x81\x0b\0\0\x0d\xf8\0\0\x78\xc1\0\0\xdb\0\0\0\
\x59\x0b\0\0\x19\xf0\0\0\x88\xc1\0\0\xdb\0\0\0\x59\x0b\0\0\x0d\xf0\0\0\x90\xc1\
\0\0\xdb\0\0\0\x81\x0b\0\0\x10\xf8\0\0\x98\xc1\0\0\xdb\0\0\0\x81\x0b\0\0\x0d\
\xf8\0\0\xa0\xc1\0\0\xdb\0\0\0\x9f\x0b\0\0\x30\xe8\0\0\xa8\xc1\0\0\xdb\0\0\0\
\xd4\x0b\0\0\x24\xec\0\0\xc8\xc1\0\0\xdb\0\0\0\x59\x0b\0\0\x19\xf0\0\0\xe0\xc1\
\0\0\xdb\0\0\0\x59\x0b\0\0\x0d\xf0\0\0\xe8\xc1\0\0\xdb\0\0\0\xfc\x0b\0\0\x05\
\x08\x01\0\x20\xc2\0\0\xdb\0\0\0\xfc\x0b\0\0\x10\x08\x01\0\x38\xc2\0\0\xdb\0\0\
\0\x12\x0c\0\0\x14\x0c\x01\0\x40\xc2\0\0\xdb\0\0\0\x12\x0c\0\0\x1e\x0c\x01\0\
\x48\xc2\0\0\xdb\0\0\0\xfc\x0b\0\0\x05\x08\x01\0\x50\xc2\0\0\xdb\0\0\0\x3e\x0c\
\0\0\x0c\x14\x01\0\x58\xc2\0\0\xdb\0\0\0\x4f\x0c\0\0\x11\x70\x02\0\x60\xc2\0\0\
\xdb\0\0\0\x81\x0c\0\0\x05\x78\x02\0\x98\xc2\0\0\xdb\0\0\0\xc3\x0c\0\0\x05\x88\
\x02\0\0\xc3\0\0\xdb\0\0\0\x3e\x0c\0\0\x0c\x14\x01\0\x08\xc3\0\0\xdb\0\0\0\xc3\
\x0c\0\0\x05\x88\x02\0\x30\xc3\0\0\xdb\0\0\0\x56\x0d\0\0\x05\x8c\x02\0\x98\xc3\
\0\0\xdb\0\0\0\x3e\x0c\0\0\x0c\x14\x01\0\xa0\xc3\0\0\xdb\0\0\0\x56\x0d\0\0\x05\
\x8c\x02\0\xd0\xc3\0\0\xdb\0\0\0\xf9\x0d\0\0\x01\x98\x02\0\0\0\0\0\0\0\0\0\0\0\
\0\0\0\0\0\0\0\0\0\0\0\0\0\0\0\0\0\0\x03\0\x03\0\0\0\0\0\0\0\0\0\0\0\0\0\0\0\0\
\0\x14\0\0\0\x01\0\x06\0\0\0\0\0\0\0\0\0\x22\0\0\0\0\0\0\0\x2c\x02\0\0\0\0\x03\
\0\xd0\xc3\0\0\0\0\0\0\0\0\0\0\0\0\0\0\x10\x02\0\0\x01\0\x06\0\x22\0\0\0\0\0\0\
\0\x19\0\0\0\0\0\0\0\xec\x01\0\0\x01\0\x06\0\x3b\0\0\0\0\0\0\0\x1e\0\0\0\0\0\0\
\0\x2e\0\0\0\x01\0\x06\0\x59\0\0\0\0\0\0\0\x27\0\0\0\0\0\0\0\xc9\x01\0\0\x01\0\
\x06\0\x80\0\0\0\0\0\0\0\x2c\0\0\0\0\0\0\0\x9d\x01\0\0\0\0\x03\0\xd8\x04\0\0\0\
\0\0\0\0\0\0\0\0\0\0\0\xa5\x01\0\0\x01\0\x06\0\xac\0\0\0\0\0\0\0\x13\0\0\0\0\0\
\0\0\x22\x01\0\0\0\0\x03\0\x68\x03\0\0\0\0\0\0\0\0\0\0\0\0\0\0\x35\x02\0\0\0\0\
\x03\0\x58\x04\0\0\0\0\0\0\0\0\0\0\0\0\0\0\xe6\0\0\0\0\0\x03\0\x30\x04\0\0\0\0\
\0\0\0\0\0\0\0\0\0\0\xe4\x01\0\0\0\0\x03\0\x80\x05\0\0\0\0\0\0\0\0\0\0\0\0\0\0\
\x81\x01\0\0\x01\0\x06\0\xbf\0\0\0\0\0\0\0\x14\0\0\0\0\0\0\0\x79\x01\0\0\0\0\
\x03\0\xc0\x06\0\0\0\0\0\0\0\0\0\0\0\0\0\0\x29\x01\0\0\0\0\x03\0\xd8\x07\0\0\0\
\0\0\0\0\0\0\0\0\0\0\0\xf6\0\0\0\0\0\x03\0\0\x08\0\0\0\0\0\0\0\0\0\0\0\0\0\0\
\x08\x02\0\0\0\0\x03\0\x28\x08\0\0\0\0\0\0\0\0\0\0\0\0\0\0\xc1\x01\0\0\0\0\x03\
\0\x40\x08\0\0\0\0\0\0\0\0\0\0\0\0\0\0\x4c\x01\0\0\0\0\x03\0\xe8\xc1\0\0\0\0\0\
\0\0\0\0\0\0\0\0\0\x71\x01\0\0\0\0\x03\0\x40\x09\0\0\0\0\0\0\0\0\0\0\0\0\0\0\
\xed\0\0\0\0\0\x03\0\x50\xc2\0\0\0\0\0\0\0\0\0\0\0\0\0\0\xfe\0\0\0\0\0\x03\0\
\x20\xc2\0\0\0\0\0\0\0\0\0\0\0\0\0\0\x55\x01\0\0\x01\0\x06\0\xd3\0\0\0\0\0\0\0\
\x2f\0\0\0\0\0\0\0\x31\x01\0\0\x01\0\x06\0\x02\x01\0\0\0\0\0\0\x20\0\0\0\0\0\0\
\0\x07\x01\0\0\x01\0\x06\0\x22\x01\0\0\0\0\0\0\x23\0\0\0\0\0\0\0\0\0\0\0\x03\0\
\x06\0\0\0\0\0\0\0\0\0\0\0\0\0\0\0\0\0\x56\0\0\0\x12\0\x03\0\0\0\0\0\0\0\0\0\
\xe0\xc3\0\0\0\0\0\0\x68\0\0\0\x11\0\x05\0\0\0\0\0\0\0\0\0\x04\0\0\0\0\0\0\0\
\xa2\0\0\0\x11\0\x05\0\x04\0\0\0\0\0\0\0\x06\0\0\0\0\0\0\0\x4d\0\0\0\x11\0\x07\
\0\0\0\0\0\0\0\0\0\x20\0\0\0\0\0\0\0\x72\0\0\0\x11\0\x05\0\x0c\0\0\0\0\0\0\0\
\x04\0\0\0\0\0\0\0\xad\0\0\0\x11\0\x05\0\x10\0\0\0\0\0\0\0\x06\0\0\0\0\0\0\0\
\x99\0\0\0\x11\0\x08\0\0\0\0\0\0\0\0\0\x04\0\0\0\0\0\0\0\x10\0\0\0\0\0\0\0\x01\
\0\0\0\x1b\0\0\0\x08\x01\0\0\0\0\0\0\x01\0\0\0\x1b\0\0\0\x38\x01\0\0\0\0\0\0\
\x01\0\0\0\x1b\0\0\0\xc8\x01\0\0\0\0\0\0\x01\0\0\0\x1b\0\0\0\x60\x02\0\0\0\0\0\
\0\x01\0\0\0\x1b\0\0\0\x88\x02\0\0\0\0\0\0\x01\0\0\0\x1d\0\0\0\xb0\x02\0\0\0\0\
\0\0\x01\0\0\0\x1b\0\0\0\xd8\x04\0\0\0\0\0\0\x01\0\0\0\x1b\0\0\0\x08\x05\0\0\0\
\0\0\0\x01\0\0\0\x1e\0\0\0\x28\x06\0\0\0\0\0\0\x01\0\0\0\x1f\0\0\0\xd0\x06\0\0\
\0\0\0\0\x01\0\0\0\x20\0\0\0\xf0\x06\0\0\0\0\0\0\x01\0\0\0\x21\0\0\0\x70\xc2\0\
\0\0\0\0\0\x01\0\0\0\x1b\0\0\0\x08\xc3\0\0\0\0\0\0\x01\0\0\0\x1b\0\0\0\xa0\xc3\
\0\0\0\0\0\0\x01\0\0\0\x1b\0\0\0\xcc\x03\0\0\0\0\0\0\x04\0\0\0\x1d\0\0\0\xd8\
\x03\0\0\0\0\0\0\x04\0\0\0\x1e\0\0\0\xe4\x03\0\0\0\0\0\0\x04\0\0\0\x20\0\0\0\
\xf0\x03\0\0\0\0\0\0\x04\0\0\0\x21\0\0\0\x08\x04\0\0\0\0\0\0\x04\0\0\0\x1f\0\0\
\0\x20\x04\0\0\0\0\0\0\x03\0\0\0\x1b\0\0\0\x2c\x04\0\0\0\0\0\0\x03\0\0\0\x1b\0\
\0\0\x38\x04\0\0\0\0\0\0\x03\0\0\0\x1b\0\0\0\x44\x04\0\0\0\0\0\0\x03\0\0\0\x1b\
\0\0\0\x50\x04\0\0\0\0\0\0\x03\0\0\0\x1b\0\0\0\x5c\x04\0\0\0\0\0\0\x03\0\0\0\
\x1b\0\0\0\x68\x04\0\0\0\0\0\0\x03\0\0\0\x1b\0\0\0\x74\x04\0\0\0\0\0\0\x03\0\0\
\0\x1b\0\0\0\x80\x04\0\0\0\0\0\0\x03\0\0\0\x1b\0\0\0\x8c\x04\0\0\0\0\0\0\x03\0\
\0\0\x1b\0\0\0\xa4\x04\0\0\0\0\0\0\x04\0\0\0\x22\0\0\0\x2c\0\0\0\0\0\0\0\x04\0\
\0\0\x01\0\0\0\x40\0\0\0\0\0\0\0\x04\0\0\0\x01\0\0\0\x50\0\0\0\0\0\0\0\x04\0\0\
\0\x01\0\0\0\x60\0\0\0\0\0\0\0\x04\0\0\0\x01\0\0\0\x70\0\0\0\0\0\0\0\x04\0\0\0\
\x01\0\0\0\x80\0\0\0\0\0\0\0\x04\0\0\0\x01\0\0\0\x90\0\0\0\0\0\0\0\x04\0\0\0\
\x01\0\0\0\xa0\0\0\0\0\0\0\0\x04\0\0\0\x01\0\0\0\xb0\0\0\0\0\0\0\0\x04\0\0\0\
\x01\0\0\0\xc0\0\0\0\0\0\0\0\x04\0\0\0\x01\0\0\0\xd0\0\0\0\0\0\0\0\x04\0\0\0\
\x01\0\0\0\xe0\0\0\0\0\0\0\0\x04\0\0\0\x01\0\0\0\xf0\0\0\0\0\0\0\0\x04\0\0\0\
\x01\0\0\0\0\x01\0\0\0\0\0\0\x04\0\0\0\x01\0\0\0\x10\x01\0\0\0\0\0\0\x04\0\0\0\
\x01\0\0\0\x20\x01\0\0\0\0\0\0\x04\0\0\0\x01\0\0\0\x30\x01\0\0\0\0\0\0\x04\0\0\
\0\x01\0\0\0\x40\x01\0\0\0\0\0\0\x04\0\0\0\x01\0\0\0\x50\x01\0\0\0\0\0\0\x04\0\
\0\0\x01\0\0\0\x60\x01\0\0\0\0\0\0\x04\0\0\0\x01\0\0\0\x70\x01\0\0\0\0\0\0\x04\
\0\0\0\x01\0\0\0\x80\x01\0\0\0\0\0\0\x04\0\0\0\x01\0\0\0\x90\x01\0\0\0\0\0\0\
\x04\0\0\0\x01\0\0\0\xa0\x01\0\0\0\0\0\0\x04\0\0\0\x01\0\0\0\xb0\x01\0\0\0\0\0\
\0\x04\0\0\0\x01\0\0\0\xc0\x01\0\0\0\0\0\0\x04\0\0\0\x01\0\0\0\xd0\x01\0\0\0\0\
\0\0\x04\0\0\0\x01\0\0\0\xe0\x01\0\0\0\0\0\0\x04\0\0\0\x01\0\0\0\xf0\x01\0\0\0\
\0\0\0\x04\0\0\0\x01\0\0\0\0\x02\0\0\0\0\0\0\x04\0\0\0\x01\0\0\0\x10\x02\0\0\0\
\0\0\0\x04\0\0\0\x01\0\0\0\x20\x02\0\0\0\0\0\0\x04\0\0\0\x01\0\0\0\x30\x02\0\0\
\0\0\0\0\x04\0\0\0\x01\0\0\0\x40\x02\0\0\0\0\0\0\x04\0\0\0\x01\0\0\0\x50\x02\0\
\0\0\0\0\0\x04\0\0\0\x01\0\0\0\x60\x02\0\0\0\0\0\0\x04\0\0\0\x01\0\0\0\x70\x02\
\0\0\0\0\0\0\x04\0\0\0\x01\0\0\0\x80\x02\0\0\0\0\0\0\x04\0\0\0\x01\0\0\0\x90\
\x02\0\0\0\0\0\0\x04\0\0\0\x01\0\0\0\xa0\x02\0\0\0\0\0\0\x04\0\0\0\x01\0\0\0\
\xb0\x02\0\0\0\0\0\0\x04\0\0\0\x01\0\0\0\xc0\x02\0\0\0\0\0\0\x04\0\0\0\x01\0\0\
\0\xd0\x02\0\0\0\0\0\0\x04\0\0\0\x01\0\0\0\xe0\x02\0\0\0\0\0\0\x04\0\0\0\x01\0\
\0\0\xf0\x02\0\0\0\0\0\0\x04\0\0\0\x01\0\0\0\0\x03\0\0\0\0\0\0\x04\0\0\0\x01\0\
\0\0\x10\x03\0\0\0\0\0\0\x04\0\0\0\x01\0\0\0\x20\x03\0\0\0\0\0\0\x04\0\0\0\x01\
\0\0\0\x30\x03\0\0\0\0\0\0\x04\0\0\0\x01\0\0\0\x40\x03\0\0\0\0\0\0\x04\0\0\0\
\x01\0\0\0\x50\x03\0\0\0\0\0\0\x04\0\0\0\x01\0\0\0\x60\x03\0\0\0\0\0\0\x04\0\0\
\0\x01\0\0\0\x70\x03\0\0\0\0\0\0\x04\0\0\0\x01\0\0\0\x80\x03\0\0\0\0\0\0\x04\0\
\0\0\x01\0\0\0\x90\x03\0\0\0\0\0\0\x04\0\0\0\x01\0\0\0\xa0\x03\0\0\0\0\0\0\x04\
\0\0\0\x01\0\0\0\xb0\x03\0\0\0\0\0\0\x04\0\0\0\x01\0\0\0\xc0\x03\0\0\0\0\0\0\
\x04\0\0\0\x01\0\0\0\xd0\x03\0\0\0\0\0\0\x04\0\0\0\x01\0\0\0\xe0\x03\0\0\0\0\0\
\0\x04\0\0\0\x01\0\0\0\xf0\x03\0\0\0\0\0\0\x04\0\0\0\x01\0\0\0\0\x04\0\0\0\0\0\
\0\x04\0\0\0\x01\0\0\0\x10\x04\0\0\0\0\0\0\x04\0\0\0\x01\0\0\0\x20\x04\0\0\0\0\
\0\0\x04\0\0\0\x01\0\0\0\x30\x04\0\0\0\0\0\0\x04\0\0\0\x01\0\0\0\x40\x04\0\0\0\
\0\0\0\x04\0\0\0\x01\0\0\0\x50\x04\0\0\0\0\0\0\x04\0\0\0\x01\0\0\0\x60\x04\0\0\
\0\0\0\0\x04\0\0\0\x01\0\0\0\x70\x04\0\0\0\0\0\0\x04\0\0\0\x01\0\0\0\x80\x04\0\
\0\0\0\0\0\x04\0\0\0\x01\0\0\0\x90\x04\0\0\0\0\0\0\x04\0\0\0\x01\0\0\0\xa0\x04\
\0\0\0\0\0\0\x04\0\0\0\x01\0\0\0\xb0\x04\0\0\0\0\0\0\x04\0\0\0\x01\0\0\0\xc0\
\x04\0\0\0\0\0\0\x04\0\0\0\x01\0\0\0\xd0\x04\0\0\0\0\0\0\x04\0\0\0\x01\0\0\0\
\xe0\x04\0\0\0\0\0\0\x04\0\0\0\x01\0\0\0\xf0\x04\0\0\0\0\0\0\x04\0\0\0\x01\0\0\
\0\0\x05\0\0\0\0\0\0\x04\0\0\0\x01\0\0\0\x10\x05\0\0\0\0\0\0\x04\0\0\0\x01\0\0\
\0\x20\x05\0\0\0\0\0\0\x04\0\0\0\x01\0\0\0\x30\x05\0\0\0\0\0\0\x04\0\0\0\x01\0\
\0\0\x40\x05\0\0\0\0\0\0\x04\0\0\0\x01\0\0\0\x50\x05\0\0\0\0\0\0\x04\0\0\0\x01\
\0\0\0\x60\x05\0\0\0\0\0\0\x04\0\0\0\x01\0\0\0\x70\x05\0\0\0\0\0\0\x04\0\0\0\
\x01\0\0\0\x80\x05\0\0\0\0\0\0\x04\0\0\0\x01\0\0\0\x90\x05\0\0\0\0\0\0\x04\0\0\
\0\x01\0\0\0\xa0\x05\0\0\0\0\0\0\x04\0\0\0\x01\0\0\0\xb0\x05\0\0\0\0\0\0\x04\0\
\0\0\x01\0\0\0\xc0\x05\0\0\0\0\0\0\x04\0\0\0\x01\0\0\0\xd0\x05\0\0\0\0\0\0\x04\
\0\0\0\x01\0\0\0\xe0\x05\0\0\0\0\0\0\x04\0\0\0\x01\0\0\0\xf0\x05\0\0\0\0\0\0\
\x04\0\0\0\x01\0\0\0\0\x06\0\0\0\0\0\0\x04\0\0\0\x01\0\0\0\x10\x06\0\0\0\0\0\0\
\x04\0\0\0\x01\0\0\0\x20\x06\0\0\0\0\0\0\x04\0\0\0\x01\0\0\0\x30\x06\0\0\0\0\0\
\0\x04\0\0\0\x01\0\0\0\x40\x06\0\0\0\0\0\0\x04\0\0\0\x01\0\0\0\x50\x06\0\0\0\0\
\0\0\x04\0\0\0\x01\0\0\0\x60\x06\0\0\0\0\0\0\x04\0\0\0\x01\0\0\0\x70\x06\0\0\0\
\0\0\0\x04\0\0\0\x01\0\0\0\x80\x06\0\0\0\0\0\0\x04\0\0\0\x01\0\0\0\x90\x06\0\0\
\0\0\0\0\x04\0\0\0\x01\0\0\0\xa0\x06\0\0\0\0\0\0\x04\0\0\0\x01\0\0\0\xb0\x06\0\
\0\0\0\0\0\x04\0\0\0\x01\0\0\0\xc0\x06\0\0\0\0\0\0\x04\0\0\0\x01\0\0\0\xd0\x06\
\0\0\0\0\0\0\x04\0\0\0\x01\0\0\0\xe0\x06\0\0\0\0\0\0\x04\0\0\0\x01\0\0\0\xf0\
\x06\0\0\0\0\0\0\x04\0\0\0\x01\0\0\0\0\x07\0\0\0\0\0\0\x04\0\0\0\x01\0\0\0\x10\
\x07\0\0\0\0\0\0\x04\0\0\0\x01\0\0\0\x20\x07\0\0\0\0\0\0\x04\0\0\0\x01\0\0\0\
\x30\x07\0\0\0\0\0\0\x04\0\0\0\x01\0\0\0\x40\x07\0\0\0\0\0\0\x04\0\0\0\x01\0\0\
\0\x50\x07\0\0\0\0\0\0\x04\0\0\0\x01\0\0\0\x60\x07\0\0\0\0\0\0\x04\0\0\0\x01\0\
\0\0\x70\x07\0\0\0\0\0\0\x04\0\0\0\x01\0\0\0\x80\x07\0\0\0\0\0\0\x04\0\0\0\x01\
\0\0\0\x90\x07\0\0\0\0\0\0\x04\0\0\0\x01\0\0\0\xa0\x07\0\0\0\0\0\0\x04\0\0\0\
\x01\0\0\0\xb0\x07\0\0\0\0\0\0\x04\0\0\0\x01\0\0\0\xc0\x07\0\0\0\0\0\0\x04\0\0\
\0\x01\0\0\0\xd0\x07\0\0\0\0\0\0\x04\0\0\0\x01\0\0\0\xe0\x07\0\0\0\0\0\0\x04\0\
\0\0\x01\0\0\0\xf0\x07\0\0\0\0\0\0\x04\0\0\0\x01\0\0\0\0\x08\0\0\0\0\0\0\x04\0\
\0\0\x01\0\0\0\x10\x08\0\0\0\0\0\0\x04\0\0\0\x01\0\0\0\x20\x08\0\0\0\0\0\0\x04\
\0\0\0\x01\0\0\0\x30\x08\0\0\0\0\0\0\x04\0\0\0\x01\0\0\0\x40\x08\0\0\0\0\0\0\
\x04\0\0\0\x01\0\0\0\x50\x08\0\0\0\0\0\0\x04\0\0\0\x01\0\0\0\x60\x08\0\0\0\0\0\
\0\x04\0\0\0\x01\0\0\0\x70\x08\0\0\0\0\0\0\x04\0\0\0\x01\0\0\0\x80\x08\0\0\0\0\
\0\0\x04\0\0\0\x01\0\0\0\x90\x08\0\0\0\0\0\0\x04\0\0\0\x01\0\0\0\xa0\x08\0\0\0\
\0\0\0\x04\0\0\0\x01\0\0\0\xb0\x08\0\0\0\0\0\0\x04\0\0\0\x01\0\0\0\xc0\x08\0\0\
\0\0\0\0\x04\0\0\0\x01\0\0\0\xd0\x08\0\0\0\0\0\0\x04\0\0\0\x01\0\0\0\xe0\x08\0\
\0\0\0\0\0\x04\0\0\0\x01\0\0\0\xf0\x08\0\0\0\0\0\0\x04\0\0\0\x01\0\0\0\0\x09\0\
\0\0\0\0\0\x04\0\0\0\x01\0\0\0\x10\x09\0\0\0\0\0\0\x04\0\0\0\x01\0\0\0\x20\x09\
\0\0\0\0\0\0\x04\0\0\0\x01\0\0\0\x30\x09\0\0\0\0\0\0\x04\0\0\0\x01\0\0\0\x40\
\x09\0\0\0\0\0\0\x04\0\0\0\x01\0\0\0\x50\x09\0\0\0\0\0\0\x04\0\0\0\x01\0\0\0\
\x60\x09\0\0\0\0\0\0\x04\0\0\0\x01\0\0\0\x70\x09\0\0\0\0\0\0\x04\0\0\0\x01\0\0\
\0\x80\x09\0\0\0\0\0\0\x04\0\0\0\x01\0\0\0\x90\x09\0\0\0\0\0\0\x04\0\0\0\x01\0\
\0\0\xa0\x09\0\0\0\0\0\0\x04\0\0\0\x01\0\0\0\xb0\x09\0\0\0\0\0\0\x04\0\0\0\x01\
\0\0\0\xc0\x09\0\0\0\0\0\0\x04\0\0\0\x01\0\0\0\xd0\x09\0\0\0\0\0\0\x04\0\0\0\
\x01\0\0\0\xe0\x09\0\0\0\0\0\0\x04\0\0\0\x01\0\0\0\xf0\x09\0\0\0\0\0\0\x04\0\0\
\0\x01\0\0\0\0\x0a\0\0\0\0\0\0\x04\0\0\0\x01\0\0\0\x10\x0a\0\0\0\0\0\0\x04\0\0\
\0\x01\0\0\0\x20\x0a\0\0\0\0\0\0\x04\0\0\0\x01\0\0\0\x30\x0a\0\0\0\0\0\0\x04\0\
\0\0\x01\0\0\0\x40\x0a\0\0\0\0\0\0\x04\0\0\0\x01\0\0\0\x50\x0a\0\0\0\0\0\0\x04\
\0\0\0\x01\0\0\0\x60\x0a\0\0\0\0\0\0\x04\0\0\0\x01\0\0\0\x70\x0a\0\0\0\0\0\0\
\x04\0\0\0\x01\0\0\0\x80\x0a\0\0\0\0\0\0\x04\0\0\0\x01\0\0\0\x90\x0a\0\0\0\0\0\
\0\x04\0\0\0\x01\0\0\0\xa0\x0a\0\0\0\0\0\0\x04\0\0\0\x01\0\0\0\xb0\x0a\0\0\0\0\
\0\0\x04\0\0\0\x01\0\0\0\xc0\x0a\0\0\0\0\0\0\x04\0\0\0\x01\0\0\0\xd0\x0a\0\0\0\
\0\0\0\x04\0\0\0\x01\0\0\0\xe0\x0a\0\0\0\0\0\0\x04\0\0\0\x01\0\0\0\xf0\x0a\0\0\
\0\0\0\0\x04\0\0\0\x01\0\0\0\0\x0b\0\0\0\0\0\0\x04\0\0\0\x01\0\0\0\x10\x0b\0\0\
\0\0\0\0\x04\0\0\0\x01\0\0\0\x20\x0b\0\0\0\0\0\0\x04\0\0\0\x01\0\0\0\x30\x0b\0\
\0\0\0\0\0\x04\0\0\0\x01\0\0\0\x40\x0b\0\0\0\0\0\0\x04\0\0\0\x01\0\0\0\x50\x0b\
\0\0\0\0\0\0\x04\0\0\0\x01\0\0\0\x60\x0b\0\0\0\0\0\0\x04\0\0\0\x01\0\0\0\x70\
\x0b\0\0\0\0\0\0\x04\0\0\0\x01\0\0\0\x80\x0b\0\0\0\0\0\0\x04\0\0\0\x01\0\0\0\
\x90\x0b\0\0\0\0\0\0\x04\0\0\0\x01\0\0\0\xa0\x0b\0\0\0\0\0\0\x04\0\0\0\x01\0\0\
\0\xb0\x0b\0\0\0\0\0\0\x04\0\0\0\x01\0\0\0\xc0\x0b\0\0\0\0\0\0\x04\0\0\0\x01\0\
\0\0\xd0\x0b\0\0\0\0\0\0\x04\0\0\0\x01\0\0\0\xe0\x0b\0\0\0\0\0\0\x04\0\0\0\x01\
\0\0\0\xf0\x0b\0\0\0\0\0\0\x04\0\0\0\x01\0\0\0\0\x0c\0\0\0\0\0\0\x04\0\0\0\x01\
\0\0\0\x10\x0c\0\0\0\0\0\0\x04\0\0\0\x01\0\0\0\x20\x0c\0\0\0\0\0\0\x04\0\0\0\
\x01\0\0\0\x30\x0c\0\0\0\0\0\0\x04\0\0\0\x01\0\0\0\x40\x0c\0\0\0\0\0\0\x04\0\0\
\0\x01\0\0\0\x50\x0c\0\0\0\0\0\0\x04\0\0\0\x01\0\0\0\x60\x0c\0\0\0\0\0\0\x04\0\
\0\0\x01\0\0\0\x70\x0c\0\0\0\0\0\0\x04\0\0\0\x01\0\0\0\x80\x0c\0\0\0\0\0\0\x04\
\0\0\0\x01\0\0\0\x90\x0c\0\0\0\0\0\0\x04\0\0\0\x01\0\0\0\xa0\x0c\0\0\0\0\0\0\
\x04\0\0\0\x01\0\0\0\xb0\x0c\0\0\0\0\0\0\x04\0\0\0\x01\0\0\0\xc0\x0c\0\0\0\0\0\
\0\x04\0\0\0\x01\0\0\0\xd0\x0c\0\0\0\0\0\0\x04\0\0\0\x01\0\0\0\xe0\x0c\0\0\0\0\
\0\0\x04\0\0\0\x01\0\0\0\xf0\x0c\0\0\0\0\0\0\x04\0\0\0\x01\0\0\0\0\x0d\0\0\0\0\
\0\0\x04\0\0\0\x01\0\0\0\x10\x0d\0\0\0\0\0\0\x04\0\0\0\x01\0\0\0\x20\x0d\0\0\0\
\0\0\0\x04\0\0\0\x01\0\0\0\x30\x0d\0\0\0\0\0\0\x04\0\0\0\x01\0\0\0\x40\x0d\0\0\
\0\0\0\0\x04\0\0\0\x01\0\0\0\x50\x0d\0\0\0\0\0\0\x04\0\0\0\x01\0\0\0\x60\x0d\0\
\0\0\0\0\0\x04\0\0\0\x01\0\0\0\x70\x0d\0\0\0\0\0\0\x04\0\0\0\x01\0\0\0\x80\x0d\
\0\0\0\0\0\0\x04\0\0\0\x01\0\0\0\x90\x0d\0\0\0\0\0\0\x04\0\0\0\x01\0\0\0\xa0\
\x0d\0\0\0\0\0\0\x04\0\0\0\x01\0\0\0\xb0\x0d\0\0\0\0\0\0\x04\0\0\0\x01\0\0\0\
\xc0\x0d\0\0\0\0\0\0\x04\0\0\0\x01\0\0\0\xd0\x0d\0\0\0\0\0\0\x04\0\0\0\x01\0\0\
\0\xe0\x0d\0\0\0\0\0\0\x04\0\0\0\x01\0\0\0\xf0\x0d\0\0\0\0\0\0\x04\0\0\0\x01\0\
\0\0\0\x0e\0\0\0\0\0\0\x04\0\0\0\x01\0\0\0\x10\x0e\0\0\0\0\0\0\x04\0\0\0\x01\0\
\0\0\x20\x0e\0\0\0\0\0\0\x04\0\0\0\x01\0\0\0\x30\x0e\0\0\0\0\0\0\x04\0\0\0\x01\
\0\0\0\x40\x0e\0\0\0\0\0\0\x04\0\0\0\x01\0\0\0\x50\x0e\0\0\0\0\0\0\x04\0\0\0\
\x01\0\0\0\x60\x0e\0\0\0\0\0\0\x04\0\0\0\x01\0\0\0\x70\x0e\0\0\0\0\0\0\x04\0\0\
\0\x01\0\0\0\x80\x0e\0\0\0\0\0\0\x04\0\0\0\x01\0\0\0\x90\x0e\0\0\0\0\0\0\x04\0\
\0\0\x01\0\0\0\xa0\x0e\0\0\0\0\0\0\x04\0\0\0\x01\0\0\0\xb0\x0e\0\0\0\0\0\0\x04\
\0\0\0\x01\0\0\0\xc0\x0e\0\0\0\0\0\0\x04\0\0\0\x01\0\0\0\xd0\x0e\0\0\0\0\0\0\
\x04\0\0\0\x01\0\0\0\xe0\x0e\0\0\0\0\0\0\x04\0\0\0\x01\0\0\0\xf0\x0e\0\0\0\0\0\
\0\x04\0\0\0\x01\0\0\0\0\x0f\0\0\0\0\0\0\x04\0\0\0\x01\0\0\0\x10\x0f\0\0\0\0\0\
\0\x04\0\0\0\x01\0\0\0\x20\x0f\0\0\0\0\0\0\x04\0\0\0\x01\0\0\0\x30\x0f\0\0\0\0\
\0\0\x04\0\0\0\x01\0\0\0\x40\x0f\0\0\0\0\0\0\x04\0\0\0\x01\0\0\0\x50\x0f\0\0\0\
\0\0\0\x04\0\0\0\x01\0\0\0\x60\x0f\0\0\0\0\0\0\x04\0\0\0\x01\0\0\0\x70\x0f\0\0\
\0\0\0\0\x04\0\0\0\x01\0\0\0\x80\x0f\0\0\0\0\0\0\x04\0\0\0\x01\0\0\0\x90\x0f\0\
\0\0\0\0\0\x04\0\0\0\x01\0\0\0\xa0\x0f\0\0\0\0\0\0\x04\0\0\0\x01\0\0\0\xb0\x0f\
\0\0\0\0\0\0\x04\0\0\0\x01\0\0\0\xc0\x0f\0\0\0\0\0\0\x04\0\0\0\x01\0\0\0\xd0\
\x0f\0\0\0\0\0\0\x04\0\0\0\x01\0\0\0\xe0\x0f\0\0\0\0\0\0\x04\0\0\0\x01\0\0\0\
\xf0\x0f\0\0\0\0\0\0\x04\0\0\0\x01\0\0\0\0\x10\0\0\0\0\0\0\x04\0\0\0\x01\0\0\0\
\x10\x10\0\0\0\0\0\0\x04\0\0\0\x01\0\0\0\x20\x10\0\0\0\0\0\0\x04\0\0\0\x01\0\0\
\0\x30\x10\0\0\0\0\0\0\x04\0\0\0\x01\0\0\0\x40\x10\0\0\0\0\0\0\x04\0\0\0\x01\0\
\0\0\x50\x10\0\0\0\0\0\0\x04\0\0\0\x01\0\0\0\x60\x10\0\0\0\0\0\0\x04\0\0\0\x01\
\0\0\0\x70\x10\0\0\0\0\0\0\x04\0\0\0\x01\0\0\0\x80\x10\0\0\0\0\0\0\x04\0\0\0\
\x01\0\0\0\x90\x10\0\0\0\0\0\0\x04\0\0\0\x01\0\0\0\xa0\x10\0\0\0\0\0\0\x04\0\0\
\0\x01\0\0\0\xb0\x10\0\0\0\0\0\0\x04\0\0\0\x01\0\0\0\xc0\x10\0\0\0\0\0\0\x04\0\
\0\0\x01\0\0\0\xd0\x10\0\0\0\0\0\0\x04\0\0\0\x01\0\0\0\xe0\x10\0\0\0\0\0\0\x04\
\0\0\0\x01\0\0\0\xf0\x10\0\0\0\0\0\0\x04\0\0\0\x01\0\0\0\0\x11\0\0\0\0\0\0\x04\
\0\0\0\x01\0\0\0\x10\x11\0\0\0\0\0\0\x04\0\0\0\x01\0\0\0\x20\x11\0\0\0\0\0\0\
\x04\0\0\0\x01\0\0\0\x30\x11\0\0\0\0\0\0\x04\0\0\0\x01\0\0\0\x40\x11\0\0\0\0\0\
\0\x04\0\0\0\x01\0\0\0\x50\x11\0\0\0\0\0\0\x04\0\0\0\x01\0\0\0\x60\x11\0\0\0\0\
\0\0\x04\0\0\0\x01\0\0\0\x70\x11\0\0\0\0\0\0\x04\0\0\0\x01\0\0\0\x80\x11\0\0\0\
\0\0\0\x04\0\0\0\x01\0\0\0\x90\x11\0\0\0\0\0\0\x04\0\0\0\x01\0\0\0\xa0\x11\0\0\
\0\0\0\0\x04\0\0\0\x01\0\0\0\xb0\x11\0\0\0\0\0\0\x04\0\0\0\x01\0\0\0\xc0\x11\0\
\0\0\0\0\0\x04\0\0\0\x01\0\0\0\xd0\x11\0\0\0\0\0\0\x04\0\0\0\x01\0\0\0\xe0\x11\
\0\0\0\0\0\0\x04\0\0\0\x01\0\0\0\xf0\x11\0\0\0\0\0\0\x04\0\0\0\x01\0\0\0\0\x12\
\0\0\0\0\0\0\x04\0\0\0\x01\0\0\0\x10\x12\0\0\0\0\0\0\x04\0\0\0\x01\0\0\0\x20\
\x12\0\0\0\0\0\0\x04\0\0\0\x01\0\0\0\x30\x12\0\0\0\0\0\0\x04\0\0\0\x01\0\0\0\
\x40\x12\0\0\0\0\0\0\x04\0\0\0\x01\0\0\0\x50\x12\0\0\0\0\0\0\x04\0\0\0\x01\0\0\
\0\x60\x12\0\0\0\0\0\0\x04\0\0\0\x01\0\0\0\x70\x12\0\0\0\0\0\0\x04\0\0\0\x01\0\
\0\0\x80\x12\0\0\0\0\0\0\x04\0\0\0\x01\0\0\0\x90\x12\0\0\0\0\0\0\x04\0\0\0\x01\
\0\0\0\xa0\x12\0\0\0\0\0\0\x04\0\0\0\x01\0\0\0\xb0\x12\0\0\0\0\0\0\x04\0\0\0\
\x01\0\0\0\xc0\x12\0\0\0\0\0\0\x04\0\0\0\x01\0\0\0\xd0\x12\0\0\0\0\0\0\x04\0\0\
\0\x01\0\0\0\xe0\x12\0\0\0\0\0\0\x04\0\0\0\x01\0\0\0\xf0\x12\0\0\0\0\0\0\x04\0\
\0\0\x01\0\0\0\0\x13\0\0\0\0\0\0\x04\0\0\0\x01\0\0\0\x10\x13\0\0\0\0\0\0\x04\0\
\0\0\x01\0\0\0\x20\x13\0\0\0\0\0\0\x04\0\0\0\x01\0\0\0\x30\x13\0\0\0\0\0\0\x04\
\0\0\0\x01\0\0\0\x40\x13\0\0\0\0\0\0\x04\0\0\0\x01\0\0\0\x50\x13\0\0\0\0\0\0\
\x04\0\0\0\x01\0\0\0\x60\x13\0\0\0\0\0\0\x04\0\0\0\x01\0\0\0\x70\x13\0\0\0\0\0\
\0\x04\0\0\0\x01\0\0\0\x80\x13\0\0\0\0\0\0\x04\0\0\0\x01\0\0\0\x90\x13\0\0\0\0\
\0\0\x04\0\0\0\x01\0\0\0\xa0\x13\0\0\0\0\0\0\x04\0\0\0\x01\0\0\0\xb0\x13\0\0\0\
\0\0\0\x04\0\0\0\x01\0\0\0\xc0\x13\0\0\0\0\0\0\x04\0\0\0\x01\0\0\0\xd0\x13\0\0\
\0\0\0\0\x04\0\0\0\x01\0\0\0\xe0\x13\0\0\0\0\0\0\x04\0\0\0\x01\0\0\0\xf0\x13\0\
\0\0\0\0\0\x04\0\0\0\x01\0\0\0\0\x14\0\0\0\0\0\0\x04\0\0\0\x01\0\0\0\x10\x14\0\
\0\0\0\0\0\x04\0\0\0\x01\0\0\0\x20\x14\0\0\0\0\0\0\x04\0\0\0\x01\0\0\0\x30\x14\
\0\0\0\0\0\0\x04\0\0\0\x01\0\0\0\x40\x14\0\0\0\0\0\0\x04\0\0\0\x01\0\0\0\x50\
\x14\0\0\0\0\0\0\x04\0\0\0\x01\0\0\0\x60\x14\0\0\0\0\0\0\x04\0\0\0\x01\0\0\0\
\x70\x14\0\0\0\0\0\0\x04\0\0\0\x01\0\0\0\x80\x14\0\0\0\0\0\0\x04\0\0\0\x01\0\0\
\0\x90\x14\0\0\0\0\0\0\x04\0\0\0\x01\0\0\0\xa0\x14\0\0\0\0\0\0\x04\0\0\0\x01\0\
\0\0\xb0\x14\0\0\0\0\0\0\x04\0\0\0\x01\0\0\0\xc0\x14\0\0\0\0\0\0\x04\0\0\0\x01\
\0\0\0\xd0\x14\0\0\0\0\0\0\x04\0\0\0\x01\0\0\0\xe0\x14\0\0\0\0\0\0\x04\0\0\0\
\x01\0\0\0\xf0\x14\0\0\0\0\0\0\x04\0\0\0\x01\0\0\0\0\x15\0\0\0\0\0\0\x04\0\0\0\
\x01\0\0\0\x10\x15\0\0\0\0\0\0\x04\0\0\0\x01\0\0\0\x20\x15\0\0\0\0\0\0\x04\0\0\
\0\x01\0\0\0\x30\x15\0\0\0\0\0\0\x04\0\0\0\x01\0\0\0\x40\x15\0\0\0\0\0\0\x04\0\
\0\0\x01\0\0\0\x50\x15\0\0\0\0\0\0\x04\0\0\0\x01\0\0\0\x60\x15\0\0\0\0\0\0\x04\
\0\0\0\x01\0\0\0\x70\x15\0\0\0\0\0\0\x04\0\0\0\x01\0\0\0\x80\x15\0\0\0\0\0\0\
\x04\0\0\0\x01\0\0\0\x90\x15\0\0\0\0\0\0\x04\0\0\0\x01\0\0\0\xa0\x15\0\0\0\0\0\
\0\x04\0\0\0\x01\0\0\0\xb0\x15\0\0\0\0\0\0\x04\0\0\0\x01\0\0\0\xc0\x15\0\0\0\0\
\0\0\x04\0\0\0\x01\0\0\0\xd0\x15\0\0\0\0\0\0\x04\0\0\0\x01\0\0\0\xe0\x15\0\0\0\
\0\0\0\x04\0\0\0\x01\0\0\0\xf0\x15\0\0\0\0\0\0\x04\0\0\0\x01\0\0\0\0\x16\0\0\0\
\0\0\0\x04\0\0\0\x01\0\0\0\x10\x16\0\0\0\0\0\0\x04\0\0\0\x01\0\0\0\x20\x16\0\0\
\0\0\0\0\x04\0\0\0\x01\0\0\0\x30\x16\0\0\0\0\0\0\x04\0\0\0\x01\0\0\0\x40\x16\0\
\0\0\0\0\0\x04\0\0\0\x01\0\0\0\x50\x16\0\0\0\0\0\0\x04\0\0\0\x01\0\0\0\x60\x16\
\0\0\0\0\0\0\x04\0\0\0\x01\0\0\0\x70\x16\0\0\0\0\0\0\x04\0\0\0\x01\0\0\0\x80\
\x16\0\0\0\0\0\0\x04\0\0\0\x01\0\0\0\x90\x16\0\0\0\0\0\0\x04\0\0\0\x01\0\0\0\
\xa0\x16\0\0\0\0\0\0\x04\0\0\0\x01\0\0\0\xb0\x16\0\0\0\0\0\0\x04\0\0\0\x01\0\0\
\0\xc0\x16\0\0\0\0\0\0\x04\0\0\0\x01\0\0\0\xd0\x16\0\0\0\0\0\0\x04\0\0\0\x01\0\
\0\0\xe0\x16\0\0\0\0\0\0\x04\0\0\0\x01\0\0\0\xf0\x16\0\0\0\0\0\0\x04\0\0\0\x01\
\0\0\0\0\x17\0\0\0\0\0\0\x04\0\0\0\x01\0\0\0\x10\x17\0\0\0\0\0\0\x04\0\0\0\x01\
\0\0\0\x20\x17\0\0\0\0\0\0\x04\0\0\0\x01\0\0\0\x30\x17\0\0\0\0\0\0\x04\0\0\0\
\x01\0\0\0\x40\x17\0\0\0\0\0\0\x04\0\0\0\x01\0\0\0\x50\x17\0\0\0\0\0\0\x04\0\0\
\0\x01\0\0\0\x60\x17\0\0\0\0\0\0\x04\0\0\0\x01\0\0\0\x70\x17\0\0\0\0\0\0\x04\0\
\0\0\x01\0\0\0\x80\x17\0\0\0\0\0\0\x04\0\0\0\x01\0\0\0\x90\x17\0\0\0\0\0\0\x04\
\0\0\0\x01\0\0\0\xa0\x17\0\0\0\0\0\0\x04\0\0\0\x01\0\0\0\xb0\x17\0\0\0\0\0\0\
\x04\0\0\0\x01\0\0\0\xc0\x17\0\0\0\0\0\0\x04\0\0\0\x01\0\0\0\xd0\x17\0\0\0\0\0\
\0\x04\0\0\0\x01\0\0\0\xe0\x17\0\0\0\0\0\0\x04\0\0\0\x01\0\0\0\xf0\x17\0\0\0\0\
\0\0\x04\0\0\0\x01\0\0\0\0\x18\0\0\0\0\0\0\x04\0\0\0\x01\0\0\0\x10\x18\0\0\0\0\
\0\0\x04\0\0\0\x01\0\0\0\x20\x18\0\0\0\0\0\0\x04\0\0\0\x01\0\0\0\x30\x18\0\0\0\
\0\0\0\x04\0\0\0\x01\0\0\0\x40\x18\0\0\0\0\0\0\x04\0\0\0\x01\0\0\0\x50\x18\0\0\
\0\0\0\0\x04\0\0\0\x01\0\0\0\x60\x18\0\0\0\0\0\0\x04\0\0\0\x01\0\0\0\x70\x18\0\
\0\0\0\0\0\x04\0\0\0\x01\0\0\0\x80\x18\0\0\0\0\0\0\x04\0\0\0\x01\0\0\0\x90\x18\
\0\0\0\0\0\0\x04\0\0\0\x01\0\0\0\xa0\x18\0\0\0\0\0\0\x04\0\0\0\x01\0\0\0\xb0\
\x18\0\0\0\0\0\0\x04\0\0\0\x01\0\0\0\xc0\x18\0\0\0\0\0\0\x04\0\0\0\x01\0\0\0\
\xd0\x18\0\0\0\0\0\0\x04\0\0\0\x01\0\0\0\xe0\x18\0\0\0\0\0\0\x04\0\0\0\x01\0\0\
\0\xf0\x18\0\0\0\0\0\0\x04\0\0\0\x01\0\0\0\0\x19\0\0\0\0\0\0\x04\0\0\0\x01\0\0\
\0\x10\x19\0\0\0\0\0\0\x04\0\0\0\x01\0\0\0\x20\x19\0\0\0\0\0\0\x04\0\0\0\x01\0\
\0\0\x30\x19\0\0\0\0\0\0\x04\0\0\0\x01\0\0\0\x40\x19\0\0\0\0\0\0\x04\0\0\0\x01\
\0\0\0\x50\x19\0\0\0\0\0\0\x04\0\0\0\x01\0\0\0\x60\x19\0\0\0\0\0\0\x04\0\0\0\
\x01\0\0\0\x70\x19\0\0\0\0\0\0\x04\0\0\0\x01\0\0\0\x80\x19\0\0\0\0\0\0\x04\0\0\
\0\x01\0\0\0\x90\x19\0\0\0\0\0\0\x04\0\0\0\x01\0\0\0\xa0\x19\0\0\0\0\0\0\x04\0\
\0\0\x01\0\0\0\xb0\x19\0\0\0\0\0\0\x04\0\0\0\x01\0\0\0\xc0\x19\0\0\0\0\0\0\x04\
\0\0\0\x01\0\0\0\xd0\x19\0\0\0\0\0\0\x04\0\0\0\x01\0\0\0\xe0\x19\0\0\0\0\0\0\
\x04\0\0\0\x01\0\0\0\xf0\x19\0\0\0\0\0\0\x04\0\0\0\x01\0\0\0\0\x1a\0\0\0\0\0\0\
\x04\0\0\0\x01\0\0\0\x10\x1a\0\0\0\0\0\0\x04\0\0\0\x01\0\0\0\x20\x1a\0\0\0\0\0\
\0\x04\0\0\0\x01\0\0\0\x30\x1a\0\0\0\0\0\0\x04\0\0\0\x01\0\0\0\x40\x1a\0\0\0\0\
\0\0\x04\0\0\0\x01\0\0\0\x50\x1a\0\0\0\0\0\0\x04\0\0\0\x01\0\0\0\x60\x1a\0\0\0\
\0\0\0\x04\0\0\0\x01\0\0\0\x70\x1a\0\0\0\0\0\0\x04\0\0\0\x01\0\0\0\x80\x1a\0\0\
\0\0\0\0\x04\0\0\0\x01\0\0\0\x90\x1a\0\0\0\0\0\0\x04\0\0\0\x01\0\0\0\xa0\x1a\0\
\0\0\0\0\0\x04\0\0\0\x01\0\0\0\xb0\x1a\0\0\0\0\0\0\x04\0\0\0\x01\0\0\0\xc0\x1a\
\0\0\0\0\0\0\x04\0\0\0\x01\0\0\0\xd0\x1a\0\0\0\0\0\0\x04\0\0\0\x01\0\0\0\xe0\
\x1a\0\0\0\0\0\0\x04\0\0\0\x01\0\0\0\xf0\x1a\0\0\0\0\0\0\x04\0\0\0\x01\0\0\0\0\
\x1b\0\0\0\0\0\0\x04\0\0\0\x01\0\0\0\x10\x1b\0\0\0\0\0\0\x04\0\0\0\x01\0\0\0\
\x20\x1b\0\0\0\0\0\0\x04\0\0\0\x01\0\0\0\x30\x1b\0\0\0\0\0\0\x04\0\0\0\x01\0\0\
\0\x40\x1b\0\0\0\0\0\0\x04\0\0\0\x01\0\0\0\x50\x1b\0\0\0\0\0\0\x04\0\0\0\x01\0\
\0\0\x60\x1b\0\0\0\0\0\0\x04\0\0\0\x01\0\0\0\x70\x1b\0\0\0\0\0\0\x04\0\0\0\x01\
\0\0\0\x80\x1b\0\0\0\0\0\0\x04\0\0\0\x01\0\0\0\x90\x1b\0\0\0\0\0\0\x04\0\0\0\
\x01\0\0\0\xa0\x1b\0\0\0\0\0\0\x04\0\0\0\x01\0\0\0\xb0\x1b\0\0\0\0\0\0\x04\0\0\
\0\x01\0\0\0\xc0\x1b\0\0\0\0\0\0\x04\0\0\0\x01\0\0\0\xd0\x1b\0\0\0\0\0\0\x04\0\
\0\0\x01\0\0\0\xe0\x1b\0\0\0\0\0\0\x04\0\0\0\x01\0\0\0\xf0\x1b\0\0\0\0\0\0\x04\
\0\0\0\x01\0\0\0\0\x1c\0\0\0\0\0\0\x04\0\0\0\x01\0\0\0\x10\x1c\0\0\0\0\0\0\x04\
\0\0\0\x01\0\0\0\x20\x1c\0\0\0\0\0\0\x04\0\0\0\x01\0\0\0\x30\x1c\0\0\0\0\0\0\
\x04\0\0\0\x01\0\0\0\x40\x1c\0\0\0\0\0\0\x04\0\0\0\x01\0\0\0\x50\x1c\0\0\0\0\0\
\0\x04\0\0\0\x01\0\0\0\x60\x1c\0\0\0\0\0\0\x04\0\0\0\x01\0\0\0\x70\x1c\0\0\0\0\
\0\0\x04\0\0\0\x01\0\0\0\x80\x1c\0\0\0\0\0\0\x04\0\0\0\x01\0\0\0\x90\x1c\0\0\0\
\0\0\0\x04\0\0\0\x01\0\0\0\xa0\x1c\0\0\0\0\0\0\x04\0\0\0\x01\0\0\0\xb0\x1c\0\0\
\0\0\0\0\x04\0\0\0\x01\0\0\0\xc0\x1c\0\0\0\0\0\0\x04\0\0\0\x01\0\0\0\xd0\x1c\0\
\0\0\0\0\0\x04\0\0\0\x01\0\0\0\xe0\x1c\0\0\0\0\0\0\x04\0\0\0\x01\0\0\0\xf0\x1c\
\0\0\0\0\0\0\x04\0\0\0\x01\0\0\0\0\x1d\0\0\0\0\0\0\x04\0\0\0\x01\0\0\0\x10\x1d\
\0\0\0\0\0\0\x04\0\0\0\x01\0\0\0\x20\x1d\0\0\0\0\0\0\x04\0\0\0\x01\0\0\0\x30\
\x1d\0\0\0\0\0\0\x04\0\0\0\x01\0\0\0\x40\x1d\0\0\0\0\0\0\x04\0\0\0\x01\0\0\0\
\x50\x1d\0\0\0\0\0\0\x04\0\0\0\x01\0\0\0\x60\x1d\0\0\0\0\0\0\x04\0\0\0\x01\0\0\
\0\x70\x1d\0\0\0\0\0\0\x04\0\0\0\x01\0\0\0\x80\x1d\0\0\0\0\0\0\x04\0\0\0\x01\0\
\0\0\x90\x1d\0\0\0\0\0\0\x04\0\0\0\x01\0\0\0\xa0\x1d\0\0\0\0\0\0\x04\0\0\0\x01\
\0\0\0\xb0\x1d\0\0\0\0\0\0\x04\0\0\0\x01\0\0\0\xc0\x1d\0\0\0\0\0\0\x04\0\0\0\
\x01\0\0\0\xd0\x1d\0\0\0\0\0\0\x04\0\0\0\x01\0\0\0\xe0\x1d\0\0\0\0\0\0\x04\0\0\
\0\x01\0\0\0\xf0\x1d\0\0\0\0\0\0\x04\0\0\0\x01\0\0\0\0\x1e\0\0\0\0\0\0\x04\0\0\
\0\x01\0\0\0\x10\x1e\0\0\0\0\0\0\x04\0\0\0\x01\0\0\0\x20\x1e\0\0\0\0\0\0\x04\0\
\0\0\x01\0\0\0\x30\x1e\0\0\0\0\0\0\x04\0\0\0\x01\0\0\0\x40\x1e\0\0\0\0\0\0\x04\
\0\0\0\x01\0\0\0\x50\x1e\0\0\0\0\0\0\x04\0\0\0\x01\0\0\0\x60\x1e\0\0\0\0\0\0\
\x04\0\0\0\x01\0\0\0\x70\x1e\0\0\0\0\0\0\x04\0\0\0\x01\0\0\0\x80\x1e\0\0\0\0\0\
\0\x04\0\0\0\x01\0\0\0\x90\x1e\0\0\0\0\0\0\x04\0\0\0\x01\0\0\0\xa0\x1e\0\0\0\0\
\0\0\x04\0\0\0\x01\0\0\0\xb0\x1e\0\0\0\0\0\0\x04\0\0\0\x01\0\0\0\xc0\x1e\0\0\0\
\0\0\0\x04\0\0\0\x01\0\0\0\xd0\x1e\0\0\0\0\0\0\x04\0\0\0\x01\0\0\0\xe0\x1e\0\0\
\0\0\0\0\x04\0\0\0\x01\0\0\0\xf0\x1e\0\0\0\0\0\0\x04\0\0\0\x01\0\0\0\0\x1f\0\0\
\0\0\0\0\x04\0\0\0\x01\0\0\0\x10\x1f\0\0\0\0\0\0\x04\0\0\0\x01\0\0\0\x20\x1f\0\
\0\0\0\0\0\x04\0\0\0\x01\0\0\0\x30\x1f\0\0\0\0\0\0\x04\0\0\0\x01\0\0\0\x40\x1f\
\0\0\0\0\0\0\x04\0\0\0\x01\0\0\0\x50\x1f\0\0\0\0\0\0\x04\0\0\0\x01\0\0\0\x60\
\x1f\0\0\0\0\0\0\x04\0\0\0\x01\0\0\0\x70\x1f\0\0\0\0\0\0\x04\0\0\0\x01\0\0\0\
\x80\x1f\0\0\0\0\0\0\x04\0\0\0\x01\0\0\0\x90\x1f\0\0\0\0\0\0\x04\0\0\0\x01\0\0\
\0\xa0\x1f\0\0\0\0\0\0\x04\0\0\0\x01\0\0\0\xb0\x1f\0\0\0\0\0\0\x04\0\0\0\x01\0\
\0\0\xc0\x1f\0\0\0\0\0\0\x04\0\0\0\x01\0\0\0\xd0\x1f\0\0\0\0\0\0\x04\0\0\0\x01\
\0\0\0\xe0\x1f\0\0\0\0\0\0\x04\0\0\0\x01\0\0\0\xf0\x1f\0\0\0\0\0\0\x04\0\0\0\
\x01\0\0\0\0\x20\0\0\0\0\0\0\x04\0\0\0\x01\0\0\0\x10\x20\0\0\0\0\0\0\x04\0\0\0\
\x01\0\0\0\x20\x20\0\0\0\0\0\0\x04\0\0\0\x01\0\0\0\x30\x20\0\0\0\0\0\0\x04\0\0\
\0\x01\0\0\0\x40\x20\0\0\0\0\0\0\x04\0\0\0\x01\0\0\0\x50\x20\0\0\0\0\0\0\x04\0\
\0\0\x01\0\0\0\x60\x20\0\0\0\0\0\0\x04\0\0\0\x01\0\0\0\x70\x20\0\0\0\0\0\0\x04\
\0\0\0\x01\0\0\0\x80\x20\0\0\0\0\0\0\x04\0\0\0\x01\0\0\0\x90\x20\0\0\0\0\0\0\
\x04\0\0\0\x01\0\0\0\xa0\x20\0\0\0\0\0\0\x04\0\0\0\x01\0\0\0\xb0\x20\0\0\0\0\0\
\0\x04\0\0\0\x01\0\0\0\xc0\x20\0\0\0\0\0\0\x04\0\0\0\x01\0\0\0\xd0\x20\0\0\0\0\
\0\0\x04\0\0\0\x01\0\0\0\xe0\x20\0\0\0\0\0\0\x04\0\0\0\x01\0\0\0\xf0\x20\0\0\0\
\0\0\0\x04\0\0\0\x01\0\0\0\0\x21\0\0\0\0\0\0\x04\0\0\0\x01\0\0\0\x10\x21\0\0\0\
\0\0\0\x04\0\0\0\x01\0\0\0\x20\x21\0\0\0\0\0\0\x04\0\0\0\x01\0\0\0\x30\x21\0\0\
\0\0\0\0\x04\0\0\0\x01\0\0\0\x40\x21\0\0\0\0\0\0\x04\0\0\0\x01\0\0\0\x50\x21\0\
\0\0\0\0\0\x04\0\0\0\x01\0\0\0\x60\x21\0\0\0\0\0\0\x04\0\0\0\x01\0\0\0\x70\x21\
\0\0\0\0\0\0\x04\0\0\0\x01\0\0\0\x80\x21\0\0\0\0\0\0\x04\0\0\0\x01\0\0\0\x90\
\x21\0\0\0\0\0\0\x04\0\0\0\x01\0\0\0\xa0\x21\0\0\0\0\0\0\x04\0\0\0\x01\0\0\0\
\xb0\x21\0\0\0\0\0\0\x04\0\0\0\x01\0\0\0\xc0\x21\0\0\0\0\0\0\x04\0\0\0\x01\0\0\
\0\xd0\x21\0\0\0\0\0\0\x04\0\0\0\x01\0\0\0\xe0\x21\0\0\0\0\0\0\x04\0\0\0\x01\0\
\0\0\xf0\x21\0\0\0\0\0\0\x04\0\0\0\x01\0\0\0\0\x22\0\0\0\0\0\0\x04\0\0\0\x01\0\
\0\0\x10\x22\0\0\0\0\0\0\x04\0\0\0\x01\0\0\0\x20\x22\0\0\0\0\0\0\x04\0\0\0\x01\
\0\0\0\x30\x22\0\0\0\0\0\0\x04\0\0\0\x01\0\0\0\x40\x22\0\0\0\0\0\0\x04\0\0\0\
\x01\0\0\0\x50\x22\0\0\0\0\0\0\x04\0\0\0\x01\0\0\0\x60\x22\0\0\0\0\0\0\x04\0\0\
\0\x01\0\0\0\x70\x22\0\0\0\0\0\0\x04\0\0\0\x01\0\0\0\x80\x22\0\0\0\0\0\0\x04\0\
\0\0\x01\0\0\0\x90\x22\0\0\0\0\0\0\x04\0\0\0\x01\0\0\0\xa0\x22\0\0\0\0\0\0\x04\
\0\0\0\x01\0\0\0\xb0\x22\0\0\0\0\0\0\x04\0\0\0\x01\0\0\0\xc0\x22\0\0\0\0\0\0\
\x04\0\0\0\x01\0\0\0\xd0\x22\0\0\0\0\0\0\x04\0\0\0\x01\0\0\0\xe0\x22\0\0\0\0\0\
\0\x04\0\0\0\x01\0\0\0\xf0\x22\0\0\0\0\0\0\x04\0\0\0\x01\0\0\0\0\x23\0\0\0\0\0\
\0\x04\0\0\0\x01\0\0\0\x10\x23\0\0\0\0\0\0\x04\0\0\0\x01\0\0\0\x20\x23\0\0\0\0\
\0\0\x04\0\0\0\x01\0\0\0\x30\x23\0\0\0\0\0\0\x04\0\0\0\x01\0\0\0\x40\x23\0\0\0\
\0\0\0\x04\0\0\0\x01\0\0\0\x50\x23\0\0\0\0\0\0\x04\0\0\0\x01\0\0\0\x60\x23\0\0\
\0\0\0\0\x04\0\0\0\x01\0\0\0\x70\x23\0\0\0\0\0\0\x04\0\0\0\x01\0\0\0\x80\x23\0\
\0\0\0\0\0\x04\0\0\0\x01\0\0\0\x90\x23\0\0\0\0\0\0\x04\0\0\0\x01\0\0\0\xa0\x23\
\0\0\0\0\0\0\x04\0\0\0\x01\0\0\0\xb0\x23\0\0\0\0\0\0\x04\0\0\0\x01\0\0\0\xc0\
\x23\0\0\0\0\0\0\x04\0\0\0\x01\0\0\0\xd0\x23\0\0\0\0\0\0\x04\0\0\0\x01\0\0\0\
\xe0\x23\0\0\0\0\0\0\x04\0\0\0\x01\0\0\0\xf0\x23\0\0\0\0\0\0\x04\0\0\0\x01\0\0\
\0\0\x24\0\0\0\0\0\0\x04\0\0\0\x01\0\0\0\x10\x24\0\0\0\0\0\0\x04\0\0\0\x01\0\0\
\0\x20\x24\0\0\0\0\0\0\x04\0\0\0\x01\0\0\0\x30\x24\0\0\0\0\0\0\x04\0\0\0\x01\0\
\0\0\x40\x24\0\0\0\0\0\0\x04\0\0\0\x01\0\0\0\x50\x24\0\0\0\0\0\0\x04\0\0\0\x01\
\0\0\0\x60\x24\0\0\0\0\0\0\x04\0\0\0\x01\0\0\0\x70\x24\0\0\0\0\0\0\x04\0\0\0\
\x01\0\0\0\x80\x24\0\0\0\0\0\0\x04\0\0\0\x01\0\0\0\x90\x24\0\0\0\0\0\0\x04\0\0\
\0\x01\0\0\0\xa0\x24\0\0\0\0\0\0\x04\0\0\0\x01\0\0\0\xb0\x24\0\0\0\0\0\0\x04\0\
\0\0\x01\0\0\0\xc0\x24\0\0\0\0\0\0\x04\0\0\0\x01\0\0\0\xd0\x24\0\0\0\0\0\0\x04\
\0\0\0\x01\0\0\0\xe0\x24\0\0\0\0\0\0\x04\0\0\0\x01\0\0\0\xf0\x24\0\0\0\0\0\0\
\x04\0\0\0\x01\0\0\0\0\x25\0\0\0\0\0\0\x04\0\0\0\x01\0\0\0\x10\x25\0\0\0\0\0\0\
\x04\0\0\0\x01\0\0\0\x20\x25\0\0\0\0\0\0\x04\0\0\0\x01\0\0\0\x30\x25\0\0\0\0\0\
\0\x04\0\0\0\x01\0\0\0\x40\x25\0\0\0\0\0\0\x04\0\0\0\x01\0\0\0\x50\x25\0\0\0\0\
\0\0\x04\0\0\0\x01\0\0\0\x60\x25\0\0\0\0\0\0\x04\0\0\0\x01\0\0\0\x70\x25\0\0\0\
\0\0\0\x04\0\0\0\x01\0\0\0\x80\x25\0\0\0\0\0\0\x04\0\0\0\x01\0\0\0\x90\x25\0\0\
\0\0\0\0\x04\0\0\0\x01\0\0\0\xa0\x25\0\0\0\0\0\0\x04\0\0\0\x01\0\0\0\xb0\x25\0\
\0\0\0\0\0\x04\0\0\0\x01\0\0\0\xc0\x25\0\0\0\0\0\0\x04\0\0\0\x01\0\0\0\xd0\x25\
\0\0\0\0\0\0\x04\0\0\0\x01\0\0\0\xe0\x25\0\0\0\0\0\0\x04\0\0\0\x01\0\0\0\xf0\
\x25\0\0\0\0\0\0\x04\0\0\0\x01\0\0\0\0\x26\0\0\0\0\0\0\x04\0\0\0\x01\0\0\0\x10\
\x26\0\0\0\0\0\0\x04\0\0\0\x01\0\0\0\x20\x26\0\0\0\0\0\0\x04\0\0\0\x01\0\0\0\
\x30\x26\0\0\0\0\0\0\x04\0\0\0\x01\0\0\0\x40\x26\0\0\0\0\0\0\x04\0\0\0\x01\0\0\
\0\x50\x26\0\0\0\0\0\0\x04\0\0\0\x01\0\0\0\x60\x26\0\0\0\0\0\0\x04\0\0\0\x01\0\
\0\0\x70\x26\0\0\0\0\0\0\x04\0\0\0\x01\0\0\0\x80\x26\0\0\0\0\0\0\x04\0\0\0\x01\
\0\0\0\x90\x26\0\0\0\0\0\0\x04\0\0\0\x01\0\0\0\xa0\x26\0\0\0\0\0\0\x04\0\0\0\
\x01\0\0\0\xb0\x26\0\0\0\0\0\0\x04\0\0\0\x01\0\0\0\xc0\x26\0\0\0\0\0\0\x04\0\0\
\0\x01\0\0\0\xd0\x26\0\0\0\0\0\0\x04\0\0\0\x01\0\0\0\xe0\x26\0\0\0\0\0\0\x04\0\
\0\0\x01\0\0\0\xf0\x26\0\0\0\0\0\0\x04\0\0\0\x01\0\0\0\0\x27\0\0\0\0\0\0\x04\0\
\0\0\x01\0\0\0\x10\x27\0\0\0\0\0\0\x04\0\0\0\x01\0\0\0\x20\x27\0\0\0\0\0\0\x04\
\0\0\0\x01\0\0\0\x30\x27\0\0\0\0\0\0\x04\0\0\0\x01\0\0\0\x40\x27\0\0\0\0\0\0\
\x04\0\0\0\x01\0\0\0\x50\x27\0\0\0\0\0\0\x04\0\0\0\x01\0\0\0\x60\x27\0\0\0\0\0\
\0\x04\0\0\0\x01\0\0\0\x70\x27\0\0\0\0\0\0\x04\0\0\0\x01\0\0\0\x80\x27\0\0\0\0\
\0\0\x04\0\0\0\x01\0\0\0\x90\x27\0\0\0\0\0\0\x04\0\0\0\x01\0\0\0\xa0\x27\0\0\0\
\0\0\0\x04\0\0\0\x01\0\0\0\xb0\x27\0\0\0\0\0\0\x04\0\0\0\x01\0\0\0\xc0\x27\0\0\
\0\0\0\0\x04\0\0\0\x01\0\0\0\xd0\x27\0\0\0\0\0\0\x04\0\0\0\x01\0\0\0\xe0\x27\0\
\0\0\0\0\0\x04\0\0\0\x01\0\0\0\xf0\x27\0\0\0\0\0\0\x04\0\0\0\x01\0\0\0\0\x28\0\
\0\0\0\0\0\x04\0\0\0\x01\0\0\0\x10\x28\0\0\0\0\0\0\x04\0\0\0\x01\0\0\0\x20\x28\
\0\0\0\0\0\0\x04\0\0\0\x01\0\0\0\x30\x28\0\0\0\0\0\0\x04\0\0\0\x01\0\0\0\x40\
\x28\0\0\0\0\0\0\x04\0\0\0\x01\0\0\0\x50\x28\0\0\0\0\0\0\x04\0\0\0\x01\0\0\0\
\x60\x28\0\0\0\0\0\0\x04\0\0\0\x01\0\0\0\x70\x28\0\0\0\0\0\0\x04\0\0\0\x01\0\0\
\0\x80\x28\0\0\0\0\0\0\x04\0\0\0\x01\0\0\0\x90\x28\0\0\0\0\0\0\x04\0\0\0\x01\0\
\0\0\xa0\x28\0\0\0\0\0\0\x04\0\0\0\x01\0\0\0\xb0\x28\0\0\0\0\0\0\x04\0\0\0\x01\
\0\0\0\xc0\x28\0\0\0\0\0\0\x04\0\0\0\x01\0\0\0\xd0\x28\0\0\0\0\0\0\x04\0\0\0\
\x01\0\0\0\xe0\x28\0\0\0\0\0\0\x04\0\0\0\x01\0\0\0\xf0\x28\0\0\0\0\0\0\x04\0\0\
\0\x01\0\0\0\0\x29\0\0\0\0\0\0\x04\0\0\0\x01\0\0\0\x10\x29\0\0\0\0\0\0\x04\0\0\
\0\x01\0\0\0\x20\x29\0\0\0\0\0\0\x04\0\0\0\x01\0\0\0\x30\x29\0\0\0\0\0\0\x04\0\
\0\0\x01\0\0\0\x40\x29\0\0\0\0\0\0\x04\0\0\0\x01\0\0\0\x50\x29\0\0\0\0\0\0\x04\
\0\0\0\x01\0\0\0\x60\x29\0\0\0\0\0\0\x04\0\0\0\x01\0\0\0\x70\x29\0\0\0\0\0\0\
\x04\0\0\0\x01\0\0\0\x80\x29\0\0\0\0\0\0\x04\0\0\0\x01\0\0\0\x90\x29\0\0\0\0\0\
\0\x04\0\0\0\x01\0\0\0\xa0\x29\0\0\0\0\0\0\x04\0\0\0\x01\0\0\0\xb0\x29\0\0\0\0\
\0\0\x04\0\0\0\x01\0\0\0\xc0\x29\0\0\0\0\0\0\x04\0\0\0\x01\0\0\0\xd0\x29\0\0\0\
\0\0\0\x04\0\0\0\x01\0\0\0\xe0\x29\0\0\0\0\0\0\x04\0\0\0\x01\0\0\0\xf0\x29\0\0\
\0\0\0\0\x04\0\0\0\x01\0\0\0\0\x2a\0\0\0\0\0\0\x04\0\0\0\x01\0\0\0\x10\x2a\0\0\
\0\0\0\0\x04\0\0\0\x01\0\0\0\x20\x2a\0\0\0\0\0\0\x04\0\0\0\x01\0\0\0\x30\x2a\0\
\0\0\0\0\0\x04\0\0\0\x01\0\0\0\x40\x2a\0\0\0\0\0\0\x04\0\0\0\x01\0\0\0\x50\x2a\
\0\0\0\0\0\0\x04\0\0\0\x01\0\0\0\x60\x2a\0\0\0\0\0\0\x04\0\0\0\x01\0\0\0\x70\
\x2a\0\0\0\0\0\0\x04\0\0\0\x01\0\0\0\x80\x2a\0\0\0\0\0\0\x04\0\0\0\x01\0\0\0\
\x90\x2a\0\0\0\0\0\0\x04\0\0\0\x01\0\0\0\xa0\x2a\0\0\0\0\0\0\x04\0\0\0\x01\0\0\
\0\xb0\x2a\0\0\0\0\0\0\x04\0\0\0\x01\0\0\0\xc0\x2a\0\0\0\0\0\0\x04\0\0\0\x01\0\
\0\0\xd0\x2a\0\0\0\0\0\0\x04\0\0\0\x01\0\0\0\xe0\x2a\0\0\0\0\0\0\x04\0\0\0\x01\
\0\0\0\xf0\x2a\0\0\0\0\0\0\x04\0\0\0\x01\0\0\0\0\x2b\0\0\0\0\0\0\x04\0\0\0\x01\
\0\0\0\x10\x2b\0\0\0\0\0\0\x04\0\0\0\x01\0\0\0\x20\x2b\0\0\0\0\0\0\x04\0\0\0\
\x01\0\0\0\x30\x2b\0\0\0\0\0\0\x04\0\0\0\x01\0\0\0\x40\x2b\0\0\0\0\0\0\x04\0\0\
\0\x01\0\0\0\x50\x2b\0\0\0\0\0\0\x04\0\0\0\x01\0\0\0\x60\x2b\0\0\0\0\0\0\x04\0\
\0\0\x01\0\0\0\x70\x2b\0\0\0\0\0\0\x04\0\0\0\x01\0\0\0\x80\x2b\0\0\0\0\0\0\x04\
\0\0\0\x01\0\0\0\x90\x2b\0\0\0\0\0\0\x04\0\0\0\x01\0\0\0\xa0\x2b\0\0\0\0\0\0\
\x04\0\0\0\x01\0\0\0\xb0\x2b\0\0\0\0\0\0\x04\0\0\0\x01\0\0\0\xc0\x2b\0\0\0\0\0\
\0\x04\0\0\0\x01\0\0\0\xd0\x2b\0\0\0\0\0\0\x04\0\0\0\x01\0\0\0\xe0\x2b\0\0\0\0\
\0\0\x04\0\0\0\x01\0\0\0\xf0\x2b\0\0\0\0\0\0\x04\0\0\0\x01\0\0\0\0\x2c\0\0\0\0\
\0\0\x04\0\0\0\x01\0\0\0\x10\x2c\0\0\0\0\0\0\x04\0\0\0\x01\0\0\0\x20\x2c\0\0\0\
\0\0\0\x04\0\0\0\x01\0\0\0\x30\x2c\0\0\0\0\0\0\x04\0\0\0\x01\0\0\0\x40\x2c\0\0\
\0\0\0\0\x04\0\0\0\x01\0\0\0\x50\x2c\0\0\0\0\0\0\x04\0\0\0\x01\0\0\0\x60\x2c\0\
\0\0\0\0\0\x04\0\0\0\x01\0\0\0\x70\x2c\0\0\0\0\0\0\x04\0\0\0\x01\0\0\0\x80\x2c\
\0\0\0\0\0\0\x04\0\0\0\x01\0\0\0\x90\x2c\0\0\0\0\0\0\x04\0\0\0\x01\0\0\0\xa0\
\x2c\0\0\0\0\0\0\x04\0\0\0\x01\0\0\0\xb0\x2c\0\0\0\0\0\0\x04\0\0\0\x01\0\0\0\
\xc0\x2c\0\0\0\0\0\0\x04\0\0\0\x01\0\0\0\xd0\x2c\0\0\0\0\0\0\x04\0\0\0\x01\0\0\
\0\xe0\x2c\0\0\0\0\0\0\x04\0\0\0\x01\0\0\0\xf0\x2c\0\0\0\0\0\0\x04\0\0\0\x01\0\
\0\0\0\x2d\0\0\0\0\0\0\x04\0\0\0\x01\0\0\0\x10\x2d\0\0\0\0\0\0\x04\0\0\0\x01\0\
\0\0\x20\x2d\0\0\0\0\0\0\x04\0\0\0\x01\0\0\0\x30\x2d\0\0\0\0\0\0\x04\0\0\0\x01\
\0\0\0\x40\x2d\0\0\0\0\0\0\x04\0\0\0\x01\0\0\0\x50\x2d\0\0\0\0\0\0\x04\0\0\0\
\x01\0\0\0\x60\x2d\0\0\0\0\0\0\x04\0\0\0\x01\0\0\0\x70\x2d\0\0\0\0\0\0\x04\0\0\
\0\x01\0\0\0\x80\x2d\0\0\0\0\0\0\x04\0\0\0\x01\0\0\0\x90\x2d\0\0\0\0\0\0\x04\0\
\0\0\x01\0\0\0\xa0\x2d\0\0\0\0\0\0\x04\0\0\0\x01\0\0\0\xb0\x2d\0\0\0\0\0\0\x04\
\0\0\0\x01\0\0\0\xc0\x2d\0\0\0\0\0\0\x04\0\0\0\x01\0\0\0\xd0\x2d\0\0\0\0\0\0\
\x04\0\0\0\x01\0\0\0\xe0\x2d\0\0\0\0\0\0\x04\0\0\0\x01\0\0\0\xf0\x2d\0\0\0\0\0\
\0\x04\0\0\0\x01\0\0\0\0\x2e\0\0\0\0\0\0\x04\0\0\0\x01\0\0\0\x10\x2e\0\0\0\0\0\
\0\x04\0\0\0\x01\0\0\0\x20\x2e\0\0\0\0\0\0\x04\0\0\0\x01\0\0\0\x30\x2e\0\0\0\0\
\0\0\x04\0\0\0\x01\0\0\0\x40\x2e\0\0\0\0\0\0\x04\0\0\0\x01\0\0\0\x50\x2e\0\0\0\
\0\0\0\x04\0\0\0\x01\0\0\0\x60\x2e\0\0\0\0\0\0\x04\0\0\0\x01\0\0\0\x70\x2e\0\0\
\0\0\0\0\x04\0\0\0\x01\0\0\0\x80\x2e\0\0\0\0\0\0\x04\0\0\0\x01\0\0\0\x90\x2e\0\
\0\0\0\0\0\x04\0\0\0\x01\0\0\0\xa0\x2e\0\0\0\0\0\0\x04\0\0\0\x01\0\0\0\xb0\x2e\
\0\0\0\0\0\0\x04\0\0\0\x01\0\0\0\xc0\x2e\0\0\0\0\0\0\x04\0\0\0\x01\0\0\0\xd0\
\x2e\0\0\0\0\0\0\x04\0\0\0\x01\0\0\0\xe0\x2e\0\0\0\0\0\0\x04\0\0\0\x01\0\0\0\
\xf0\x2e\0\0\0\0\0\0\x04\0\0\0\x01\0\0\0\0\x2f\0\0\0\0\0\0\x04\0\0\0\x01\0\0\0\
\x10\x2f\0\0\0\0\0\0\x04\0\0\0\x01\0\0\0\x20\x2f\0\0\0\0\0\0\x04\0\0\0\x01\0\0\
\0\x30\x2f\0\0\0\0\0\0\x04\0\0\0\x01\0\0\0\x40\x2f\0\0\0\0\0\0\x04\0\0\0\x01\0\
\0\0\x50\x2f\0\0\0\0\0\0\x04\0\0\0\x01\0\0\0\x60\x2f\0\0\0\0\0\0\x04\0\0\0\x01\
\0\0\0\x70\x2f\0\0\0\0\0\0\x04\0\0\0\x01\0\0\0\x80\x2f\0\0\0\0\0\0\x04\0\0\0\
\x01\0\0\0\x90\x2f\0\0\0\0\0\0\x04\0\0\0\x01\0\0\0\xa0\x2f\0\0\0\0\0\0\x04\0\0\
\0\x01\0\0\0\xb0\x2f\0\0\0\0\0\0\x04\0\0\0\x01\0\0\0\xc0\x2f\0\0\0\0\0\0\x04\0\
\0\0\x01\0\0\0\xd0\x2f\0\0\0\0\0\0\x04\0\0\0\x01\0\0\0\xe0\x2f\0\0\0\0\0\0\x04\
\0\0\0\x01\0\0\0\xf0\x2f\0\0\0\0\0\0\x04\0\0\0\x01\0\0\0\0\x30\0\0\0\0\0\0\x04\
\0\0\0\x01\0\0\0\x10\x30\0\0\0\0\0\0\x04\0\0\0\x01\0\0\0\x20\x30\0\0\0\0\0\0\
\x04\0\0\0\x01\0\0\0\x30\x30\0\0\0\0\0\0\x04\0\0\0\x01\0\0\0\x40\x30\0\0\0\0\0\
\0\x04\0\0\0\x01\0\0\0\x50\x30\0\0\0\0\0\0\x04\0\0\0\x01\0\0\0\x60\x30\0\0\0\0\
\0\0\x04\0\0\0\x01\0\0\0\x70\x30\0\0\0\0\0\0\x04\0\0\0\x01\0\0\0\x80\x30\0\0\0\
\0\0\0\x04\0\0\0\x01\0\0\0\x90\x30\0\0\0\0\0\0\x04\0\0\0\x01\0\0\0\xa0\x30\0\0\
\0\0\0\0\x04\0\0\0\x01\0\0\0\xb0\x30\0\0\0\0\0\0\x04\0\0\0\x01\0\0\0\xc0\x30\0\
\0\0\0\0\0\x04\0\0\0\x01\0\0\0\xd0\x30\0\0\0\0\0\0\x04\0\0\0\x01\0\0\0\xe0\x30\
\0\0\0\0\0\0\x04\0\0\0\x01\0\0\0\xf0\x30\0\0\0\0\0\0\x04\0\0\0\x01\0\0\0\0\x31\
\0\0\0\0\0\0\x04\0\0\0\x01\0\0\0\x10\x31\0\0\0\0\0\0\x04\0\0\0\x01\0\0\0\x20\
\x31\0\0\0\0\0\0\x04\0\0\0\x01\0\0\0\x30\x31\0\0\0\0\0\0\x04\0\0\0\x01\0\0\0\
\x40\x31\0\0\0\0\0\0\x04\0\0\0\x01\0\0\0\x50\x31\0\0\0\0\0\0\x04\0\0\0\x01\0\0\
\0\x60\x31\0\0\0\0\0\0\x04\0\0\0\x01\0\0\0\x70\x31\0\0\0\0\0\0\x04\0\0\0\x01\0\
\0\0\x80\x31\0\0\0\0\0\0\x04\0\0\0\x01\0\0\0\x90\x31\0\0\0\0\0\0\x04\0\0\0\x01\
\0\0\0\xa0\x31\0\0\0\0\0\0\x04\0\0\0\x01\0\0\0\xb0\x31\0\0\0\0\0\0\x04\0\0\0\
\x01\0\0\0\xc0\x31\0\0\0\0\0\0\x04\0\0\0\x01\0\0\0\xd0\x31\0\0\0\0\0\0\x04\0\0\
\0\x01\0\0\0\xe0\x31\0\0\0\0\0\0\x04\0\0\0\x01\0\0\0\xf0\x31\0\0\0\0\0\0\x04\0\
\0\0\x01\0\0\0\0\x32\0\0\0\0\0\0\x04\0\0\0\x01\0\0\0\x10\x32\0\0\0\0\0\0\x04\0\
\0\0\x01\0\0\0\x20\x32\0\0\0\0\0\0\x04\0\0\0\x01\0\0\0\x30\x32\0\0\0\0\0\0\x04\
\0\0\0\x01\0\0\0\x40\x32\0\0\0\0\0\0\x04\0\0\0\x01\0\0\0\x50\x32\0\0\0\0\0\0\
\x04\0\0\0\x01\0\0\0\x60\x32\0\0\0\0\0\0\x04\0\0\0\x01\0\0\0\x70\x32\0\0\0\0\0\
\0\x04\0\0\0\x01\0\0\0\x80\x32\0\0\0\0\0\0\x04\0\0\0\x01\0\0\0\x90\x32\0\0\0\0\
\0\0\x04\0\0\0\x01\0\0\0\xa0\x32\0\0\0\0\0\0\x04\0\0\0\x01\0\0\0\xb0\x32\0\0\0\
\0\0\0\x04\0\0\0\x01\0\0\0\xc0\x32\0\0\0\0\0\0\x04\0\0\0\x01\0\0\0\xd0\x32\0\0\
\0\0\0\0\x04\0\0\0\x01\0\0\0\xe0\x32\0\0\0\0\0\0\x04\0\0\0\x01\0\0\0\xf0\x32\0\
\0\0\0\0\0\x04\0\0\0\x01\0\0\0\0\x33\0\0\0\0\0\0\x04\0\0\0\x01\0\0\0\x10\x33\0\
\0\0\0\0\0\x04\0\0\0\x01\0\0\0\x20\x33\0\0\0\0\0\0\x04\0\0\0\x01\0\0\0\x30\x33\
\0\0\0\0\0\0\x04\0\0\0\x01\0\0\0\x40\x33\0\0\0\0\0\0\x04\0\0\0\x01\0\0\0\x50\
\x33\0\0\0\0\0\0\x04\0\0\0\x01\0\0\0\x60\x33\0\0\0\0\0\0\x04\0\0\0\x01\0\0\0\
\x70\x33\0\0\0\0\0\0\x04\0\0\0\x01\0\0\0\x80\x33\0\0\0\0\0\0\x04\0\0\0\x01\0\0\
\0\x90\x33\0\0\0\0\0\0\x04\0\0\0\x01\0\0\0\xa0\x33\0\0\0\0\0\0\x04\0\0\0\x01\0\
\0\0\xb0\x33\0\0\0\0\0\0\x04\0\0\0\x01\0\0\0\xc0\x33\0\0\0\0\0\0\x04\0\0\0\x01\
\0\0\0\xd0\x33\0\0\0\0\0\0\x04\0\0\0\x01\0\0\0\xe0\x33\0\0\0\0\0\0\x04\0\0\0\
\x01\0\0\0\xf0\x33\0\0\0\0\0\0\x04\0\0\0\x01\0\0\0\0\x34\0\0\0\0\0\0\x04\0\0\0\
\x01\0\0\0\x10\x34\0\0\0\0\0\0\x04\0\0\0\x01\0\0\0\x20\x34\0\0\0\0\0\0\x04\0\0\
\0\x01\0\0\0\x30\x34\0\0\0\0\0\0\x04\0\0\0\x01\0\0\0\x40\x34\0\0\0\0\0\0\x04\0\
\0\0\x01\0\0\0\x50\x34\0\0\0\0\0\0\x04\0\0\0\x01\0\0\0\x60\x34\0\0\0\0\0\0\x04\
\0\0\0\x01\0\0\0\x70\x34\0\0\0\0\0\0\x04\0\0\0\x01\0\0\0\x80\x34\0\0\0\0\0\0\
\x04\0\0\0\x01\0\0\0\x90\x34\0\0\0\0\0\0\x04\0\0\0\x01\0\0\0\xa0\x34\0\0\0\0\0\
\0\x04\0\0\0\x01\0\0\0\xb0\x34\0\0\0\0\0\0\x04\0\0\0\x01\0\0\0\xc0\x34\0\0\0\0\
\0\0\x04\0\0\0\x01\0\0\0\xd0\x34\0\0\0\0\0\0\x04\0\0\0\x01\0\0\0\xe0\x34\0\0\0\
\0\0\0\x04\0\0\0\x01\0\0\0\xf0\x34\0\0\0\0\0\0\x04\0\0\0\x01\0\0\0\0\x35\0\0\0\
\0\0\0\x04\0\0\0\x01\0\0\0\x10\x35\0\0\0\0\0\0\x04\0\0\0\x01\0\0\0\x20\x35\0\0\
\0\0\0\0\x04\0\0\0\x01\0\0\0\x30\x35\0\0\0\0\0\0\x04\0\0\0\x01\0\0\0\x40\x35\0\
\0\0\0\0\0\x04\0\0\0\x01\0\0\0\x50\x35\0\0\0\0\0\0\x04\0\0\0\x01\0\0\0\x60\x35\
\0\0\0\0\0\0\x04\0\0\0\x01\0\0\0\x70\x35\0\0\0\0\0\0\x04\0\0\0\x01\0\0\0\x80\
\x35\0\0\0\0\0\0\x04\0\0\0\x01\0\0\0\x90\x35\0\0\0\0\0\0\x04\0\0\0\x01\0\0\0\
\xa0\x35\0\0\0\0\0\0\x04\0\0\0\x01\0\0\0\xb0\x35\0\0\0\0\0\0\x04\0\0\0\x01\0\0\
\0\xc0\x35\0\0\0\0\0\0\x04\0\0\0\x01\0\0\0\xd0\x35\0\0\0\0\0\0\x04\0\0\0\x01\0\
\0\0\xe0\x35\0\0\0\0\0\0\x04\0\0\0\x01\0\0\0\xf0\x35\0\0\0\0\0\0\x04\0\0\0\x01\
\0\0\0\0\x36\0\0\0\0\0\0\x04\0\0\0\x01\0\0\0\x10\x36\0\0\0\0\0\0\x04\0\0\0\x01\
\0\0\0\x20\x36\0\0\0\0\0\0\x04\0\0\0\x01\0\0\0\x30\x36\0\0\0\0\0\0\x04\0\0\0\
\x01\0\0\0\x40\x36\0\0\0\0\0\0\x04\0\0\0\x01\0\0\0\x50\x36\0\0\0\0\0\0\x04\0\0\
\0\x01\0\0\0\x60\x36\0\0\0\0\0\0\x04\0\0\0\x01\0\0\0\x70\x36\0\0\0\0\0\0\x04\0\
\0\0\x01\0\0\0\x80\x36\0\0\0\0\0\0\x04\0\0\0\x01\0\0\0\x90\x36\0\0\0\0\0\0\x04\
\0\0\0\x01\0\0\0\xa0\x36\0\0\0\0\0\0\x04\0\0\0\x01\0\0\0\xb0\x36\0\0\0\0\0\0\
\x04\0\0\0\x01\0\0\0\xc0\x36\0\0\0\0\0\0\x04\0\0\0\x01\0\0\0\xd0\x36\0\0\0\0\0\
\0\x04\0\0\0\x01\0\0\0\xe0\x36\0\0\0\0\0\0\x04\0\0\0\x01\0\0\0\xf0\x36\0\0\0\0\
\0\0\x04\0\0\0\x01\0\0\0\0\x37\0\0\0\0\0\0\x04\0\0\0\x01\0\0\0\x10\x37\0\0\0\0\
\0\0\x04\0\0\0\x01\0\0\0\x20\x37\0\0\0\0\0\0\x04\0\0\0\x01\0\0\0\x30\x37\0\0\0\
\0\0\0\x04\0\0\0\x01\0\0\0\x40\x37\0\0\0\0\0\0\x04\0\0\0\x01\0\0\0\x50\x37\0\0\
\0\0\0\0\x04\0\0\0\x01\0\0\0\x60\x37\0\0\0\0\0\0\x04\0\0\0\x01\0\0\0\x70\x37\0\
\0\0\0\0\0\x04\0\0\0\x01\0\0\0\x80\x37\0\0\0\0\0\0\x04\0\0\0\x01\0\0\0\x90\x37\
\0\0\0\0\0\0\x04\0\0\0\x01\0\0\0\xa0\x37\0\0\0\0\0\0\x04\0\0\0\x01\0\0\0\xb0\
\x37\0\0\0\0\0\0\x04\0\0\0\x01\0\0\0\xc0\x37\0\0\0\0\0\0\x04\0\0\0\x01\0\0\0\
\xd0\x37\0\0\0\0\0\0\x04\0\0\0\x01\0\0\0\xe0\x37\0\0\0\0\0\0\x04\0\0\0\x01\0\0\
\0\xf0\x37\0\0\0\0\0\0\x04\0\0\0\x01\0\0\0\0\x38\0\0\0\0\0\0\x04\0\0\0\x01\0\0\
\0\x10\x38\0\0\0\0\0\0\x04\0\0\0\x01\0\0\0\x20\x38\0\0\0\0\0\0\x04\0\0\0\x01\0\
\0\0\x30\x38\0\0\0\0\0\0\x04\0\0\0\x01\0\0\0\x40\x38\0\0\0\0\0\0\x04\0\0\0\x01\
\0\0\0\x50\x38\0\0\0\0\0\0\x04\0\0\0\x01\0\0\0\x60\x38\0\0\0\0\0\0\x04\0\0\0\
\x01\0\0\0\x70\x38\0\0\0\0\0\0\x04\0\0\0\x01\0\0\0\x80\x38\0\0\0\0\0\0\x04\0\0\
\0\x01\0\0\0\x90\x38\0\0\0\0\0\0\x04\0\0\0\x01\0\0\0\xa0\x38\0\0\0\0\0\0\x04\0\
\0\0\x01\0\0\0\xb0\x38\0\0\0\0\0\0\x04\0\0\0\x01\0\0\0\xc0\x38\0\0\0\0\0\0\x04\
\0\0\0\x01\0\0\0\xd0\x38\0\0\0\0\0\0\x04\0\0\0\x01\0\0\0\xe0\x38\0\0\0\0\0\0\
\x04\0\0\0\x01\0\0\0\xf0\x38\0\0\0\0\0\0\x04\0\0\0\x01\0\0\0\0\x39\0\0\0\0\0\0\
\x04\0\0\0\x01\0\0\0\x10\x39\0\0\0\0\0\0\x04\0\0\0\x01\0\0\0\x20\x39\0\0\0\0\0\
\0\x04\0\0\0\x01\0\0\0\x30\x39\0\0\0\0\0\0\x04\0\0\0\x01\0\0\0\x40\x39\0\0\0\0\
\0\0\x04\0\0\0\x01\0\0\0\x50\x39\0\0\0\0\0\0\x04\0\0\0\x01\0\0\0\x60\x39\0\0\0\
\0\0\0\x04\0\0\0\x01\0\0\0\x70\x39\0\0\0\0\0\0\x04\0\0\0\x01\0\0\0\x80\x39\0\0\
\0\0\0\0\x04\0\0\0\x01\0\0\0\x90\x39\0\0\0\0\0\0\x04\0\0\0\x01\0\0\0\xa0\x39\0\
\0\0\0\0\0\x04\0\0\0\x01\0\0\0\xb0\x39\0\0\0\0\0\0\x04\0\0\0\x01\0\0\0\xc0\x39\
\0\0\0\0\0\0\x04\0\0\0\x01\0\0\0\xd0\x39\0\0\0\0\0\0\x04\0\0\0\x01\0\0\0\xe0\
\x39\0\0\0\0\0\0\x04\0\0\0\x01\0\0\0\xf0\x39\0\0\0\0\0\0\x04\0\0\0\x01\0\0\0\0\
\x3a\0\0\0\0\0\0\x04\0\0\0\x01\0\0\0\x10\x3a\0\0\0\0\0\0\x04\0\0\0\x01\0\0\0\
\x20\x3a\0\0\0\0\0\0\x04\0\0\0\x01\0\0\0\x30\x3a\0\0\0\0\0\0\x04\0\0\0\x01\0\0\
\0\x40\x3a\0\0\0\0\0\0\x04\0\0\0\x01\0\0\0\x50\x3a\0\0\0\0\0\0\x04\0\0\0\x01\0\
\0\0\x60\x3a\0\0\0\0\0\0\x04\0\0\0\x01\0\0\0\x70\x3a\0\0\0\0\0\0\x04\0\0\0\x01\
\0\0\0\x80\x3a\0\0\0\0\0\0\x04\0\0\0\x01\0\0\0\x90\x3a\0\0\0\0\0\0\x04\0\0\0\
\x01\0\0\0\xa0\x3a\0\0\0\0\0\0\x04\0\0\0\x01\0\0\0\xb0\x3a\0\0\0\0\0\0\x04\0\0\
\0\x01\0\0\0\xc0\x3a\0\0\0\0\0\0\x04\0\0\0\x01\0\0\0\xd0\x3a\0\0\0\0\0\0\x04\0\
\0\0\x01\0\0\0\xe0\x3a\0\0\0\0\0\0\x04\0\0\0\x01\0\0\0\xf0\x3a\0\0\0\0\0\0\x04\
\0\0\0\x01\0\0\0\0\x3b\0\0\0\0\0\0\x04\0\0\0\x01\0\0\0\x10\x3b\0\0\0\0\0\0\x04\
\0\0\0\x01\0\0\0\x20\x3b\0\0\0\0\0\0\x04\0\0\0\x01\0\0\0\x30\x3b\0\0\0\0\0\0\
\x04\0\0\0\x01\0\0\0\x40\x3b\0\0\0\0\0\0\x04\0\0\0\x01\0\0\0\x50\x3b\0\0\0\0\0\
\0\x04\0\0\0\x01\0\0\0\x60\x3b\0\0\0\0\0\0\x04\0\0\0\x01\0\0\0\x70\x3b\0\0\0\0\
\0\0\x04\0\0\0\x01\0\0\0\x80\x3b\0\0\0\0\0\0\x04\0\0\0\x01\0\0\0\x90\x3b\0\0\0\
\0\0\0\x04\0\0\0\x01\0\0\0\xa0\x3b\0\0\0\0\0\0\x04\0\0\0\x01\0\0\0\xb0\x3b\0\0\
\0\0\0\0\x04\0\0\0\x01\0\0\0\xc0\x3b\0\0\0\0\0\0\x04\0\0\0\x01\0\0\0\xd0\x3b\0\
\0\0\0\0\0\x04\0\0\0\x01\0\0\0\xe0\x3b\0\0\0\0\0\0\x04\0\0\0\x01\0\0\0\xf0\x3b\
\0\0\0\0\0\0\x04\0\0\0\x01\0\0\0\0\x3c\0\0\0\0\0\0\x04\0\0\0\x01\0\0\0\x10\x3c\
\0\0\0\0\0\0\x04\0\0\0\x01\0\0\0\x20\x3c\0\0\0\0\0\0\x04\0\0\0\x01\0\0\0\x30\
\x3c\0\0\0\0\0\0\x04\0\0\0\x01\0\0\0\x40\x3c\0\0\0\0\0\0\x04\0\0\0\x01\0\0\0\
\x50\x3c\0\0\0\0\0\0\x04\0\0\0\x01\0\0\0\x60\x3c\0\0\0\0\0\0\x04\0\0\0\x01\0\0\
\0\x70\x3c\0\0\0\0\0\0\x04\0\0\0\x01\0\0\0\x80\x3c\0\0\0\0\0\0\x04\0\0\0\x01\0\
\0\0\x90\x3c\0\0\0\0\0\0\x04\0\0\0\x01\0\0\0\xa0\x3c\0\0\0\0\0\0\x04\0\0\0\x01\
\0\0\0\xb0\x3c\0\0\0\0\0\0\x04\0\0\0\x01\0\0\0\xc0\x3c\0\0\0\0\0\0\x04\0\0\0\
\x01\0\0\0\xd0\x3c\0\0\0\0\0\0\x04\0\0\0\x01\0\0\0\xe0\x3c\0\0\0\0\0\0\x04\0\0\
\0\x01\0\0\0\xf0\x3c\0\0\0\0\0\0\x04\0\0\0\x01\0\0\0\0\x3d\0\0\0\0\0\0\x04\0\0\
\0\x01\0\0\0\x10\x3d\0\0\0\0\0\0\x04\0\0\0\x01\0\0\0\x20\x3d\0\0\0\0\0\0\x04\0\
\0\0\x01\0\0\0\x30\x3d\0\0\0\0\0\0\x04\0\0\0\x01\0\0\0\x40\x3d\0\0\0\0\0\0\x04\
\0\0\0\x01\0\0\0\x50\x3d\0\0\0\0\0\0\x04\0\0\0\x01\0\0\0\x60\x3d\0\0\0\0\0\0\
\x04\0\0\0\x01\0\0\0\x70\x3d\0\0\0\0\0\0\x04\0\0\0\x01\0\0\0\x80\x3d\0\0\0\0\0\
\0\x04\0\0\0\x01\0\0\0\x90\x3d\0\0\0\0\0\0\x04\0\0\0\x01\0\0\0\xa0\x3d\0\0\0\0\
\0\0\x04\0\0\0\x01\0\0\0\xb0\x3d\0\0\0\0\0\0\x04\0\0\0\x01\0\0\0\xc0\x3d\0\0\0\
\0\0\0\x04\0\0\0\x01\0\0\0\xd0\x3d\0\0\0\0\0\0\x04\0\0\0\x01\0\0\0\xe0\x3d\0\0\
\0\0\0\0\x04\0\0\0\x01\0\0\0\xf0\x3d\0\0\0\0\0\0\x04\0\0\0\x01\0\0\0\0\x3e\0\0\
\0\0\0\0\x04\0\0\0\x01\0\0\0\x10\x3e\0\0\0\0\0\0\x04\0\0\0\x01\0\0\0\x20\x3e\0\
\0\0\0\0\0\x04\0\0\0\x01\0\0\0\x30\x3e\0\0\0\0\0\0\x04\0\0\0\x01\0\0\0\x40\x3e\
\0\0\0\0\0\0\x04\0\0\0\x01\0\0\0\x50\x3e\0\0\0\0\0\0\x04\0\0\0\x01\0\0\0\x60\
\x3e\0\0\0\0\0\0\x04\0\0\0\x01\0\0\0\x70\x3e\0\0\0\0\0\0\x04\0\0\0\x01\0\0\0\
\x80\x3e\0\0\0\0\0\0\x04\0\0\0\x01\0\0\0\x90\x3e\0\0\0\0\0\0\x04\0\0\0\x01\0\0\
\0\xa0\x3e\0\0\0\0\0\0\x04\0\0\0\x01\0\0\0\xb0\x3e\0\0\0\0\0\0\x04\0\0\0\x01\0\
\0\0\xc0\x3e\0\0\0\0\0\0\x04\0\0\0\x01\0\0\0\xd0\x3e\0\0\0\0\0\0\x04\0\0\0\x01\
\0\0\0\xe0\x3e\0\0\0\0\0\0\x04\0\0\0\x01\0\0\0\xf0\x3e\0\0\0\0\0\0\x04\0\0\0\
\x01\0\0\0\0\x3f\0\0\0\0\0\0\x04\0\0\0\x01\0\0\0\x10\x3f\0\0\0\0\0\0\x04\0\0\0\
\x01\0\0\0\x20\x3f\0\0\0\0\0\0\x04\0\0\0\x01\0\0\0\x30\x3f\0\0\0\0\0\0\x04\0\0\
\0\x01\0\0\0\x40\x3f\0\0\0\0\0\0\x04\0\0\0\x01\0\0\0\x50\x3f\0\0\0\0\0\0\x04\0\
\0\0\x01\0\0\0\x60\x3f\0\0\0\0\0\0\x04\0\0\0\x01\0\0\0\x70\x3f\0\0\0\0\0\0\x04\
\0\0\0\x01\0\0\0\x80\x3f\0\0\0\0\0\0\x04\0\0\0\x01\0\0\0\x90\x3f\0\0\0\0\0\0\
\x04\0\0\0\x01\0\0\0\xa0\x3f\0\0\0\0\0\0\x04\0\0\0\x01\0\0\0\xb0\x3f\0\0\0\0\0\
\0\x04\0\0\0\x01\0\0\0\xc0\x3f\0\0\0\0\0\0\x04\0\0\0\x01\0\0\0\xd0\x3f\0\0\0\0\
\0\0\x04\0\0\0\x01\0\0\0\xe0\x3f\0\0\0\0\0\0\x04\0\0\0\x01\0\0\0\xf0\x3f\0\0\0\
\0\0\0\x04\0\0\0\x01\0\0\0\0\x40\0\0\0\0\0\0\x04\0\0\0\x01\0\0\0\x10\x40\0\0\0\
\0\0\0\x04\0\0\0\x01\0\0\0\x20\x40\0\0\0\0\0\0\x04\0\0\0\x01\0\0\0\x30\x40\0\0\
\0\0\0\0\x04\0\0\0\x01\0\0\0\x40\x40\0\0\0\0\0\0\x04\0\0\0\x01\0\0\0\x50\x40\0\
\0\0\0\0\0\x04\0\0\0\x01\0\0\0\x60\x40\0\0\0\0\0\0\x04\0\0\0\x01\0\0\0\x70\x40\
\0\0\0\0\0\0\x04\0\0\0\x01\0\0\0\x80\x40\0\0\0\0\0\0\x04\0\0\0\x01\0\0\0\x90\
\x40\0\0\0\0\0\0\x04\0\0\0\x01\0\0\0\xa0\x40\0\0\0\0\0\0\x04\0\0\0\x01\0\0\0\
\xb0\x40\0\0\0\0\0\0\x04\0\0\0\x01\0\0\0\xc0\x40\0\0\0\0\0\0\x04\0\0\0\x01\0\0\
\0\xd0\x40\0\0\0\0\0\0\x04\0\0\0\x01\0\0\0\xe0\x40\0\0\0\0\0\0\x04\0\0\0\x01\0\
\0\0\xf0\x40\0\0\0\0\0\0\x04\0\0\0\x01\0\0\0\0\x41\0\0\0\0\0\0\x04\0\0\0\x01\0\
\0\0\x10\x41\0\0\0\0\0\0\x04\0\0\0\x01\0\0\0\x20\x41\0\0\0\0\0\0\x04\0\0\0\x01\
\0\0\0\x30\x41\0\0\0\0\0\0\x04\0\0\0\x01\0\0\0\x40\x41\0\0\0\0\0\0\x04\0\0\0\
\x01\0\0\0\x50\x41\0\0\0\0\0\0\x04\0\0\0\x01\0\0\0\x60\x41\0\0\0\0\0\0\x04\0\0\
\0\x01\0\0\0\x70\x41\0\0\0\0\0\0\x04\0\0\0\x01\0\0\0\x80\x41\0\0\0\0\0\0\x04\0\
\0\0\x01\0\0\0\x90\x41\0\0\0\0\0\0\x04\0\0\0\x01\0\0\0\xa0\x41\0\0\0\0\0\0\x04\
\0\0\0\x01\0\0\0\xb0\x41\0\0\0\0\0\0\x04\0\0\0\x01\0\0\0\xc0\x41\0\0\0\0\0\0\
\x04\0\0\0\x01\0\0\0\xd0\x41\0\0\0\0\0\0\x04\0\0\0\x01\0\0\0\xe0\x41\0\0\0\0\0\
\0\x04\0\0\0\x01\0\0\0\xf0\x41\0\0\0\0\0\0\x04\0\0\0\x01\0\0\0\0\x42\0\0\0\0\0\
\0\x04\0\0\0\x01\0\0\0\x10\x42\0\0\0\0\0\0\x04\0\0\0\x01\0\0\0\x20\x42\0\0\0\0\
\0\0\x04\0\0\0\x01\0\0\0\x30\x42\0\0\0\0\0\0\x04\0\0\0\x01\0\0\0\x40\x42\0\0\0\
\0\0\0\x04\0\0\0\x01\0\0\0\x50\x42\0\0\0\0\0\0\x04\0\0\0\x01\0\0\0\x60\x42\0\0\
\0\0\0\0\x04\0\0\0\x01\0\0\0\x70\x42\0\0\0\0\0\0\x04\0\0\0\x01\0\0\0\x80\x42\0\
\0\0\0\0\0\x04\0\0\0\x01\0\0\0\x90\x42\0\0\0\0\0\0\x04\0\0\0\x01\0\0\0\xa0\x42\
\0\0\0\0\0\0\x04\0\0\0\x01\0\0\0\xb0\x42\0\0\0\0\0\0\x04\0\0\0\x01\0\0\0\xc0\
\x42\0\0\0\0\0\0\x04\0\0\0\x01\0\0\0\xd0\x42\0\0\0\0\0\0\x04\0\0\0\x01\0\0\0\
\xe0\x42\0\0\0\0\0\0\x04\0\0\0\x01\0\0\0\xf0\x42\0\0\0\0\0\0\x04\0\0\0\x01\0\0\
\0\0\x43\0\0\0\0\0\0\x04\0\0\0\x01\0\0\0\x10\x43\0\0\0\0\0\0\x04\0\0\0\x01\0\0\
\0\x20\x43\0\0\0\0\0\0\x04\0\0\0\x01\0\0\0\x30\x43\0\0\0\0\0\0\x04\0\0\0\x01\0\
\0\0\x40\x43\0\0\0\0\0\0\x04\0\0\0\x01\0\0\0\x50\x43\0\0\0\0\0\0\x04\0\0\0\x01\
\0\0\0\x60\x43\0\0\0\0\0\0\x04\0\0\0\x01\0\0\0\x70\x43\0\0\0\0\0\0\x04\0\0\0\
\x01\0\0\0\x80\x43\0\0\0\0\0\0\x04\0\0\0\x01\0\0\0\x90\x43\0\0\0\0\0\0\x04\0\0\
\0\x01\0\0\0\xa0\x43\0\0\0\0\0\0\x04\0\0\0\x01\0\0\0\xb0\x43\0\0\0\0\0\0\x04\0\
\0\0\x01\0\0\0\xc0\x43\0\0\0\0\0\0\x04\0\0\0\x01\0\0\0\xd0\x43\0\0\0\0\0\0\x04\
\0\0\0\x01\0\0\0\xe0\x43\0\0\0\0\0\0\x04\0\0\0\x01\0\0\0\xf0\x43\0\0\0\0\0\0\
\x04\0\0\0\x01\0\0\0\0\x44\0\0\0\0\0\0\x04\0\0\0\x01\0\0\0\x10\x44\0\0\0\0\0\0\
\x04\0\0\0\x01\0\0\0\x20\x44\0\0\0\0\0\0\x04\0\0\0\x01\0\0\0\x30\x44\0\0\0\0\0\
\0\x04\0\0\0\x01\0\0\0\x40\x44\0\0\0\0\0\0\x04\0\0\0\x01\0\0\0\x50\x44\0\0\0\0\
\0\0\x04\0\0\0\x01\0\0\0\x60\x44\0\0\0\0\0\0\x04\0\0\0\x01\0\0\0\x70\x44\0\0\0\
\0\0\0\x04\0\0\0\x01\0\0\0\x80\x44\0\0\0\0\0\0\x04\0\0\0\x01\0\0\0\x90\x44\0\0\
\0\0\0\0\x04\0\0\0\x01\0\0\0\xa0\x44\0\0\0\0\0\0\x04\0\0\0\x01\0\0\0\xb0\x44\0\
\0\0\0\0\0\x04\0\0\0\x01\0\0\0\xc0\x44\0\0\0\0\0\0\x04\0\0\0\x01\0\0\0\xd0\x44\
\0\0\0\0\0\0\x04\0\0\0\x01\0\0\0\xe0\x44\0\0\0\0\0\0\x04\0\0\0\x01\0\0\0\xf0\
\x44\0\0\0\0\0\0\x04\0\0\0\x01\0\0\0\0\x45\0\0\0\0\0\0\x04\0\0\0\x01\0\0\0\x10\
\x45\0\0\0\0\0\0\x04\0\0\0\x01\0\0\0\x20\x45\0\0\0\0\0\0\x04\0\0\0\x01\0\0\0\
\x30\x45\0\0\0\0\0\0\x04\0\0\0\x01\0\0\0\x40\x45\0\0\0\0\0\0\x04\0\0\0\x01\0\0\
\0\x50\x45\0\0\0\0\0\0\x04\0\0\0\x01\0\0\0\x60\x45\0\0\0\0\0\0\x04\0\0\0\x01\0\
\0\0\x70\x45\0\0\0\0\0\0\x04\0\0\0\x01\0\0\0\x80\x45\0\0\0\0\0\0\x04\0\0\0\x01\
\0\0\0\x90\x45\0\0\0\0\0\0\x04\0\0\0\x01\0\0\0\xa0\x45\0\0\0\0\0\0\x04\0\0\0\
\x01\0\0\0\xb0\x45\0\0\0\0\0\0\x04\0\0\0\x01\0\0\0\xc0\x45\0\0\0\0\0\0\x04\0\0\
\0\x01\0\0\0\xd0\x45\0\0\0\0\0\0\x04\0\0\0\x01\0\0\0\xe0\x45\0\0\0\0\0\0\x04\0\
\0\0\x01\0\0\0\xf0\x45\0\0\0\0\0\0\x04\0\0\0\x01\0\0\0\0\x46\0\0\0\0\0\0\x04\0\
\0\0\x01\0\0\0\x10\x46\0\0\0\0\0\0\x04\0\0\0\x01\0\0\0\x20\x46\0\0\0\0\0\0\x04\
\0\0\0\x01\0\0\0\x30\x46\0\0\0\0\0\0\x04\0\0\0\x01\0\0\0\x40\x46\0\0\0\0\0\0\
\x04\0\0\0\x01\0\0\0\x50\x46\0\0\0\0\0\0\x04\0\0\0\x01\0\0\0\x60\x46\0\0\0\0\0\
\0\x04\0\0\0\x01\0\0\0\x70\x46\0\0\0\0\0\0\x04\0\0\0\x01\0\0\0\x80\x46\0\0\0\0\
\0\0\x04\0\0\0\x01\0\0\0\x90\x46\0\0\0\0\0\0\x04\0\0\0\x01\0\0\0\xa0\x46\0\0\0\
\0\0\0\x04\0\0\0\x01\0\0\0\xb0\x46\0\0\0\0\0\0\x04\0\0\0\x01\0\0\0\xc0\x46\0\0\
\0\0\0\0\x04\0\0\0\x01\0\0\0\xd0\x46\0\0\0\0\0\0\x04\0\0\0\x01\0\0\0\xe0\x46\0\
\0\0\0\0\0\x04\0\0\0\x01\0\0\0\xf0\x46\0\0\0\0\0\0\x04\0\0\0\x01\0\0\0\0\x47\0\
\0\0\0\0\0\x04\0\0\0\x01\0\0\0\x10\x47\0\0\0\0\0\0\x04\0\0\0\x01\0\0\0\x20\x47\
\0\0\0\0\0\0\x04\0\0\0\x01\0\0\0\x30\x47\0\0\0\0\0\0\x04\0\0\0\x01\0\0\0\x40\
\x47\0\0\0\0\0\0\x04\0\0\0\x01\0\0\0\x50\x47\0\0\0\0\0\0\x04\0\0\0\x01\0\0\0\
\x60\x47\0\0\0\0\0\0\x04\0\0\0\x01\0\0\0\x70\x47\0\0\0\0\0\0\x04\0\0\0\x01\0\0\
\0\x80\x47\0\0\0\0\0\0\x04\0\0\0\x01\0\0\0\x90\x47\0\0\0\0\0\0\x04\0\0\0\x01\0\
\0\0\xa0\x47\0\0\0\0\0\0\x04\0\0\0\x01\0\0\0\xb0\x47\0\0\0\0\0\0\x04\0\0\0\x01\
\0\0\0\xc0\x47\0\0\0\0\0\0\x04\0\0\0\x01\0\0\0\xd0\x47\0\0\0\0\0\0\x04\0\0\0\
\x01\0\0\0\xe0\x47\0\0\0\0\0\0\x04\0\0\0\x01\0\0\0\xf0\x47\0\0\0\0\0\0\x04\0\0\
\0\x01\0\0\0\0\x48\0\0\0\0\0\0\x04\0\0\0\x01\0\0\0\x10\x48\0\0\0\0\0\0\x04\0\0\
\0\x01\0\0\0\x20\x48\0\0\0\0\0\0\x04\0\0\0\x01\0\0\0\x30\x48\0\0\0\0\0\0\x04\0\
\0\0\x01\0\0\0\x40\x48\0\0\0\0\0\0\x04\0\0\0\x01\0\0\0\x50\x48\0\0\0\0\0\0\x04\
\0\0\0\x01\0\0\0\x60\x48\0\0\0\0\0\0\x04\0\0\0\x01\0\0\0\x70\x48\0\0\0\0\0\0\
\x04\0\0\0\x01\0\0\0\x80\x48\0\0\0\0\0\0\x04\0\0\0\x01\0\0\0\x90\x48\0\0\0\0\0\
\0\x04\0\0\0\x01\0\0\0\xa0\x48\0\0\0\0\0\0\x04\0\0\0\x01\0\0\0\xb0\x48\0\0\0\0\
\0\0\x04\0\0\0\x01\0\0\0\xc0\x48\0\0\0\0\0\0\x04\0\0\0\x01\0\0\0\xd0\x48\0\0\0\
\0\0\0\x04\0\0\0\x01\0\0\0\xe0\x48\0\0\0\0\0\0\x04\0\0\0\x01\0\0\0\xf0\x48\0\0\
\0\0\0\0\x04\0\0\0\x01\0\0\0\0\x49\0\0\0\0\0\0\x04\0\0\0\x01\0\0\0\x10\x49\0\0\
\0\0\0\0\x04\0\0\0\x01\0\0\0\x20\x49\0\0\0\0\0\0\x04\0\0\0\x01\0\0\0\x30\x49\0\
\0\0\0\0\0\x04\0\0\0\x01\0\0\0\x40\x49\0\0\0\0\0\0\x04\0\0\0\x01\0\0\0\x50\x49\
\0\0\0\0\0\0\x04\0\0\0\x01\0\0\0\x60\x49\0\0\0\0\0\0\x04\0\0\0\x01\0\0\0\x70\
\x49\0\0\0\0\0\0\x04\0\0\0\x01\0\0\0\x80\x49\0\0\0\0\0\0\x04\0\0\0\x01\0\0\0\
\x90\x49\0\0\0\0\0\0\x04\0\0\0\x01\0\0\0\xa0\x49\0\0\0\0\0\0\x04\0\0\0\x01\0\0\
\0\xb0\x49\0\0\0\0\0\0\x04\0\0\0\x01\0\0\0\xc0\x49\0\0\0\0\0\0\x04\0\0\0\x01\0\
\0\0\xd0\x49\0\0\0\0\0\0\x04\0\0\0\x01\0\0\0\xe0\x49\0\0\0\0\0\0\x04\0\0\0\x01\
\0\0\0\xf0\x49\0\0\0\0\0\0\x04\0\0\0\x01\0\0\0\0\x4a\0\0\0\0\0\0\x04\0\0\0\x01\
\0\0\0\x10\x4a\0\0\0\0\0\0\x04\0\0\0\x01\0\0\0\x20\x4a\0\0\0\0\0\0\x04\0\0\0\
\x01\0\0\0\x30\x4a\0\0\0\0\0\0\x04\0\0\0\x01\0\0\0\x40\x4a\0\0\0\0\0\0\x04\0\0\
\0\x01\0\0\0\x50\x4a\0\0\0\0\0\0\x04\0\0\0\x01\0\0\0\x60\x4a\0\0\0\0\0\0\x04\0\
\0\0\x01\0\0\0\x70\x4a\0\0\0\0\0\0\x04\0\0\0\x01\0\0\0\x80\x4a\0\0\0\0\0\0\x04\
\0\0\0\x01\0\0\0\x90\x4a\0\0\0\0\0\0\x04\0\0\0\x01\0\0\0\xa0\x4a\0\0\0\0\0\0\
\x04\0\0\0\x01\0\0\0\xb0\x4a\0\0\0\0\0\0\x04\0\0\0\x01\0\0\0\xc0\x4a\0\0\0\0\0\
\0\x04\0\0\0\x01\0\0\0\xd0\x4a\0\0\0\0\0\0\x04\0\0\0\x01\0\0\0\xe0\x4a\0\0\0\0\
\0\0\x04\0\0\0\x01\0\0\0\xf0\x4a\0\0\0\0\0\0\x04\0\0\0\x01\0\0\0\0\x4b\0\0\0\0\
\0\0\x04\0\0\0\x01\0\0\0\x10\x4b\0\0\0\0\0\0\x04\0\0\0\x01\0\0\0\x20\x4b\0\0\0\
\0\0\0\x04\0\0\0\x01\0\0\0\x30\x4b\0\0\0\0\0\0\x04\0\0\0\x01\0\0\0\x40\x4b\0\0\
\0\0\0\0\x04\0\0\0\x01\0\0\0\x50\x4b\0\0\0\0\0\0\x04\0\0\0\x01\0\0\0\x60\x4b\0\
\0\0\0\0\0\x04\0\0\0\x01\0\0\0\x70\x4b\0\0\0\0\0\0\x04\0\0\0\x01\0\0\0\x80\x4b\
\0\0\0\0\0\0\x04\0\0\0\x01\0\0\0\x90\x4b\0\0\0\0\0\0\x04\0\0\0\x01\0\0\0\xa0\
\x4b\0\0\0\0\0\0\x04\0\0\0\x01\0\0\0\xb0\x4b\0\0\0\0\0\0\x04\0\0\0\x01\0\0\0\
\xc0\x4b\0\0\0\0\0\0\x04\0\0\0\x01\0\0\0\xd0\x4b\0\0\0\0\0\0\x04\0\0\0\x01\0\0\
\0\xe0\x4b\0\0\0\0\0\0\x04\0\0\0\x01\0\0\0\xf0\x4b\0\0\0\0\0\0\x04\0\0\0\x01\0\
\0\0\0\x4c\0\0\0\0\0\0\x04\0\0\0\x01\0\0\0\x10\x4c\0\0\0\0\0\0\x04\0\0\0\x01\0\
\0\0\x20\x4c\0\0\0\0\0\0\x04\0\0\0\x01\0\0\0\x30\x4c\0\0\0\0\0\0\x04\0\0\0\x01\
\0\0\0\x40\x4c\0\0\0\0\0\0\x04\0\0\0\x01\0\0\0\x50\x4c\0\0\0\0\0\0\x04\0\0\0\
\x01\0\0\0\x60\x4c\0\0\0\0\0\0\x04\0\0\0\x01\0\0\0\x70\x4c\0\0\0\0\0\0\x04\0\0\
\0\x01\0\0\0\x80\x4c\0\0\0\0\0\0\x04\0\0\0\x01\0\0\0\x90\x4c\0\0\0\0\0\0\x04\0\
\0\0\x01\0\0\0\xa0\x4c\0\0\0\0\0\0\x04\0\0\0\x01\0\0\0\xb0\x4c\0\0\0\0\0\0\x04\
\0\0\0\x01\0\0\0\xc0\x4c\0\0\0\0\0\0\x04\0\0\0\x01\0\0\0\xd0\x4c\0\0\0\0\0\0\
\x04\0\0\0\x01\0\0\0\xe0\x4c\0\0\0\0\0\0\x04\0\0\0\x01\0\0\0\xf0\x4c\0\0\0\0\0\
\0\x04\0\0\0\x01\0\0\0\0\x4d\0\0\0\0\0\0\x04\0\0\0\x01\0\0\0\x10\x4d\0\0\0\0\0\
\0\x04\0\0\0\x01\0\0\0\x20\x4d\0\0\0\0\0\0\x04\0\0\0\x01\0\0\0\x30\x4d\0\0\0\0\
\0\0\x04\0\0\0\x01\0\0\0\x40\x4d\0\0\0\0\0\0\x04\0\0\0\x01\0\0\0\x50\x4d\0\0\0\
\0\0\0\x04\0\0\0\x01\0\0\0\x60\x4d\0\0\0\0\0\0\x04\0\0\0\x01\0\0\0\x70\x4d\0\0\
\0\0\0\0\x04\0\0\0\x01\0\0\0\x80\x4d\0\0\0\0\0\0\x04\0\0\0\x01\0\0\0\x90\x4d\0\
\0\0\0\0\0\x04\0\0\0\x01\0\0\0\xa0\x4d\0\0\0\0\0\0\x04\0\0\0\x01\0\0\0\xb0\x4d\
\0\0\0\0\0\0\x04\0\0\0\x01\0\0\0\xc0\x4d\0\0\0\0\0\0\x04\0\0\0\x01\0\0\0\xd0\
\x4d\0\0\0\0\0\0\x04\0\0\0\x01\0\0\0\xe0\x4d\0\0\0\0\0\0\x04\0\0\0\x01\0\0\0\
\xf0\x4d\0\0\0\0\0\0\x04\0\0\0\x01\0\0\0\0\x4e\0\0\0\0\0\0\x04\0\0\0\x01\0\0\0\
\x10\x4e\0\0\0\0\0\0\x04\0\0\0\x01\0\0\0\x20\x4e\0\0\0\0\0\0\x04\0\0\0\x01\0\0\
\0\x30\x4e\0\0\0\0\0\0\x04\0\0\0\x01\0\0\0\x40\x4e\0\0\0\0\0\0\x04\0\0\0\x01\0\
\0\0\x50\x4e\0\0\0\0\0\0\x04\0\0\0\x01\0\0\0\x60\x4e\0\0\0\0\0\0\x04\0\0\0\x01\
\0\0\0\x70\x4e\0\0\0\0\0\0\x04\0\0\0\x01\0\0\0\x80\x4e\0\0\0\0\0\0\x04\0\0\0\
\x01\0\0\0\x90\x4e\0\0\0\0\0\0\x04\0\0\0\x01\0\0\0\xa0\x4e\0\0\0\0\0\0\x04\0\0\
\0\x01\0\0\0\xb0\x4e\0\0\0\0\0\0\x04\0\0\0\x01\0\0\0\xc0\x4e\0\0\0\0\0\0\x04\0\
\0\0\x01\0\0\0\xd0\x4e\0\0\0\0\0\0\x04\0\0\0\x01\0\0\0\xe0\x4e\0\0\0\0\0\0\x04\
\0\0\0\x01\0\0\0\xf0\x4e\0\0\0\0\0\0\x04\0\0\0\x01\0\0\0\0\x4f\0\0\0\0\0\0\x04\
\0\0\0\x01\0\0\0\x10\x4f\0\0\0\0\0\0\x04\0\0\0\x01\0\0\0\x20\x4f\0\0\0\0\0\0\
\x04\0\0\0\x01\0\0\0\x30\x4f\0\0\0\0\0\0\x04\0\0\0\x01\0\0\0\x40\x4f\0\0\0\0\0\
\0\x04\0\0\0\x01\0\0\0\x50\x4f\0\0\0\0\0\0\x04\0\0\0\x01\0\0\0\x60\x4f\0\0\0\0\
\0\0\x04\0\0\0\x01\0\0\0\x70\x4f\0\0\0\0\0\0\x04\0\0\0\x01\0\0\0\x80\x4f\0\0\0\
\0\0\0\x04\0\0\0\x01\0\0\0\x90\x4f\0\0\0\0\0\0\x04\0\0\0\x01\0\0\0\xa0\x4f\0\0\
\0\0\0\0\x04\0\0\0\x01\0\0\0\xb0\x4f\0\0\0\0\0\0\x04\0\0\0\x01\0\0\0\xc0\x4f\0\
\0\0\0\0\0\x04\0\0\0\x01\0\0\0\xd0\x4f\0\0\0\0\0\0\x04\0\0\0\x01\0\0\0\xe0\x4f\
\0\0\0\0\0\0\x04\0\0\0\x01\0\0\0\xf0\x4f\0\0\0\0\0\0\x04\0\0\0\x01\0\0\0\0\x50\
\0\0\0\0\0\0\x04\0\0\0\x01\0\0\0\x10\x50\0\0\0\0\0\0\x04\0\0\0\x01\0\0\0\x20\
\x50\0\0\0\0\0\0\x04\0\0\0\x01\0\0\0\x30\x50\0\0\0\0\0\0\x04\0\0\0\x01\0\0\0\
\x40\x50\0\0\0\0\0\0\x04\0\0\0\x01\0\0\0\x50\x50\0\0\0\0\0\0\x04\0\0\0\x01\0\0\
\0\x60\x50\0\0\0\0\0\0\x04\0\0\0\x01\0\0\0\x70\x50\0\0\0\0\0\0\x04\0\0\0\x01\0\
\0\0\x80\x50\0\0\0\0\0\0\x04\0\0\0\x01\0\0\0\x90\x50\0\0\0\0\0\0\x04\0\0\0\x01\
\0\0\0\xa0\x50\0\0\0\0\0\0\x04\0\0\0\x01\0\0\0\xb0\x50\0\0\0\0\0\0\x04\0\0\0\
\x01\0\0\0\xc0\x50\0\0\0\0\0\0\x04\0\0\0\x01\0\0\0\xd0\x50\0\0\0\0\0\0\x04\0\0\
\0\x01\0\0\0\xe0\x50\0\0\0\0\0\0\x04\0\0\0\x01\0\0\0\xf0\x50\0\0\0\0\0\0\x04\0\
\0\0\x01\0\0\0\0\x51\0\0\0\0\0\0\x04\0\0\0\x01\0\0\0\x10\x51\0\0\0\0\0\0\x04\0\
\0\0\x01\0\0\0\x20\x51\0\0\0\0\0\0\x04\0\0\0\x01\0\0\0\x30\x51\0\0\0\0\0\0\x04\
\0\0\0\x01\0\0\0\x40\x51\0\0\0\0\0\0\x04\0\0\0\x01\0\0\0\x50\x51\0\0\0\0\0\0\
\x04\0\0\0\x01\0\0\0\x60\x51\0\0\0\0\0\0\x04\0\0\0\x01\0\0\0\x70\x51\0\0\0\0\0\
\0\x04\0\0\0\x01\0\0\0\x80\x51\0\0\0\0\0\0\x04\0\0\0\x01\0\0\0\x90\x51\0\0\0\0\
\0\0\x04\0\0\0\x01\0\0\0\xa0\x51\0\0\0\0\0\0\x04\0\0\0\x01\0\0\0\xb0\x51\0\0\0\
\0\0\0\x04\0\0\0\x01\0\0\0\xc0\x51\0\0\0\0\0\0\x04\0\0\0\x01\0\0\0\xd0\x51\0\0\
\0\0\0\0\x04\0\0\0\x01\0\0\0\xe0\x51\0\0\0\0\0\0\x04\0\0\0\x01\0\0\0\xf0\x51\0\
\0\0\0\0\0\x04\0\0\0\x01\0\0\0\0\x52\0\0\0\0\0\0\x04\0\0\0\x01\0\0\0\x10\x52\0\
\0\0\0\0\0\x04\0\0\0\x01\0\0\0\x20\x52\0\0\0\0\0\0\x04\0\0\0\x01\0\0\0\x30\x52\
\0\0\0\0\0\0\x04\0\0\0\x01\0\0\0\x40\x52\0\0\0\0\0\0\x04\0\0\0\x01\0\0\0\x50\
\x52\0\0\0\0\0\0\x04\0\0\0\x01\0\0\0\x60\x52\0\0\0\0\0\0\x04\0\0\0\x01\0\0\0\
\x70\x52\0\0\0\0\0\0\x04\0\0\0\x01\0\0\0\x80\x52\0\0\0\0\0\0\x04\0\0\0\x01\0\0\
\0\x90\x52\0\0\0\0\0\0\x04\0\0\0\x01\0\0\0\xa0\x52\0\0\0\0\0\0\x04\0\0\0\x01\0\
\0\0\xb0\x52\0\0\0\0\0\0\x04\0\0\0\x01\0\0\0\xc0\x52\0\0\0\0\0\0\x04\0\0\0\x01\
\0\0\0\xd0\x52\0\0\0\0\0\0\x04\0\0\0\x01\0\0\0\xe0\x52\0\0\0\0\0\0\x04\0\0\0\
\x01\0\0\0\xf0\x52\0\0\0\0\0\0\x04\0\0\0\x01\0\0\0\0\x53\0\0\0\0\0\0\x04\0\0\0\
\x01\0\0\0\x10\x53\0\0\0\0\0\0\x04\0\0\0\x01\0\0\0\x20\x53\0\0\0\0\0\0\x04\0\0\
\0\x01\0\0\0\x30\x53\0\0\0\0\0\0\x04\0\0\0\x01\0\0\0\x40\x53\0\0\0\0\0\0\x04\0\
\0\0\x01\0\0\0\x50\x53\0\0\0\0\0\0\x04\0\0\0\x01\0\0\0\x60\x53\0\0\0\0\0\0\x04\
\0\0\0\x01\0\0\0\x70\x53\0\0\0\0\0\0\x04\0\0\0\x01\0\0\0\x80\x53\0\0\0\0\0\0\
\x04\0\0\0\x01\0\0\0\x90\x53\0\0\0\0\0\0\x04\0\0\0\x01\0\0\0\xa0\x53\0\0\0\0\0\
\0\x04\0\0\0\x01\0\0\0\xb0\x53\0\0\0\0\0\0\x04\0\0\0\x01\0\0\0\xc0\x53\0\0\0\0\
\0\0\x04\0\0\0\x01\0\0\0\xd0\x53\0\0\0\0\0\0\x04\0\0\0\x01\0\0\0\xe0\x53\0\0\0\
\0\0\0\x04\0\0\0\x01\0\0\0\xf0\x53\0\0\0\0\0\0\x04\0\0\0\x01\0\0\0\0\x54\0\0\0\
\0\0\0\x04\0\0\0\x01\0\0\0\x10\x54\0\0\0\0\0\0\x04\0\0\0\x01\0\0\0\x20\x54\0\0\
\0\0\0\0\x04\0\0\0\x01\0\0\0\x30\x54\0\0\0\0\0\0\x04\0\0\0\x01\0\0\0\x40\x54\0\
\0\0\0\0\0\x04\0\0\0\x01\0\0\0\x50\x54\0\0\0\0\0\0\x04\0\0\0\x01\0\0\0\x60\x54\
\0\0\0\0\0\0\x04\0\0\0\x01\0\0\0\x70\x54\0\0\0\0\0\0\x04\0\0\0\x01\0\0\0\x80\
\x54\0\0\0\0\0\0\x04\0\0\0\x01\0\0\0\x90\x54\0\0\0\0\0\0\x04\0\0\0\x01\0\0\0\
\xa0\x54\0\0\0\0\0\0\x04\0\0\0\x01\0\0\0\xb0\x54\0\0\0\0\0\0\x04\0\0\0\x01\0\0\
\0\xc0\x54\0\0\0\0\0\0\x04\0\0\0\x01\0\0\0\xd0\x54\0\0\0\0\0\0\x04\0\0\0\x01\0\
\0\0\xe0\x54\0\0\0\0\0\0\x04\0\0\0\x01\0\0\0\xf0\x54\0\0\0\0\0\0\x04\0\0\0\x01\
\0\0\0\0\x55\0\0\0\0\0\0\x04\0\0\0\x01\0\0\0\x10\x55\0\0\0\0\0\0\x04\0\0\0\x01\
\0\0\0\x20\x55\0\0\0\0\0\0\x04\0\0\0\x01\0\0\0\x30\x55\0\0\0\0\0\0\x04\0\0\0\
\x01\0\0\0\x40\x55\0\0\0\0\0\0\x04\0\0\0\x01\0\0\0\x50\x55\0\0\0\0\0\0\x04\0\0\
\0\x01\0\0\0\x60\x55\0\0\0\0\0\0\x04\0\0\0\x01\0\0\0\x70\x55\0\0\0\0\0\0\x04\0\
\0\0\x01\0\0\0\x80\x55\0\0\0\0\0\0\x04\0\0\0\x01\0\0\0\x90\x55\0\0\0\0\0\0\x04\
\0\0\0\x01\0\0\0\xa0\x55\0\0\0\0\0\0\x04\0\0\0\x01\0\0\0\xb0\x55\0\0\0\0\0\0\
\x04\0\0\0\x01\0\0\0\xc0\x55\0\0\0\0\0\0\x04\0\0\0\x01\0\0\0\xd0\x55\0\0\0\0\0\
\0\x04\0\0\0\x01\0\0\0\xe0\x55\0\0\0\0\0\0\x04\0\0\0\x01\0\0\0\xf0\x55\0\0\0\0\
\0\0\x04\0\0\0\x01\0\0\0\0\x56\0\0\0\0\0\0\x04\0\0\0\x01\0\0\0\x10\x56\0\0\0\0\
\0\0\x04\0\0\0\x01\0\0\0\x20\x56\0\0\0\0\0\0\x04\0\0\0\x01\0\0\0\x30\x56\0\0\0\
\0\0\0\x04\0\0\0\x01\0\0\0\x40\x56\0\0\0\0\0\0\x04\0\0\0\x01\0\0\0\x50\x56\0\0\
\0\0\0\0\x04\0\0\0\x01\0\0\0\x60\x56\0\0\0\0\0\0\x04\0\0\0\x01\0\0\0\x70\x56\0\
\0\0\0\0\0\x04\0\0\0\x01\0\0\0\x80\x56\0\0\0\0\0\0\x04\0\0\0\x01\0\0\0\x90\x56\
\0\0\0\0\0\0\x04\0\0\0\x01\0\0\0\xa0\x56\0\0\0\0\0\0\x04\0\0\0\x01\0\0\0\xb0\
\x56\0\0\0\0\0\0\x04\0\0\0\x01\0\0\0\xc0\x56\0\0\0\0\0\0\x04\0\0\0\x01\0\0\0\
\xd0\x56\0\0\0\0\0\0\x04\0\0\0\x01\0\0\0\xe0\x56\0\0\0\0\0\0\x04\0\0\0\x01\0\0\
\0\xf0\x56\0\0\0\0\0\0\x04\0\0\0\x01\0\0\0\0\x57\0\0\0\0\0\0\x04\0\0\0\x01\0\0\
\0\x10\x57\0\0\0\0\0\0\x04\0\0\0\x01\0\0\0\x20\x57\0\0\0\0\0\0\x04\0\0\0\x01\0\
\0\0\x30\x57\0\0\0\0\0\0\x04\0\0\0\x01\0\0\0\x40\x57\0\0\0\0\0\0\x04\0\0\0\x01\
\0\0\0\x50\x57\0\0\0\0\0\0\x04\0\0\0\x01\0\0\0\x60\x57\0\0\0\0\0\0\x04\0\0\0\
\x01\0\0\0\x70\x57\0\0\0\0\0\0\x04\0\0\0\x01\0\0\0\x80\x57\0\0\0\0\0\0\x04\0\0\
\0\x01\0\0\0\x90\x57\0\0\0\0\0\0\x04\0\0\0\x01\0\0\0\xa0\x57\0\0\0\0\0\0\x04\0\
\0\0\x01\0\0\0\xb0\x57\0\0\0\0\0\0\x04\0\0\0\x01\0\0\0\xc0\x57\0\0\0\0\0\0\x04\
\0\0\0\x01\0\0\0\xd0\x57\0\0\0\0\0\0\x04\0\0\0\x01\0\0\0\xe0\x57\0\0\0\0\0\0\
\x04\0\0\0\x01\0\0\0\xf0\x57\0\0\0\0\0\0\x04\0\0\0\x01\0\0\0\0\x58\0\0\0\0\0\0\
\x04\0\0\0\x01\0\0\0\x10\x58\0\0\0\0\0\0\x04\0\0\0\x01\0\0\0\x20\x58\0\0\0\0\0\
\0\x04\0\0\0\x01\0\0\0\x30\x58\0\0\0\0\0\0\x04\0\0\0\x01\0\0\0\x40\x58\0\0\0\0\
\0\0\x04\0\0\0\x01\0\0\0\x50\x58\0\0\0\0\0\0\x04\0\0\0\x01\0\0\0\x60\x58\0\0\0\
\0\0\0\x04\0\0\0\x01\0\0\0\x70\x58\0\0\0\0\0\0\x04\0\0\0\x01\0\0\0\x80\x58\0\0\
\0\0\0\0\x04\0\0\0\x01\0\0\0\x90\x58\0\0\0\0\0\0\x04\0\0\0\x01\0\0\0\xa0\x58\0\
\0\0\0\0\0\x04\0\0\0\x01\0\0\0\xb0\x58\0\0\0\0\0\0\x04\0\0\0\x01\0\0\0\xc0\x58\
\0\0\0\0\0\0\x04\0\0\0\x01\0\0\0\xd0\x58\0\0\0\0\0\0\x04\0\0\0\x01\0\0\0\xe0\
\x58\0\0\0\0\0\0\x04\0\0\0\x01\0\0\0\xf0\x58\0\0\0\0\0\0\x04\0\0\0\x01\0\0\0\0\
\x59\0\0\0\0\0\0\x04\0\0\0\x01\0\0\0\x10\x59\0\0\0\0\0\0\x04\0\0\0\x01\0\0\0\
\x20\x59\0\0\0\0\0\0\x04\0\0\0\x01\0\0\0\x30\x59\0\0\0\0\0\0\x04\0\0\0\x01\0\0\
\0\x40\x59\0\0\0\0\0\0\x04\0\0\0\x01\0\0\0\x50\x59\0\0\0\0\0\0\x04\0\0\0\x01\0\
\0\0\x60\x59\0\0\0\0\0\0\x04\0\0\0\x01\0\0\0\x70\x59\0\0\0\0\0\0\x04\0\0\0\x01\
\0\0\0\x80\x59\0\0\0\0\0\0\x04\0\0\0\x01\0\0\0\x90\x59\0\0\0\0\0\0\x04\0\0\0\
\x01\0\0\0\xa0\x59\0\0\0\0\0\0\x04\0\0\0\x01\0\0\0\xb0\x59\0\0\0\0\0\0\x04\0\0\
\0\x01\0\0\0\xc0\x59\0\0\0\0\0\0\x04\0\0\0\x01\0\0\0\xd0\x59\0\0\0\0\0\0\x04\0\
\0\0\x01\0\0\0\xe0\x59\0\0\0\0\0\0\x04\0\0\0\x01\0\0\0\xf0\x59\0\0\0\0\0\0\x04\
\0\0\0\x01\0\0\0\0\x5a\0\0\0\0\0\0\x04\0\0\0\x01\0\0\0\x10\x5a\0\0\0\0\0\0\x04\
\0\0\0\x01\0\0\0\x20\x5a\0\0\0\0\0\0\x04\0\0\0\x01\0\0\0\x30\x5a\0\0\0\0\0\0\
\x04\0\0\0\x01\0\0\0\x40\x5a\0\0\0\0\0\0\x04\0\0\0\x01\0\0\0\x50\x5a\0\0\0\0\0\
\0\x04\0\0\0\x01\0\0\0\x60\x5a\0\0\0\0\0\0\x04\0\0\0\x01\0\0\0\x70\x5a\0\0\0\0\
\0\0\x04\0\0\0\x01\0\0\0\x80\x5a\0\0\0\0\0\0\x04\0\0\0\x01\0\0\0\x90\x5a\0\0\0\
\0\0\0\x04\0\0\0\x01\0\0\0\xa0\x5a\0\0\0\0\0\0\x04\0\0\0\x01\0\0\0\xb0\x5a\0\0\
\0\0\0\0\x04\0\0\0\x01\0\0\0\xc0\x5a\0\0\0\0\0\0\x04\0\0\0\x01\0\0\0\xd0\x5a\0\
\0\0\0\0\0\x04\0\0\0\x01\0\0\0\xe0\x5a\0\0\0\0\0\0\x04\0\0\0\x01\0\0\0\xf0\x5a\
\0\0\0\0\0\0\x04\0\0\0\x01\0\0\0\0\x5b\0\0\0\0\0\0\x04\0\0\0\x01\0\0\0\x10\x5b\
\0\0\0\0\0\0\x04\0\0\0\x01\0\0\0\x20\x5b\0\0\0\0\0\0\x04\0\0\0\x01\0\0\0\x30\
\x5b\0\0\0\0\0\0\x04\0\0\0\x01\0\0\0\x40\x5b\0\0\0\0\0\0\x04\0\0\0\x01\0\0\0\
\x50\x5b\0\0\0\0\0\0\x04\0\0\0\x01\0\0\0\x60\x5b\0\0\0\0\0\0\x04\0\0\0\x01\0\0\
\0\x70\x5b\0\0\0\0\0\0\x04\0\0\0\x01\0\0\0\x80\x5b\0\0\0\0\0\0\x04\0\0\0\x01\0\
\0\0\x90\x5b\0\0\0\0\0\0\x04\0\0\0\x01\0\0\0\xa0\x5b\0\0\0\0\0\0\x04\0\0\0\x01\
\0\0\0\xb0\x5b\0\0\0\0\0\0\x04\0\0\0\x01\0\0\0\xc0\x5b\0\0\0\0\0\0\x04\0\0\0\
\x01\0\0\0\xd0\x5b\0\0\0\0\0\0\x04\0\0\0\x01\0\0\0\xe0\x5b\0\0\0\0\0\0\x04\0\0\
\0\x01\0\0\0\xf0\x5b\0\0\0\0\0\0\x04\0\0\0\x01\0\0\0\0\x5c\0\0\0\0\0\0\x04\0\0\
\0\x01\0\0\0\x10\x5c\0\0\0\0\0\0\x04\0\0\0\x01\0\0\0\x20\x5c\0\0\0\0\0\0\x04\0\
\0\0\x01\0\0\0\x30\x5c\0\0\0\0\0\0\x04\0\0\0\x01\0\0\0\x40\x5c\0\0\0\0\0\0\x04\
\0\0\0\x01\0\0\0\x50\x5c\0\0\0\0\0\0\x04\0\0\0\x01\0\0\0\x60\x5c\0\0\0\0\0\0\
\x04\0\0\0\x01\0\0\0\x70\x5c\0\0\0\0\0\0\x04\0\0\0\x01\0\0\0\x80\x5c\0\0\0\0\0\
\0\x04\0\0\0\x01\0\0\0\x90\x5c\0\0\0\0\0\0\x04\0\0\0\x01\0\0\0\xa0\x5c\0\0\0\0\
\0\0\x04\0\0\0\x01\0\0\0\xb0\x5c\0\0\0\0\0\0\x04\0\0\0\x01\0\0\0\xc0\x5c\0\0\0\
\0\0\0\x04\0\0\0\x01\0\0\0\xd0\x5c\0\0\0\0\0\0\x04\0\0\0\x01\0\0\0\xe0\x5c\0\0\
\0\0\0\0\x04\0\0\0\x01\0\0\0\xf0\x5c\0\0\0\0\0\0\x04\0\0\0\x01\0\0\0\0\x5d\0\0\
\0\0\0\0\x04\0\0\0\x01\0\0\0\x10\x5d\0\0\0\0\0\0\x04\0\0\0\x01\0\0\0\x20\x5d\0\
\0\0\0\0\0\x04\0\0\0\x01\0\0\0\x30\x5d\0\0\0\0\0\0\x04\0\0\0\x01\0\0\0\x40\x5d\
\0\0\0\0\0\0\x04\0\0\0\x01\0\0\0\x50\x5d\0\0\0\0\0\0\x04\0\0\0\x01\0\0\0\x60\
\x5d\0\0\0\0\0\0\x04\0\0\0\x01\0\0\0\x70\x5d\0\0\0\0\0\0\x04\0\0\0\x01\0\0\0\
\x80\x5d\0\0\0\0\0\0\x04\0\0\0\x01\0\0\0\x90\x5d\0\0\0\0\0\0\x04\0\0\0\x01\0\0\
\0\xa0\x5d\0\0\0\0\0\0\x04\0\0\0\x01\0\0\0\xb0\x5d\0\0\0\0\0\0\x04\0\0\0\x01\0\
\0\0\xc0\x5d\0\0\0\0\0\0\x04\0\0\0\x01\0\0\0\xd0\x5d\0\0\0\0\0\0\x04\0\0\0\x01\
\0\0\0\xe0\x5d\0\0\0\0\0\0\x04\0\0\0\x01\0\0\0\xf0\x5d\0\0\0\0\0\0\x04\0\0\0\
\x01\0\0\0\0\x5e\0\0\0\0\0\0\x04\0\0\0\x01\0\0\0\x10\x5e\0\0\0\0\0\0\x04\0\0\0\
\x01\0\0\0\x20\x5e\0\0\0\0\0\0\x04\0\0\0\x01\0\0\0\x30\x5e\0\0\0\0\0\0\x04\0\0\
\0\x01\0\0\0\x40\x5e\0\0\0\0\0\0\x04\0\0\0\x01\0\0\0\x50\x5e\0\0\0\0\0\0\x04\0\
\0\0\x01\0\0\0\x60\x5e\0\0\0\0\0\0\x04\0\0\0\x01\0\0\0\x70\x5e\0\0\0\0\0\0\x04\
\0\0\0\x01\0\0\0\x80\x5e\0\0\0\0\0\0\x04\0\0\0\x01\0\0\0\x90\x5e\0\0\0\0\0\0\
\x04\0\0\0\x01\0\0\0\xa0\x5e\0\0\0\0\0\0\x04\0\0\0\x01\0\0\0\xb0\x5e\0\0\0\0\0\
\0\x04\0\0\0\x01\0\0\0\xc0\x5e\0\0\0\0\0\0\x04\0\0\0\x01\0\0\0\xd0\x5e\0\0\0\0\
\0\0\x04\0\0\0\x01\0\0\0\xe0\x5e\0\0\0\0\0\0\x04\0\0\0\x01\0\0\0\xf0\x5e\0\0\0\
\0\0\0\x04\0\0\0\x01\0\0\0\0\x5f\0\0\0\0\0\0\x04\0\0\0\x01\0\0\0\x10\x5f\0\0\0\
\0\0\0\x04\0\0\0\x01\0\0\0\x20\x5f\0\0\0\0\0\0\x04\0\0\0\x01\0\0\0\x30\x5f\0\0\
\0\0\0\0\x04\0\0\0\x01\0\0\0\x40\x5f\0\0\0\0\0\0\x04\0\0\0\x01\0\0\0\x50\x5f\0\
\0\0\0\0\0\x04\0\0\0\x01\0\0\0\x60\x5f\0\0\0\0\0\0\x04\0\0\0\x01\0\0\0\x70\x5f\
\0\0\0\0\0\0\x04\0\0\0\x01\0\0\0\x80\x5f\0\0\0\0\0\0\x04\0\0\0\x01\0\0\0\x90\
\x5f\0\0\0\0\0\0\x04\0\0\0\x01\0\0\0\xa0\x5f\0\0\0\0\0\0\x04\0\0\0\x01\0\0\0\
\xb0\x5f\0\0\0\0\0\0\x04\0\0\0\x01\0\0\0\xc0\x5f\0\0\0\0\0\0\x04\0\0\0\x01\0\0\
\0\xd0\x5f\0\0\0\0\0\0\x04\0\0\0\x01\0\0\0\xe0\x5f\0\0\0\0\0\0\x04\0\0\0\x01\0\
\0\0\xf0\x5f\0\0\0\0\0\0\x04\0\0\0\x01\0\0\0\0\x60\0\0\0\0\0\0\x04\0\0\0\x01\0\
\0\0\x10\x60\0\0\0\0\0\0\x04\0\0\0\x01\0\0\0\x20\x60\0\0\0\0\0\0\x04\0\0\0\x01\
\0\0\0\x30\x60\0\0\0\0\0\0\x04\0\0\0\x01\0\0\0\x40\x60\0\0\0\0\0\0\x04\0\0\0\
\x01\0\0\0\x50\x60\0\0\0\0\0\0\x04\0\0\0\x01\0\0\0\x60\x60\0\0\0\0\0\0\x04\0\0\
\0\x01\0\0\0\x70\x60\0\0\0\0\0\0\x04\0\0\0\x01\0\0\0\x80\x60\0\0\0\0\0\0\x04\0\
\0\0\x01\0\0\0\x90\x60\0\0\0\0\0\0\x04\0\0\0\x01\0\0\0\xa0\x60\0\0\0\0\0\0\x04\
\0\0\0\x01\0\0\0\xb0\x60\0\0\0\0\0\0\x04\0\0\0\x01\0\0\0\xc0\x60\0\0\0\0\0\0\
\x04\0\0\0\x01\0\0\0\xd0\x60\0\0\0\0\0\0\x04\0\0\0\x01\0\0\0\xe0\x60\0\0\0\0\0\
\0\x04\0\0\0\x01\0\0\0\xf0\x60\0\0\0\0\0\0\x04\0\0\0\x01\0\0\0\0\x61\0\0\0\0\0\
\0\x04\0\0\0\x01\0\0\0\x10\x61\0\0\0\0\0\0\x04\0\0\0\x01\0\0\0\x20\x61\0\0\0\0\
\0\0\x04\0\0\0\x01\0\0\0\x30\x61\0\0\0\0\0\0\x04\0\0\0\x01\0\0\0\x40\x61\0\0\0\
\0\0\0\x04\0\0\0\x01\0\0\0\x50\x61\0\0\0\0\0\0\x04\0\0\0\x01\0\0\0\x60\x61\0\0\
\0\0\0\0\x04\0\0\0\x01\0\0\0\x70\x61\0\0\0\0\0\0\x04\0\0\0\x01\0\0\0\x80\x61\0\
\0\0\0\0\0\x04\0\0\0\x01\0\0\0\x90\x61\0\0\0\0\0\0\x04\0\0\0\x01\0\0\0\xa0\x61\
\0\0\0\0\0\0\x04\0\0\0\x01\0\0\0\xb0\x61\0\0\0\0\0\0\x04\0\0\0\x01\0\0\0\xc0\
\x61\0\0\0\0\0\0\x04\0\0\0\x01\0\0\0\xd0\x61\0\0\0\0\0\0\x04\0\0\0\x01\0\0\0\
\xe0\x61\0\0\0\0\0\0\x04\0\0\0\x01\0\0\0\xf0\x61\0\0\0\0\0\0\x04\0\0\0\x01\0\0\
\0\0\x62\0\0\0\0\0\0\x04\0\0\0\x01\0\0\0\x10\x62\0\0\0\0\0\0\x04\0\0\0\x01\0\0\
\0\x20\x62\0\0\0\0\0\0\x04\0\0\0\x01\0\0\0\x30\x62\0\0\0\0\0\0\x04\0\0\0\x01\0\
\0\0\x40\x62\0\0\0\0\0\0\x04\0\0\0\x01\0\0\0\x50\x62\0\0\0\0\0\0\x04\0\0\0\x01\
\0\0\0\x60\x62\0\0\0\0\0\0\x04\0\0\0\x01\0\0\0\x70\x62\0\0\0\0\0\0\x04\0\0\0\
\x01\0\0\0\x80\x62\0\0\0\0\0\0\x04\0\0\0\x01\0\0\0\x90\x62\0\0\0\0\0\0\x04\0\0\
\0\x01\0\0\0\xa0\x62\0\0\0\0\0\0\x04\0\0\0\x01\0\0\0\xb0\x62\0\0\0\0\0\0\x04\0\
\0\0\x01\0\0\0\xc0\x62\0\0\0\0\0\0\x04\0\0\0\x01\0\0\0\xd0\x62\0\0\0\0\0\0\x04\
\0\0\0\x01\0\0\0\xe0\x62\0\0\0\0\0\0\x04\0\0\0\x01\0\0\0\xf0\x62\0\0\0\0\0\0\
\x04\0\0\0\x01\0\0\0\0\x63\0\0\0\0\0\0\x04\0\0\0\x01\0\0\0\x10\x63\0\0\0\0\0\0\
\x04\0\0\0\x01\0\0\0\x20\x63\0\0\0\0\0\0\x04\0\0\0\x01\0\0\0\x30\x63\0\0\0\0\0\
\0\x04\0\0\0\x01\0\0\0\x40\x63\0\0\0\0\0\0\x04\0\0\0\x01\0\0\0\x50\x63\0\0\0\0\
\0\0\x04\0\0\0\x01\0\0\0\x60\x63\0\0\0\0\0\0\x04\0\0\0\x01\0\0\0\x70\x63\0\0\0\
\0\0\0\x04\0\0\0\x01\0\0\0\x80\x63\0\0\0\0\0\0\x04\0\0\0\x01\0\0\0\x90\x63\0\0\
\0\0\0\0\x04\0\0\0\x01\0\0\0\xa0\x63\0\0\0\0\0\0\x04\0\0\0\x01\0\0\0\xb0\x63\0\
\0\0\0\0\0\x04\0\0\0\x01\0\0\0\xc0\x63\0\0\0\0\0\0\x04\0\0\0\x01\0\0\0\xd0\x63\
\0\0\0\0\0\0\x04\0\0\0\x01\0\0\0\xe0\x63\0\0\0\0\0\0\x04\0\0\0\x01\0\0\0\xf0\
\x63\0\0\0\0\0\0\x04\0\0\0\x01\0\0\0\0\x64\0\0\0\0\0\0\x04\0\0\0\x01\0\0\0\x10\
\x64\0\0\0\0\0\0\x04\0\0\0\x01\0\0\0\x20\x64\0\0\0\0\0\0\x04\0\0\0\x01\0\0\0\
\x30\x64\0\0\0\0\0\0\x04\0\0\0\x01\0\0\0\x40\x64\0\0\0\0\0\0\x04\0\0\0\x01\0\0\
\0\x50\x64\0\0\0\0\0\0\x04\0\0\0\x01\0\0\0\x60\x64\0\0\0\0\0\0\x04\0\0\0\x01\0\
\0\0\x70\x64\0\0\0\0\0\0\x04\0\0\0\x01\0\0\0\x80\x64\0\0\0\0\0\0\x04\0\0\0\x01\
\0\0\0\x90\x64\0\0\0\0\0\0\x04\0\0\0\x01\0\0\0\xa0\x64\0\0\0\0\0\0\x04\0\0\0\
\x01\0\0\0\xb0\x64\0\0\0\0\0\0\x04\0\0\0\x01\0\0\0\xc0\x64\0\0\0\0\0\0\x04\0\0\
\0\x01\0\0\0\xd0\x64\0\0\0\0\0\0\x04\0\0\0\x01\0\0\0\xe0\x64\0\0\0\0\0\0\x04\0\
\0\0\x01\0\0\0\xf0\x64\0\0\0\0\0\0\x04\0\0\0\x01\0\0\0\0\x65\0\0\0\0\0\0\x04\0\
\0\0\x01\0\0\0\x10\x65\0\0\0\0\0\0\x04\0\0\0\x01\0\0\0\x20\x65\0\0\0\0\0\0\x04\
\0\0\0\x01\0\0\0\x30\x65\0\0\0\0\0\0\x04\0\0\0\x01\0\0\0\x40\x65\0\0\0\0\0\0\
\x04\0\0\0\x01\0\0\0\x50\x65\0\0\0\0\0\0\x04\0\0\0\x01\0\0\0\x60\x65\0\0\0\0\0\
\0\x04\0\0\0\x01\0\0\0\x70\x65\0\0\0\0\0\0\x04\0\0\0\x01\0\0\0\x80\x65\0\0\0\0\
\0\0\x04\0\0\0\x01\0\0\0\x90\x65\0\0\0\0\0\0\x04\0\0\0\x01\0\0\0\xa0\x65\0\0\0\
\0\0\0\x04\0\0\0\x01\0\0\0\xb0\x65\0\0\0\0\0\0\x04\0\0\0\x01\0\0\0\xc0\x65\0\0\
\0\0\0\0\x04\0\0\0\x01\0\0\0\xd0\x65\0\0\0\0\0\0\x04\0\0\0\x01\0\0\0\xe0\x65\0\
\0\0\0\0\0\x04\0\0\0\x01\0\0\0\xf0\x65\0\0\0\0\0\0\x04\0\0\0\x01\0\0\0\0\x66\0\
\0\0\0\0\0\x04\0\0\0\x01\0\0\0\x10\x66\0\0\0\0\0\0\x04\0\0\0\x01\0\0\0\x20\x66\
\0\0\0\0\0\0\x04\0\0\0\x01\0\0\0\x30\x66\0\0\0\0\0\0\x04\0\0\0\x01\0\0\0\x40\
\x66\0\0\0\0\0\0\x04\0\0\0\x01\0\0\0\x50\x66\0\0\0\0\0\0\x04\0\0\0\x01\0\0\0\
\x60\x66\0\0\0\0\0\0\x04\0\0\0\x01\0\0\0\x70\x66\0\0\0\0\0\0\x04\0\0\0\x01\0\0\
\0\x80\x66\0\0\0\0\0\0\x04\0\0\0\x01\0\0\0\x90\x66\0\0\0\0\0\0\x04\0\0\0\x01\0\
\0\0\xa0\x66\0\0\0\0\0\0\x04\0\0\0\x01\0\0\0\xb0\x66\0\0\0\0\0\0\x04\0\0\0\x01\
\0\0\0\xc0\x66\0\0\0\0\0\0\x04\0\0\0\x01\0\0\0\xd0\x66\0\0\0\0\0\0\x04\0\0\0\
\x01\0\0\0\xe0\x66\0\0\0\0\0\0\x04\0\0\0\x01\0\0\0\xf0\x66\0\0\0\0\0\0\x04\0\0\
\0\x01\0\0\0\0\x67\0\0\0\0\0\0\x04\0\0\0\x01\0\0\0\x10\x67\0\0\0\0\0\0\x04\0\0\
\0\x01\0\0\0\x20\x67\0\0\0\0\0\0\x04\0\0\0\x01\0\0\0\x30\x67\0\0\0\0\0\0\x04\0\
\0\0\x01\0\0\0\x40\x67\0\0\0\0\0\0\x04\0\0\0\x01\0\0\0\x50\x67\0\0\0\0\0\0\x04\
\0\0\0\x01\0\0\0\x60\x67\0\0\0\0\0\0\x04\0\0\0\x01\0\0\0\x70\x67\0\0\0\0\0\0\
\x04\0\0\0\x01\0\0\0\x80\x67\0\0\0\0\0\0\x04\0\0\0\x01\0\0\0\x90\x67\0\0\0\0\0\
\0\x04\0\0\0\x01\0\0\0\xa0\x67\0\0\0\0\0\0\x04\0\0\0\x01\0\0\0\xb0\x67\0\0\0\0\
\0\0\x04\0\0\0\x01\0\0\0\xc0\x67\0\0\0\0\0\0\x04\0\0\0\x01\0\0\0\xd0\x67\0\0\0\
\0\0\0\x04\0\0\0\x01\0\0\0\xe0\x67\0\0\0\0\0\0\x04\0\0\0\x01\0\0\0\xf0\x67\0\0\
\0\0\0\0\x04\0\0\0\x01\0\0\0\0\x68\0\0\0\0\0\0\x04\0\0\0\x01\0\0\0\x10\x68\0\0\
\0\0\0\0\x04\0\0\0\x01\0\0\0\x20\x68\0\0\0\0\0\0\x04\0\0\0\x01\0\0\0\x30\x68\0\
\0\0\0\0\0\x04\0\0\0\x01\0\0\0\x40\x68\0\0\0\0\0\0\x04\0\0\0\x01\0\0\0\x50\x68\
\0\0\0\0\0\0\x04\0\0\0\x01\0\0\0\x60\x68\0\0\0\0\0\0\x04\0\0\0\x01\0\0\0\x70\
\x68\0\0\0\0\0\0\x04\0\0\0\x01\0\0\0\x80\x68\0\0\0\0\0\0\x04\0\0\0\x01\0\0\0\
\x90\x68\0\0\0\0\0\0\x04\0\0\0\x01\0\0\0\xa0\x68\0\0\0\0\0\0\x04\0\0\0\x01\0\0\
\0\xb0\x68\0\0\0\0\0\0\x04\0\0\0\x01\0\0\0\xc0\x68\0\0\0\0\0\0\x04\0\0\0\x01\0\
\0\0\xd0\x68\0\0\0\0\0\0\x04\0\0\0\x01\0\0\0\xe0\x68\0\0\0\0\0\0\x04\0\0\0\x01\
\0\0\0\xf0\x68\0\0\0\0\0\0\x04\0\0\0\x01\0\0\0\0\x69\0\0\0\0\0\0\x04\0\0\0\x01\
\0\0\0\x10\x69\0\0\0\0\0\0\x04\0\0\0\x01\0\0\0\x20\x69\0\0\0\0\0\0\x04\0\0\0\
\x01\0\0\0\x30\x69\0\0\0\0\0\0\x04\0\0\0\x01\0\0\0\x40\x69\0\0\0\0\0\0\x04\0\0\
\0\x01\0\0\0\x50\x69\0\0\0\0\0\0\x04\0\0\0\x01\0\0\0\x60\x69\0\0\0\0\0\0\x04\0\
\0\0\x01\0\0\0\x70\x69\0\0\0\0\0\0\x04\0\0\0\x01\0\0\0\x80\x69\0\0\0\0\0\0\x04\
\0\0\0\x01\0\0\0\x90\x69\0\0\0\0\0\0\x04\0\0\0\x01\0\0\0\xa0\x69\0\0\0\0\0\0\
\x04\0\0\0\x01\0\0\0\xb0\x69\0\0\0\0\0\0\x04\0\0\0\x01\0\0\0\xc0\x69\0\0\0\0\0\
\0\x04\0\0\0\x01\0\0\0\xd0\x69\0\0\0\0\0\0\x04\0\0\0\x01\0\0\0\xe0\x69\0\0\0\0\
\0\0\x04\0\0\0\x01\0\0\0\xf0\x69\0\0\0\0\0\0\x04\0\0\0\x01\0\0\0\0\x6a\0\0\0\0\
\0\0\x04\0\0\0\x01\0\0\0\x10\x6a\0\0\0\0\0\0\x04\0\0\0\x01\0\0\0\x20\x6a\0\0\0\
\0\0\0\x04\0\0\0\x01\0\0\0\x30\x6a\0\0\0\0\0\0\x04\0\0\0\x01\0\0\0\x40\x6a\0\0\
\0\0\0\0\x04\0\0\0\x01\0\0\0\x50\x6a\0\0\0\0\0\0\x04\0\0\0\x01\0\0\0\x60\x6a\0\
\0\0\0\0\0\x04\0\0\0\x01\0\0\0\x70\x6a\0\0\0\0\0\0\x04\0\0\0\x01\0\0\0\x80\x6a\
\0\0\0\0\0\0\x04\0\0\0\x01\0\0\0\x90\x6a\0\0\0\0\0\0\x04\0\0\0\x01\0\0\0\xa0\
\x6a\0\0\0\0\0\0\x04\0\0\0\x01\0\0\0\xb0\x6a\0\0\0\0\0\0\x04\0\0\0\x01\0\0\0\
\xc0\x6a\0\0\0\0\0\0\x04\0\0\0\x01\0\0\0\xd0\x6a\0\0\0\0\0\0\x04\0\0\0\x01\0\0\
\0\xe0\x6a\0\0\0\0\0\0\x04\0\0\0\x01\0\0\0\xf0\x6a\0\0\0\0\0\0\x04\0\0\0\x01\0\
\0\0\0\x6b\0\0\0\0\0\0\x04\0\0\0\x01\0\0\0\x10\x6b\0\0\0\0\0\0\x04\0\0\0\x01\0\
\0\0\x20\x6b\0\0\0\0\0\0\x04\0\0\0\x01\0\0\0\x30\x6b\0\0\0\0\0\0\x04\0\0\0\x01\
\0\0\0\x40\x6b\0\0\0\0\0\0\x04\0\0\0\x01\0\0\0\x50\x6b\0\0\0\0\0\0\x04\0\0\0\
\x01\0\0\0\x60\x6b\0\0\0\0\0\0\x04\0\0\0\x01\0\0\0\x70\x6b\0\0\0\0\0\0\x04\0\0\
\0\x01\0\0\0\x80\x6b\0\0\0\0\0\0\x04\0\0\0\x01\0\0\0\x90\x6b\0\0\0\0\0\0\x04\0\
\0\0\x01\0\0\0\xa0\x6b\0\0\0\0\0\0\x04\0\0\0\x01\0\0\0\xb0\x6b\0\0\0\0\0\0\x04\
\0\0\0\x01\0\0\0\xc0\x6b\0\0\0\0\0\0\x04\0\0\0\x01\0\0\0\xd0\x6b\0\0\0\0\0\0\
\x04\0\0\0\x01\0\0\0\xe0\x6b\0\0\0\0\0\0\x04\0\0\0\x01\0\0\0\xf0\x6b\0\0\0\0\0\
\0\x04\0\0\0\x01\0\0\0\0\x6c\0\0\0\0\0\0\x04\0\0\0\x01\0\0\0\x10\x6c\0\0\0\0\0\
\0\x04\0\0\0\x01\0\0\0\x20\x6c\0\0\0\0\0\0\x04\0\0\0\x01\0\0\0\x30\x6c\0\0\0\0\
\0\0\x04\0\0\0\x01\0\0\0\x40\x6c\0\0\0\0\0\0\x04\0\0\0\x01\0\0\0\x50\x6c\0\0\0\
\0\0\0\x04\0\0\0\x01\0\0\0\x60\x6c\0\0\0\0\0\0\x04\0\0\0\x01\0\0\0\x70\x6c\0\0\
\0\0\0\0\x04\0\0\0\x01\0\0\0\x80\x6c\0\0\0\0\0\0\x04\0\0\0\x01\0\0\0\x90\x6c\0\
\0\0\0\0\0\x04\0\0\0\x01\0\0\0\xa0\x6c\0\0\0\0\0\0\x04\0\0\0\x01\0\0\0\xb0\x6c\
\0\0\0\0\0\0\x04\0\0\0\x01\0\0\0\xc0\x6c\0\0\0\0\0\0\x04\0\0\0\x01\0\0\0\xd0\
\x6c\0\0\0\0\0\0\x04\0\0\0\x01\0\0\0\xe0\x6c\0\0\0\0\0\0\x04\0\0\0\x01\0\0\0\
\xf0\x6c\0\0\0\0\0\0\x04\0\0\0\x01\0\0\0\0\x6d\0\0\0\0\0\0\x04\0\0\0\x01\0\0\0\
\x10\x6d\0\0\0\0\0\0\x04\0\0\0\x01\0\0\0\x20\x6d\0\0\0\0\0\0\x04\0\0\0\x01\0\0\
\0\x30\x6d\0\0\0\0\0\0\x04\0\0\0\x01\0\0\0\x40\x6d\0\0\0\0\0\0\x04\0\0\0\x01\0\
\0\0\x50\x6d\0\0\0\0\0\0\x04\0\0\0\x01\0\0\0\x60\x6d\0\0\0\0\0\0\x04\0\0\0\x01\
\0\0\0\x70\x6d\0\0\0\0\0\0\x04\0\0\0\x01\0\0\0\x80\x6d\0\0\0\0\0\0\x04\0\0\0\
\x01\0\0\0\x90\x6d\0\0\0\0\0\0\x04\0\0\0\x01\0\0\0\xa0\x6d\0\0\0\0\0\0\x04\0\0\
\0\x01\0\0\0\xb0\x6d\0\0\0\0\0\0\x04\0\0\0\x01\0\0\0\xc0\x6d\0\0\0\0\0\0\x04\0\
\0\0\x01\0\0\0\xd0\x6d\0\0\0\0\0\0\x04\0\0\0\x01\0\0\0\xe0\x6d\0\0\0\0\0\0\x04\
\0\0\0\x01\0\0\0\xf0\x6d\0\0\0\0\0\0\x04\0\0\0\x01\0\0\0\0\x6e\0\0\0\0\0\0\x04\
\0\0\0\x01\0\0\0\x10\x6e\0\0\0\0\0\0\x04\0\0\0\x01\0\0\0\x20\x6e\0\0\0\0\0\0\
\x04\0\0\0\x01\0\0\0\x30\x6e\0\0\0\0\0\0\x04\0\0\0\x01\0\0\0\x40\x6e\0\0\0\0\0\
\0\x04\0\0\0\x01\0\0\0\x50\x6e\0\0\0\0\0\0\x04\0\0\0\x01\0\0\0\x60\x6e\0\0\0\0\
\0\0\x04\0\0\0\x01\0\0\0\x70\x6e\0\0\0\0\0\0\x04\0\0\0\x01\0\0\0\x80\x6e\0\0\0\
\0\0\0\x04\0\0\0\x01\0\0\0\x90\x6e\0\0\0\0\0\0\x04\0\0\0\x01\0\0\0\xa0\x6e\0\0\
\0\0\0\0\x04\0\0\0\x01\0\0\0\xb0\x6e\0\0\0\0\0\0\x04\0\0\0\x01\0\0\0\xc0\x6e\0\
\0\0\0\0\0\x04\0\0\0\x01\0\0\0\xd0\x6e\0\0\0\0\0\0\x04\0\0\0\x01\0\0\0\xe0\x6e\
\0\0\0\0\0\0\x04\0\0\0\x01\0\0\0\xf0\x6e\0\0\0\0\0\0\x04\0\0\0\x01\0\0\0\0\x6f\
\0\0\0\0\0\0\x04\0\0\0\x01\0\0\0\x10\x6f\0\0\0\0\0\0\x04\0\0\0\x01\0\0\0\x20\
\x6f\0\0\0\0\0\0\x04\0\0\0\x01\0\0\0\x30\x6f\0\0\0\0\0\0\x04\0\0\0\x01\0\0\0\
\x40\x6f\0\0\0\0\0\0\x04\0\0\0\x01\0\0\0\x50\x6f\0\0\0\0\0\0\x04\0\0\0\x01\0\0\
\0\x60\x6f\0\0\0\0\0\0\x04\0\0\0\x01\0\0\0\x70\x6f\0\0\0\0\0\0\x04\0\0\0\x01\0\
\0\0\x80\x6f\0\0\0\0\0\0\x04\0\0\0\x01\0\0\0\x90\x6f\0\0\0\0\0\0\x04\0\0\0\x01\
\0\0\0\xa0\x6f\0\0\0\0\0\0\x04\0\0\0\x01\0\0\0\xb0\x6f\0\0\0\0\0\0\x04\0\0\0\
\x01\0\0\0\xc0\x6f\0\0\0\0\0\0\x04\0\0\0\x01\0\0\0\xd0\x6f\0\0\0\0\0\0\x04\0\0\
\0\x01\0\0\0\xe0\x6f\0\0\0\0\0\0\x04\0\0\0\x01\0\0\0\xf0\x6f\0\0\0\0\0\0\x04\0\
\0\0\x01\0\0\0\0\x70\0\0\0\0\0\0\x04\0\0\0\x01\0\0\0\x10\x70\0\0\0\0\0\0\x04\0\
\0\0\x01\0\0\0\x20\x70\0\0\0\0\0\0\x04\0\0\0\x01\0\0\0\x30\x70\0\0\0\0\0\0\x04\
\0\0\0\x01\0\0\0\x40\x70\0\0\0\0\0\0\x04\0\0\0\x01\0\0\0\x50\x70\0\0\0\0\0\0\
\x04\0\0\0\x01\0\0\0\x60\x70\0\0\0\0\0\0\x04\0\0\0\x01\0\0\0\x70\x70\0\0\0\0\0\
\0\x04\0\0\0\x01\0\0\0\x80\x70\0\0\0\0\0\0\x04\0\0\0\x01\0\0\0\x90\x70\0\0\0\0\
\0\0\x04\0\0\0\x01\0\0\0\xa0\x70\0\0\0\0\0\0\x04\0\0\0\x01\0\0\0\xb0\x70\0\0\0\
\0\0\0\x04\0\0\0\x01\0\0\0\xc0\x70\0\0\0\0\0\0\x04\0\0\0\x01\0\0\0\xd0\x70\0\0\
\0\0\0\0\x04\0\0\0\x01\0\0\0\xe0\x70\0\0\0\0\0\0\x04\0\0\0\x01\0\0\0\xf0\x70\0\
\0\0\0\0\0\x04\0\0\0\x01\0\0\0\0\x71\0\0\0\0\0\0\x04\0\0\0\x01\0\0\0\x10\x71\0\
\0\0\0\0\0\x04\0\0\0\x01\0\0\0\x20\x71\0\0\0\0\0\0\x04\0\0\0\x01\0\0\0\x30\x71\
\0\0\0\0\0\0\x04\0\0\0\x01\0\0\0\x40\x71\0\0\0\0\0\0\x04\0\0\0\x01\0\0\0\x50\
\x71\0\0\0\0\0\0\x04\0\0\0\x01\0\0\0\x60\x71\0\0\0\0\0\0\x04\0\0\0\x01\0\0\0\
\x70\x71\0\0\0\0\0\0\x04\0\0\0\x01\0\0\0\x80\x71\0\0\0\0\0\0\x04\0\0\0\x01\0\0\
\0\x90\x71\0\0\0\0\0\0\x04\0\0\0\x01\0\0\0\xa0\x71\0\0\0\0\0\0\x04\0\0\0\x01\0\
\0\0\xb0\x71\0\0\0\0\0\0\x04\0\0\0\x01\0\0\0\xc0\x71\0\0\0\0\0\0\x04\0\0\0\x01\
\0\0\0\xd0\x71\0\0\0\0\0\0\x04\0\0\0\x01\0\0\0\xe0\x71\0\0\0\0\0\0\x04\0\0\0\
\x01\0\0\0\xf0\x71\0\0\0\0\0\0\x04\0\0\0\x01\0\0\0\0\x72\0\0\0\0\0\0\x04\0\0\0\
\x01\0\0\0\x10\x72\0\0\0\0\0\0\x04\0\0\0\x01\0\0\0\x20\x72\0\0\0\0\0\0\x04\0\0\
\0\x01\0\0\0\x30\x72\0\0\0\0\0\0\x04\0\0\0\x01\0\0\0\x40\x72\0\0\0\0\0\0\x04\0\
\0\0\x01\0\0\0\x50\x72\0\0\0\0\0\0\x04\0\0\0\x01\0\0\0\x60\x72\0\0\0\0\0\0\x04\
\0\0\0\x01\0\0\0\x70\x72\0\0\0\0\0\0\x04\0\0\0\x01\0\0\0\x80\x72\0\0\0\0\0\0\
\x04\0\0\0\x01\0\0\0\x90\x72\0\0\0\0\0\0\x04\0\0\0\x01\0\0\0\xa0\x72\0\0\0\0\0\
\0\x04\0\0\0\x01\0\0\0\xb0\x72\0\0\0\0\0\0\x04\0\0\0\x01\0\0\0\xc0\x72\0\0\0\0\
\0\0\x04\0\0\0\x01\0\0\0\xd0\x72\0\0\0\0\0\0\x04\0\0\0\x01\0\0\0\xe0\x72\0\0\0\
\0\0\0\x04\0\0\0\x01\0\0\0\xf0\x72\0\0\0\0\0\0\x04\0\0\0\x01\0\0\0\0\x73\0\0\0\
\0\0\0\x04\0\0\0\x01\0\0\0\x10\x73\0\0\0\0\0\0\x04\0\0\0\x01\0\0\0\x20\x73\0\0\
\0\0\0\0\x04\0\0\0\x01\0\0\0\x30\x73\0\0\0\0\0\0\x04\0\0\0\x01\0\0\0\x40\x73\0\
\0\0\0\0\0\x04\0\0\0\x01\0\0\0\x50\x73\0\0\0\0\0\0\x04\0\0\0\x01\0\0\0\x60\x73\
\0\0\0\0\0\0\x04\0\0\0\x01\0\0\0\x70\x73\0\0\0\0\0\0\x04\0\0\0\x01\0\0\0\x80\
\x73\0\0\0\0\0\0\x04\0\0\0\x01\0\0\0\x90\x73\0\0\0\0\0\0\x04\0\0\0\x01\0\0\0\
\xa0\x73\0\0\0\0\0\0\x04\0\0\0\x01\0\0\0\xb0\x73\0\0\0\0\0\0\x04\0\0\0\x01\0\0\
\0\xc0\x73\0\0\0\0\0\0\x04\0\0\0\x01\0\0\0\xd0\x73\0\0\0\0\0\0\x04\0\0\0\x01\0\
\0\0\xe0\x73\0\0\0\0\0\0\x04\0\0\0\x01\0\0\0\xf0\x73\0\0\0\0\0\0\x04\0\0\0\x01\
\0\0\0\0\x74\0\0\0\0\0\0\x04\0\0\0\x01\0\0\0\x10\x74\0\0\0\0\0\0\x04\0\0\0\x01\
\0\0\0\x20\x74\0\0\0\0\0\0\x04\0\0\0\x01\0\0\0\x30\x74\0\0\0\0\0\0\x04\0\0\0\
\x01\0\0\0\x40\x74\0\0\0\0\0\0\x04\0\0\0\x01\0\0\0\x50\x74\0\0\0\0\0\0\x04\0\0\
\0\x01\0\0\0\x60\x74\0\0\0\0\0\0\x04\0\0\0\x01\0\0\0\x70\x74\0\0\0\0\0\0\x04\0\
\0\0\x01\0\0\0\x80\x74\0\0\0\0\0\0\x04\0\0\0\x01\0\0\0\x90\x74\0\0\0\0\0\0\x04\
\0\0\0\x01\0\0\0\xa0\x74\0\0\0\0\0\0\x04\0\0\0\x01\0\0\0\xb0\x74\0\0\0\0\0\0\
\x04\0\0\0\x01\0\0\0\xc0\x74\0\0\0\0\0\0\x04\0\0\0\x01\0\0\0\xd0\x74\0\0\0\0\0\
\0\x04\0\0\0\x01\0\0\0\xe0\x74\0\0\0\0\0\0\x04\0\0\0\x01\0\0\0\xf0\x74\0\0\0\0\
\0\0\x04\0\0\0\x01\0\0\0\0\x75\0\0\0\0\0\0\x04\0\0\0\x01\0\0\0\x10\x75\0\0\0\0\
\0\0\x04\0\0\0\x01\0\0\0\x20\x75\0\0\0\0\0\0\x04\0\0\0\x01\0\0\0\x30\x75\0\0\0\
\0\0\0\x04\0\0\0\x01\0\0\0\x40\x75\0\0\0\0\0\0\x04\0\0\0\x01\0\0\0\x50\x75\0\0\
\0\0\0\0\x04\0\0\0\x01\0\0\0\x60\x75\0\0\0\0\0\0\x04\0\0\0\x01\0\0\0\x70\x75\0\
\0\0\0\0\0\x04\0\0\0\x01\0\0\0\x80\x75\0\0\0\0\0\0\x04\0\0\0\x01\0\0\0\x90\x75\
\0\0\0\0\0\0\x04\0\0\0\x01\0\0\0\xa0\x75\0\0\0\0\0\0\x04\0\0\0\x01\0\0\0\xb0\
\x75\0\0\0\0\0\0\x04\0\0\0\x01\0\0\0\xc0\x75\0\0\0\0\0\0\x04\0\0\0\x01\0\0\0\
\xd0\x75\0\0\0\0\0\0\x04\0\0\0\x01\0\0\0\xe0\x75\0\0\0\0\0\0\x04\0\0\0\x01\0\0\
\0\xf0\x75\0\0\0\0\0\0\x04\0\0\0\x01\0\0\0\0\x76\0\0\0\0\0\0\x04\0\0\0\x01\0\0\
\0\x10\x76\0\0\0\0\0\0\x04\0\0\0\x01\0\0\0\x20\x76\0\0\0\0\0\0\x04\0\0\0\x01\0\
\0\0\x30\x76\0\0\0\0\0\0\x04\0\0\0\x01\0\0\0\x40\x76\0\0\0\0\0\0\x04\0\0\0\x01\
\0\0\0\x50\x76\0\0\0\0\0\0\x04\0\0\0\x01\0\0\0\x60\x76\0\0\0\0\0\0\x04\0\0\0\
\x01\0\0\0\x70\x76\0\0\0\0\0\0\x04\0\0\0\x01\0\0\0\x80\x76\0\0\0\0\0\0\x04\0\0\
\0\x01\0\0\0\x90\x76\0\0\0\0\0\0\x04\0\0\0\x01\0\0\0\xa0\x76\0\0\0\0\0\0\x04\0\
\0\0\x01\0\0\0\xb0\x76\0\0\0\0\0\0\x04\0\0\0\x01\0\0\0\xc0\x76\0\0\0\0\0\0\x04\
\0\0\0\x01\0\0\0\xd0\x76\0\0\0\0\0\0\x04\0\0\0\x01\0\0\0\xe0\x76\0\0\0\0\0\0\
\x04\0\0\0\x01\0\0\0\xf0\x76\0\0\0\0\0\0\x04\0\0\0\x01\0\0\0\0\x77\0\0\0\0\0\0\
\x04\0\0\0\x01\0\0\0\x10\x77\0\0\0\0\0\0\x04\0\0\0\x01\0\0\0\x20\x77\0\0\0\0\0\
\0\x04\0\0\0\x01\0\0\0\x30\x77\0\0\0\0\0\0\x04\0\0\0\x01\0\0\0\x40\x77\0\0\0\0\
\0\0\x04\0\0\0\x01\0\0\0\x50\x77\0\0\0\0\0\0\x04\0\0\0\x01\0\0\0\x60\x77\0\0\0\
\0\0\0\x04\0\0\0\x01\0\0\0\x70\x77\0\0\0\0\0\0\x04\0\0\0\x01\0\0\0\x80\x77\0\0\
\0\0\0\0\x04\0\0\0\x01\0\0\0\x90\x77\0\0\0\0\0\0\x04\0\0\0\x01\0\0\0\xa0\x77\0\
\0\0\0\0\0\x04\0\0\0\x01\0\0\0\xb0\x77\0\0\0\0\0\0\x04\0\0\0\x01\0\0\0\xc0\x77\
\0\0\0\0\0\0\x04\0\0\0\x01\0\0\0\xd0\x77\0\0\0\0\0\0\x04\0\0\0\x01\0\0\0\xe0\
\x77\0\0\0\0\0\0\x04\0\0\0\x01\0\0\0\xf0\x77\0\0\0\0\0\0\x04\0\0\0\x01\0\0\0\0\
\x78\0\0\0\0\0\0\x04\0\0\0\x01\0\0\0\x10\x78\0\0\0\0\0\0\x04\0\0\0\x01\0\0\0\
\x20\x78\0\0\0\0\0\0\x04\0\0\0\x01\0\0\0\x30\x78\0\0\0\0\0\0\x04\0\0\0\x01\0\0\
\0\x40\x78\0\0\0\0\0\0\x04\0\0\0\x01\0\0\0\x50\x78\0\0\0\0\0\0\x04\0\0\0\x01\0\
\0\0\x60\x78\0\0\0\0\0\0\x04\0\0\0\x01\0\0\0\x70\x78\0\0\0\0\0\0\x04\0\0\0\x01\
\0\0\0\x80\x78\0\0\0\0\0\0\x04\0\0\0\x01\0\0\0\x90\x78\0\0\0\0\0\0\x04\0\0\0\
\x01\0\0\0\xa0\x78\0\0\0\0\0\0\x04\0\0\0\x01\0\0\0\xb0\x78\0\0\0\0\0\0\x04\0\0\
\0\x01\0\0\0\xc0\x78\0\0\0\0\0\0\x04\0\0\0\x01\0\0\0\xd0\x78\0\0\0\0\0\0\x04\0\
\0\0\x01\0\0\0\xe0\x78\0\0\0\0\0\0\x04\0\0\0\x01\0\0\0\xf0\x78\0\0\0\0\0\0\x04\
\0\0\0\x01\0\0\0\0\x79\0\0\0\0\0\0\x04\0\0\0\x01\0\0\0\x10\x79\0\0\0\0\0\0\x04\
\0\0\0\x01\0\0\0\x20\x79\0\0\0\0\0\0\x04\0\0\0\x01\0\0\0\x30\x79\0\0\0\0\0\0\
\x04\0\0\0\x01\0\0\0\x40\x79\0\0\0\0\0\0\x04\0\0\0\x01\0\0\0\x50\x79\0\0\0\0\0\
\0\x04\0\0\0\x01\0\0\0\x60\x79\0\0\0\0\0\0\x04\0\0\0\x01\0\0\0\x70\x79\0\0\0\0\
\0\0\x04\0\0\0\x01\0\0\0\x80\x79\0\0\0\0\0\0\x04\0\0\0\x01\0\0\0\x90\x79\0\0\0\
\0\0\0\x04\0\0\0\x01\0\0\0\xa0\x79\0\0\0\0\0\0\x04\0\0\0\x01\0\0\0\xb0\x79\0\0\
\0\0\0\0\x04\0\0\0\x01\0\0\0\xc0\x79\0\0\0\0\0\0\x04\0\0\0\x01\0\0\0\xd0\x79\0\
\0\0\0\0\0\x04\0\0\0\x01\0\0\0\xe0\x79\0\0\0\0\0\0\x04\0\0\0\x01\0\0\0\xf0\x79\
\0\0\0\0\0\0\x04\0\0\0\x01\0\0\0\0\x7a\0\0\0\0\0\0\x04\0\0\0\x01\0\0\0\x10\x7a\
\0\0\0\0\0\0\x04\0\0\0\x01\0\0\0\x20\x7a\0\0\0\0\0\0\x04\0\0\0\x01\0\0\0\x30\
\x7a\0\0\0\0\0\0\x04\0\0\0\x01\0\0\0\x40\x7a\0\0\0\0\0\0\x04\0\0\0\x01\0\0\0\
\x50\x7a\0\0\0\0\0\0\x04\0\0\0\x01\0\0\0\x60\x7a\0\0\0\0\0\0\x04\0\0\0\x01\0\0\
\0\x70\x7a\0\0\0\0\0\0\x04\0\0\0\x01\0\0\0\x80\x7a\0\0\0\0\0\0\x04\0\0\0\x01\0\
\0\0\x90\x7a\0\0\0\0\0\0\x04\0\0\0\x01\0\0\0\xa0\x7a\0\0\0\0\0\0\x04\0\0\0\x01\
\0\0\0\xb0\x7a\0\0\0\0\0\0\x04\0\0\0\x01\0\0\0\xc0\x7a\0\0\0\0\0\0\x04\0\0\0\
\x01\0\0\0\xd0\x7a\0\0\0\0\0\0\x04\0\0\0\x01\0\0\0\xe0\x7a\0\0\0\0\0\0\x04\0\0\
\0\x01\0\0\0\xf0\x7a\0\0\0\0\0\0\x04\0\0\0\x01\0\0\0\0\x7b\0\0\0\0\0\0\x04\0\0\
\0\x01\0\0\0\x10\x7b\0\0\0\0\0\0\x04\0\0\0\x01\0\0\0\x20\x7b\0\0\0\0\0\0\x04\0\
\0\0\x01\0\0\0\x30\x7b\0\0\0\0\0\0\x04\0\0\0\x01\0\0\0\x40\x7b\0\0\0\0\0\0\x04\
\0\0\0\x01\0\0\0\x50\x7b\0\0\0\0\0\0\x04\0\0\0\x01\0\0\0\x60\x7b\0\0\0\0\0\0\
\x04\0\0\0\x01\0\0\0\x70\x7b\0\0\0\0\0\0\x04\0\0\0\x01\0\0\0\x80\x7b\0\0\0\0\0\
\0\x04\0\0\0\x01\0\0\0\x90\x7b\0\0\0\0\0\0\x04\0\0\0\x01\0\0\0\xa0\x7b\0\0\0\0\
\0\0\x04\0\0\0\x01\0\0\0\xb0\x7b\0\0\0\0\0\0\x04\0\0\0\x01\0\0\0\xc0\x7b\0\0\0\
\0\0\0\x04\0\0\0\x01\0\0\0\xd0\x7b\0\0\0\0\0\0\x04\0\0\0\x01\0\0\0\xe0\x7b\0\0\
\0\0\0\0\x04\0\0\0\x01\0\0\0\xf0\x7b\0\0\0\0\0\0\x04\0\0\0\x01\0\0\0\0\x7c\0\0\
\0\0\0\0\x04\0\0\0\x01\0\0\0\x10\x7c\0\0\0\0\0\0\x04\0\0\0\x01\0\0\0\x20\x7c\0\
\0\0\0\0\0\x04\0\0\0\x01\0\0\0\x30\x7c\0\0\0\0\0\0\x04\0\0\0\x01\0\0\0\x40\x7c\
\0\0\0\0\0\0\x04\0\0\0\x01\0\0\0\x50\x7c\0\0\0\0\0\0\x04\0\0\0\x01\0\0\0\x60\
\x7c\0\0\0\0\0\0\x04\0\0\0\x01\0\0\0\x70\x7c\0\0\0\0\0\0\x04\0\0\0\x01\0\0\0\
\x80\x7c\0\0\0\0\0\0\x04\0\0\0\x01\0\0\0\x90\x7c\0\0\0\0\0\0\x04\0\0\0\x01\0\0\
\0\xa0\x7c\0\0\0\0\0\0\x04\0\0\0\x01\0\0\0\xb0\x7c\0\0\0\0\0\0\x04\0\0\0\x01\0\
\0\0\xc0\x7c\0\0\0\0\0\0\x04\0\0\0\x01\0\0\0\xd0\x7c\0\0\0\0\0\0\x04\0\0\0\x01\
\0\0\0\xe0\x7c\0\0\0\0\0\0\x04\0\0\0\x01\0\0\0\xf0\x7c\0\0\0\0\0\0\x04\0\0\0\
\x01\0\0\0\0\x7d\0\0\0\0\0\0\x04\0\0\0\x01\0\0\0\x10\x7d\0\0\0\0\0\0\x04\0\0\0\
\x01\0\0\0\x20\x7d\0\0\0\0\0\0\x04\0\0\0\x01\0\0\0\x30\x7d\0\0\0\0\0\0\x04\0\0\
\0\x01\0\0\0\x40\x7d\0\0\0\0\0\0\x04\0\0\0\x01\0\0\0\x50\x7d\0\0\0\0\0\0\x04\0\
\0\0\x01\0\0\0\x60\x7d\0\0\0\0\0\0\x04\0\0\0\x01\0\0\0\x70\x7d\0\0\0\0\0\0\x04\
\0\0\0\x01\0\0\0\x80\x7d\0\0\0\0\0\0\x04\0\0\0\x01\0\0\0\x90\x7d\0\0\0\0\0\0\
\x04\0\0\0\x01\0\0\0\xa0\x7d\0\0\0\0\0\0\x04\0\0\0\x01\0\0\0\xb0\x7d\0\0\0\0\0\
\0\x04\0\0\0\x01\0\0\0\xc0\x7d\0\0\0\0\0\0\x04\0\0\0\x01\0\0\0\xd0\x7d\0\0\0\0\
\0\0\x04\0\0\0\x01\0\0\0\xe0\x7d\0\0\0\0\0\0\x04\0\0\0\x01\0\0\0\xf0\x7d\0\0\0\
\0\0\0\x04\0\0\0\x01\0\0\0\0\x7e\0\0\0\0\0\0\x04\0\0\0\x01\0\0\0\x10\x7e\0\0\0\
\0\0\0\x04\0\0\0\x01\0\0\0\x20\x7e\0\0\0\0\0\0\x04\0\0\0\x01\0\0\0\x30\x7e\0\0\
\0\0\0\0\x04\0\0\0\x01\0\0\0\x40\x7e\0\0\0\0\0\0\x04\0\0\0\x01\0\0\0\x50\x7e\0\
\0\0\0\0\0\x04\0\0\0\x01\0\0\0\x60\x7e\0\0\0\0\0\0\x04\0\0\0\x01\0\0\0\x70\x7e\
\0\0\0\0\0\0\x04\0\0\0\x01\0\0\0\x80\x7e\0\0\0\0\0\0\x04\0\0\0\x01\0\0\0\x90\
\x7e\0\0\0\0\0\0\x04\0\0\0\x01\0\0\0\xa0\x7e\0\0\0\0\0\0\x04\0\0\0\x01\0\0\0\
\xb0\x7e\0\0\0\0\0\0\x04\0\0\0\x01\0\0\0\xc0\x7e\0\0\0\0\0\0\x04\0\0\0\x01\0\0\
\0\xd0\x7e\0\0\0\0\0\0\x04\0\0\0\x01\0\0\0\xe0\x7e\0\0\0\0\0\0\x04\0\0\0\x01\0\
\0\0\xf0\x7e\0\0\0\0\0\0\x04\0\0\0\x01\0\0\0\0\x7f\0\0\0\0\0\0\x04\0\0\0\x01\0\
\0\0\x10\x7f\0\0\0\0\0\0\x04\0\0\0\x01\0\0\0\x20\x7f\0\0\0\0\0\0\x04\0\0\0\x01\
\0\0\0\x30\x7f\0\0\0\0\0\0\x04\0\0\0\x01\0\0\0\x40\x7f\0\0\0\0\0\0\x04\0\0\0\
\x01\0\0\0\x50\x7f\0\0\0\0\0\0\x04\0\0\0\x01\0\0\0\x60\x7f\0\0\0\0\0\0\x04\0\0\
\0\x01\0\0\0\x70\x7f\0\0\0\0\0\0\x04\0\0\0\x01\0\0\0\x80\x7f\0\0\0\0\0\0\x04\0\
\0\0\x01\0\0\0\x90\x7f\0\0\0\0\0\0\x04\0\0\0\x01\0\0\0\xa0\x7f\0\0\0\0\0\0\x04\
\0\0\0\x01\0\0\0\xb0\x7f\0\0\0\0\0\0\x04\0\0\0\x01\0\0\0\xc0\x7f\0\0\0\0\0\0\
\x04\0\0\0\x01\0\0\0\xd0\x7f\0\0\0\0\0\0\x04\0\0\0\x01\0\0\0\xe0\x7f\0\0\0\0\0\
\0\x04\0\0\0\x01\0\0\0\xf0\x7f\0\0\0\0\0\0\x04\0\0\0\x01\0\0\0\0\x80\0\0\0\0\0\
\0\x04\0\0\0\x01\0\0\0\x10\x80\0\0\0\0\0\0\x04\0\0\0\x01\0\0\0\x20\x80\0\0\0\0\
\0\0\x04\0\0\0\x01\0\0\0\x30\x80\0\0\0\0\0\0\x04\0\0\0\x01\0\0\0\x40\x80\0\0\0\
\0\0\0\x04\0\0\0\x01\0\0\0\x50\x80\0\0\0\0\0\0\x04\0\0\0\x01\0\0\0\x60\x80\0\0\
\0\0\0\0\x04\0\0\0\x01\0\0\0\x70\x80\0\0\0\0\0\0\x04\0\0\0\x01\0\0\0\x80\x80\0\
\0\0\0\0\0\x04\0\0\0\x01\0\0\0\x90\x80\0\0\0\0\0\0\x04\0\0\0\x01\0\0\0\xa0\x80\
\0\0\0\0\0\0\x04\0\0\0\x01\0\0\0\xb0\x80\0\0\0\0\0\0\x04\0\0\0\x01\0\0\0\xc0\
\x80\0\0\0\0\0\0\x04\0\0\0\x01\0\0\0\xd0\x80\0\0\0\0\0\0\x04\0\0\0\x01\0\0\0\
\xe0\x80\0\0\0\0\0\0\x04\0\0\0\x01\0\0\0\xf0\x80\0\0\0\0\0\0\x04\0\0\0\x01\0\0\
\0\0\x81\0\0\0\0\0\0\x04\0\0\0\x01\0\0\0\x10\x81\0\0\0\0\0\0\x04\0\0\0\x01\0\0\
\0\x20\x81\0\0\0\0\0\0\x04\0\0\0\x01\0\0\0\x30\x81\0\0\0\0\0\0\x04\0\0\0\x01\0\
\0\0\x40\x81\0\0\0\0\0\0\x04\0\0\0\x01\0\0\0\x50\x81\0\0\0\0\0\0\x04\0\0\0\x01\
\0\0\0\x60\x81\0\0\0\0\0\0\x04\0\0\0\x01\0\0\0\x70\x81\0\0\0\0\0\0\x04\0\0\0\
\x01\0\0\0\x80\x81\0\0\0\0\0\0\x04\0\0\0\x01\0\0\0\x90\x81\0\0\0\0\0\0\x04\0\0\
\0\x01\0\0\0\xa0\x81\0\0\0\0\0\0\x04\0\0\0\x01\0\0\0\xb0\x81\0\0\0\0\0\0\x04\0\
\0\0\x01\0\0\0\xc0\x81\0\0\0\0\0\0\x04\0\0\0\x01\0\0\0\xd0\x81\0\0\0\0\0\0\x04\
\0\0\0\x01\0\0\0\xe0\x81\0\0\0\0\0\0\x04\0\0\0\x01\0\0\0\xf0\x81\0\0\0\0\0\0\
\x04\0\0\0\x01\0\0\0\0\x82\0\0\0\0\0\0\x04\0\0\0\x01\0\0\0\x10\x82\0\0\0\0\0\0\
\x04\0\0\0\x01\0\0\0\x20\x82\0\0\0\0\0\0\x04\0\0\0\x01\0\0\0\x30\x82\0\0\0\0\0\
\0\x04\0\0\0\x01\0\0\0\x40\x82\0\0\0\0\0\0\x04\0\0\0\x01\0\0\0\x50\x82\0\0\0\0\
\0\0\x04\0\0\0\x01\0\0\0\x60\x82\0\0\0\0\0\0\x04\0\0\0\x01\0\0\0\x70\x82\0\0\0\
\0\0\0\x04\0\0\0\x01\0\0\0\x80\x82\0\0\0\0\0\0\x04\0\0\0\x01\0\0\0\x90\x82\0\0\
\0\0\0\0\x04\0\0\0\x01\0\0\0\xa0\x82\0\0\0\0\0\0\x04\0\0\0\x01\0\0\0\xb0\x82\0\
\0\0\0\0\0\x04\0\0\0\x01\0\0\0\xc0\x82\0\0\0\0\0\0\x04\0\0\0\x01\0\0\0\xd0\x82\
\0\0\0\0\0\0\x04\0\0\0\x01\0\0\0\xe0\x82\0\0\0\0\0\0\x04\0\0\0\x01\0\0\0\xf0\
\x82\0\0\0\0\0\0\x04\0\0\0\x01\0\0\0\0\x83\0\0\0\0\0\0\x04\0\0\0\x01\0\0\0\x10\
\x83\0\0\0\0\0\0\x04\0\0\0\x01\0\0\0\x20\x83\0\0\0\0\0\0\x04\0\0\0\x01\0\0\0\
\x30\x83\0\0\0\0\0\0\x04\0\0\0\x01\0\0\0\x40\x83\0\0\0\0\0\0\x04\0\0\0\x01\0\0\
\0\x50\x83\0\0\0\0\0\0\x04\0\0\0\x01\0\0\0\x60\x83\0\0\0\0\0\0\x04\0\0\0\x01\0\
\0\0\x70\x83\0\0\0\0\0\0\x04\0\0\0\x01\0\0\0\x80\x83\0\0\0\0\0\0\x04\0\0\0\x01\
\0\0\0\x90\x83\0\0\0\0\0\0\x04\0\0\0\x01\0\0\0\xa0\x83\0\0\0\0\0\0\x04\0\0\0\
\x01\0\0\0\xb0\x83\0\0\0\0\0\0\x04\0\0\0\x01\0\0\0\xc0\x83\0\0\0\0\0\0\x04\0\0\
\0\x01\0\0\0\xd0\x83\0\0\0\0\0\0\x04\0\0\0\x01\0\0\0\xe0\x83\0\0\0\0\0\0\x04\0\
\0\0\x01\0\0\0\xf0\x83\0\0\0\0\0\0\x04\0\0\0\x01\0\0\0\0\x84\0\0\0\0\0\0\x04\0\
\0\0\x01\0\0\0\x10\x84\0\0\0\0\0\0\x04\0\0\0\x01\0\0\0\x20\x84\0\0\0\0\0\0\x04\
\0\0\0\x01\0\0\0\x30\x84\0\0\0\0\0\0\x04\0\0\0\x01\0\0\0\x40\x84\0\0\0\0\0\0\
\x04\0\0\0\x01\0\0\0\x50\x84\0\0\0\0\0\0\x04\0\0\0\x01\0\0\0\x60\x84\0\0\0\0\0\
\0\x04\0\0\0\x01\0\0\0\x70\x84\0\0\0\0\0\0\x04\0\0\0\x01\0\0\0\x80\x84\0\0\0\0\
\0\0\x04\0\0\0\x01\0\0\0\x90\x84\0\0\0\0\0\0\x04\0\0\0\x01\0\0\0\xa0\x84\0\0\0\
\0\0\0\x04\0\0\0\x01\0\0\0\xb0\x84\0\0\0\0\0\0\x04\0\0\0\x01\0\0\0\xc0\x84\0\0\
\0\0\0\0\x04\0\0\0\x01\0\0\0\xd0\x84\0\0\0\0\0\0\x04\0\0\0\x01\0\0\0\xe0\x84\0\
\0\0\0\0\0\x04\0\0\0\x01\0\0\0\xf0\x84\0\0\0\0\0\0\x04\0\0\0\x01\0\0\0\0\x85\0\
\0\0\0\0\0\x04\0\0\0\x01\0\0\0\x10\x85\0\0\0\0\0\0\x04\0\0\0\x01\0\0\0\x20\x85\
\0\0\0\0\0\0\x04\0\0\0\x01\0\0\0\x30\x85\0\0\0\0\0\0\x04\0\0\0\x01\0\0\0\x40\
\x85\0\0\0\0\0\0\x04\0\0\0\x01\0\0\0\x50\x85\0\0\0\0\0\0\x04\0\0\0\x01\0\0\0\
\x60\x85\0\0\0\0\0\0\x04\0\0\0\x01\0\0\0\x70\x85\0\0\0\0\0\0\x04\0\0\0\x01\0\0\
\0\x80\x85\0\0\0\0\0\0\x04\0\0\0\x01\0\0\0\x90\x85\0\0\0\0\0\0\x04\0\0\0\x01\0\
\0\0\xa0\x85\0\0\0\0\0\0\x04\0\0\0\x01\0\0\0\xb0\x85\0\0\0\0\0\0\x04\0\0\0\x01\
\0\0\0\xc0\x85\0\0\0\0\0\0\x04\0\0\0\x01\0\0\0\xd0\x85\0\0\0\0\0\0\x04\0\0\0\
\x01\0\0\0\xe0\x85\0\0\0\0\0\0\x04\0\0\0\x01\0\0\0\xf0\x85\0\0\0\0\0\0\x04\0\0\
\0\x01\0\0\0\0\x86\0\0\0\0\0\0\x04\0\0\0\x01\0\0\0\x10\x86\0\0\0\0\0\0\x04\0\0\
\0\x01\0\0\0\x20\x86\0\0\0\0\0\0\x04\0\0\0\x01\0\0\0\x30\x86\0\0\0\0\0\0\x04\0\
\0\0\x01\0\0\0\x40\x86\0\0\0\0\0\0\x04\0\0\0\x01\0\0\0\x50\x86\0\0\0\0\0\0\x04\
\0\0\0\x01\0\0\0\x60\x86\0\0\0\0\0\0\x04\0\0\0\x01\0\0\0\x70\x86\0\0\0\0\0\0\
\x04\0\0\0\x01\0\0\0\x80\x86\0\0\0\0\0\0\x04\0\0\0\x01\0\0\0\x90\x86\0\0\0\0\0\
\0\x04\0\0\0\x01\0\0\0\xa0\x86\0\0\0\0\0\0\x04\0\0\0\x01\0\0\0\xb0\x86\0\0\0\0\
\0\0\x04\0\0\0\x01\0\0\0\xc0\x86\0\0\0\0\0\0\x04\0\0\0\x01\0\0\0\xd0\x86\0\0\0\
\0\0\0\x04\0\0\0\x01\0\0\0\xe0\x86\0\0\0\0\0\0\x04\0\0\0\x01\0\0\0\xf0\x86\0\0\
\0\0\0\0\x04\0\0\0\x01\0\0\0\0\x87\0\0\0\0\0\0\x04\0\0\0\x01\0\0\0\x10\x87\0\0\
\0\0\0\0\x04\0\0\0\x01\0\0\0\x20\x87\0\0\0\0\0\0\x04\0\0\0\x01\0\0\0\x30\x87\0\
\0\0\0\0\0\x04\0\0\0\x01\0\0\0\x40\x87\0\0\0\0\0\0\x04\0\0\0\x01\0\0\0\x50\x87\
\0\0\0\0\0\0\x04\0\0\0\x01\0\0\0\x60\x87\0\0\0\0\0\0\x04\0\0\0\x01\0\0\0\x70\
\x87\0\0\0\0\0\0\x04\0\0\0\x01\0\0\0\x80\x87\0\0\0\0\0\0\x04\0\0\0\x01\0\0\0\
\x90\x87\0\0\0\0\0\0\x04\0\0\0\x01\0\0\0\xa0\x87\0\0\0\0\0\0\x04\0\0\0\x01\0\0\
\0\xb0\x87\0\0\0\0\0\0\x04\0\0\0\x01\0\0\0\xc0\x87\0\0\0\0\0\0\x04\0\0\0\x01\0\
\0\0\xd0\x87\0\0\0\0\0\0\x04\0\0\0\x01\0\0\0\xe0\x87\0\0\0\0\0\0\x04\0\0\0\x01\
\0\0\0\xf0\x87\0\0\0\0\0\0\x04\0\0\0\x01\0\0\0\0\x88\0\0\0\0\0\0\x04\0\0\0\x01\
\0\0\0\x10\x88\0\0\0\0\0\0\x04\0\0\0\x01\0\0\0\x20\x88\0\0\0\0\0\0\x04\0\0\0\
\x01\0\0\0\x30\x88\0\0\0\0\0\0\x04\0\0\0\x01\0\0\0\x40\x88\0\0\0\0\0\0\x04\0\0\
\0\x01\0\0\0\x50\x88\0\0\0\0\0\0\x04\0\0\0\x01\0\0\0\x60\x88\0\0\0\0\0\0\x04\0\
\0\0\x01\0\0\0\x70\x88\0\0\0\0\0\0\x04\0\0\0\x01\0\0\0\x80\x88\0\0\0\0\0\0\x04\
\0\0\0\x01\0\0\0\x90\x88\0\0\0\0\0\0\x04\0\0\0\x01\0\0\0\xa0\x88\0\0\0\0\0\0\
\x04\0\0\0\x01\0\0\0\xb0\x88\0\0\0\0\0\0\x04\0\0\0\x01\0\0\0\xc0\x88\0\0\0\0\0\
\0\x04\0\0\0\x01\0\0\0\xd0\x88\0\0\0\0\0\0\x04\0\0\0\x01\0\0\0\xe0\x88\0\0\0\0\
\0\0\x04\0\0\0\x01\0\0\0\xf0\x88\0\0\0\0\0\0\x04\0\0\0\x01\0\0\0\0\x89\0\0\0\0\
\0\0\x04\0\0\0\x01\0\0\0\x10\x89\0\0\0\0\0\0\x04\0\0\0\x01\0\0\0\x20\x89\0\0\0\
\0\0\0\x04\0\0\0\x01\0\0\0\x30\x89\0\0\0\0\0\0\x04\0\0\0\x01\0\0\0\x40\x89\0\0\
\0\0\0\0\x04\0\0\0\x01\0\0\0\x50\x89\0\0\0\0\0\0\x04\0\0\0\x01\0\0\0\x60\x89\0\
\0\0\0\0\0\x04\0\0\0\x01\0\0\0\x70\x89\0\0\0\0\0\0\x04\0\0\0\x01\0\0\0\x80\x89\
\0\0\0\0\0\0\x04\0\0\0\x01\0\0\0\x90\x89\0\0\0\0\0\0\x04\0\0\0\x01\0\0\0\xa0\
\x89\0\0\0\0\0\0\x04\0\0\0\x01\0\0\0\xb0\x89\0\0\0\0\0\0\x04\0\0\0\x01\0\0\0\
\xc0\x89\0\0\0\0\0\0\x04\0\0\0\x01\0\0\0\xd0\x89\0\0\0\0\0\0\x04\0\0\0\x01\0\0\
\0\xe0\x89\0\0\0\0\0\0\x04\0\0\0\x01\0\0\0\xf0\x89\0\0\0\0\0\0\x04\0\0\0\x01\0\
\0\0\0\x8a\0\0\0\0\0\0\x04\0\0\0\x01\0\0\0\x10\x8a\0\0\0\0\0\0\x04\0\0\0\x01\0\
\0\0\x20\x8a\0\0\0\0\0\0\x04\0\0\0\x01\0\0\0\x30\x8a\0\0\0\0\0\0\x04\0\0\0\x01\
\0\0\0\x40\x8a\0\0\0\0\0\0\x04\0\0\0\x01\0\0\0\x50\x8a\0\0\0\0\0\0\x04\0\0\0\
\x01\0\0\0\x60\x8a\0\0\0\0\0\0\x04\0\0\0\x01\0\0\0\x70\x8a\0\0\0\0\0\0\x04\0\0\
\0\x01\0\0\0\x80\x8a\0\0\0\0\0\0\x04\0\0\0\x01\0\0\0\x90\x8a\0\0\0\0\0\0\x04\0\
\0\0\x01\0\0\0\xa0\x8a\0\0\0\0\0\0\x04\0\0\0\x01\0\0\0\xb0\x8a\0\0\0\0\0\0\x04\
\0\0\0\x01\0\0\0\xc0\x8a\0\0\0\0\0\0\x04\0\0\0\x01\0\0\0\xd0\x8a\0\0\0\0\0\0\
\x04\0\0\0\x01\0\0\0\xe0\x8a\0\0\0\0\0\0\x04\0\0\0\x01\0\0\0\xf0\x8a\0\0\0\0\0\
\0\x04\0\0\0\x01\0\0\0\0\x8b\0\0\0\0\0\0\x04\0\0\0\x01\0\0\0\x10\x8b\0\0\0\0\0\
\0\x04\0\0\0\x01\0\0\0\x20\x8b\0\0\0\0\0\0\x04\0\0\0\x01\0\0\0\x30\x8b\0\0\0\0\
\0\0\x04\0\0\0\x01\0\0\0\x40\x8b\0\0\0\0\0\0\x04\0\0\0\x01\0\0\0\x50\x8b\0\0\0\
\0\0\0\x04\0\0\0\x01\0\0\0\x60\x8b\0\0\0\0\0\0\x04\0\0\0\x01\0\0\0\x70\x8b\0\0\
\0\0\0\0\x04\0\0\0\x01\0\0\0\x80\x8b\0\0\0\0\0\0\x04\0\0\0\x01\0\0\0\x90\x8b\0\
\0\0\0\0\0\x04\0\0\0\x01\0\0\0\xa0\x8b\0\0\0\0\0\0\x04\0\0\0\x01\0\0\0\xb0\x8b\
\0\0\0\0\0\0\x04\0\0\0\x01\0\0\0\xc0\x8b\0\0\0\0\0\0\x04\0\0\0\x01\0\0\0\xd0\
\x8b\0\0\0\0\0\0\x04\0\0\0\x01\0\0\0\xe0\x8b\0\0\0\0\0\0\x04\0\0\0\x01\0\0\0\
\xf0\x8b\0\0\0\0\0\0\x04\0\0\0\x01\0\0\0\0\x8c\0\0\0\0\0\0\x04\0\0\0\x01\0\0\0\
\x10\x8c\0\0\0\0\0\0\x04\0\0\0\x01\0\0\0\x20\x8c\0\0\0\0\0\0\x04\0\0\0\x01\0\0\
\0\x30\x8c\0\0\0\0\0\0\x04\0\0\0\x01\0\0\0\x40\x8c\0\0\0\0\0\0\x04\0\0\0\x01\0\
\0\0\x50\x8c\0\0\0\0\0\0\x04\0\0\0\x01\0\0\0\x60\x8c\0\0\0\0\0\0\x04\0\0\0\x01\
\0\0\0\x70\x8c\0\0\0\0\0\0\x04\0\0\0\x01\0\0\0\x80\x8c\0\0\0\0\0\0\x04\0\0\0\
\x01\0\0\0\x90\x8c\0\0\0\0\0\0\x04\0\0\0\x01\0\0\0\xa0\x8c\0\0\0\0\0\0\x04\0\0\
\0\x01\0\0\0\xb0\x8c\0\0\0\0\0\0\x04\0\0\0\x01\0\0\0\xc0\x8c\0\0\0\0\0\0\x04\0\
\0\0\x01\0\0\0\xd0\x8c\0\0\0\0\0\0\x04\0\0\0\x01\0\0\0\xe0\x8c\0\0\0\0\0\0\x04\
\0\0\0\x01\0\0\0\xf0\x8c\0\0\0\0\0\0\x04\0\0\0\x01\0\0\0\0\x8d\0\0\0\0\0\0\x04\
\0\0\0\x01\0\0\0\x10\x8d\0\0\0\0\0\0\x04\0\0\0\x01\0\0\0\x20\x8d\0\0\0\0\0\0\
\x04\0\0\0\x01\0\0\0\x30\x8d\0\0\0\0\0\0\x04\0\0\0\x01\0\0\0\x40\x8d\0\0\0\0\0\
\0\x04\0\0\0\x01\0\0\0\x50\x8d\0\0\0\0\0\0\x04\0\0\0\x01\0\0\0\x60\x8d\0\0\0\0\
\0\0\x04\0\0\0\x01\0\0\0\x70\x8d\0\0\0\0\0\0\x04\0\0\0\x01\0\0\0\x80\x8d\0\0\0\
\0\0\0\x04\0\0\0\x01\0\0\0\x90\x8d\0\0\0\0\0\0\x04\0\0\0\x01\0\0\0\xa0\x8d\0\0\
\0\0\0\0\x04\0\0\0\x01\0\0\0\xb0\x8d\0\0\0\0\0\0\x04\0\0\0\x01\0\0\0\xc0\x8d\0\
\0\0\0\0\0\x04\0\0\0\x01\0\0\0\xd0\x8d\0\0\0\0\0\0\x04\0\0\0\x01\0\0\0\xe0\x8d\
\0\0\0\0\0\0\x04\0\0\0\x01\0\0\0\xf0\x8d\0\0\0\0\0\0\x04\0\0\0\x01\0\0\0\0\x8e\
\0\0\0\0\0\0\x04\0\0\0\x01\0\0\0\x10\x8e\0\0\0\0\0\0\x04\0\0\0\x01\0\0\0\x20\
\x8e\0\0\0\0\0\0\x04\0\0\0\x01\0\0\0\x30\x8e\0\0\0\0\0\0\x04\0\0\0\x01\0\0\0\
\x40\x8e\0\0\0\0\0\0\x04\0\0\0\x01\0\0\0\x50\x8e\0\0\0\0\0\0\x04\0\0\0\x01\0\0\
\0\x60\x8e\0\0\0\0\0\0\x04\0\0\0\x01\0\0\0\x70\x8e\0\0\0\0\0\0\x04\0\0\0\x01\0\
\0\0\x80\x8e\0\0\0\0\0\0\x04\0\0\0\x01\0\0\0\x90\x8e\0\0\0\0\0\0\x04\0\0\0\x01\
\0\0\0\xa0\x8e\0\0\0\0\0\0\x04\0\0\0\x01\0\0\0\xb0\x8e\0\0\0\0\0\0\x04\0\0\0\
\x01\0\0\0\xc0\x8e\0\0\0\0\0\0\x04\0\0\0\x01\0\0\0\xd0\x8e\0\0\0\0\0\0\x04\0\0\
\0\x01\0\0\0\xe0\x8e\0\0\0\0\0\0\x04\0\0\0\x01\0\0\0\xf0\x8e\0\0\0\0\0\0\x04\0\
\0\0\x01\0\0\0\0\x8f\0\0\0\0\0\0\x04\0\0\0\x01\0\0\0\x10\x8f\0\0\0\0\0\0\x04\0\
\0\0\x01\0\0\0\x20\x8f\0\0\0\0\0\0\x04\0\0\0\x01\0\0\0\x30\x8f\0\0\0\0\0\0\x04\
\0\0\0\x01\0\0\0\x40\x8f\0\0\0\0\0\0\x04\0\0\0\x01\0\0\0\x50\x8f\0\0\0\0\0\0\
\x04\0\0\0\x01\0\0\0\x60\x8f\0\0\0\0\0\0\x04\0\0\0\x01\0\0\0\x70\x8f\0\0\0\0\0\
\0\x04\0\0\0\x01\0\0\0\x80\x8f\0\0\0\0\0\0\x04\0\0\0\x01\0\0\0\x90\x8f\0\0\0\0\
\0\0\x04\0\0\0\x01\0\0\0\xa0\x8f\0\0\0\0\0\0\x04\0\0\0\x01\0\0\0\xb0\x8f\0\0\0\
\0\0\0\x04\0\0\0\x01\0\0\0\xc0\x8f\0\0\0\0\0\0\x04\0\0\0\x01\0\0\0\xd0\x8f\0\0\
\0\0\0\0\x04\0\0\0\x01\0\0\0\xe0\x8f\0\0\0\0\0\0\x04\0\0\0\x01\0\0\0\xf0\x8f\0\
\0\0\0\0\0\x04\0\0\0\x01\0\0\0\0\x90\0\0\0\0\0\0\x04\0\0\0\x01\0\0\0\x10\x90\0\
\0\0\0\0\0\x04\0\0\0\x01\0\0\0\x20\x90\0\0\0\0\0\0\x04\0\0\0\x01\0\0\0\x30\x90\
\0\0\0\0\0\0\x04\0\0\0\x01\0\0\0\x40\x90\0\0\0\0\0\0\x04\0\0\0\x01\0\0\0\x50\
\x90\0\0\0\0\0\0\x04\0\0\0\x01\0\0\0\x60\x90\0\0\0\0\0\0\x04\0\0\0\x01\0\0\0\
\x70\x90\0\0\0\0\0\0\x04\0\0\0\x01\0\0\0\x80\x90\0\0\0\0\0\0\x04\0\0\0\x01\0\0\
\0\x90\x90\0\0\0\0\0\0\x04\0\0\0\x01\0\0\0\xa0\x90\0\0\0\0\0\0\x04\0\0\0\x01\0\
\0\0\xb0\x90\0\0\0\0\0\0\x04\0\0\0\x01\0\0\0\xc0\x90\0\0\0\0\0\0\x04\0\0\0\x01\
\0\0\0\xd0\x90\0\0\0\0\0\0\x04\0\0\0\x01\0\0\0\xe0\x90\0\0\0\0\0\0\x04\0\0\0\
\x01\0\0\0\xf0\x90\0\0\0\0\0\0\x04\0\0\0\x01\0\0\0\0\x91\0\0\0\0\0\0\x04\0\0\0\
\x01\0\0\0\x10\x91\0\0\0\0\0\0\x04\0\0\0\x01\0\0\0\x20\x91\0\0\0\0\0\0\x04\0\0\
\0\x01\0\0\0\x30\x91\0\0\0\0\0\0\x04\0\0\0\x01\0\0\0\x40\x91\0\0\0\0\0\0\x04\0\
\0\0\x01\0\0\0\x50\x91\0\0\0\0\0\0\x04\0\0\0\x01\0\0\0\x60\x91\0\0\0\0\0\0\x04\
\0\0\0\x01\0\0\0\x70\x91\0\0\0\0\0\0\x04\0\0\0\x01\0\0\0\x80\x91\0\0\0\0\0\0\
\x04\0\0\0\x01\0\0\0\x90\x91\0\0\0\0\0\0\x04\0\0\0\x01\0\0\0\xa0\x91\0\0\0\0\0\
\0\x04\0\0\0\x01\0\0\0\xb0\x91\0\0\0\0\0\0\x04\0\0\0\x01\0\0\0\xc0\x91\0\0\0\0\
\0\0\x04\0\0\0\x01\0\0\0\xd0\x91\0\0\0\0\0\0\x04\0\0\0\x01\0\0\0\xe0\x91\0\0\0\
\0\0\0\x04\0\0\0\x01\0\0\0\xf0\x91\0\0\0\0\0\0\x04\0\0\0\x01\0\0\0\0\x92\0\0\0\
\0\0\0\x04\0\0\0\x01\0\0\0\x10\x92\0\0\0\0\0\0\x04\0\0\0\x01\0\0\0\x20\x92\0\0\
\0\0\0\0\x04\0\0\0\x01\0\0\0\x30\x92\0\0\0\0\0\0\x04\0\0\0\x01\0\0\0\x40\x92\0\
\0\0\0\0\0\x04\0\0\0\x01\0\0\0\x50\x92\0\0\0\0\0\0\x04\0\0\0\x01\0\0\0\x60\x92\
\0\0\0\0\0\0\x04\0\0\0\x01\0\0\0\x70\x92\0\0\0\0\0\0\x04\0\0\0\x01\0\0\0\x80\
\x92\0\0\0\0\0\0\x04\0\0\0\x01\0\0\0\x90\x92\0\0\0\0\0\0\x04\0\0\0\x01\0\0\0\
\xa0\x92\0\0\0\0\0\0\x04\0\0\0\x01\0\0\0\xb0\x92\0\0\0\0\0\0\x04\0\0\0\x01\0\0\
\0\xc0\x92\0\0\0\0\0\0\x04\0\0\0\x01\0\0\0\xd0\x92\0\0\0\0\0\0\x04\0\0\0\x01\0\
\0\0\xe0\x92\0\0\0\0\0\0\x04\0\0\0\x01\0\0\0\xf0\x92\0\0\0\0\0\0\x04\0\0\0\x01\
\0\0\0\0\x93\0\0\0\0\0\0\x04\0\0\0\x01\0\0\0\x10\x93\0\0\0\0\0\0\x04\0\0\0\x01\
\0\0\0\x20\x93\0\0\0\0\0\0\x04\0\0\0\x01\0\0\0\x30\x93\0\0\0\0\0\0\x04\0\0\0\
\x01\0\0\0\x40\x93\0\0\0\0\0\0\x04\0\0\0\x01\0\0\0\x50\x93\0\0\0\0\0\0\x04\0\0\
\0\x01\0\0\0\x60\x93\0\0\0\0\0\0\x04\0\0\0\x01\0\0\0\x70\x93\0\0\0\0\0\0\x04\0\
\0\0\x01\0\0\0\x80\x93\0\0\0\0\0\0\x04\0\0\0\x01\0\0\0\x90\x93\0\0\0\0\0\0\x04\
\0\0\0\x01\0\0\0\xa0\x93\0\0\0\0\0\0\x04\0\0\0\x01\0\0\0\xb0\x93\0\0\0\0\0\0\
\x04\0\0\0\x01\0\0\0\xc0\x93\0\0\0\0\0\0\x04\0\0\0\x01\0\0\0\xd0\x93\0\0\0\0\0\
\0\x04\0\0\0\x01\0\0\0\xe0\x93\0\0\0\0\0\0\x04\0\0\0\x01\0\0\0\xf0\x93\0\0\0\0\
\0\0\x04\0\0\0\x01\0\0\0\0\x94\0\0\0\0\0\0\x04\0\0\0\x01\0\0\0\x10\x94\0\0\0\0\
\0\0\x04\0\0\0\x01\0\0\0\x20\x94\0\0\0\0\0\0\x04\0\0\0\x01\0\0\0\x30\x94\0\0\0\
\0\0\0\x04\0\0\0\x01\0\0\0\x40\x94\0\0\0\0\0\0\x04\0\0\0\x01\0\0\0\x50\x94\0\0\
\0\0\0\0\x04\0\0\0\x01\0\0\0\x60\x94\0\0\0\0\0\0\x04\0\0\0\x01\0\0\0\x70\x94\0\
\0\0\0\0\0\x04\0\0\0\x01\0\0\0\x80\x94\0\0\0\0\0\0\x04\0\0\0\x01\0\0\0\x90\x94\
\0\0\0\0\0\0\x04\0\0\0\x01\0\0\0\xa0\x94\0\0\0\0\0\0\x04\0\0\0\x01\0\0\0\xb0\
\x94\0\0\0\0\0\0\x04\0\0\0\x01\0\0\0\xc0\x94\0\0\0\0\0\0\x04\0\0\0\x01\0\0\0\
\xd0\x94\0\0\0\0\0\0\x04\0\0\0\x01\0\0\0\xe0\x94\0\0\0\0\0\0\x04\0\0\0\x01\0\0\
\0\xf0\x94\0\0\0\0\0\0\x04\0\0\0\x01\0\0\0\0\x95\0\0\0\0\0\0\x04\0\0\0\x01\0\0\
\0\x10\x95\0\0\0\0\0\0\x04\0\0\0\x01\0\0\0\x20\x95\0\0\0\0\0\0\x04\0\0\0\x01\0\
\0\0\x30\x95\0\0\0\0\0\0\x04\0\0\0\x01\0\0\0\x40\x95\0\0\0\0\0\0\x04\0\0\0\x01\
\0\0\0\x50\x95\0\0\0\0\0\0\x04\0\0\0\x01\0\0\0\x60\x95\0\0\0\0\0\0\x04\0\0\0\
\x01\0\0\0\x70\x95\0\0\0\0\0\0\x04\0\0\0\x01\0\0\0\x80\x95\0\0\0\0\0\0\x04\0\0\
\0\x01\0\0\0\x90\x95\0\0\0\0\0\0\x04\0\0\0\x01\0\0\0\xa0\x95\0\0\0\0\0\0\x04\0\
\0\0\x01\0\0\0\xb0\x95\0\0\0\0\0\0\x04\0\0\0\x01\0\0\0\xc0\x95\0\0\0\0\0\0\x04\
\0\0\0\x01\0\0\0\xd0\x95\0\0\0\0\0\0\x04\0\0\0\x01\0\0\0\xe0\x95\0\0\0\0\0\0\
\x04\0\0\0\x01\0\0\0\xf0\x95\0\0\0\0\0\0\x04\0\0\0\x01\0\0\0\0\x96\0\0\0\0\0\0\
\x04\0\0\0\x01\0\0\0\x10\x96\0\0\0\0\0\0\x04\0\0\0\x01\0\0\0\x20\x96\0\0\0\0\0\
\0\x04\0\0\0\x01\0\0\0\x30\x96\0\0\0\0\0\0\x04\0\0\0\x01\0\0\0\x40\x96\0\0\0\0\
\0\0\x04\0\0\0\x01\0\0\0\x50\x96\0\0\0\0\0\0\x04\0\0\0\x01\0\0\0\x60\x96\0\0\0\
\0\0\0\x04\0\0\0\x01\0\0\0\x70\x96\0\0\0\0\0\0\x04\0\0\0\x01\0\0\0\x80\x96\0\0\
\0\0\0\0\x04\0\0\0\x01\0\0\0\x90\x96\0\0\0\0\0\0\x04\0\0\0\x01\0\0\0\xa0\x96\0\
\0\0\0\0\0\x04\0\0\0\x01\0\0\0\xb0\x96\0\0\0\0\0\0\x04\0\0\0\x01\0\0\0\xc0\x96\
\0\0\0\0\0\0\x04\0\0\0\x01\0\0\0\xd0\x96\0\0\0\0\0\0\x04\0\0\0\x01\0\0\0\xe0\
\x96\0\0\0\0\0\0\x04\0\0\0\x01\0\0\0\xf0\x96\0\0\0\0\0\0\x04\0\0\0\x01\0\0\0\0\
\x97\0\0\0\0\0\0\x04\0\0\0\x01\0\0\0\x10\x97\0\0\0\0\0\0\x04\0\0\0\x01\0\0\0\
\x20\x97\0\0\0\0\0\0\x04\0\0\0\x01\0\0\0\x30\x97\0\0\0\0\0\0\x04\0\0\0\x01\0\0\
\0\x40\x97\0\0\0\0\0\0\x04\0\0\0\x01\0\0\0\x50\x97\0\0\0\0\0\0\x04\0\0\0\x01\0\
\0\0\x60\x97\0\0\0\0\0\0\x04\0\0\0\x01\0\0\0\x70\x97\0\0\0\0\0\0\x04\0\0\0\x01\
\0\0\0\x80\x97\0\0\0\0\0\0\x04\0\0\0\x01\0\0\0\x90\x97\0\0\0\0\0\0\x04\0\0\0\
\x01\0\0\0\xa0\x97\0\0\0\0\0\0\x04\0\0\0\x01\0\0\0\xb0\x97\0\0\0\0\0\0\x04\0\0\
\0\x01\0\0\0\xc0\x97\0\0\0\0\0\0\x04\0\0\0\x01\0\0\0\xd0\x97\0\0\0\0\0\0\x04\0\
\0\0\x01\0\0\0\xe0\x97\0\0\0\0\0\0\x04\0\0\0\x01\0\0\0\xf0\x97\0\0\0\0\0\0\x04\
\0\0\0\x01\0\0\0\0\x98\0\0\0\0\0\0\x04\0\0\0\x01\0\0\0\x10\x98\0\0\0\0\0\0\x04\
\0\0\0\x01\0\0\0\x20\x98\0\0\0\0\0\0\x04\0\0\0\x01\0\0\0\x30\x98\0\0\0\0\0\0\
\x04\0\0\0\x01\0\0\0\x40\x98\0\0\0\0\0\0\x04\0\0\0\x01\0\0\0\x50\x98\0\0\0\0\0\
\0\x04\0\0\0\x01\0\0\0\x60\x98\0\0\0\0\0\0\x04\0\0\0\x01\0\0\0\x70\x98\0\0\0\0\
\0\0\x04\0\0\0\x01\0\0\0\x80\x98\0\0\0\0\0\0\x04\0\0\0\x01\0\0\0\x90\x98\0\0\0\
\0\0\0\x04\0\0\0\x01\0\0\0\xa0\x98\0\0\0\0\0\0\x04\0\0\0\x01\0\0\0\xb0\x98\0\0\
\0\0\0\0\x04\0\0\0\x01\0\0\0\xc0\x98\0\0\0\0\0\0\x04\0\0\0\x01\0\0\0\xd0\x98\0\
\0\0\0\0\0\x04\0\0\0\x01\0\0\0\xe0\x98\0\0\0\0\0\0\x04\0\0\0\x01\0\0\0\xf0\x98\
\0\0\0\0\0\0\x04\0\0\0\x01\0\0\0\0\x99\0\0\0\0\0\0\x04\0\0\0\x01\0\0\0\x10\x99\
\0\0\0\0\0\0\x04\0\0\0\x01\0\0\0\x20\x99\0\0\0\0\0\0\x04\0\0\0\x01\0\0\0\x30\
\x99\0\0\0\0\0\0\x04\0\0\0\x01\0\0\0\x40\x99\0\0\0\0\0\0\x04\0\0\0\x01\0\0\0\
\x50\x99\0\0\0\0\0\0\x04\0\0\0\x01\0\0\0\x60\x99\0\0\0\0\0\0\x04\0\0\0\x01\0\0\
\0\x70\x99\0\0\0\0\0\0\x04\0\0\0\x01\0\0\0\x80\x99\0\0\0\0\0\0\x04\0\0\0\x01\0\
\0\0\x90\x99\0\0\0\0\0\0\x04\0\0\0\x01\0\0\0\xa0\x99\0\0\0\0\0\0\x04\0\0\0\x01\
\0\0\0\xb0\x99\0\0\0\0\0\0\x04\0\0\0\x01\0\0\0\xc0\x99\0\0\0\0\0\0\x04\0\0\0\
\x01\0\0\0\xd0\x99\0\0\0\0\0\0\x04\0\0\0\x01\0\0\0\xe0\x99\0\0\0\0\0\0\x04\0\0\
\0\x01\0\0\0\xf0\x99\0\0\0\0\0\0\x04\0\0\0\x01\0\0\0\0\x9a\0\0\0\0\0\0\x04\0\0\
\0\x01\0\0\0\x10\x9a\0\0\0\0\0\0\x04\0\0\0\x01\0\0\0\x20\x9a\0\0\0\0\0\0\x04\0\
\0\0\x01\0\0\0\x30\x9a\0\0\0\0\0\0\x04\0\0\0\x01\0\0\0\x40\x9a\0\0\0\0\0\0\x04\
\0\0\0\x01\0\0\0\x50\x9a\0\0\0\0\0\0\x04\0\0\0\x01\0\0\0\x60\x9a\0\0\0\0\0\0\
\x04\0\0\0\x01\0\0\0\x70\x9a\0\0\0\0\0\0\x04\0\0\0\x01\0\0\0\x80\x9a\0\0\0\0\0\
\0\x04\0\0\0\x01\0\0\0\x90\x9a\0\0\0\0\0\0\x04\0\0\0\x01\0\0\0\xa0\x9a\0\0\0\0\
\0\0\x04\0\0\0\x01\0\0\0\xb0\x9a\0\0\0\0\0\0\x04\0\0\0\x01\0\0\0\xc0\x9a\0\0\0\
\0\0\0\x04\0\0\0\x01\0\0\0\xd0\x9a\0\0\0\0\0\0\x04\0\0\0\x01\0\0\0\xe0\x9a\0\0\
\0\0\0\0\x04\0\0\0\x01\0\0\0\xf0\x9a\0\0\0\0\0\0\x04\0\0\0\x01\0\0\0\0\x9b\0\0\
\0\0\0\0\x04\0\0\0\x01\0\0\0\x10\x9b\0\0\0\0\0\0\x04\0\0\0\x01\0\0\0\x20\x9b\0\
\0\0\0\0\0\x04\0\0\0\x01\0\0\0\x30\x9b\0\0\0\0\0\0\x04\0\0\0\x01\0\0\0\x40\x9b\
\0\0\0\0\0\0\x04\0\0\0\x01\0\0\0\x50\x9b\0\0\0\0\0\0\x04\0\0\0\x01\0\0\0\x60\
\x9b\0\0\0\0\0\0\x04\0\0\0\x01\0\0\0\x70\x9b\0\0\0\0\0\0\x04\0\0\0\x01\0\0\0\
\x80\x9b\0\0\0\0\0\0\x04\0\0\0\x01\0\0\0\x90\x9b\0\0\0\0\0\0\x04\0\0\0\x01\0\0\
\0\xa0\x9b\0\0\0\0\0\0\x04\0\0\0\x01\0\0\0\xb0\x9b\0\0\0\0\0\0\x04\0\0\0\x01\0\
\0\0\xc0\x9b\0\0\0\0\0\0\x04\0\0\0\x01\0\0\0\xd0\x9b\0\0\0\0\0\0\x04\0\0\0\x01\
\0\0\0\xe0\x9b\0\0\0\0\0\0\x04\0\0\0\x01\0\0\0\xf0\x9b\0\0\0\0\0\0\x04\0\0\0\
\x01\0\0\0\0\x9c\0\0\0\0\0\0\x04\0\0\0\x01\0\0\0\x10\x9c\0\0\0\0\0\0\x04\0\0\0\
\x01\0\0\0\x20\x9c\0\0\0\0\0\0\x04\0\0\0\x01\0\0\0\x30\x9c\0\0\0\0\0\0\x04\0\0\
\0\x01\0\0\0\x40\x9c\0\0\0\0\0\0\x04\0\0\0\x01\0\0\0\x50\x9c\0\0\0\0\0\0\x04\0\
\0\0\x01\0\0\0\x60\x9c\0\0\0\0\0\0\x04\0\0\0\x01\0\0\0\x70\x9c\0\0\0\0\0\0\x04\
\0\0\0\x01\0\0\0\x80\x9c\0\0\0\0\0\0\x04\0\0\0\x01\0\0\0\x90\x9c\0\0\0\0\0\0\
\x04\0\0\0\x01\0\0\0\xa0\x9c\0\0\0\0\0\0\x04\0\0\0\x01\0\0\0\xb0\x9c\0\0\0\0\0\
\0\x04\0\0\0\x01\0\0\0\xc0\x9c\0\0\0\0\0\0\x04\0\0\0\x01\0\0\0\xd0\x9c\0\0\0\0\
\0\0\x04\0\0\0\x01\0\0\0\xe0\x9c\0\0\0\0\0\0\x04\0\0\0\x01\0\0\0\xf0\x9c\0\0\0\
\0\0\0\x04\0\0\0\x01\0\0\0\0\x9d\0\0\0\0\0\0\x04\0\0\0\x01\0\0\0\x10\x9d\0\0\0\
\0\0\0\x04\0\0\0\x01\0\0\0\x20\x9d\0\0\0\0\0\0\x04\0\0\0\x01\0\0\0\x30\x9d\0\0\
\0\0\0\0\x04\0\0\0\x01\0\0\0\x40\x9d\0\0\0\0\0\0\x04\0\0\0\x01\0\0\0\x50\x9d\0\
\0\0\0\0\0\x04\0\0\0\x01\0\0\0\x60\x9d\0\0\0\0\0\0\x04\0\0\0\x01\0\0\0\x70\x9d\
\0\0\0\0\0\0\x04\0\0\0\x01\0\0\0\x80\x9d\0\0\0\0\0\0\x04\0\0\0\x01\0\0\0\x90\
\x9d\0\0\0\0\0\0\x04\0\0\0\x01\0\0\0\xa0\x9d\0\0\0\0\0\0\x04\0\0\0\x01\0\0\0\
\xb0\x9d\0\0\0\0\0\0\x04\0\0\0\x01\0\0\0\xc0\x9d\0\0\0\0\0\0\x04\0\0\0\x01\0\0\
\0\xd0\x9d\0\0\0\0\0\0\x04\0\0\0\x01\0\0\0\xe0\x9d\0\0\0\0\0\0\x04\0\0\0\x01\0\
\0\0\xf0\x9d\0\0\0\0\0\0\x04\0\0\0\x01\0\0\0\0\x9e\0\0\0\0\0\0\x04\0\0\0\x01\0\
\0\0\x10\x9e\0\0\0\0\0\0\x04\0\0\0\x01\0\0\0\x20\x9e\0\0\0\0\0\0\x04\0\0\0\x01\
\0\0\0\x30\x9e\0\0\0\0\0\0\x04\0\0\0\x01\0\0\0\x40\x9e\0\0\0\0\0\0\x04\0\0\0\
\x01\0\0\0\x50\x9e\0\0\0\0\0\0\x04\0\0\0\x01\0\0\0\x60\x9e\0\0\0\0\0\0\x04\0\0\
\0\x01\0\0\0\x70\x9e\0\0\0\0\0\0\x04\0\0\0\x01\0\0\0\x80\x9e\0\0\0\0\0\0\x04\0\
\0\0\x01\0\0\0\x90\x9e\0\0\0\0\0\0\x04\0\0\0\x01\0\0\0\xa0\x9e\0\0\0\0\0\0\x04\
\0\0\0\x01\0\0\0\xb0\x9e\0\0\0\0\0\0\x04\0\0\0\x01\0\0\0\xc0\x9e\0\0\0\0\0\0\
\x04\0\0\0\x01\0\0\0\xd0\x9e\0\0\0\0\0\0\x04\0\0\0\x01\0\0\0\xe0\x9e\0\0\0\0\0\
\0\x04\0\0\0\x01\0\0\0\xf0\x9e\0\0\0\0\0\0\x04\0\0\0\x01\0\0\0\0\x9f\0\0\0\0\0\
\0\x04\0\0\0\x01\0\0\0\x10\x9f\0\0\0\0\0\0\x04\0\0\0\x01\0\0\0\x20\x9f\0\0\0\0\
\0\0\x04\0\0\0\x01\0\0\0\x30\x9f\0\0\0\0\0\0\x04\0\0\0\x01\0\0\0\x40\x9f\0\0\0\
\0\0\0\x04\0\0\0\x01\0\0\0\x50\x9f\0\0\0\0\0\0\x04\0\0\0\x01\0\0\0\x60\x9f\0\0\
\0\0\0\0\x04\0\0\0\x01\0\0\0\x70\x9f\0\0\0\0\0\0\x04\0\0\0\x01\0\0\0\x80\x9f\0\
\0\0\0\0\0\x04\0\0\0\x01\0\0\0\x90\x9f\0\0\0\0\0\0\x04\0\0\0\x01\0\0\0\xa0\x9f\
\0\0\0\0\0\0\x04\0\0\0\x01\0\0\0\xb0\x9f\0\0\0\0\0\0\x04\0\0\0\x01\0\0\0\xc0\
\x9f\0\0\0\0\0\0\x04\0\0\0\x01\0\0\0\xd0\x9f\0\0\0\0\0\0\x04\0\0\0\x01\0\0\0\
\xe0\x9f\0\0\0\0\0\0\x04\0\0\0\x01\0\0\0\xf0\x9f\0\0\0\0\0\0\x04\0\0\0\x01\0\0\
\0\0\xa0\0\0\0\0\0\0\x04\0\0\0\x01\0\0\0\x10\xa0\0\0\0\0\0\0\x04\0\0\0\x01\0\0\
\0\x20\xa0\0\0\0\0\0\0\x04\0\0\0\x01\0\0\0\x30\xa0\0\0\0\0\0\0\x04\0\0\0\x01\0\
\0\0\x40\xa0\0\0\0\0\0\0\x04\0\0\0\x01\0\0\0\x50\xa0\0\0\0\0\0\0\x04\0\0\0\x01\
\0\0\0\x60\xa0\0\0\0\0\0\0\x04\0\0\0\x01\0\0\0\x70\xa0\0\0\0\0\0\0\x04\0\0\0\
\x01\0\0\0\x80\xa0\0\0\0\0\0\0\x04\0\0\0\x01\0\0\0\x90\xa0\0\0\0\0\0\0\x04\0\0\
\0\x01\0\0\0\xa0\xa0\0\0\0\0\0\0\x04\0\0\0\x01\0\0\0\xb0\xa0\0\0\0\0\0\0\x04\0\
\0\0\x01\0\0\0\xc0\xa0\0\0\0\0\0\0\x04\0\0\0\x01\0\0\0\xd0\xa0\0\0\0\0\0\0\x04\
\0\0\0\x01\0\0\0\xe0\xa0\0\0\0\0\0\0\x04\0\0\0\x01\0\0\0\xf0\xa0\0\0\0\0\0\0\
\x04\0\0\0\x01\0\0\0\0\xa1\0\0\0\0\0\0\x04\0\0\0\x01\0\0\0\x10\xa1\0\0\0\0\0\0\
\x04\0\0\0\x01\0\0\0\x20\xa1\0\0\0\0\0\0\x04\0\0\0\x01\0\0\0\x30\xa1\0\0\0\0\0\
\0\x04\0\0\0\x01\0\0\0\x40\xa1\0\0\0\0\0\0\x04\0\0\0\x01\0\0\0\x50\xa1\0\0\0\0\
\0\0\x04\0\0\0\x01\0\0\0\x60\xa1\0\0\0\0\0\0\x04\0\0\0\x01\0\0\0\x70\xa1\0\0\0\
\0\0\0\x04\0\0\0\x01\0\0\0\x80\xa1\0\0\0\0\0\0\x04\0\0\0\x01\0\0\0\x90\xa1\0\0\
\0\0\0\0\x04\0\0\0\x01\0\0\0\xa0\xa1\0\0\0\0\0\0\x04\0\0\0\x01\0\0\0\xb0\xa1\0\
\0\0\0\0\0\x04\0\0\0\x01\0\0\0\xc0\xa1\0\0\0\0\0\0\x04\0\0\0\x01\0\0\0\xd0\xa1\
\0\0\0\0\0\0\x04\0\0\0\x01\0\0\0\xe0\xa1\0\0\0\0\0\0\x04\0\0\0\x01\0\0\0\xf0\
\xa1\0\0\0\0\0\0\x04\0\0\0\x01\0\0\0\0\xa2\0\0\0\0\0\0\x04\0\0\0\x01\0\0\0\x10\
\xa2\0\0\0\0\0\0\x04\0\0\0\x01\0\0\0\x20\xa2\0\0\0\0\0\0\x04\0\0\0\x01\0\0\0\
\x30\xa2\0\0\0\0\0\0\x04\0\0\0\x01\0\0\0\x40\xa2\0\0\0\0\0\0\x04\0\0\0\x01\0\0\
\0\x50\xa2\0\0\0\0\0\0\x04\0\0\0\x01\0\0\0\x60\xa2\0\0\0\0\0\0\x04\0\0\0\x01\0\
\0\0\x70\xa2\0\0\0\0\0\0\x04\0\0\0\x01\0\0\0\x80\xa2\0\0\0\0\0\0\x04\0\0\0\x01\
\0\0\0\x90\xa2\0\0\0\0\0\0\x04\0\0\0\x01\0\0\0\xa0\xa2\0\0\0\0\0\0\x04\0\0\0\
\x01\0\0\0\xb0\xa2\0\0\0\0\0\0\x04\0\0\0\x01\0\0\0\xc0\xa2\0\0\0\0\0\0\x04\0\0\
\0\x01\0\0\0\xd0\xa2\0\0\0\0\0\0\x04\0\0\0\x01\0\0\0\xe0\xa2\0\0\0\0\0\0\x04\0\
\0\0\x01\0\0\0\xf0\xa2\0\0\0\0\0\0\x04\0\0\0\x01\0\0\0\0\xa3\0\0\0\0\0\0\x04\0\
\0\0\x01\0\0\0\x10\xa3\0\0\0\0\0\0\x04\0\0\0\x01\0\0\0\x20\xa3\0\0\0\0\0\0\x04\
\0\0\0\x01\0\0\0\x30\xa3\0\0\0\0\0\0\x04\0\0\0\x01\0\0\0\x40\xa3\0\0\0\0\0\0\
\x04\0\0\0\x01\0\0\0\x50\xa3\0\0\0\0\0\0\x04\0\0\0\x01\0\0\0\x60\xa3\0\0\0\0\0\
\0\x04\0\0\0\x01\0\0\0\x70\xa3\0\0\0\0\0\0\x04\0\0\0\x01\0\0\0\x80\xa3\0\0\0\0\
\0\0\x04\0\0\0\x01\0\0\0\x90\xa3\0\0\0\0\0\0\x04\0\0\0\x01\0\0\0\xa0\xa3\0\0\0\
\0\0\0\x04\0\0\0\x01\0\0\0\xb0\xa3\0\0\0\0\0\0\x04\0\0\0\x01\0\0\0\xc0\xa3\0\0\
\0\0\0\0\x04\0\0\0\x01\0\0\0\xd0\xa3\0\0\0\0\0\0\x04\0\0\0\x01\0\0\0\xe0\xa3\0\
\0\0\0\0\0\x04\0\0\0\x01\0\0\0\xf0\xa3\0\0\0\0\0\0\x04\0\0\0\x01\0\0\0\0\xa4\0\
\0\0\0\0\0\x04\0\0\0\x01\0\0\0\x10\xa4\0\0\0\0\0\0\x04\0\0\0\x01\0\0\0\x20\xa4\
\0\0\0\0\0\0\x04\0\0\0\x01\0\0\0\x30\xa4\0\0\0\0\0\0\x04\0\0\0\x01\0\0\0\x40\
\xa4\0\0\0\0\0\0\x04\0\0\0\x01\0\0\0\x50\xa4\0\0\0\0\0\0\x04\0\0\0\x01\0\0\0\
\x60\xa4\0\0\0\0\0\0\x04\0\0\0\x01\0\0\0\x70\xa4\0\0\0\0\0\0\x04\0\0\0\x01\0\0\
\0\x80\xa4\0\0\0\0\0\0\x04\0\0\0\x01\0\0\0\x90\xa4\0\0\0\0\0\0\x04\0\0\0\x01\0\
\0\0\xa0\xa4\0\0\0\0\0\0\x04\0\0\0\x01\0\0\0\xb0\xa4\0\0\0\0\0\0\x04\0\0\0\x01\
\0\0\0\xc0\xa4\0\0\0\0\0\0\x04\0\0\0\x01\0\0\0\xd0\xa4\0\0\0\0\0\0\x04\0\0\0\
\x01\0\0\0\xe0\xa4\0\0\0\0\0\0\x04\0\0\0\x01\0\0\0\xf0\xa4\0\0\0\0\0\0\x04\0\0\
\0\x01\0\0\0\0\xa5\0\0\0\0\0\0\x04\0\0\0\x01\0\0\0\x10\xa5\0\0\0\0\0\0\x04\0\0\
\0\x01\0\0\0\x20\xa5\0\0\0\0\0\0\x04\0\0\0\x01\0\0\0\x30\xa5\0\0\0\0\0\0\x04\0\
\0\0\x01\0\0\0\x40\xa5\0\0\0\0\0\0\x04\0\0\0\x01\0\0\0\x50\xa5\0\0\0\0\0\0\x04\
\0\0\0\x01\0\0\0\x60\xa5\0\0\0\0\0\0\x04\0\0\0\x01\0\0\0\x70\xa5\0\0\0\0\0\0\
\x04\0\0\0\x01\0\0\0\x80\xa5\0\0\0\0\0\0\x04\0\0\0\x01\0\0\0\x90\xa5\0\0\0\0\0\
\0\x04\0\0\0\x01\0\0\0\xa0\xa5\0\0\0\0\0\0\x04\0\0\0\x01\0\0\0\xb0\xa5\0\0\0\0\
\0\0\x04\0\0\0\x01\0\0\0\xc0\xa5\0\0\0\0\0\0\x04\0\0\0\x01\0\0\0\xd0\xa5\0\0\0\
\0\0\0\x04\0\0\0\x01\0\0\0\xe0\xa5\0\0\0\0\0\0\x04\0\0\0\x01\0\0\0\xf0\xa5\0\0\
\0\0\0\0\x04\0\0\0\x01\0\0\0\0\xa6\0\0\0\0\0\0\x04\0\0\0\x01\0\0\0\x10\xa6\0\0\
\0\0\0\0\x04\0\0\0\x01\0\0\0\x20\xa6\0\0\0\0\0\0\x04\0\0\0\x01\0\0\0\x30\xa6\0\
\0\0\0\0\0\x04\0\0\0\x01\0\0\0\x40\xa6\0\0\0\0\0\0\x04\0\0\0\x01\0\0\0\x50\xa6\
\0\0\0\0\0\0\x04\0\0\0\x01\0\0\0\x60\xa6\0\0\0\0\0\0\x04\0\0\0\x01\0\0\0\x70\
\xa6\0\0\0\0\0\0\x04\0\0\0\x01\0\0\0\x80\xa6\0\0\0\0\0\0\x04\0\0\0\x01\0\0\0\
\x90\xa6\0\0\0\0\0\0\x04\0\0\0\x01\0\0\0\xa0\xa6\0\0\0\0\0\0\x04\0\0\0\x01\0\0\
\0\xb0\xa6\0\0\0\0\0\0\x04\0\0\0\x01\0\0\0\xc0\xa6\0\0\0\0\0\0\x04\0\0\0\x01\0\
\0\0\xd0\xa6\0\0\0\0\0\0\x04\0\0\0\x01\0\0\0\xe0\xa6\0\0\0\0\0\0\x04\0\0\0\x01\
\0\0\0\xf0\xa6\0\0\0\0\0\0\x04\0\0\0\x01\0\0\0\0\xa7\0\0\0\0\0\0\x04\0\0\0\x01\
\0\0\0\x10\xa7\0\0\0\0\0\0\x04\0\0\0\x01\0\0\0\x20\xa7\0\0\0\0\0\0\x04\0\0\0\
\x01\0\0\0\x30\xa7\0\0\0\0\0\0\x04\0\0\0\x01\0\0\0\x40\xa7\0\0\0\0\0\0\x04\0\0\
\0\x01\0\0\0\x50\xa7\0\0\0\0\0\0\x04\0\0\0\x01\0\0\0\x60\xa7\0\0\0\0\0\0\x04\0\
\0\0\x01\0\0\0\x70\xa7\0\0\0\0\0\0\x04\0\0\0\x01\0\0\0\x80\xa7\0\0\0\0\0\0\x04\
\0\0\0\x01\0\0\0\x90\xa7\0\0\0\0\0\0\x04\0\0\0\x01\0\0\0\xa0\xa7\0\0\0\0\0\0\
\x04\0\0\0\x01\0\0\0\xb0\xa7\0\0\0\0\0\0\x04\0\0\0\x01\0\0\0\xc0\xa7\0\0\0\0\0\
\0\x04\0\0\0\x01\0\0\0\xd0\xa7\0\0\0\0\0\0\x04\0\0\0\x01\0\0\0\xe0\xa7\0\0\0\0\
\0\0\x04\0\0\0\x01\0\0\0\xf0\xa7\0\0\0\0\0\0\x04\0\0\0\x01\0\0\0\0\xa8\0\0\0\0\
\0\0\x04\0\0\0\x01\0\0\0\x10\xa8\0\0\0\0\0\0\x04\0\0\0\x01\0\0\0\x20\xa8\0\0\0\
\0\0\0\x04\0\0\0\x01\0\0\0\x30\xa8\0\0\0\0\0\0\x04\0\0\0\x01\0\0\0\x40\xa8\0\0\
\0\0\0\0\x04\0\0\0\x01\0\0\0\x50\xa8\0\0\0\0\0\0\x04\0\0\0\x01\0\0\0\x60\xa8\0\
\0\0\0\0\0\x04\0\0\0\x01\0\0\0\x70\xa8\0\0\0\0\0\0\x04\0\0\0\x01\0\0\0\x80\xa8\
\0\0\0\0\0\0\x04\0\0\0\x01\0\0\0\x90\xa8\0\0\0\0\0\0\x04\0\0\0\x01\0\0\0\xa0\
\xa8\0\0\0\0\0\0\x04\0\0\0\x01\0\0\0\xb0\xa8\0\0\0\0\0\0\x04\0\0\0\x01\0\0\0\
\xc0\xa8\0\0\0\0\0\0\x04\0\0\0\x01\0\0\0\xd0\xa8\0\0\0\0\0\0\x04\0\0\0\x01\0\0\
\0\xe0\xa8\0\0\0\0\0\0\x04\0\0\0\x01\0\0\0\xf0\xa8\0\0\0\0\0\0\x04\0\0\0\x01\0\
\0\0\0\xa9\0\0\0\0\0\0\x04\0\0\0\x01\0\0\0\x10\xa9\0\0\0\0\0\0\x04\0\0\0\x01\0\
\0\0\x20\xa9\0\0\0\0\0\0\x04\0\0\0\x01\0\0\0\x30\xa9\0\0\0\0\0\0\x04\0\0\0\x01\
\0\0\0\x40\xa9\0\0\0\0\0\0\x04\0\0\0\x01\0\0\0\x50\xa9\0\0\0\0\0\0\x04\0\0\0\
\x01\0\0\0\x60\xa9\0\0\0\0\0\0\x04\0\0\0\x01\0\0\0\x70\xa9\0\0\0\0\0\0\x04\0\0\
\0\x01\0\0\0\x80\xa9\0\0\0\0\0\0\x04\0\0\0\x01\0\0\0\x90\xa9\0\0\0\0\0\0\x04\0\
\0\0\x01\0\0\0\xa0\xa9\0\0\0\0\0\0\x04\0\0\0\x01\0\0\0\xb0\xa9\0\0\0\0\0\0\x04\
\0\0\0\x01\0\0\0\xc0\xa9\0\0\0\0\0\0\x04\0\0\0\x01\0\0\0\xd0\xa9\0\0\0\0\0\0\
\x04\0\0\0\x01\0\0\0\xe0\xa9\0\0\0\0\0\0\x04\0\0\0\x01\0\0\0\xf0\xa9\0\0\0\0\0\
\0\x04\0\0\0\x01\0\0\0\0\xaa\0\0\0\0\0\0\x04\0\0\0\x01\0\0\0\x10\xaa\0\0\0\0\0\
\0\x04\0\0\0\x01\0\0\0\x20\xaa\0\0\0\0\0\0\x04\0\0\0\x01\0\0\0\x30\xaa\0\0\0\0\
\0\0\x04\0\0\0\x01\0\0\0\x40\xaa\0\0\0\0\0\0\x04\0\0\0\x01\0\0\0\x50\xaa\0\0\0\
\0\0\0\x04\0\0\0\x01\0\0\0\x60\xaa\0\0\0\0\0\0\x04\0\0\0\x01\0\0\0\x70\xaa\0\0\
\0\0\0\0\x04\0\0\0\x01\0\0\0\x80\xaa\0\0\0\0\0\0\x04\0\0\0\x01\0\0\0\x90\xaa\0\
\0\0\0\0\0\x04\0\0\0\x01\0\0\0\xa0\xaa\0\0\0\0\0\0\x04\0\0\0\x01\0\0\0\xb0\xaa\
\0\0\0\0\0\0\x04\0\0\0\x01\0\0\0\xc0\xaa\0\0\0\0\0\0\x04\0\0\0\x01\0\0\0\xd0\
\xaa\0\0\0\0\0\0\x04\0\0\0\x01\0\0\0\xe0\xaa\0\0\0\0\0\0\x04\0\0\0\x01\0\0\0\
\xf0\xaa\0\0\0\0\0\0\x04\0\0\0\x01\0\0\0\0\xab\0\0\0\0\0\0\x04\0\0\0\x01\0\0\0\
\x10\xab\0\0\0\0\0\0\x04\0\0\0\x01\0\0\0\x20\xab\0\0\0\0\0\0\x04\0\0\0\x01\0\0\
\0\x30\xab\0\0\0\0\0\0\x04\0\0\0\x01\0\0\0\x40\xab\0\0\0\0\0\0\x04\0\0\0\x01\0\
\0\0\x50\xab\0\0\0\0\0\0\x04\0\0\0\x01\0\0\0\x60\xab\0\0\0\0\0\0\x04\0\0\0\x01\
\0\0\0\x70\xab\0\0\0\0\0\0\x04\0\0\0\x01\0\0\0\x80\xab\0\0\0\0\0\0\x04\0\0\0\
\x01\0\0\0\x90\xab\0\0\0\0\0\0\x04\0\0\0\x01\0\0\0\xa0\xab\0\0\0\0\0\0\x04\0\0\
\0\x01\0\0\0\xb0\xab\0\0\0\0\0\0\x04\0\0\0\x01\0\0\0\xc0\xab\0\0\0\0\0\0\x04\0\
\0\0\x01\0\0\0\xd0\xab\0\0\0\0\0\0\x04\0\0\0\x01\0\0\0\xe0\xab\0\0\0\0\0\0\x04\
\0\0\0\x01\0\0\0\xf0\xab\0\0\0\0\0\0\x04\0\0\0\x01\0\0\0\0\xac\0\0\0\0\0\0\x04\
\0\0\0\x01\0\0\0\x10\xac\0\0\0\0\0\0\x04\0\0\0\x01\0\0\0\x20\xac\0\0\0\0\0\0\
\x04\0\0\0\x01\0\0\0\x30\xac\0\0\0\0\0\0\x04\0\0\0\x01\0\0\0\x40\xac\0\0\0\0\0\
\0\x04\0\0\0\x01\0\0\0\x50\xac\0\0\0\0\0\0\x04\0\0\0\x01\0\0\0\x60\xac\0\0\0\0\
\0\0\x04\0\0\0\x01\0\0\0\x70\xac\0\0\0\0\0\0\x04\0\0\0\x01\0\0\0\x80\xac\0\0\0\
\0\0\0\x04\0\0\0\x01\0\0\0\x90\xac\0\0\0\0\0\0\x04\0\0\0\x01\0\0\0\xa0\xac\0\0\
\0\0\0\0\x04\0\0\0\x01\0\0\0\xb0\xac\0\0\0\0\0\0\x04\0\0\0\x01\0\0\0\xc0\xac\0\
\0\0\0\0\0\x04\0\0\0\x01\0\0\0\xd0\xac\0\0\0\0\0\0\x04\0\0\0\x01\0\0\0\xe0\xac\
\0\0\0\0\0\0\x04\0\0\0\x01\0\0\0\xf0\xac\0\0\0\0\0\0\x04\0\0\0\x01\0\0\0\0\xad\
\0\0\0\0\0\0\x04\0\0\0\x01\0\0\0\x10\xad\0\0\0\0\0\0\x04\0\0\0\x01\0\0\0\x20\
\xad\0\0\0\0\0\0\x04\0\0\0\x01\0\0\0\x30\xad\0\0\0\0\0\0\x04\0\0\0\x01\0\0\0\
\x40\xad\0\0\0\0\0\0\x04\0\0\0\x01\0\0\0\x50\xad\0\0\0\0\0\0\x04\0\0\0\x01\0\0\
\0\x60\xad\0\0\0\0\0\0\x04\0\0\0\x01\0\0\0\x70\xad\0\0\0\0\0\0\x04\0\0\0\x01\0\
\0\0\x80\xad\0\0\0\0\0\0\x04\0\0\0\x01\0\0\0\x90\xad\0\0\0\0\0\0\x04\0\0\0\x01\
\0\0\0\xa0\xad\0\0\0\0\0\0\x04\0\0\0\x01\0\0\0\xb0\xad\0\0\0\0\0\0\x04\0\0\0\
\x01\0\0\0\xc0\xad\0\0\0\0\0\0\x04\0\0\0\x01\0\0\0\xd0\xad\0\0\0\0\0\0\x04\0\0\
\0\x01\0\0\0\xe0\xad\0\0\0\0\0\0\x04\0\0\0\x01\0\0\0\xf0\xad\0\0\0\0\0\0\x04\0\
\0\0\x01\0\0\0\0\xae\0\0\0\0\0\0\x04\0\0\0\x01\0\0\0\x10\xae\0\0\0\0\0\0\x04\0\
\0\0\x01\0\0\0\x20\xae\0\0\0\0\0\0\x04\0\0\0\x01\0\0\0\x30\xae\0\0\0\0\0\0\x04\
\0\0\0\x01\0\0\0\x40\xae\0\0\0\0\0\0\x04\0\0\0\x01\0\0\0\x50\xae\0\0\0\0\0\0\
\x04\0\0\0\x01\0\0\0\x60\xae\0\0\0\0\0\0\x04\0\0\0\x01\0\0\0\x70\xae\0\0\0\0\0\
\0\x04\0\0\0\x01\0\0\0\x80\xae\0\0\0\0\0\0\x04\0\0\0\x01\0\0\0\x90\xae\0\0\0\0\
\0\0\x04\0\0\0\x01\0\0\0\xa0\xae\0\0\0\0\0\0\x04\0\0\0\x01\0\0\0\xb0\xae\0\0\0\
\0\0\0\x04\0\0\0\x01\0\0\0\xc0\xae\0\0\0\0\0\0\x04\0\0\0\x01\0\0\0\xd0\xae\0\0\
\0\0\0\0\x04\0\0\0\x01\0\0\0\xe0\xae\0\0\0\0\0\0\x04\0\0\0\x01\0\0\0\xf0\xae\0\
\0\0\0\0\0\x04\0\0\0\x01\0\0\0\0\xaf\0\0\0\0\0\0\x04\0\0\0\x01\0\0\0\x10\xaf\0\
\0\0\0\0\0\x04\0\0\0\x01\0\0\0\x20\xaf\0\0\0\0\0\0\x04\0\0\0\x01\0\0\0\x30\xaf\
\0\0\0\0\0\0\x04\0\0\0\x01\0\0\0\x40\xaf\0\0\0\0\0\0\x04\0\0\0\x01\0\0\0\x50\
\xaf\0\0\0\0\0\0\x04\0\0\0\x01\0\0\0\x60\xaf\0\0\0\0\0\0\x04\0\0\0\x01\0\0\0\
\x70\xaf\0\0\0\0\0\0\x04\0\0\0\x01\0\0\0\x80\xaf\0\0\0\0\0\0\x04\0\0\0\x01\0\0\
\0\x90\xaf\0\0\0\0\0\0\x04\0\0\0\x01\0\0\0\xa0\xaf\0\0\0\0\0\0\x04\0\0\0\x01\0\
\0\0\xb0\xaf\0\0\0\0\0\0\x04\0\0\0\x01\0\0\0\xc0\xaf\0\0\0\0\0\0\x04\0\0\0\x01\
\0\0\0\xd0\xaf\0\0\0\0\0\0\x04\0\0\0\x01\0\0\0\xe0\xaf\0\0\0\0\0\0\x04\0\0\0\
\x01\0\0\0\xf0\xaf\0\0\0\0\0\0\x04\0\0\0\x01\0\0\0\0\xb0\0\0\0\0\0\0\x04\0\0\0\
\x01\0\0\0\x10\xb0\0\0\0\0\0\0\x04\0\0\0\x01\0\0\0\x20\xb0\0\0\0\0\0\0\x04\0\0\
\0\x01\0\0\0\x30\xb0\0\0\0\0\0\0\x04\0\0\0\x01\0\0\0\x40\xb0\0\0\0\0\0\0\x04\0\
\0\0\x01\0\0\0\x50\xb0\0\0\0\0\0\0\x04\0\0\0\x01\0\0\0\x60\xb0\0\0\0\0\0\0\x04\
\0\0\0\x01\0\0\0\x70\xb0\0\0\0\0\0\0\x04\0\0\0\x01\0\0\0\x80\xb0\0\0\0\0\0\0\
\x04\0\0\0\x01\0\0\0\x90\xb0\0\0\0\0\0\0\x04\0\0\0\x01\0\0\0\xa0\xb0\0\0\0\0\0\
\0\x04\0\0\0\x01\0\0\0\xb0\xb0\0\0\0\0\0\0\x04\0\0\0\x01\0\0\0\xc0\xb0\0\0\0\0\
\0\0\x04\0\0\0\x01\0\0\0\xd0\xb0\0\0\0\0\0\0\x04\0\0\0\x01\0\0\0\xe0\xb0\0\0\0\
\0\0\0\x04\0\0\0\x01\0\0\0\xf0\xb0\0\0\0\0\0\0\x04\0\0\0\x01\0\0\0\0\xb1\0\0\0\
\0\0\0\x04\0\0\0\x01\0\0\0\x10\xb1\0\0\0\0\0\0\x04\0\0\0\x01\0\0\0\x20\xb1\0\0\
\0\0\0\0\x04\0\0\0\x01\0\0\0\x30\xb1\0\0\0\0\0\0\x04\0\0\0\x01\0\0\0\x40\xb1\0\
\0\0\0\0\0\x04\0\0\0\x01\0\0\0\x50\xb1\0\0\0\0\0\0\x04\0\0\0\x01\0\0\0\x60\xb1\
\0\0\0\0\0\0\x04\0\0\0\x01\0\0\0\x70\xb1\0\0\0\0\0\0\x04\0\0\0\x01\0\0\0\x80\
\xb1\0\0\0\0\0\0\x04\0\0\0\x01\0\0\0\x90\xb1\0\0\0\0\0\0\x04\0\0\0\x01\0\0\0\
\xa0\xb1\0\0\0\0\0\0\x04\0\0\0\x01\0\0\0\xb0\xb1\0\0\0\0\0\0\x04\0\0\0\x01\0\0\
\0\xc0\xb1\0\0\0\0\0\0\x04\0\0\0\x01\0\0\0\xd0\xb1\0\0\0\0\0\0\x04\0\0\0\x01\0\
\0\0\xe0\xb1\0\0\0\0\0\0\x04\0\0\0\x01\0\0\0\xf0\xb1\0\0\0\0\0\0\x04\0\0\0\x01\
\0\0\0\0\xb2\0\0\0\0\0\0\x04\0\0\0\x01\0\0\0\x10\xb2\0\0\0\0\0\0\x04\0\0\0\x01\
\0\0\0\x20\xb2\0\0\0\0\0\0\x04\0\0\0\x01\0\0\0\x30\xb2\0\0\0\0\0\0\x04\0\0\0\
\x01\0\0\0\x40\xb2\0\0\0\0\0\0\x04\0\0\0\x01\0\0\0\x50\xb2\0\0\0\0\0\0\x04\0\0\
\0\x01\0\0\0\x60\xb2\0\0\0\0\0\0\x04\0\0\0\x01\0\0\0\x70\xb2\0\0\0\0\0\0\x04\0\
\0\0\x01\0\0\0\x80\xb2\0\0\0\0\0\0\x04\0\0\0\x01\0\0\0\x90\xb2\0\0\0\0\0\0\x04\
\0\0\0\x01\0\0\0\xa0\xb2\0\0\0\0\0\0\x04\0\0\0\x01\0\0\0\xb0\xb2\0\0\0\0\0\0\
\x04\0\0\0\x01\0\0\0\xc0\xb2\0\0\0\0\0\0\x04\0\0\0\x01\0\0\0\xd0\xb2\0\0\0\0\0\
\0\x04\0\0\0\x01\0\0\0\xe0\xb2\0\0\0\0\0\0\x04\0\0\0\x01\0\0\0\xf0\xb2\0\0\0\0\
\0\0\x04\0\0\0\x01\0\0\0\0\xb3\0\0\0\0\0\0\x04\0\0\0\x01\0\0\0\x10\xb3\0\0\0\0\
\0\0\x04\0\0\0\x01\0\0\0\x20\xb3\0\0\0\0\0\0\x04\0\0\0\x01\0\0\0\x30\xb3\0\0\0\
\0\0\0\x04\0\0\0\x01\0\0\0\x40\xb3\0\0\0\0\0\0\x04\0\0\0\x01\0\0\0\x50\xb3\0\0\
\0\0\0\0\x04\0\0\0\x01\0\0\0\x60\xb3\0\0\0\0\0\0\x04\0\0\0\x01\0\0\0\x70\xb3\0\
\0\0\0\0\0\x04\0\0\0\x01\0\0\0\x80\xb3\0\0\0\0\0\0\x04\0\0\0\x01\0\0\0\x90\xb3\
\0\0\0\0\0\0\x04\0\0\0\x01\0\0\0\xa0\xb3\0\0\0\0\0\0\x04\0\0\0\x01\0\0\0\xb0\
\xb3\0\0\0\0\0\0\x04\0\0\0\x01\0\0\0\xc0\xb3\0\0\0\0\0\0\x04\0\0\0\x01\0\0\0\
\xd0\xb3\0\0\0\0\0\0\x04\0\0\0\x01\0\0\0\xe0\xb3\0\0\0\0\0\0\x04\0\0\0\x01\0\0\
\0\xf0\xb3\0\0\0\0\0\0\x04\0\0\0\x01\0\0\0\0\xb4\0\0\0\0\0\0\x04\0\0\0\x01\0\0\
\0\x10\xb4\0\0\0\0\0\0\x04\0\0\0\x01\0\0\0\x20\xb4\0\0\0\0\0\0\x04\0\0\0\x01\0\
\0\0\x30\xb4\0\0\0\0\0\0\x04\0\0\0\x01\0\0\0\x40\xb4\0\0\0\0\0\0\x04\0\0\0\x01\
\0\0\0\x50\xb4\0\0\0\0\0\0\x04\0\0\0\x01\0\0\0\x60\xb4\0\0\0\0\0\0\x04\0\0\0\
\x01\0\0\0\x70\xb4\0\0\0\0\0\0\x04\0\0\0\x01\0\0\0\x80\xb4\0\0\0\0\0\0\x04\0\0\
\0\x01\0\0\0\x90\xb4\0\0\0\0\0\0\x04\0\0\0\x01\0\0\0\xa0\xb4\0\0\0\0\0\0\x04\0\
\0\0\x01\0\0\0\xb0\xb4\0\0\0\0\0\0\x04\0\0\0\x01\0\0\0\xc0\xb4\0\0\0\0\0\0\x04\
\0\0\0\x01\0\0\0\xd0\xb4\0\0\0\0\0\0\x04\0\0\0\x01\0\0\0\xe0\xb4\0\0\0\0\0\0\
\x04\0\0\0\x01\0\0\0\xf0\xb4\0\0\0\0\0\0\x04\0\0\0\x01\0\0\0\0\xb5\0\0\0\0\0\0\
\x04\0\0\0\x01\0\0\0\x10\xb5\0\0\0\0\0\0\x04\0\0\0\x01\0\0\0\x20\xb5\0\0\0\0\0\
\0\x04\0\0\0\x01\0\0\0\x30\xb5\0\0\0\0\0\0\x04\0\0\0\x01\0\0\0\x40\xb5\0\0\0\0\
\0\0\x04\0\0\0\x01\0\0\0\x50\xb5\0\0\0\0\0\0\x04\0\0\0\x01\0\0\0\x60\xb5\0\0\0\
\0\0\0\x04\0\0\0\x01\0\0\0\x70\xb5\0\0\0\0\0\0\x04\0\0\0\x01\0\0\0\x80\xb5\0\0\
\0\0\0\0\x04\0\0\0\x01\0\0\0\x90\xb5\0\0\0\0\0\0\x04\0\0\0\x01\0\0\0\xa0\xb5\0\
\0\0\0\0\0\x04\0\0\0\x01\0\0\0\xb0\xb5\0\0\0\0\0\0\x04\0\0\0\x01\0\0\0\xc0\xb5\
\0\0\0\0\0\0\x04\0\0\0\x01\0\0\0\xd0\xb5\0\0\0\0\0\0\x04\0\0\0\x01\0\0\0\xe0\
\xb5\0\0\0\0\0\0\x04\0\0\0\x01\0\0\0\xf0\xb5\0\0\0\0\0\0\x04\0\0\0\x01\0\0\0\0\
\xb6\0\0\0\0\0\0\x04\0\0\0\x01\0\0\0\x10\xb6\0\0\0\0\0\0\x04\0\0\0\x01\0\0\0\
\x20\xb6\0\0\0\0\0\0\x04\0\0\0\x01\0\0\0\x30\xb6\0\0\0\0\0\0\x04\0\0\0\x01\0\0\
\0\x40\xb6\0\0\0\0\0\0\x04\0\0\0\x01\0\0\0\x50\xb6\0\0\0\0\0\0\x04\0\0\0\x01\0\
\0\0\x60\xb6\0\0\0\0\0\0\x04\0\0\0\x01\0\0\0\x70\xb6\0\0\0\0\0\0\x04\0\0\0\x01\
\0\0\0\x80\xb6\0\0\0\0\0\0\x04\0\0\0\x01\0\0\0\x90\xb6\0\0\0\0\0\0\x04\0\0\0\
\x01\0\0\0\xa0\xb6\0\0\0\0\0\0\x04\0\0\0\x01\0\0\0\xb0\xb6\0\0\0\0\0\0\x04\0\0\
\0\x01\0\0\0\xc0\xb6\0\0\0\0\0\0\x04\0\0\0\x01\0\0\0\xd0\xb6\0\0\0\0\0\0\x04\0\
\0\0\x01\0\0\0\xe0\xb6\0\0\0\0\0\0\x04\0\0\0\x01\0\0\0\xf0\xb6\0\0\0\0\0\0\x04\
\0\0\0\x01\0\0\0\0\xb7\0\0\0\0\0\0\x04\0\0\0\x01\0\0\0\x10\xb7\0\0\0\0\0\0\x04\
\0\0\0\x01\0\0\0\x20\xb7\0\0\0\0\0\0\x04\0\0\0\x01\0\0\0\x30\xb7\0\0\0\0\0\0\
\x04\0\0\0\x01\0\0\0\x40\xb7\0\0\0\0\0\0\x04\0\0\0\x01\0\0\0\x50\xb7\0\0\0\0\0\
\0\x04\0\0\0\x01\0\0\0\x60\xb7\0\0\0\0\0\0\x04\0\0\0\x01\0\0\0\x70\xb7\0\0\0\0\
\0\0\x04\0\0\0\x01\0\0\0\x80\xb7\0\0\0\0\0\0\x04\0\0\0\x01\0\0\0\x90\xb7\0\0\0\
\0\0\0\x04\0\0\0\x01\0\0\0\xa0\xb7\0\0\0\0\0\0\x04\0\0\0\x01\0\0\0\xb0\xb7\0\0\
\0\0\0\0\x04\0\0\0\x01\0\0\0\xc0\xb7\0\0\0\0\0\0\x04\0\0\0\x01\0\0\0\xd0\xb7\0\
\0\0\0\0\0\x04\0\0\0\x01\0\0\0\xe0\xb7\0\0\0\0\0\0\x04\0\0\0\x01\0\0\0\xf0\xb7\
\0\0\0\0\0\0\x04\0\0\0\x01\0\0\0\0\xb8\0\0\0\0\0\0\x04\0\0\0\x01\0\0\0\x10\xb8\
\0\0\0\0\0\0\x04\0\0\0\x01\0\0\0\x20\xb8\0\0\0\0\0\0\x04\0\0\0\x01\0\0\0\x30\
\xb8\0\0\0\0\0\0\x04\0\0\0\x01\0\0\0\x40\xb8\0\0\0\0\0\0\x04\0\0\0\x01\0\0\0\
\x50\xb8\0\0\0\0\0\0\x04\0\0\0\x01\0\0\0\x60\xb8\0\0\0\0\0\0\x04\0\0\0\x01\0\0\
\0\x70\xb8\0\0\0\0\0\0\x04\0\0\0\x01\0\0\0\x80\xb8\0\0\0\0\0\0\x04\0\0\0\x01\0\
\0\0\x90\xb8\0\0\0\0\0\0\x04\0\0\0\x01\0\0\0\xa0\xb8\0\0\0\0\0\0\x04\0\0\0\x01\
\0\0\0\xb0\xb8\0\0\0\0\0\0\x04\0\0\0\x01\0\0\0\xc0\xb8\0\0\0\0\0\0\x04\0\0\0\
\x01\0\0\0\xd0\xb8\0\0\0\0\0\0\x04\0\0\0\x01\0\0\0\xe0\xb8\0\0\0\0\0\0\x04\0\0\
\0\x01\0\0\0\xf0\xb8\0\0\0\0\0\0\x04\0\0\0\x01\0\0\0\0\xb9\0\0\0\0\0\0\x04\0\0\
\0\x01\0\0\0\x10\xb9\0\0\0\0\0\0\x04\0\0\0\x01\0\0\0\x20\xb9\0\0\0\0\0\0\x04\0\
\0\0\x01\0\0\0\x30\xb9\0\0\0\0\0\0\x04\0\0\0\x01\0\0\0\x40\xb9\0\0\0\0\0\0\x04\
\0\0\0\x01\0\0\0\x50\xb9\0\0\0\0\0\0\x04\0\0\0\x01\0\0\0\x60\xb9\0\0\0\0\0\0\
\x04\0\0\0\x01\0\0\0\x70\xb9\0\0\0\0\0\0\x04\0\0\0\x01\0\0\0\x80\xb9\0\0\0\0\0\
\0\x04\0\0\0\x01\0\0\0\x90\xb9\0\0\0\0\0\0\x04\0\0\0\x01\0\0\0\xa0\xb9\0\0\0\0\
\0\0\x04\0\0\0\x01\0\0\0\xb0\xb9\0\0\0\0\0\0\x04\0\0\0\x01\0\0\0\xc0\xb9\0\0\0\
\0\0\0\x04\0\0\0\x01\0\0\0\xd0\xb9\0\0\0\0\0\0\x04\0\0\0\x01\0\0\0\xe0\xb9\0\0\
\0\0\0\0\x04\0\0\0\x01\0\0\0\xf0\xb9\0\0\0\0\0\0\x04\0\0\0\x01\0\0\0\0\xba\0\0\
\0\0\0\0\x04\0\0\0\x01\0\0\0\x10\xba\0\0\0\0\0\0\x04\0\0\0\x01\0\0\0\x20\xba\0\
\0\0\0\0\0\x04\0\0\0\x01\0\0\0\x30\xba\0\0\0\0\0\0\x04\0\0\0\x01\0\0\0\x40\xba\
\0\0\0\0\0\0\x04\0\0\0\x01\0\0\0\x50\xba\0\0\0\0\0\0\x04\0\0\0\x01\0\0\0\x60\
\xba\0\0\0\0\0\0\x04\0\0\0\x01\0\0\0\x70\xba\0\0\0\0\0\0\x04\0\0\0\x01\0\0\0\
\x80\xba\0\0\0\0\0\0\x04\0\0\0\x01\0\0\0\x90\xba\0\0\0\0\0\0\x04\0\0\0\x01\0\0\
\0\xa0\xba\0\0\0\0\0\0\x04\0\0\0\x01\0\0\0\xb0\xba\0\0\0\0\0\0\x04\0\0\0\x01\0\
\0\0\xc0\xba\0\0\0\0\0\0\x04\0\0\0\x01\0\0\0\xd0\xba\0\0\0\0\0\0\x04\0\0\0\x01\
\0\0\0\xe0\xba\0\0\0\0\0\0\x04\0\0\0\x01\0\0\0\xf0\xba\0\0\0\0\0\0\x04\0\0\0\
\x01\0\0\0\0\xbb\0\0\0\0\0\0\x04\0\0\0\x01\0\0\0\x10\xbb\0\0\0\0\0\0\x04\0\0\0\
\x01\0\0\0\x20\xbb\0\0\0\0\0\0\x04\0\0\0\x01\0\0\0\x30\xbb\0\0\0\0\0\0\x04\0\0\
\0\x01\0\0\0\x40\xbb\0\0\0\0\0\0\x04\0\0\0\x01\0\0\0\x50\xbb\0\0\0\0\0\0\x04\0\
\0\0\x01\0\0\0\x60\xbb\0\0\0\0\0\0\x04\0\0\0\x01\0\0\0\x70\xbb\0\0\0\0\0\0\x04\
\0\0\0\x01\0\0\0\x80\xbb\0\0\0\0\0\0\x04\0\0\0\x01\0\0\0\x90\xbb\0\0\0\0\0\0\
\x04\0\0\0\x01\0\0\0\xa0\xbb\0\0\0\0\0\0\x04\0\0\0\x01\0\0\0\xb0\xbb\0\0\0\0\0\
\0\x04\0\0\0\x01\0\0\0\xc0\xbb\0\0\0\0\0\0\x04\0\0\0\x01\0\0\0\xd0\xbb\0\0\0\0\
\0\0\x04\0\0\0\x01\0\0\0\xe0\xbb\0\0\0\0\0\0\x04\0\0\0\x01\0\0\0\xf0\xbb\0\0\0\
\0\0\0\x04\0\0\0\x01\0\0\0\0\xbc\0\0\0\0\0\0\x04\0\0\0\x01\0\0\0\x10\xbc\0\0\0\
\0\0\0\x04\0\0\0\x01\0\0\0\x20\xbc\0\0\0\0\0\0\x04\0\0\0\x01\0\0\0\x30\xbc\0\0\
\0\0\0\0\x04\0\0\0\x01\0\0\0\x40\xbc\0\0\0\0\0\0\x04\0\0\0\x01\0\0\0\x50\xbc\0\
\0\0\0\0\0\x04\0\0\0\x01\0\0\0\x60\xbc\0\0\0\0\0\0\x04\0\0\0\x01\0\0\0\x70\xbc\
\0\0\0\0\0\0\x04\0\0\0\x01\0\0\0\x80\xbc\0\0\0\0\0\0\x04\0\0\0\x01\0\0\0\x90\
\xbc\0\0\0\0\0\0\x04\0\0\0\x01\0\0\0\xa0\xbc\0\0\0\0\0\0\x04\0\0\0\x01\0\0\0\
\xb0\xbc\0\0\0\0\0\0\x04\0\0\0\x01\0\0\0\xc0\xbc\0\0\0\0\0\0\x04\0\0\0\x01\0\0\
\0\xd0\xbc\0\0\0\0\0\0\x04\0\0\0\x01\0\0\0\xe0\xbc\0\0\0\0\0\0\x04\0\0\0\x01\0\
\0\0\xf0\xbc\0\0\0\0\0\0\x04\0\0\0\x01\0\0\0\0\xbd\0\0\0\0\0\0\x04\0\0\0\x01\0\
\0\0\x10\xbd\0\0\0\0\0\0\x04\0\0\0\x01\0\0\0\x20\xbd\0\0\0\0\0\0\x04\0\0\0\x01\
\0\0\0\x30\xbd\0\0\0\0\0\0\x04\0\0\0\x01\0\0\0\x40\xbd\0\0\0\0\0\0\x04\0\0\0\
\x01\0\0\0\x50\xbd\0\0\0\0\0\0\x04\0\0\0\x01\0\0\0\x60\xbd\0\0\0\0\0\0\x04\0\0\
\0\x01\0\0\0\x70\xbd\0\0\0\0\0\0\x04\0\0\0\x01\0\0\0\x80\xbd\0\0\0\0\0\0\x04\0\
\0\0\x01\0\0\0\x90\xbd\0\0\0\0\0\0\x04\0\0\0\x01\0\0\0\xa0\xbd\0\0\0\0\0\0\x04\
\0\0\0\x01\0\0\0\xb0\xbd\0\0\0\0\0\0\x04\0\0\0\x01\0\0\0\xc0\xbd\0\0\0\0\0\0\
\x04\0\0\0\x01\0\0\0\xd0\xbd\0\0\0\0\0\0\x04\0\0\0\x01\0\0\0\xe0\xbd\0\0\0\0\0\
\0\x04\0\0\0\x01\0\0\0\xf0\xbd\0\0\0\0\0\0\x04\0\0\0\x01\0\0\0\0\xbe\0\0\0\0\0\
\0\x04\0\0\0\x01\0\0\0\x10\xbe\0\0\0\0\0\0\x04\0\0\0\x01\0\0\0\x20\xbe\0\0\0\0\
\0\0\x04\0\0\0\x01\0\0\0\x30\xbe\0\0\0\0\0\0\x04\0\0\0\x01\0\0\0\x40\xbe\0\0\0\
\0\0\0\x04\0\0\0\x01\0\0\0\x50\xbe\0\0\0\0\0\0\x04\0\0\0\x01\0\0\0\x60\xbe\0\0\
\0\0\0\0\x04\0\0\0\x01\0\0\0\x70\xbe\0\0\0\0\0\0\x04\0\0\0\x01\0\0\0\x80\xbe\0\
\0\0\0\0\0\x04\0\0\0\x01\0\0\0\x90\xbe\0\0\0\0\0\0\x04\0\0\0\x01\0\0\0\xa0\xbe\
\0\0\0\0\0\0\x04\0\0\0\x01\0\0\0\xb0\xbe\0\0\0\0\0\0\x04\0\0\0\x01\0\0\0\xc0\
\xbe\0\0\0\0\0\0\x04\0\0\0\x01\0\0\0\xd0\xbe\0\0\0\0\0\0\x04\0\0\0\x01\0\0\0\
\xe0\xbe\0\0\0\0\0\0\x04\0\0\0\x01\0\0\0\xf0\xbe\0\0\0\0\0\0\x04\0\0\0\x01\0\0\
\0\0\xbf\0\0\0\0\0\0\x04\0\0\0\x01\0\0\0\x10\xbf\0\0\0\0\0\0\x04\0\0\0\x01\0\0\
\0\x20\xbf\0\0\0\0\0\0\x04\0\0\0\x01\0\0\0\x30\xbf\0\0\0\0\0\0\x04\0\0\0\x01\0\
\0\0\x40\xbf\0\0\0\0\0\0\x04\0\0\0\x01\0\0\0\x50\xbf\0\0\0\0\0\0\x04\0\0\0\x01\
\0\0\0\x60\xbf\0\0\0\0\0\0\x04\0\0\0\x01\0\0\0\x70\xbf\0\0\0\0\0\0\x04\0\0\0\
\x01\0\0\0\x80\xbf\0\0\0\0\0\0\x04\0\0\0\x01\0\0\0\x90\xbf\0\0\0\0\0\0\x04\0\0\
\0\x01\0\0\0\xa0\xbf\0\0\0\0\0\0\x04\0\0\0\x01\0\0\0\xb0\xbf\0\0\0\0\0\0\x04\0\
\0\0\x01\0\0\0\xc0\xbf\0\0\0\0\0\0\x04\0\0\0\x01\0\0\0\xd0\xbf\0\0\0\0\0\0\x04\
\0\0\0\x01\0\0\0\xe0\xbf\0\0\0\0\0\0\x04\0\0\0\x01\0\0\0\xf0\xbf\0\0\0\0\0\0\
\x04\0\0\0\x01\0\0\0\0\xc0\0\0\0\0\0\0\x04\0\0\0\x01\0\0\0\x10\xc0\0\0\0\0\0\0\
\x04\0\0\0\x01\0\0\0\x20\xc0\0\0\0\0\0\0\x04\0\0\0\x01\0\0\0\x30\xc0\0\0\0\0\0\
\0\x04\0\0\0\x01\0\0\0\x40\xc0\0\0\0\0\0\0\x04\0\0\0\x01\0\0\0\x50\xc0\0\0\0\0\
\0\0\x04\0\0\0\x01\0\0\0\x60\xc0\0\0\0\0\0\0\x04\0\0\0\x01\0\0\0\x70\xc0\0\0\0\
\0\0\0\x04\0\0\0\x01\0\0\0\x80\xc0\0\0\0\0\0\0\x04\0\0\0\x01\0\0\0\x90\xc0\0\0\
\0\0\0\0\x04\0\0\0\x01\0\0\0\xa0\xc0\0\0\0\0\0\0\x04\0\0\0\x01\0\0\0\xb0\xc0\0\
\0\0\0\0\0\x04\0\0\0\x01\0\0\0\xc0\xc0\0\0\0\0\0\0\x04\0\0\0\x01\0\0\0\xd0\xc0\
\0\0\0\0\0\0\x04\0\0\0\x01\0\0\0\xe0\xc0\0\0\0\0\0\0\x04\0\0\0\x01\0\0\0\xf0\
\xc0\0\0\0\0\0\0\x04\0\0\0\x01\0\0\0\0\xc1\0\0\0\0\0\0\x04\0\0\0\x01\0\0\0\x10\
\xc1\0\0\0\0\0\0\x04\0\0\0\x01\0\0\0\x20\xc1\0\0\0\0\0\0\x04\0\0\0\x01\0\0\0\
\x30\xc1\0\0\0\0\0\0\x04\0\0\0\x01\0\0\0\x40\xc1\0\0\0\0\0\0\x04\0\0\0\x01\0\0\
\0\x50\xc1\0\0\0\0\0\0\x04\0\0\0\x01\0\0\0\x60\xc1\0\0\0\0\0\0\x04\0\0\0\x01\0\
\0\0\x70\xc1\0\0\0\0\0\0\x04\0\0\0\x01\0\0\0\x80\xc1\0\0\0\0\0\0\x04\0\0\0\x01\
\0\0\0\x90\xc1\0\0\0\0\0\0\x04\0\0\0\x01\0\0\0\xa0\xc1\0\0\0\0\0\0\x04\0\0\0\
\x01\0\0\0\xb0\xc1\0\0\0\0\0\0\x04\0\0\0\x01\0\0\0\xc0\xc1\0\0\0\0\0\0\x04\0\0\
\0\x01\0\0\0\xd0\xc1\0\0\0\0\0\0\x04\0\0\0\x01\0\0\0\xe0\xc1\0\0\0\0\0\0\x04\0\
\0\0\x01\0\0\0\xf0\xc1\0\0\0\0\0\0\x04\0\0\0\x01\0\0\0\0\xc2\0\0\0\0\0\0\x04\0\
\0\0\x01\0\0\0\x10\xc2\0\0\0\0\0\0\x04\0\0\0\x01\0\0\0\x20\xc2\0\0\0\0\0\0\x04\
\0\0\0\x01\0\0\0\x30\xc2\0\0\0\0\0\0\x04\0\0\0\x01\0\0\0\x40\xc2\0\0\0\0\0\0\
\x04\0\0\0\x01\0\0\0\x50\xc2\0\0\0\0\0\0\x04\0\0\0\x01\0\0\0\x60\xc2\0\0\0\0\0\
\0\x04\0\0\0\x01\0\0\0\x70\xc2\0\0\0\0\0\0\x04\0\0\0\x01\0\0\0\x80\xc2\0\0\0\0\
\0\0\x04\0\0\0\x01\0\0\0\x90\xc2\0\0\0\0\0\0\x04\0\0\0\x01\0\0\0\xa0\xc2\0\0\0\
\0\0\0\x04\0\0\0\x01\0\0\0\xb0\xc2\0\0\0\0\0\0\x04\0\0\0\x01\0\0\0\xc0\xc2\0\0\
\0\0\0\0\x04\0\0\0\x01\0\0\0\xd0\xc2\0\0\0\0\0\0\x04\0\0\0\x01\0\0\0\xe0\xc2\0\
\0\0\0\0\0\x04\0\0\0\x01\0\0\0\xf0\xc2\0\0\0\0\0\0\x04\0\0\0\x01\0\0\0\0\xc3\0\
\0\0\0\0\0\x04\0\0\0\x01\0\0\0\x10\xc3\0\0\0\0\0\0\x04\0\0\0\x01\0\0\0\x20\xc3\
\0\0\0\0\0\0\x04\0\0\0\x01\0\0\0\x30\xc3\0\0\0\0\0\0\x04\0\0\0\x01\0\0\0\x40\
\xc3\0\0\0\0\0\0\x04\0\0\0\x01\0\0\0\x50\xc3\0\0\0\0\0\0\x04\0\0\0\x01\0\0\0\
\x60\xc3\0\0\0\0\0\0\x04\0\0\0\x01\0\0\0\x70\xc3\0\0\0\0\0\0\x04\0\0\0\x01\0\0\
\0\x80\xc3\0\0\0\0\0\0\x04\0\0\0\x01\0\0\0\x90\xc3\0\0\0\0\0\0\x04\0\0\0\x01\0\
\0\0\xa0\xc3\0\0\0\0\0\0\x04\0\0\0\x01\0\0\0\xb0\xc3\0\0\0\0\0\0\x04\0\0\0\x01\
\0\0\0\xc0\xc3\0\0\0\0\0\0\x04\0\0\0\x01\0\0\0\xd0\xc3\0\0\0\0\0\0\x04\0\0\0\
\x01\0\0\0\xe0\xc3\0\0\0\0\0\0\x04\0\0\0\x01\0\0\0\xf0\xc3\0\0\0\0\0\0\x04\0\0\
\0\x01\0\0\0\0\xc4\0\0\0\0\0\0\x04\0\0\0\x01\0\0\0\x10\xc4\0\0\0\0\0\0\x04\0\0\
\0\x01\0\0\0\x20\xc4\0\0\0\0\0\0\x04\0\0\0\x01\0\0\0\x30\xc4\0\0\0\0\0\0\x04\0\
\0\0\x01\0\0\0\x40\xc4\0\0\0\0\0\0\x04\0\0\0\x01\0\0\0\x50\xc4\0\0\0\0\0\0\x04\
\0\0\0\x01\0\0\0\x60\xc4\0\0\0\0\0\0\x04\0\0\0\x01\0\0\0\x70\xc4\0\0\0\0\0\0\
\x04\0\0\0\x01\0\0\0\x80\xc4\0\0\0\0\0\0\x04\0\0\0\x01\0\0\0\x90\xc4\0\0\0\0\0\
\0\x04\0\0\0\x01\0\0\0\xa0\xc4\0\0\0\0\0\0\x04\0\0\0\x01\0\0\0\xb0\xc4\0\0\0\0\
\0\0\x04\0\0\0\x01\0\0\0\xc0\xc4\0\0\0\0\0\0\x04\0\0\0\x01\0\0\0\xd0\xc4\0\0\0\
\0\0\0\x04\0\0\0\x01\0\0\0\xe0\xc4\0\0\0\0\0\0\x04\0\0\0\x01\0\0\0\xf0\xc4\0\0\
\0\0\0\0\x04\0\0\0\x01\0\0\0\0\xc5\0\0\0\0\0\0\x04\0\0\0\x01\0\0\0\x10\xc5\0\0\
\0\0\0\0\x04\0\0\0\x01\0\0\0\x20\xc5\0\0\0\0\0\0\x04\0\0\0\x01\0\0\0\x30\xc5\0\
\0\0\0\0\0\x04\0\0\0\x01\0\0\0\x40\xc5\0\0\0\0\0\0\x04\0\0\0\x01\0\0\0\x50\xc5\
\0\0\0\0\0\0\x04\0\0\0\x01\0\0\0\x60\xc5\0\0\0\0\0\0\x04\0\0\0\x01\0\0\0\x70\
\xc5\0\0\0\0\0\0\x04\0\0\0\x01\0\0\0\x80\xc5\0\0\0\0\0\0\x04\0\0\0\x01\0\0\0\
\x90\xc5\0\0\0\0\0\0\x04\0\0\0\x01\0\0\0\xa0\xc5\0\0\0\0\0\0\x04\0\0\0\x01\0\0\
\0\xb0\xc5\0\0\0\0\0\0\x04\0\0\0\x01\0\0\0\xc0\xc5\0\0\0\0\0\0\x04\0\0\0\x01\0\
\0\0\xd0\xc5\0\0\0\0\0\0\x04\0\0\0\x01\0\0\0\xe0\xc5\0\0\0\0\0\0\x04\0\0\0\x01\
\0\0\0\xf0\xc5\0\0\0\0\0\0\x04\0\0\0\x01\0\0\0\0\xc6\0\0\0\0\0\0\x04\0\0\0\x01\
\0\0\0\x10\xc6\0\0\0\0\0\0\x04\0\0\0\x01\0\0\0\x20\xc6\0\0\0\0\0\0\x04\0\0\0\
\x01\0\0\0\x30\xc6\0\0\0\0\0\0\x04\0\0\0\x01\0\0\0\x40\xc6\0\0\0\0\0\0\x04\0\0\
\0\x01\0\0\0\x50\xc6\0\0\0\0\0\0\x04\0\0\0\x01\0\0\0\x60\xc6\0\0\0\0\0\0\x04\0\
\0\0\x01\0\0\0\x70\xc6\0\0\0\0\0\0\x04\0\0\0\x01\0\0\0\x80\xc6\0\0\0\0\0\0\x04\
\0\0\0\x01\0\0\0\x90\xc6\0\0\0\0\0\0\x04\0\0\0\x01\0\0\0\xa0\xc6\0\0\0\0\0\0\
\x04\0\0\0\x01\0\0\0\xb0\xc6\0\0\0\0\0\0\x04\0\0\0\x01\0\0\0\xc0\xc6\0\0\0\0\0\
\0\x04\0\0\0\x01\0\0\0\xd0\xc6\0\0\0\0\0\0\x04\0\0\0\x01\0\0\0\xe0\xc6\0\0\0\0\
\0\0\x04\0\0\0\x01\0\0\0\xf0\xc6\0\0\0\0\0\0\x04\0\0\0\x01\0\0\0\0\xc7\0\0\0\0\
\0\0\x04\0\0\0\x01\0\0\0\x10\xc7\0\0\0\0\0\0\x04\0\0\0\x01\0\0\0\x20\xc7\0\0\0\
\0\0\0\x04\0\0\0\x01\0\0\0\x30\xc7\0\0\0\0\0\0\x04\0\0\0\x01\0\0\0\x40\xc7\0\0\
\0\0\0\0\x04\0\0\0\x01\0\0\0\x50\xc7\0\0\0\0\0\0\x04\0\0\0\x01\0\0\0\x60\xc7\0\
\0\0\0\0\0\x04\0\0\0\x01\0\0\0\x70\xc7\0\0\0\0\0\0\x04\0\0\0\x01\0\0\0\x80\xc7\
\0\0\0\0\0\0\x04\0\0\0\x01\0\0\0\x90\xc7\0\0\0\0\0\0\x04\0\0\0\x01\0\0\0\xa0\
\xc7\0\0\0\0\0\0\x04\0\0\0\x01\0\0\0\xb0\xc7\0\0\0\0\0\0\x04\0\0\0\x01\0\0\0\
\xc0\xc7\0\0\0\0\0\0\x04\0\0\0\x01\0\0\0\xd0\xc7\0\0\0\0\0\0\x04\0\0\0\x01\0\0\
\0\xe0\xc7\0\0\0\0\0\0\x04\0\0\0\x01\0\0\0\xf0\xc7\0\0\0\0\0\0\x04\0\0\0\x01\0\
\0\0\0\xc8\0\0\0\0\0\0\x04\0\0\0\x01\0\0\0\x10\xc8\0\0\0\0\0\0\x04\0\0\0\x01\0\
\0\0\x20\xc8\0\0\0\0\0\0\x04\0\0\0\x01\0\0\0\x30\xc8\0\0\0\0\0\0\x04\0\0\0\x01\
\0\0\0\x40\xc8\0\0\0\0\0\0\x04\0\0\0\x01\0\0\0\x50\xc8\0\0\0\0\0\0\x04\0\0\0\
\x01\0\0\0\x60\xc8\0\0\0\0\0\0\x04\0\0\0\x01\0\0\0\x70\xc8\0\0\0\0\0\0\x04\0\0\
\0\x01\0\0\0\x80\xc8\0\0\0\0\0\0\x04\0\0\0\x01\0\0\0\x90\xc8\0\0\0\0\0\0\x04\0\
\0\0\x01\0\0\0\xa0\xc8\0\0\0\0\0\0\x04\0\0\0\x01\0\0\0\xb0\xc8\0\0\0\0\0\0\x04\
\0\0\0\x01\0\0\0\xc0\xc8\0\0\0\0\0\0\x04\0\0\0\x01\0\0\0\xd0\xc8\0\0\0\0\0\0\
\x04\0\0\0\x01\0\0\0\xe0\xc8\0\0\0\0\0\0\x04\0\0\0\x01\0\0\0\xf0\xc8\0\0\0\0\0\
\0\x04\0\0\0\x01\0\0\0\0\xc9\0\0\0\0\0\0\x04\0\0\0\x01\0\0\0\x10\xc9\0\0\0\0\0\
\0\x04\0\0\0\x01\0\0\0\x20\xc9\0\0\0\0\0\0\x04\0\0\0\x01\0\0\0\x30\xc9\0\0\0\0\
\0\0\x04\0\0\0\x01\0\0\0\x40\xc9\0\0\0\0\0\0\x04\0\0\0\x01\0\0\0\x50\xc9\0\0\0\
\0\0\0\x04\0\0\0\x01\0\0\0\x60\xc9\0\0\0\0\0\0\x04\0\0\0\x01\0\0\0\x70\xc9\0\0\
\0\0\0\0\x04\0\0\0\x01\0\0\0\x80\xc9\0\0\0\0\0\0\x04\0\0\0\x01\0\0\0\x90\xc9\0\
\0\0\0\0\0\x04\0\0\0\x01\0\0\0\xa0\xc9\0\0\0\0\0\0\x04\0\0\0\x01\0\0\0\xb0\xc9\
\0\0\0\0\0\0\x04\0\0\0\x01\0\0\0\xc0\xc9\0\0\0\0\0\0\x04\0\0\0\x01\0\0\0\xd0\
\xc9\0\0\0\0\0\0\x04\0\0\0\x01\0\0\0\xe0\xc9\0\0\0\0\0\0\x04\0\0\0\x01\0\0\0\
\xf0\xc9\0\0\0\0\0\0\x04\0\0\0\x01\0\0\0\0\xca\0\0\0\0\0\0\x04\0\0\0\x01\0\0\0\
\x10\xca\0\0\0\0\0\0\x04\0\0\0\x01\0\0\0\x20\xca\0\0\0\0\0\0\x04\0\0\0\x01\0\0\
\0\x30\xca\0\0\0\0\0\0\x04\0\0\0\x01\0\0\0\x40\xca\0\0\0\0\0\0\x04\0\0\0\x01\0\
\0\0\x50\xca\0\0\0\0\0\0\x04\0\0\0\x01\0\0\0\x60\xca\0\0\0\0\0\0\x04\0\0\0\x01\
\0\0\0\x70\xca\0\0\0\0\0\0\x04\0\0\0\x01\0\0\0\x80\xca\0\0\0\0\0\0\x04\0\0\0\
\x01\0\0\0\x90\xca\0\0\0\0\0\0\x04\0\0\0\x01\0\0\0\xa0\xca\0\0\0\0\0\0\x04\0\0\
\0\x01\0\0\0\xb0\xca\0\0\0\0\0\0\x04\0\0\0\x01\0\0\0\xc0\xca\0\0\0\0\0\0\x04\0\
\0\0\x01\0\0\0\xd0\xca\0\0\0\0\0\0\x04\0\0\0\x01\0\0\0\xe0\xca\0\0\0\0\0\0\x04\
\0\0\0\x01\0\0\0\xf0\xca\0\0\0\0\0\0\x04\0\0\0\x01\0\0\0\0\xcb\0\0\0\0\0\0\x04\
\0\0\0\x01\0\0\0\x10\xcb\0\0\0\0\0\0\x04\0\0\0\x01\0\0\0\x20\xcb\0\0\0\0\0\0\
\x04\0\0\0\x01\0\0\0\x30\xcb\0\0\0\0\0\0\x04\0\0\0\x01\0\0\0\x40\xcb\0\0\0\0\0\
\0\x04\0\0\0\x01\0\0\0\x50\xcb\0\0\0\0\0\0\x04\0\0\0\x01\0\0\0\x60\xcb\0\0\0\0\
\0\0\x04\0\0\0\x01\0\0\0\x70\xcb\0\0\0\0\0\0\x04\0\0\0\x01\0\0\0\x80\xcb\0\0\0\
\0\0\0\x04\0\0\0\x01\0\0\0\x90\xcb\0\0\0\0\0\0\x04\0\0\0\x01\0\0\0\xa0\xcb\0\0\
\0\0\0\0\x04\0\0\0\x01\0\0\0\xb0\xcb\0\0\0\0\0\0\x04\0\0\0\x01\0\0\0\xc0\xcb\0\
\0\0\0\0\0\x04\0\0\0\x01\0\0\0\xd0\xcb\0\0\0\0\0\0\x04\0\0\0\x01\0\0\0\xe0\xcb\
\0\0\0\0\0\0\x04\0\0\0\x01\0\0\0\xf0\xcb\0\0\0\0\0\0\x04\0\0\0\x01\0\0\0\0\xcc\
\0\0\0\0\0\0\x04\0\0\0\x01\0\0\0\x10\xcc\0\0\0\0\0\0\x04\0\0\0\x01\0\0\0\x20\
\xcc\0\0\0\0\0\0\x04\0\0\0\x01\0\0\0\x30\xcc\0\0\0\0\0\0\x04\0\0\0\x01\0\0\0\
\x40\xcc\0\0\0\0\0\0\x04\0\0\0\x01\0\0\0\x50\xcc\0\0\0\0\0\0\x04\0\0\0\x01\0\0\
\0\x60\xcc\0\0\0\0\0\0\x04\0\0\0\x01\0\0\0\x70\xcc\0\0\0\0\0\0\x04\0\0\0\x01\0\
\0\0\x80\xcc\0\0\0\0\0\0\x04\0\0\0\x01\0\0\0\x90\xcc\0\0\0\0\0\0\x04\0\0\0\x01\
\0\0\0\xa0\xcc\0\0\0\0\0\0\x04\0\0\0\x01\0\0\0\xb0\xcc\0\0\0\0\0\0\x04\0\0\0\
\x01\0\0\0\xc0\xcc\0\0\0\0\0\0\x04\0\0\0\x01\0\0\0\xd0\xcc\0\0\0\0\0\0\x04\0\0\
\0\x01\0\0\0\xe0\xcc\0\0\0\0\0\0\x04\0\0\0\x01\0\0\0\xf0\xcc\0\0\0\0\0\0\x04\0\
\0\0\x01\0\0\0\0\xcd\0\0\0\0\0\0\x04\0\0\0\x01\0\0\0\x10\xcd\0\0\0\0\0\0\x04\0\
\0\0\x01\0\0\0\x20\xcd\0\0\0\0\0\0\x04\0\0\0\x01\0\0\0\x30\xcd\0\0\0\0\0\0\x04\
\0\0\0\x01\0\0\0\x40\xcd\0\0\0\0\0\0\x04\0\0\0\x01\0\0\0\x50\xcd\0\0\0\0\0\0\
\x04\0\0\0\x01\0\0\0\x60\xcd\0\0\0\0\0\0\x04\0\0\0\x01\0\0\0\x70\xcd\0\0\0\0\0\
\0\x04\0\0\0\x01\0\0\0\x80\xcd\0\0\0\0\0\0\x04\0\0\0\x01\0\0\0\x90\xcd\0\0\0\0\
\0\0\x04\0\0\0\x01\0\0\0\xa0\xcd\0\0\0\0\0\0\x04\0\0\0\x01\0\0\0\xb0\xcd\0\0\0\
\0\0\0\x04\0\0\0\x01\0\0\0\xc0\xcd\0\0\0\0\0\0\x04\0\0\0\x01\0\0\0\xd0\xcd\0\0\
\0\0\0\0\x04\0\0\0\x01\0\0\0\xe0\xcd\0\0\0\0\0\0\x04\0\0\0\x01\0\0\0\xf0\xcd\0\
\0\0\0\0\0\x04\0\0\0\x01\0\0\0\0\xce\0\0\0\0\0\0\x04\0\0\0\x01\0\0\0\x10\xce\0\
\0\0\0\0\0\x04\0\0\0\x01\0\0\0\x20\xce\0\0\0\0\0\0\x04\0\0\0\x01\0\0\0\x30\xce\
\0\0\0\0\0\0\x04\0\0\0\x01\0\0\0\x40\xce\0\0\0\0\0\0\x04\0\0\0\x01\0\0\0\x50\
\xce\0\0\0\0\0\0\x04\0\0\0\x01\0\0\0\x60\xce\0\0\0\0\0\0\x04\0\0\0\x01\0\0\0\
\x70\xce\0\0\0\0\0\0\x04\0\0\0\x01\0\0\0\x80\xce\0\0\0\0\0\0\x04\0\0\0\x01\0\0\
\0\x90\xce\0\0\0\0\0\0\x04\0\0\0\x01\0\0\0\xa0\xce\0\0\0\0\0\0\x04\0\0\0\x01\0\
\0\0\xb0\xce\0\0\0\0\0\0\x04\0\0\0\x01\0\0\0\xc0\xce\0\0\0\0\0\0\x04\0\0\0\x01\
\0\0\0\xd0\xce\0\0\0\0\0\0\x04\0\0\0\x01\0\0\0\xe0\xce\0\0\0\0\0\0\x04\0\0\0\
\x01\0\0\0\xf0\xce\0\0\0\0\0\0\x04\0\0\0\x01\0\0\0\0\xcf\0\0\0\0\0\0\x04\0\0\0\
\x01\0\0\0\x10\xcf\0\0\0\0\0\0\x04\0\0\0\x01\0\0\0\x20\xcf\0\0\0\0\0\0\x04\0\0\
\0\x01\0\0\0\x30\xcf\0\0\0\0\0\0\x04\0\0\0\x01\0\0\0\x40\xcf\0\0\0\0\0\0\x04\0\
\0\0\x01\0\0\0\x50\xcf\0\0\0\0\0\0\x04\0\0\0\x01\0\0\0\x60\xcf\0\0\0\0\0\0\x04\
\0\0\0\x01\0\0\0\x70\xcf\0\0\0\0\0\0\x04\0\0\0\x01\0\0\0\x80\xcf\0\0\0\0\0\0\
\x04\0\0\0\x01\0\0\0\x90\xcf\0\0\0\0\0\0\x04\0\0\0\x01\0\0\0\xa0\xcf\0\0\0\0\0\
\0\x04\0\0\0\x01\0\0\0\xb0\xcf\0\0\0\0\0\0\x04\0\0\0\x01\0\0\0\xc0\xcf\0\0\0\0\
\0\0\x04\0\0\0\x01\0\0\0\xd0\xcf\0\0\0\0\0\0\x04\0\0\0\x01\0\0\0\xe0\xcf\0\0\0\
\0\0\0\x04\0\0\0\x01\0\0\0\xf0\xcf\0\0\0\0\0\0\x04\0\0\0\x01\0\0\0\0\xd0\0\0\0\
\0\0\0\x04\0\0\0\x01\0\0\0\x10\xd0\0\0\0\0\0\0\x04\0\0\0\x01\0\0\0\x20\xd0\0\0\
\0\0\0\0\x04\0\0\0\x01\0\0\0\x30\xd0\0\0\0\0\0\0\x04\0\0\0\x01\0\0\0\x40\xd0\0\
\0\0\0\0\0\x04\0\0\0\x01\0\0\0\x50\xd0\0\0\0\0\0\0\x04\0\0\0\x01\0\0\0\x60\xd0\
\0\0\0\0\0\0\x04\0\0\0\x01\0\0\0\x70\xd0\0\0\0\0\0\0\x04\0\0\0\x01\0\0\0\x80\
\xd0\0\0\0\0\0\0\x04\0\0\0\x01\0\0\0\x90\xd0\0\0\0\0\0\0\x04\0\0\0\x01\0\0\0\
\xa0\xd0\0\0\0\0\0\0\x04\0\0\0\x01\0\0\0\xb0\xd0\0\0\0\0\0\0\x04\0\0\0\x01\0\0\
\0\xc0\xd0\0\0\0\0\0\0\x04\0\0\0\x01\0\0\0\xd0\xd0\0\0\0\0\0\0\x04\0\0\0\x01\0\
\0\0\xe0\xd0\0\0\0\0\0\0\x04\0\0\0\x01\0\0\0\xf0\xd0\0\0\0\0\0\0\x04\0\0\0\x01\
\0\0\0\0\xd1\0\0\0\0\0\0\x04\0\0\0\x01\0\0\0\x10\xd1\0\0\0\0\0\0\x04\0\0\0\x01\
\0\0\0\x20\xd1\0\0\0\0\0\0\x04\0\0\0\x01\0\0\0\x30\xd1\0\0\0\0\0\0\x04\0\0\0\
\x01\0\0\0\x40\xd1\0\0\0\0\0\0\x04\0\0\0\x01\0\0\0\x50\xd1\0\0\0\0\0\0\x04\0\0\
\0\x01\0\0\0\x60\xd1\0\0\0\0\0\0\x04\0\0\0\x01\0\0\0\x70\xd1\0\0\0\0\0\0\x04\0\
\0\0\x01\0\0\0\x80\xd1\0\0\0\0\0\0\x04\0\0\0\x01\0\0\0\x90\xd1\0\0\0\0\0\0\x04\
\0\0\0\x01\0\0\0\xa0\xd1\0\0\0\0\0\0\x04\0\0\0\x01\0\0\0\xb0\xd1\0\0\0\0\0\0\
\x04\0\0\0\x01\0\0\0\xc0\xd1\0\0\0\0\0\0\x04\0\0\0\x01\0\0\0\xd0\xd1\0\0\0\0\0\
\0\x04\0\0\0\x01\0\0\0\xe0\xd1\0\0\0\0\0\0\x04\0\0\0\x01\0\0\0\xf0\xd1\0\0\0\0\
\0\0\x04\0\0\0\x01\0\0\0\0\xd2\0\0\0\0\0\0\x04\0\0\0\x01\0\0\0\x10\xd2\0\0\0\0\
\0\0\x04\0\0\0\x01\0\0\0\x20\xd2\0\0\0\0\0\0\x04\0\0\0\x01\0\0\0\x30\xd2\0\0\0\
\0\0\0\x04\0\0\0\x01\0\0\0\x40\xd2\0\0\0\0\0\0\x04\0\0\0\x01\0\0\0\x50\xd2\0\0\
\0\0\0\0\x04\0\0\0\x01\0\0\0\x60\xd2\0\0\0\0\0\0\x04\0\0\0\x01\0\0\0\x70\xd2\0\
\0\0\0\0\0\x04\0\0\0\x01\0\0\0\x80\xd2\0\0\0\0\0\0\x04\0\0\0\x01\0\0\0\x90\xd2\
\0\0\0\0\0\0\x04\0\0\0\x01\0\0\0\xa0\xd2\0\0\0\0\0\0\x04\0\0\0\x01\0\0\0\xb0\
\xd2\0\0\0\0\0\0\x04\0\0\0\x01\0\0\0\xc0\xd2\0\0\0\0\0\0\x04\0\0\0\x01\0\0\0\
\xd0\xd2\0\0\0\0\0\0\x04\0\0\0\x01\0\0\0\xe0\xd2\0\0\0\0\0\0\x04\0\0\0\x01\0\0\
\0\xf0\xd2\0\0\0\0\0\0\x04\0\0\0\x01\0\0\0\0\xd3\0\0\0\0\0\0\x04\0\0\0\x01\0\0\
\0\x10\xd3\0\0\0\0\0\0\x04\0\0\0\x01\0\0\0\x20\xd3\0\0\0\0\0\0\x04\0\0\0\x01\0\
\0\0\x30\xd3\0\0\0\0\0\0\x04\0\0\0\x01\0\0\0\x40\xd3\0\0\0\0\0\0\x04\0\0\0\x01\
\0\0\0\x50\xd3\0\0\0\0\0\0\x04\0\0\0\x01\0\0\0\x60\xd3\0\0\0\0\0\0\x04\0\0\0\
\x01\0\0\0\x70\xd3\0\0\0\0\0\0\x04\0\0\0\x01\0\0\0\x80\xd3\0\0\0\0\0\0\x04\0\0\
\0\x01\0\0\0\x90\xd3\0\0\0\0\0\0\x04\0\0\0\x01\0\0\0\xa0\xd3\0\0\0\0\0\0\x04\0\
\0\0\x01\0\0\0\xb0\xd3\0\0\0\0\0\0\x04\0\0\0\x01\0\0\0\xc0\xd3\0\0\0\0\0\0\x04\
\0\0\0\x01\0\0\0\xd0\xd3\0\0\0\0\0\0\x04\0\0\0\x01\0\0\0\xe0\xd3\0\0\0\0\0\0\
\x04\0\0\0\x01\0\0\0\xf0\xd3\0\0\0\0\0\0\x04\0\0\0\x01\0\0\0\0\xd4\0\0\0\0\0\0\
\x04\0\0\0\x01\0\0\0\x10\xd4\0\0\0\0\0\0\x04\0\0\0\x01\0\0\0\x20\xd4\0\0\0\0\0\
\0\x04\0\0\0\x01\0\0\0\x30\xd4\0\0\0\0\0\0\x04\0\0\0\x01\0\0\0\x40\xd4\0\0\0\0\
\0\0\x04\0\0\0\x01\0\0\0\x50\xd4\0\0\0\0\0\0\x04\0\0\0\x01\0\0\0\x60\xd4\0\0\0\
\0\0\0\x04\0\0\0\x01\0\0\0\x70\xd4\0\0\0\0\0\0\x04\0\0\0\x01\0\0\0\x80\xd4\0\0\
\0\0\0\0\x04\0\0\0\x01\0\0\0\x90\xd4\0\0\0\0\0\0\x04\0\0\0\x01\0\0\0\xa0\xd4\0\
\0\0\0\0\0\x04\0\0\0\x01\0\0\0\xb0\xd4\0\0\0\0\0\0\x04\0\0\0\x01\0\0\0\xc0\xd4\
\0\0\0\0\0\0\x04\0\0\0\x01\0\0\0\xd0\xd4\0\0\0\0\0\0\x04\0\0\0\x01\0\0\0\xe0\
\xd4\0\0\0\0\0\0\x04\0\0\0\x01\0\0\0\xf0\xd4\0\0\0\0\0\0\x04\0\0\0\x01\0\0\0\0\
\xd5\0\0\0\0\0\0\x04\0\0\0\x01\0\0\0\x10\xd5\0\0\0\0\0\0\x04\0\0\0\x01\0\0\0\
\x20\xd5\0\0\0\0\0\0\x04\0\0\0\x01\0\0\0\x30\xd5\0\0\0\0\0\0\x04\0\0\0\x01\0\0\
\0\x40\xd5\0\0\0\0\0\0\x04\0\0\0\x01\0\0\0\x50\xd5\0\0\0\0\0\0\x04\0\0\0\x01\0\
\0\0\x60\xd5\0\0\0\0\0\0\x04\0\0\0\x01\0\0\0\x70\xd5\0\0\0\0\0\0\x04\0\0\0\x01\
\0\0\0\x80\xd5\0\0\0\0\0\0\x04\0\0\0\x01\0\0\0\x90\xd5\0\0\0\0\0\0\x04\0\0\0\
\x01\0\0\0\xa0\xd5\0\0\0\0\0\0\x04\0\0\0\x01\0\0\0\xb0\xd5\0\0\0\0\0\0\x04\0\0\
\0\x01\0\0\0\xc0\xd5\0\0\0\0\0\0\x04\0\0\0\x01\0\0\0\xd0\xd5\0\0\0\0\0\0\x04\0\
\0\0\x01\0\0\0\xe0\xd5\0\0\0\0\0\0\x04\0\0\0\x01\0\0\0\xf0\xd5\0\0\0\0\0\0\x04\
\0\0\0\x01\0\0\0\0\xd6\0\0\0\0\0\0\x04\0\0\0\x01\0\0\0\x10\xd6\0\0\0\0\0\0\x04\
\0\0\0\x01\0\0\0\x20\xd6\0\0\0\0\0\0\x04\0\0\0\x01\0\0\0\x30\xd6\0\0\0\0\0\0\
\x04\0\0\0\x01\0\0\0\x40\xd6\0\0\0\0\0\0\x04\0\0\0\x01\0\0\0\x50\xd6\0\0\0\0\0\
\0\x04\0\0\0\x01\0\0\0\x60\xd6\0\0\0\0\0\0\x04\0\0\0\x01\0\0\0\x70\xd6\0\0\0\0\
\0\0\x04\0\0\0\x01\0\0\0\x80\xd6\0\0\0\0\0\0\x04\0\0\0\x01\0\0\0\x90\xd6\0\0\0\
\0\0\0\x04\0\0\0\x01\0\0\0\xa0\xd6\0\0\0\0\0\0\x04\0\0\0\x01\0\0\0\xb0\xd6\0\0\
\0\0\0\0\x04\0\0\0\x01\0\0\0\xc0\xd6\0\0\0\0\0\0\x04\0\0\0\x01\0\0\0\xd0\xd6\0\
\0\0\0\0\0\x04\0\0\0\x01\0\0\0\xe0\xd6\0\0\0\0\0\0\x04\0\0\0\x01\0\0\0\xf0\xd6\
\0\0\0\0\0\0\x04\0\0\0\x01\0\0\0\0\xd7\0\0\0\0\0\0\x04\0\0\0\x01\0\0\0\x10\xd7\
\0\0\0\0\0\0\x04\0\0\0\x01\0\0\0\x20\xd7\0\0\0\0\0\0\x04\0\0\0\x01\0\0\0\x30\
\xd7\0\0\0\0\0\0\x04\0\0\0\x01\0\0\0\x40\xd7\0\0\0\0\0\0\x04\0\0\0\x01\0\0\0\
\x50\xd7\0\0\0\0\0\0\x04\0\0\0\x01\0\0\0\x60\xd7\0\0\0\0\0\0\x04\0\0\0\x01\0\0\
\0\x70\xd7\0\0\0\0\0\0\x04\0\0\0\x01\0\0\0\x80\xd7\0\0\0\0\0\0\x04\0\0\0\x01\0\
\0\0\x90\xd7\0\0\0\0\0\0\x04\0\0\0\x01\0\0\0\xa0\xd7\0\0\0\0\0\0\x04\0\0\0\x01\
\0\0\0\xb0\xd7\0\0\0\0\0\0\x04\0\0\0\x01\0\0\0\xc0\xd7\0\0\0\0\0\0\x04\0\0\0\
\x01\0\0\0\xd0\xd7\0\0\0\0\0\0\x04\0\0\0\x01\0\0\0\xe0\xd7\0\0\0\0\0\0\x04\0\0\
\0\x01\0\0\0\xf0\xd7\0\0\0\0\0\0\x04\0\0\0\x01\0\0\0\0\xd8\0\0\0\0\0\0\x04\0\0\
\0\x01\0\0\0\x10\xd8\0\0\0\0\0\0\x04\0\0\0\x01\0\0\0\x20\xd8\0\0\0\0\0\0\x04\0\
\0\0\x01\0\0\0\x30\xd8\0\0\0\0\0\0\x04\0\0\0\x01\0\0\0\x40\xd8\0\0\0\0\0\0\x04\
\0\0\0\x01\0\0\0\x50\xd8\0\0\0\0\0\0\x04\0\0\0\x01\0\0\0\x60\xd8\0\0\0\0\0\0\
\x04\0\0\0\x01\0\0\0\x70\xd8\0\0\0\0\0\0\x04\0\0\0\x01\0\0\0\x80\xd8\0\0\0\0\0\
\0\x04\0\0\0\x01\0\0\0\x90\xd8\0\0\0\0\0\0\x04\0\0\0\x01\0\0\0\xa0\xd8\0\0\0\0\
\0\0\x04\0\0\0\x01\0\0\0\xb0\xd8\0\0\0\0\0\0\x04\0\0\0\x01\0\0\0\xc0\xd8\0\0\0\
\0\0\0\x04\0\0\0\x01\0\0\0\xd0\xd8\0\0\0\0\0\0\x04\0\0\0\x01\0\0\0\xe0\xd8\0\0\
\0\0\0\0\x04\0\0\0\x01\0\0\0\xf0\xd8\0\0\0\0\0\0\x04\0\0\0\x01\0\0\0\0\xd9\0\0\
\0\0\0\0\x04\0\0\0\x01\0\0\0\x10\xd9\0\0\0\0\0\0\x04\0\0\0\x01\0\0\0\x20\xd9\0\
\0\0\0\0\0\x04\0\0\0\x01\0\0\0\x30\xd9\0\0\0\0\0\0\x04\0\0\0\x01\0\0\0\x40\xd9\
\0\0\0\0\0\0\x04\0\0\0\x01\0\0\0\x50\xd9\0\0\0\0\0\0\x04\0\0\0\x01\0\0\0\x60\
\xd9\0\0\0\0\0\0\x04\0\0\0\x01\0\0\0\x70\xd9\0\0\0\0\0\0\x04\0\0\0\x01\0\0\0\
\x80\xd9\0\0\0\0\0\0\x04\0\0\0\x01\0\0\0\x90\xd9\0\0\0\0\0\0\x04\0\0\0\x01\0\0\
\0\xa0\xd9\0\0\0\0\0\0\x04\0\0\0\x01\0\0\0\xb0\xd9\0\0\0\0\0\0\x04\0\0\0\x01\0\
\0\0\xc0\xd9\0\0\0\0\0\0\x04\0\0\0\x01\0\0\0\xd0\xd9\0\0\0\0\0\0\x04\0\0\0\x01\
\0\0\0\xe0\xd9\0\0\0\0\0\0\x04\0\0\0\x01\0\0\0\xf0\xd9\0\0\0\0\0\0\x04\0\0\0\
\x01\0\0\0\0\xda\0\0\0\0\0\0\x04\0\0\0\x01\0\0\0\x10\xda\0\0\0\0\0\0\x04\0\0\0\
\x01\0\0\0\x20\xda\0\0\0\0\0\0\x04\0\0\0\x01\0\0\0\x30\xda\0\0\0\0\0\0\x04\0\0\
\0\x01\0\0\0\x40\xda\0\0\0\0\0\0\x04\0\0\0\x01\0\0\0\x50\xda\0\0\0\0\0\0\x04\0\
\0\0\x01\0\0\0\x60\xda\0\0\0\0\0\0\x04\0\0\0\x01\0\0\0\x70\xda\0\0\0\0\0\0\x04\
\0\0\0\x01\0\0\0\x80\xda\0\0\0\0\0\0\x04\0\0\0\x01\0\0\0\x90\xda\0\0\0\0\0\0\
\x04\0\0\0\x01\0\0\0\xa0\xda\0\0\0\0\0\0\x04\0\0\0\x01\0\0\0\xb0\xda\0\0\0\0\0\
\0\x04\0\0\0\x01\0\0\0\xc0\xda\0\0\0\0\0\0\x04\0\0\0\x01\0\0\0\xd0\xda\0\0\0\0\
\0\0\x04\0\0\0\x01\0\0\0\xe0\xda\0\0\0\0\0\0\x04\0\0\0\x01\0\0\0\xf0\xda\0\0\0\
\0\0\0\x04\0\0\0\x01\0\0\0\0\xdb\0\0\0\0\0\0\x04\0\0\0\x01\0\0\0\x10\xdb\0\0\0\
\0\0\0\x04\0\0\0\x01\0\0\0\x20\xdb\0\0\0\0\0\0\x04\0\0\0\x01\0\0\0\x30\xdb\0\0\
\0\0\0\0\x04\0\0\0\x01\0\0\0\x40\xdb\0\0\0\0\0\0\x04\0\0\0\x01\0\0\0\x50\xdb\0\
\0\0\0\0\0\x04\0\0\0\x01\0\0\0\x60\xdb\0\0\0\0\0\0\x04\0\0\0\x01\0\0\0\x70\xdb\
\0\0\0\0\0\0\x04\0\0\0\x01\0\0\0\x80\xdb\0\0\0\0\0\0\x04\0\0\0\x01\0\0\0\x90\
\xdb\0\0\0\0\0\0\x04\0\0\0\x01\0\0\0\xa0\xdb\0\0\0\0\0\0\x04\0\0\0\x01\0\0\0\
\xb0\xdb\0\0\0\0\0\0\x04\0\0\0\x01\0\0\0\xc0\xdb\0\0\0\0\0\0\x04\0\0\0\x01\0\0\
\0\xd0\xdb\0\0\0\0\0\0\x04\0\0\0\x01\0\0\0\xe0\xdb\0\0\0\0\0\0\x04\0\0\0\x01\0\
\0\0\xf0\xdb\0\0\0\0\0\0\x04\0\0\0\x01\0\0\0\0\xdc\0\0\0\0\0\0\x04\0\0\0\x01\0\
\0\0\x10\xdc\0\0\0\0\0\0\x04\0\0\0\x01\0\0\0\x20\xdc\0\0\0\0\0\0\x04\0\0\0\x01\
\0\0\0\x30\xdc\0\0\0\0\0\0\x04\0\0\0\x01\0\0\0\x40\xdc\0\0\0\0\0\0\x04\0\0\0\
\x01\0\0\0\x50\xdc\0\0\0\0\0\0\x04\0\0\0\x01\0\0\0\x60\xdc\0\0\0\0\0\0\x04\0\0\
\0\x01\0\0\0\x70\xdc\0\0\0\0\0\0\x04\0\0\0\x01\0\0\0\x80\xdc\0\0\0\0\0\0\x04\0\
\0\0\x01\0\0\0\x90\xdc\0\0\0\0\0\0\x04\0\0\0\x01\0\0\0\xa0\xdc\0\0\0\0\0\0\x04\
\0\0\0\x01\0\0\0\xb0\xdc\0\0\0\0\0\0\x04\0\0\0\x01\0\0\0\xc0\xdc\0\0\0\0\0\0\
\x04\0\0\0\x01\0\0\0\xd0\xdc\0\0\0\0\0\0\x04\0\0\0\x01\0\0\0\xe0\xdc\0\0\0\0\0\
\0\x04\0\0\0\x01\0\0\0\xf0\xdc\0\0\0\0\0\0\x04\0\0\0\x01\0\0\0\0\xdd\0\0\0\0\0\
\0\x04\0\0\0\x01\0\0\0\x10\xdd\0\0\0\0\0\0\x04\0\0\0\x01\0\0\0\x20\xdd\0\0\0\0\
\0\0\x04\0\0\0\x01\0\0\0\x30\xdd\0\0\0\0\0\0\x04\0\0\0\x01\0\0\0\x40\xdd\0\0\0\
\0\0\0\x04\0\0\0\x01\0\0\0\x50\xdd\0\0\0\0\0\0\x04\0\0\0\x01\0\0\0\x60\xdd\0\0\
\0\0\0\0\x04\0\0\0\x01\0\0\0\x70\xdd\0\0\0\0\0\0\x04\0\0\0\x01\0\0\0\x80\xdd\0\
\0\0\0\0\0\x04\0\0\0\x01\0\0\0\x90\xdd\0\0\0\0\0\0\x04\0\0\0\x01\0\0\0\xa0\xdd\
\0\0\0\0\0\0\x04\0\0\0\x01\0\0\0\xb0\xdd\0\0\0\0\0\0\x04\0\0\0\x01\0\0\0\xc0\
\xdd\0\0\0\0\0\0\x04\0\0\0\x01\0\0\0\xd0\xdd\0\0\0\0\0\0\x04\0\0\0\x01\0\0\0\
\xe0\xdd\0\0\0\0\0\0\x04\0\0\0\x01\0\0\0\xf0\xdd\0\0\0\0\0\0\x04\0\0\0\x01\0\0\
\0\0\xde\0\0\0\0\0\0\x04\0\0\0\x01\0\0\0\x10\xde\0\0\0\0\0\0\x04\0\0\0\x01\0\0\
\0\x20\xde\0\0\0\0\0\0\x04\0\0\0\x01\0\0\0\x30\xde\0\0\0\0\0\0\x04\0\0\0\x01\0\
\0\0\x40\xde\0\0\0\0\0\0\x04\0\0\0\x01\0\0\0\x50\xde\0\0\0\0\0\0\x04\0\0\0\x01\
\0\0\0\x60\xde\0\0\0\0\0\0\x04\0\0\0\x01\0\0\0\x70\xde\0\0\0\0\0\0\x04\0\0\0\
\x01\0\0\0\x80\xde\0\0\0\0\0\0\x04\0\0\0\x01\0\0\0\x90\xde\0\0\0\0\0\0\x04\0\0\
\0\x01\0\0\0\xa0\xde\0\0\0\0\0\0\x04\0\0\0\x01\0\0\0\xb0\xde\0\0\0\0\0\0\x04\0\
\0\0\x01\0\0\0\xc0\xde\0\0\0\0\0\0\x04\0\0\0\x01\0\0\0\xd0\xde\0\0\0\0\0\0\x04\
\0\0\0\x01\0\0\0\xe0\xde\0\0\0\0\0\0\x04\0\0\0\x01\0\0\0\xf0\xde\0\0\0\0\0\0\
\x04\0\0\0\x01\0\0\0\0\xdf\0\0\0\0\0\0\x04\0\0\0\x01\0\0\0\x10\xdf\0\0\0\0\0\0\
\x04\0\0\0\x01\0\0\0\x20\xdf\0\0\0\0\0\0\x04\0\0\0\x01\0\0\0\x30\xdf\0\0\0\0\0\
\0\x04\0\0\0\x01\0\0\0\x40\xdf\0\0\0\0\0\0\x04\0\0\0\x01\0\0\0\x50\xdf\0\0\0\0\
\0\0\x04\0\0\0\x01\0\0\0\x60\xdf\0\0\0\0\0\0\x04\0\0\0\x01\0\0\0\x70\xdf\0\0\0\
\0\0\0\x04\0\0\0\x01\0\0\0\x80\xdf\0\0\0\0\0\0\x04\0\0\0\x01\0\0\0\x90\xdf\0\0\
\0\0\0\0\x04\0\0\0\x01\0\0\0\xa0\xdf\0\0\0\0\0\0\x04\0\0\0\x01\0\0\0\xb0\xdf\0\
\0\0\0\0\0\x04\0\0\0\x01\0\0\0\xc0\xdf\0\0\0\0\0\0\x04\0\0\0\x01\0\0\0\xd0\xdf\
\0\0\0\0\0\0\x04\0\0\0\x01\0\0\0\xe0\xdf\0\0\0\0\0\0\x04\0\0\0\x01\0\0\0\xf0\
\xdf\0\0\0\0\0\0\x04\0\0\0\x01\0\0\0\0\xe0\0\0\0\0\0\0\x04\0\0\0\x01\0\0\0\x10\
\xe0\0\0\0\0\0\0\x04\0\0\0\x01\0\0\0\x20\xe0\0\0\0\0\0\0\x04\0\0\0\x01\0\0\0\
\x30\xe0\0\0\0\0\0\0\x04\0\0\0\x01\0\0\0\x40\xe0\0\0\0\0\0\0\x04\0\0\0\x01\0\0\
\0\x50\xe0\0\0\0\0\0\0\x04\0\0\0\x01\0\0\0\x60\xe0\0\0\0\0\0\0\x04\0\0\0\x01\0\
\0\0\x70\xe0\0\0\0\0\0\0\x04\0\0\0\x01\0\0\0\x80\xe0\0\0\0\0\0\0\x04\0\0\0\x01\
\0\0\0\x90\xe0\0\0\0\0\0\0\x04\0\0\0\x01\0\0\0\xa0\xe0\0\0\0\0\0\0\x04\0\0\0\
\x01\0\0\0\xb0\xe0\0\0\0\0\0\0\x04\0\0\0\x01\0\0\0\xc0\xe0\0\0\0\0\0\0\x04\0\0\
\0\x01\0\0\0\xd0\xe0\0\0\0\0\0\0\x04\0\0\0\x01\0\0\0\xe0\xe0\0\0\0\0\0\0\x04\0\
\0\0\x01\0\0\0\xf0\xe0\0\0\0\0\0\0\x04\0\0\0\x01\0\0\0\0\xe1\0\0\0\0\0\0\x04\0\
\0\0\x01\0\0\0\x10\xe1\0\0\0\0\0\0\x04\0\0\0\x01\0\0\0\x20\xe1\0\0\0\0\0\0\x04\
\0\0\0\x01\0\0\0\x30\xe1\0\0\0\0\0\0\x04\0\0\0\x01\0\0\0\x40\xe1\0\0\0\0\0\0\
\x04\0\0\0\x01\0\0\0\x50\xe1\0\0\0\0\0\0\x04\0\0\0\x01\0\0\0\x60\xe1\0\0\0\0\0\
\0\x04\0\0\0\x01\0\0\0\x70\xe1\0\0\0\0\0\0\x04\0\0\0\x01\0\0\0\x80\xe1\0\0\0\0\
\0\0\x04\0\0\0\x01\0\0\0\x90\xe1\0\0\0\0\0\0\x04\0\0\0\x01\0\0\0\xa0\xe1\0\0\0\
\0\0\0\x04\0\0\0\x01\0\0\0\xb0\xe1\0\0\0\0\0\0\x04\0\0\0\x01\0\0\0\xc0\xe1\0\0\
\0\0\0\0\x04\0\0\0\x01\0\0\0\xd0\xe1\0\0\0\0\0\0\x04\0\0\0\x01\0\0\0\xe0\xe1\0\
\0\0\0\0\0\x04\0\0\0\x01\0\0\0\xf0\xe1\0\0\0\0\0\0\x04\0\0\0\x01\0\0\0\0\xe2\0\
\0\0\0\0\0\x04\0\0\0\x01\0\0\0\x10\xe2\0\0\0\0\0\0\x04\0\0\0\x01\0\0\0\x20\xe2\
\0\0\0\0\0\0\x04\0\0\0\x01\0\0\0\x30\xe2\0\0\0\0\0\0\x04\0\0\0\x01\0\0\0\x40\
\xe2\0\0\0\0\0\0\x04\0\0\0\x01\0\0\0\x50\xe2\0\0\0\0\0\0\x04\0\0\0\x01\0\0\0\
\x60\xe2\0\0\0\0\0\0\x04\0\0\0\x01\0\0\0\x70\xe2\0\0\0\0\0\0\x04\0\0\0\x01\0\0\
\0\x80\xe2\0\0\0\0\0\0\x04\0\0\0\x01\0\0\0\x90\xe2\0\0\0\0\0\0\x04\0\0\0\x01\0\
\0\0\xa0\xe2\0\0\0\0\0\0\x04\0\0\0\x01\0\0\0\xb0\xe2\0\0\0\0\0\0\x04\0\0\0\x01\
\0\0\0\xc0\xe2\0\0\0\0\0\0\x04\0\0\0\x01\0\0\0\xd0\xe2\0\0\0\0\0\0\x04\0\0\0\
\x01\0\0\0\xe0\xe2\0\0\0\0\0\0\x04\0\0\0\x01\0\0\0\xf0\xe2\0\0\0\0\0\0\x04\0\0\
\0\x01\0\0\0\0\xe3\0\0\0\0\0\0\x04\0\0\0\x01\0\0\0\x10\xe3\0\0\0\0\0\0\x04\0\0\
\0\x01\0\0\0\x20\xe3\0\0\0\0\0\0\x04\0\0\0\x01\0\0\0\x30\xe3\0\0\0\0\0\0\x04\0\
\0\0\x01\0\0\0\x40\xe3\0\0\0\0\0\0\x04\0\0\0\x01\0\0\0\x50\xe3\0\0\0\0\0\0\x04\
\0\0\0\x01\0\0\0\x60\xe3\0\0\0\0\0\0\x04\0\0\0\x01\0\0\0\x70\xe3\0\0\0\0\0\0\
\x04\0\0\0\x01\0\0\0\x80\xe3\0\0\0\0\0\0\x04\0\0\0\x01\0\0\0\x90\xe3\0\0\0\0\0\
\0\x04\0\0\0\x01\0\0\0\xa0\xe3\0\0\0\0\0\0\x04\0\0\0\x01\0\0\0\xb0\xe3\0\0\0\0\
\0\0\x04\0\0\0\x01\0\0\0\xc0\xe3\0\0\0\0\0\0\x04\0\0\0\x01\0\0\0\xd0\xe3\0\0\0\
\0\0\0\x04\0\0\0\x01\0\0\0\xe0\xe3\0\0\0\0\0\0\x04\0\0\0\x01\0\0\0\xf0\xe3\0\0\
\0\0\0\0\x04\0\0\0\x01\0\0\0\0\xe4\0\0\0\0\0\0\x04\0\0\0\x01\0\0\0\x10\xe4\0\0\
\0\0\0\0\x04\0\0\0\x01\0\0\0\x20\xe4\0\0\0\0\0\0\x04\0\0\0\x01\0\0\0\x30\xe4\0\
\0\0\0\0\0\x04\0\0\0\x01\0\0\0\x40\xe4\0\0\0\0\0\0\x04\0\0\0\x01\0\0\0\x50\xe4\
\0\0\0\0\0\0\x04\0\0\0\x01\0\0\0\x60\xe4\0\0\0\0\0\0\x04\0\0\0\x01\0\0\0\x70\
\xe4\0\0\0\0\0\0\x04\0\0\0\x01\0\0\0\x80\xe4\0\0\0\0\0\0\x04\0\0\0\x01\0\0\0\
\x90\xe4\0\0\0\0\0\0\x04\0\0\0\x01\0\0\0\xa0\xe4\0\0\0\0\0\0\x04\0\0\0\x01\0\0\
\0\xb0\xe4\0\0\0\0\0\0\x04\0\0\0\x01\0\0\0\xc0\xe4\0\0\0\0\0\0\x04\0\0\0\x01\0\
\0\0\xd0\xe4\0\0\0\0\0\0\x04\0\0\0\x01\0\0\0\xe0\xe4\0\0\0\0\0\0\x04\0\0\0\x01\
\0\0\0\xf0\xe4\0\0\0\0\0\0\x04\0\0\0\x01\0\0\0\0\xe5\0\0\0\0\0\0\x04\0\0\0\x01\
\0\0\0\x10\xe5\0\0\0\0\0\0\x04\0\0\0\x01\0\0\0\x20\xe5\0\0\0\0\0\0\x04\0\0\0\
\x01\0\0\0\x30\xe5\0\0\0\0\0\0\x04\0\0\0\x01\0\0\0\x40\xe5\0\0\0\0\0\0\x04\0\0\
\0\x01\0\0\0\x50\xe5\0\0\0\0\0\0\x04\0\0\0\x01\0\0\0\x60\xe5\0\0\0\0\0\0\x04\0\
\0\0\x01\0\0\0\x70\xe5\0\0\0\0\0\0\x04\0\0\0\x01\0\0\0\x80\xe5\0\0\0\0\0\0\x04\
\0\0\0\x01\0\0\0\x90\xe5\0\0\0\0\0\0\x04\0\0\0\x01\0\0\0\xa0\xe5\0\0\0\0\0\0\
\x04\0\0\0\x01\0\0\0\xb0\xe5\0\0\0\0\0\0\x04\0\0\0\x01\0\0\0\xc0\xe5\0\0\0\0\0\
\0\x04\0\0\0\x01\0\0\0\xd0\xe5\0\0\0\0\0\0\x04\0\0\0\x01\0\0\0\xe0\xe5\0\0\0\0\
\0\0\x04\0\0\0\x01\0\0\0\xf0\xe5\0\0\0\0\0\0\x04\0\0\0\x01\0\0\0\0\xe6\0\0\0\0\
\0\0\x04\0\0\0\x01\0\0\0\x10\xe6\0\0\0\0\0\0\x04\0\0\0\x01\0\0\0\x20\xe6\0\0\0\
\0\0\0\x04\0\0\0\x01\0\0\0\x30\xe6\0\0\0\0\0\0\x04\0\0\0\x01\0\0\0\x40\xe6\0\0\
\0\0\0\0\x04\0\0\0\x01\0\0\0\x50\xe6\0\0\0\0\0\0\x04\0\0\0\x01\0\0\0\x60\xe6\0\
\0\0\0\0\0\x04\0\0\0\x01\0\0\0\x70\xe6\0\0\0\0\0\0\x04\0\0\0\x01\0\0\0\x80\xe6\
\0\0\0\0\0\0\x04\0\0\0\x01\0\0\0\x90\xe6\0\0\0\0\0\0\x04\0\0\0\x01\0\0\0\xa0\
\xe6\0\0\0\0\0\0\x04\0\0\0\x01\0\0\0\xb0\xe6\0\0\0\0\0\0\x04\0\0\0\x01\0\0\0\
\xc0\xe6\0\0\0\0\0\0\x04\0\0\0\x01\0\0\0\xd0\xe6\0\0\0\0\0\0\x04\0\0\0\x01\0\0\
\0\xe0\xe6\0\0\0\0\0\0\x04\0\0\0\x01\0\0\0\xf0\xe6\0\0\0\0\0\0\x04\0\0\0\x01\0\
\0\0\0\xe7\0\0\0\0\0\0\x04\0\0\0\x01\0\0\0\x10\xe7\0\0\0\0\0\0\x04\0\0\0\x01\0\
\0\0\x20\xe7\0\0\0\0\0\0\x04\0\0\0\x01\0\0\0\x30\xe7\0\0\0\0\0\0\x04\0\0\0\x01\
\0\0\0\x40\xe7\0\0\0\0\0\0\x04\0\0\0\x01\0\0\0\x50\xe7\0\0\0\0\0\0\x04\0\0\0\
\x01\0\0\0\x60\xe7\0\0\0\0\0\0\x04\0\0\0\x01\0\0\0\x70\xe7\0\0\0\0\0\0\x04\0\0\
\0\x01\0\0\0\x80\xe7\0\0\0\0\0\0\x04\0\0\0\x01\0\0\0\x90\xe7\0\0\0\0\0\0\x04\0\
\0\0\x01\0\0\0\xa0\xe7\0\0\0\0\0\0\x04\0\0\0\x01\0\0\0\xb0\xe7\0\0\0\0\0\0\x04\
\0\0\0\x01\0\0\0\xc0\xe7\0\0\0\0\0\0\x04\0\0\0\x01\0\0\0\xd0\xe7\0\0\0\0\0\0\
\x04\0\0\0\x01\0\0\0\xe0\xe7\0\0\0\0\0\0\x04\0\0\0\x01\0\0\0\xf0\xe7\0\0\0\0\0\
\0\x04\0\0\0\x01\0\0\0\0\xe8\0\0\0\0\0\0\x04\0\0\0\x01\0\0\0\x10\xe8\0\0\0\0\0\
\0\x04\0\0\0\x01\0\0\0\x20\xe8\0\0\0\0\0\0\x04\0\0\0\x01\0\0\0\x30\xe8\0\0\0\0\
\0\0\x04\0\0\0\x01\0\0\0\x40\xe8\0\0\0\0\0\0\x04\0\0\0\x01\0\0\0\x50\xe8\0\0\0\
\0\0\0\x04\0\0\0\x01\0\0\0\x60\xe8\0\0\0\0\0\0\x04\0\0\0\x01\0\0\0\x70\xe8\0\0\
\0\0\0\0\x04\0\0\0\x01\0\0\0\x80\xe8\0\0\0\0\0\0\x04\0\0\0\x01\0\0\0\x90\xe8\0\
\0\0\0\0\0\x04\0\0\0\x01\0\0\0\xa0\xe8\0\0\0\0\0\0\x04\0\0\0\x01\0\0\0\xb0\xe8\
\0\0\0\0\0\0\x04\0\0\0\x01\0\0\0\xc0\xe8\0\0\0\0\0\0\x04\0\0\0\x01\0\0\0\xd0\
\xe8\0\0\0\0\0\0\x04\0\0\0\x01\0\0\0\xe0\xe8\0\0\0\0\0\0\x04\0\0\0\x01\0\0\0\
\xf0\xe8\0\0\0\0\0\0\x04\0\0\0\x01\0\0\0\0\xe9\0\0\0\0\0\0\x04\0\0\0\x01\0\0\0\
\x10\xe9\0\0\0\0\0\0\x04\0\0\0\x01\0\0\0\x20\xe9\0\0\0\0\0\0\x04\0\0\0\x01\0\0\
\0\x30\xe9\0\0\0\0\0\0\x04\0\0\0\x01\0\0\0\x40\xe9\0\0\0\0\0\0\x04\0\0\0\x01\0\
\0\0\x50\xe9\0\0\0\0\0\0\x04\0\0\0\x01\0\0\0\x60\xe9\0\0\0\0\0\0\x04\0\0\0\x01\
\0\0\0\x70\xe9\0\0\0\0\0\0\x04\0\0\0\x01\0\0\0\x80\xe9\0\0\0\0\0\0\x04\0\0\0\
\x01\0\0\0\x90\xe9\0\0\0\0\0\0\x04\0\0\0\x01\0\0\0\xa0\xe9\0\0\0\0\0\0\x04\0\0\
\0\x01\0\0\0\xb0\xe9\0\0\0\0\0\0\x04\0\0\0\x01\0\0\0\xc0\xe9\0\0\0\0\0\0\x04\0\
\0\0\x01\0\0\0\xd0\xe9\0\0\0\0\0\0\x04\0\0\0\x01\0\0\0\xe0\xe9\0\0\0\0\0\0\x04\
\0\0\0\x01\0\0\0\xf0\xe9\0\0\0\0\0\0\x04\0\0\0\x01\0\0\0\0\xea\0\0\0\0\0\0\x04\
\0\0\0\x01\0\0\0\x10\xea\0\0\0\0\0\0\x04\0\0\0\x01\0\0\0\x20\xea\0\0\0\0\0\0\
\x04\0\0\0\x01\0\0\0\x30\xea\0\0\0\0\0\0\x04\0\0\0\x01\0\0\0\x40\xea\0\0\0\0\0\
\0\x04\0\0\0\x01\0\0\0\x50\xea\0\0\0\0\0\0\x04\0\0\0\x01\0\0\0\x60\xea\0\0\0\0\
\0\0\x04\0\0\0\x01\0\0\0\x70\xea\0\0\0\0\0\0\x04\0\0\0\x01\0\0\0\x80\xea\0\0\0\
\0\0\0\x04\0\0\0\x01\0\0\0\x90\xea\0\0\0\0\0\0\x04\0\0\0\x01\0\0\0\xa0\xea\0\0\
\0\0\0\0\x04\0\0\0\x01\0\0\0\xb0\xea\0\0\0\0\0\0\x04\0\0\0\x01\0\0\0\xc0\xea\0\
\0\0\0\0\0\x04\0\0\0\x01\0\0\0\xd0\xea\0\0\0\0\0\0\x04\0\0\0\x01\0\0\0\xe0\xea\
\0\0\0\0\0\0\x04\0\0\0\x01\0\0\0\xf0\xea\0\0\0\0\0\0\x04\0\0\0\x01\0\0\0\0\xeb\
\0\0\0\0\0\0\x04\0\0\0\x01\0\0\0\x10\xeb\0\0\0\0\0\0\x04\0\0\0\x01\0\0\0\x20\
\xeb\0\0\0\0\0\0\x04\0\0\0\x01\0\0\0\x30\xeb\0\0\0\0\0\0\x04\0\0\0\x01\0\0\0\
\x40\xeb\0\0\0\0\0\0\x04\0\0\0\x01\0\0\0\x50\xeb\0\0\0\0\0\0\x04\0\0\0\x01\0\0\
\0\x60\xeb\0\0\0\0\0\0\x04\0\0\0\x01\0\0\0\x70\xeb\0\0\0\0\0\0\x04\0\0\0\x01\0\
\0\0\x80\xeb\0\0\0\0\0\0\x04\0\0\0\x01\0\0\0\x90\xeb\0\0\0\0\0\0\x04\0\0\0\x01\
\0\0\0\xa0\xeb\0\0\0\0\0\0\x04\0\0\0\x01\0\0\0\xb0\xeb\0\0\0\0\0\0\x04\0\0\0\
\x01\0\0\0\xc0\xeb\0\0\0\0\0\0\x04\0\0\0\x01\0\0\0\xd0\xeb\0\0\0\0\0\0\x04\0\0\
\0\x01\0\0\0\xe0\xeb\0\0\0\0\0\0\x04\0\0\0\x01\0\0\0\xf0\xeb\0\0\0\0\0\0\x04\0\
\0\0\x01\0\0\0\0\xec\0\0\0\0\0\0\x04\0\0\0\x01\0\0\0\x10\xec\0\0\0\0\0\0\x04\0\
\0\0\x01\0\0\0\x20\xec\0\0\0\0\0\0\x04\0\0\0\x01\0\0\0\x30\xec\0\0\0\0\0\0\x04\
\0\0\0\x01\0\0\0\x40\xec\0\0\0\0\0\0\x04\0\0\0\x01\0\0\0\x50\xec\0\0\0\0\0\0\
\x04\0\0\0\x01\0\0\0\x60\xec\0\0\0\0\0\0\x04\0\0\0\x01\0\0\0\x70\xec\0\0\0\0\0\
\0\x04\0\0\0\x01\0\0\0\x80\xec\0\0\0\0\0\0\x04\0\0\0\x01\0\0\0\x90\xec\0\0\0\0\
\0\0\x04\0\0\0\x01\0\0\0\xa0\xec\0\0\0\0\0\0\x04\0\0\0\x01\0\0\0\xb0\xec\0\0\0\
\0\0\0\x04\0\0\0\x01\0\0\0\xc0\xec\0\0\0\0\0\0\x04\0\0\0\x01\0\0\0\xd0\xec\0\0\
\0\0\0\0\x04\0\0\0\x01\0\0\0\xe0\xec\0\0\0\0\0\0\x04\0\0\0\x01\0\0\0\xf0\xec\0\
\0\0\0\0\0\x04\0\0\0\x01\0\0\0\0\xed\0\0\0\0\0\0\x04\0\0\0\x01\0\0\0\x10\xed\0\
\0\0\0\0\0\x04\0\0\0\x01\0\0\0\x20\xed\0\0\0\0\0\0\x04\0\0\0\x01\0\0\0\x30\xed\
\0\0\0\0\0\0\x04\0\0\0\x01\0\0\0\x40\xed\0\0\0\0\0\0\x04\0\0\0\x01\0\0\0\x50\
\xed\0\0\0\0\0\0\x04\0\0\0\x01\0\0\0\x60\xed\0\0\0\0\0\0\x04\0\0\0\x01\0\0\0\
\x70\xed\0\0\0\0\0\0\x04\0\0\0\x01\0\0\0\x80\xed\0\0\0\0\0\0\x04\0\0\0\x01\0\0\
\0\x90\xed\0\0\0\0\0\0\x04\0\0\0\x01\0\0\0\xa0\xed\0\0\0\0\0\0\x04\0\0\0\x01\0\
\0\0\xb0\xed\0\0\0\0\0\0\x04\0\0\0\x01\0\0\0\xc0\xed\0\0\0\0\0\0\x04\0\0\0\x01\
\0\0\0\xd0\xed\0\0\0\0\0\0\x04\0\0\0\x01\0\0\0\xe0\xed\0\0\0\0\0\0\x04\0\0\0\
\x01\0\0\0\xf0\xed\0\0\0\0\0\0\x04\0\0\0\x01\0\0\0\0\xee\0\0\0\0\0\0\x04\0\0\0\
\x01\0\0\0\x10\xee\0\0\0\0\0\0\x04\0\0\0\x01\0\0\0\x20\xee\0\0\0\0\0\0\x04\0\0\
\0\x01\0\0\0\x30\xee\0\0\0\0\0\0\x04\0\0\0\x01\0\0\0\x40\xee\0\0\0\0\0\0\x04\0\
\0\0\x01\0\0\0\x50\xee\0\0\0\0\0\0\x04\0\0\0\x01\0\0\0\x60\xee\0\0\0\0\0\0\x04\
\0\0\0\x01\0\0\0\x70\xee\0\0\0\0\0\0\x04\0\0\0\x01\0\0\0\x80\xee\0\0\0\0\0\0\
\x04\0\0\0\x01\0\0\0\x90\xee\0\0\0\0\0\0\x04\0\0\0\x01\0\0\0\xa0\xee\0\0\0\0\0\
\0\x04\0\0\0\x01\0\0\0\xb0\xee\0\0\0\0\0\0\x04\0\0\0\x01\0\0\0\xc0\xee\0\0\0\0\
\0\0\x04\0\0\0\x01\0\0\0\xd0\xee\0\0\0\0\0\0\x04\0\0\0\x01\0\0\0\xe0\xee\0\0\0\
\0\0\0\x04\0\0\0\x01\0\0\0\xf0\xee\0\0\0\0\0\0\x04\0\0\0\x01\0\0\0\0\xef\0\0\0\
\0\0\0\x04\0\0\0\x01\0\0\0\x10\xef\0\0\0\0\0\0\x04\0\0\0\x01\0\0\0\x20\xef\0\0\
\0\0\0\0\x04\0\0\0\x01\0\0\0\x30\xef\0\0\0\0\0\0\x04\0\0\0\x01\0\0\0\x40\xef\0\
\0\0\0\0\0\x04\0\0\0\x01\0\0\0\x50\xef\0\0\0\0\0\0\x04\0\0\0\x01\0\0\0\x60\xef\
\0\0\0\0\0\0\x04\0\0\0\x01\0\0\0\x70\xef\0\0\0\0\0\0\x04\0\0\0\x01\0\0\0\x80\
\xef\0\0\0\0\0\0\x04\0\0\0\x01\0\0\0\x90\xef\0\0\0\0\0\0\x04\0\0\0\x01\0\0\0\
\xa0\xef\0\0\0\0\0\0\x04\0\0\0\x01\0\0\0\xb0\xef\0\0\0\0\0\0\x04\0\0\0\x01\0\0\
\0\xc0\xef\0\0\0\0\0\0\x04\0\0\0\x01\0\0\0\xd0\xef\0\0\0\0\0\0\x04\0\0\0\x01\0\
\0\0\xe0\xef\0\0\0\0\0\0\x04\0\0\0\x01\0\0\0\xf0\xef\0\0\0\0\0\0\x04\0\0\0\x01\
\0\0\0\0\xf0\0\0\0\0\0\0\x04\0\0\0\x01\0\0\0\x10\xf0\0\0\0\0\0\0\x04\0\0\0\x01\
\0\0\0\x20\xf0\0\0\0\0\0\0\x04\0\0\0\x01\0\0\0\x30\xf0\0\0\0\0\0\0\x04\0\0\0\
\x01\0\0\0\x40\xf0\0\0\0\0\0\0\x04\0\0\0\x01\0\0\0\x50\xf0\0\0\0\0\0\0\x04\0\0\
\0\x01\0\0\0\x60\xf0\0\0\0\0\0\0\x04\0\0\0\x01\0\0\0\x70\xf0\0\0\0\0\0\0\x04\0\
\0\0\x01\0\0\0\x80\xf0\0\0\0\0\0\0\x04\0\0\0\x01\0\0\0\x90\xf0\0\0\0\0\0\0\x04\
\0\0\0\x01\0\0\0\xa0\xf0\0\0\0\0\0\0\x04\0\0\0\x01\0\0\0\xb0\xf0\0\0\0\0\0\0\
\x04\0\0\0\x01\0\0\0\xc0\xf0\0\0\0\0\0\0\x04\0\0\0\x01\0\0\0\xd0\xf0\0\0\0\0\0\
\0\x04\0\0\0\x01\0\0\0\xe0\xf0\0\0\0\0\0\0\x04\0\0\0\x01\0\0\0\xf0\xf0\0\0\0\0\
\0\0\x04\0\0\0\x01\0\0\0\0\xf1\0\0\0\0\0\0\x04\0\0\0\x01\0\0\0\x10\xf1\0\0\0\0\
\0\0\x04\0\0\0\x01\0\0\0\x20\xf1\0\0\0\0\0\0\x04\0\0\0\x01\0\0\0\x30\xf1\0\0\0\
\0\0\0\x04\0\0\0\x01\0\0\0\x40\xf1\0\0\0\0\0\0\x04\0\0\0\x01\0\0\0\x50\xf1\0\0\
\0\0\0\0\x04\0\0\0\x01\0\0\0\x60\xf1\0\0\0\0\0\0\x04\0\0\0\x01\0\0\0\x70\xf1\0\
\0\0\0\0\0\x04\0\0\0\x01\0\0\0\x80\xf1\0\0\0\0\0\0\x04\0\0\0\x01\0\0\0\x90\xf1\
\0\0\0\0\0\0\x04\0\0\0\x01\0\0\0\xa0\xf1\0\0\0\0\0\0\x04\0\0\0\x01\0\0\0\xb0\
\xf1\0\0\0\0\0\0\x04\0\0\0\x01\0\0\0\xc0\xf1\0\0\0\0\0\0\x04\0\0\0\x01\0\0\0\
\xd0\xf1\0\0\0\0\0\0\x04\0\0\0\x01\0\0\0\xe0\xf1\0\0\0\0\0\0\x04\0\0\0\x01\0\0\
\0\xf0\xf1\0\0\0\0\0\0\x04\0\0\0\x01\0\0\0\0\xf2\0\0\0\0\0\0\x04\0\0\0\x01\0\0\
\0\x10\xf2\0\0\0\0\0\0\x04\0\0\0\x01\0\0\0\x20\xf2\0\0\0\0\0\0\x04\0\0\0\x01\0\
\0\0\x30\xf2\0\0\0\0\0\0\x04\0\0\0\x01\0\0\0\x40\xf2\0\0\0\0\0\0\x04\0\0\0\x01\
\0\0\0\x50\xf2\0\0\0\0\0\0\x04\0\0\0\x01\0\0\0\x60\xf2\0\0\0\0\0\0\x04\0\0\0\
\x01\0\0\0\x70\xf2\0\0\0\0\0\0\x04\0\0\0\x01\0\0\0\x80\xf2\0\0\0\0\0\0\x04\0\0\
\0\x01\0\0\0\x90\xf2\0\0\0\0\0\0\x04\0\0\0\x01\0\0\0\xa0\xf2\0\0\0\0\0\0\x04\0\
\0\0\x01\0\0\0\xb0\xf2\0\0\0\0\0\0\x04\0\0\0\x01\0\0\0\xc0\xf2\0\0\0\0\0\0\x04\
\0\0\0\x01\0\0\0\xd0\xf2\0\0\0\0\0\0\x04\0\0\0\x01\0\0\0\xe0\xf2\0\0\0\0\0\0\
\x04\0\0\0\x01\0\0\0\xf0\xf2\0\0\0\0\0\0\x04\0\0\0\x01\0\0\0\0\xf3\0\0\0\0\0\0\
\x04\0\0\0\x01\0\0\0\x10\xf3\0\0\0\0\0\0\x04\0\0\0\x01\0\0\0\x20\xf3\0\0\0\0\0\
\0\x04\0\0\0\x01\0\0\0\x30\xf3\0\0\0\0\0\0\x04\0\0\0\x01\0\0\0\x40\xf3\0\0\0\0\
\0\0\x04\0\0\0\x01\0\0\0\x50\xf3\0\0\0\0\0\0\x04\0\0\0\x01\0\0\0\x60\xf3\0\0\0\
\0\0\0\x04\0\0\0\x01\0\0\0\x70\xf3\0\0\0\0\0\0\x04\0\0\0\x01\0\0\0\x80\xf3\0\0\
\0\0\0\0\x04\0\0\0\x01\0\0\0\x90\xf3\0\0\0\0\0\0\x04\0\0\0\x01\0\0\0\xa0\xf3\0\
\0\0\0\0\0\x04\0\0\0\x01\0\0\0\xb0\xf3\0\0\0\0\0\0\x04\0\0\0\x01\0\0\0\xc0\xf3\
\0\0\0\0\0\0\x04\0\0\0\x01\0\0\0\xd0\xf3\0\0\0\0\0\0\x04\0\0\0\x01\0\0\0\xe0\
\xf3\0\0\0\0\0\0\x04\0\0\0\x01\0\0\0\xf0\xf3\0\0\0\0\0\0\x04\0\0\0\x01\0\0\0\0\
\xf4\0\0\0\0\0\0\x04\0\0\0\x01\0\0\0\x10\xf4\0\0\0\0\0\0\x04\0\0\0\x01\0\0\0\
\x20\xf4\0\0\0\0\0\0\x04\0\0\0\x01\0\0\0\x30\xf4\0\0\0\0\0\0\x04\0\0\0\x01\0\0\
\0\x40\xf4\0\0\0\0\0\0\x04\0\0\0\x01\0\0\0\x50\xf4\0\0\0\0\0\0\x04\0\0\0\x01\0\
\0\0\x60\xf4\0\0\0\0\0\0\x04\0\0\0\x01\0\0\0\x70\xf4\0\0\0\0\0\0\x04\0\0\0\x01\
\0\0\0\x80\xf4\0\0\0\0\0\0\x04\0\0\0\x01\0\0\0\x90\xf4\0\0\0\0\0\0\x04\0\0\0\
\x01\0\0\0\xa0\xf4\0\0\0\0\0\0\x04\0\0\0\x01\0\0\0\xb0\xf4\0\0\0\0\0\0\x04\0\0\
\0\x01\0\0\0\xc0\xf4\0\0\0\0\0\0\x04\0\0\0\x01\0\0\0\xd0\xf4\0\0\0\0\0\0\x04\0\
\0\0\x01\0\0\0\xe0\xf4\0\0\0\0\0\0\x04\0\0\0\x01\0\0\0\xf0\xf4\0\0\0\0\0\0\x04\
\0\0\0\x01\0\0\0\0\xf5\0\0\0\0\0\0\x04\0\0\0\x01\0\0\0\x10\xf5\0\0\0\0\0\0\x04\
\0\0\0\x01\0\0\0\x20\xf5\0\0\0\0\0\0\x04\0\0\0\x01\0\0\0\x30\xf5\0\0\0\0\0\0\
\x04\0\0\0\x01\0\0\0\x40\xf5\0\0\0\0\0\0\x04\0\0\0\x01\0\0\0\x50\xf5\0\0\0\0\0\
\0\x04\0\0\0\x01\0\0\0\x60\xf5\0\0\0\0\0\0\x04\0\0\0\x01\0\0\0\x70\xf5\0\0\0\0\
\0\0\x04\0\0\0\x01\0\0\0\x80\xf5\0\0\0\0\0\0\x04\0\0\0\x01\0\0\0\x90\xf5\0\0\0\
\0\0\0\x04\0\0\0\x01\0\0\0\xa0\xf5\0\0\0\0\0\0\x04\0\0\0\x01\0\0\0\xb0\xf5\0\0\
\0\0\0\0\x04\0\0\0\x01\0\0\0\xc0\xf5\0\0\0\0\0\0\x04\0\0\0\x01\0\0\0\xd0\xf5\0\
\0\0\0\0\0\x04\0\0\0\x01\0\0\0\xe0\xf5\0\0\0\0\0\0\x04\0\0\0\x01\0\0\0\xf0\xf5\
\0\0\0\0\0\0\x04\0\0\0\x01\0\0\0\0\xf6\0\0\0\0\0\0\x04\0\0\0\x01\0\0\0\x10\xf6\
\0\0\0\0\0\0\x04\0\0\0\x01\0\0\0\x20\xf6\0\0\0\0\0\0\x04\0\0\0\x01\0\0\0\x30\
\xf6\0\0\0\0\0\0\x04\0\0\0\x01\0\0\0\x40\xf6\0\0\0\0\0\0\x04\0\0\0\x01\0\0\0\
\x50\xf6\0\0\0\0\0\0\x04\0\0\0\x01\0\0\0\x60\xf6\0\0\0\0\0\0\x04\0\0\0\x01\0\0\
\0\x70\xf6\0\0\0\0\0\0\x04\0\0\0\x01\0\0\0\x80\xf6\0\0\0\0\0\0\x04\0\0\0\x01\0\
\0\0\x90\xf6\0\0\0\0\0\0\x04\0\0\0\x01\0\0\0\xa0\xf6\0\0\0\0\0\0\x04\0\0\0\x01\
\0\0\0\xb0\xf6\0\0\0\0\0\0\x04\0\0\0\x01\0\0\0\xc0\xf6\0\0\0\0\0\0\x04\0\0\0\
\x01\0\0\0\xd0\xf6\0\0\0\0\0\0\x04\0\0\0\x01\0\0\0\xe0\xf6\0\0\0\0\0\0\x04\0\0\
\0\x01\0\0\0\xf0\xf6\0\0\0\0\0\0\x04\0\0\0\x01\0\0\0\0\xf7\0\0\0\0\0\0\x04\0\0\
\0\x01\0\0\0\x10\xf7\0\0\0\0\0\0\x04\0\0\0\x01\0\0\0\x20\xf7\0\0\0\0\0\0\x04\0\
\0\0\x01\0\0\0\x30\xf7\0\0\0\0\0\0\x04\0\0\0\x01\0\0\0\x40\xf7\0\0\0\0\0\0\x04\
\0\0\0\x01\0\0\0\x50\xf7\0\0\0\0\0\0\x04\0\0\0\x01\0\0\0\x60\xf7\0\0\0\0\0\0\
\x04\0\0\0\x01\0\0\0\x70\xf7\0\0\0\0\0\0\x04\0\0\0\x01\0\0\0\x80\xf7\0\0\0\0\0\
\0\x04\0\0\0\x01\0\0\0\x90\xf7\0\0\0\0\0\0\x04\0\0\0\x01\0\0\0\xa0\xf7\0\0\0\0\
\0\0\x04\0\0\0\x01\0\0\0\xb0\xf7\0\0\0\0\0\0\x04\0\0\0\x01\0\0\0\xc0\xf7\0\0\0\
\0\0\0\x04\0\0\0\x01\0\0\0\xd0\xf7\0\0\0\0\0\0\x04\0\0\0\x01\0\0\0\xe0\xf7\0\0\
\0\0\0\0\x04\0\0\0\x01\0\0\0\xf0\xf7\0\0\0\0\0\0\x04\0\0\0\x01\0\0\0\0\xf8\0\0\
\0\0\0\0\x04\0\0\0\x01\0\0\0\x10\xf8\0\0\0\0\0\0\x04\0\0\0\x01\0\0\0\x20\xf8\0\
\0\0\0\0\0\x04\0\0\0\x01\0\0\0\x30\xf8\0\0\0\0\0\0\x04\0\0\0\x01\0\0\0\x40\xf8\
\0\0\0\0\0\0\x04\0\0\0\x01\0\0\0\x50\xf8\0\0\0\0\0\0\x04\0\0\0\x01\0\0\0\x60\
\xf8\0\0\0\0\0\0\x04\0\0\0\x01\0\0\0\x70\xf8\0\0\0\0\0\0\x04\0\0\0\x01\0\0\0\
\x80\xf8\0\0\0\0\0\0\x04\0\0\0\x01\0\0\0\x90\xf8\0\0\0\0\0\0\x04\0\0\0\x01\0\0\
\0\xa0\xf8\0\0\0\0\0\0\x04\0\0\0\x01\0\0\0\xb0\xf8\0\0\0\0\0\0\x04\0\0\0\x01\0\
\0\0\xc0\xf8\0\0\0\0\0\0\x04\0\0\0\x01\0\0\0\xd0\xf8\0\0\0\0\0\0\x04\0\0\0\x01\
\0\0\0\xe0\xf8\0\0\0\0\0\0\x04\0\0\0\x01\0\0\0\xf0\xf8\0\0\0\0\0\0\x04\0\0\0\
\x01\0\0\0\0\xf9\0\0\0\0\0\0\x04\0\0\0\x01\0\0\0\x10\xf9\0\0\0\0\0\0\x04\0\0\0\
\x01\0\0\0\x20\xf9\0\0\0\0\0\0\x04\0\0\0\x01\0\0\0\x30\xf9\0\0\0\0\0\0\x04\0\0\
\0\x01\0\0\0\x40\xf9\0\0\0\0\0\0\x04\0\0\0\x01\0\0\0\x50\xf9\0\0\0\0\0\0\x04\0\
\0\0\x01\0\0\0\x60\xf9\0\0\0\0\0\0\x04\0\0\0\x01\0\0\0\x70\xf9\0\0\0\0\0\0\x04\
\0\0\0\x01\0\0\0\x80\xf9\0\0\0\0\0\0\x04\0\0\0\x01\0\0\0\x90\xf9\0\0\0\0\0\0\
\x04\0\0\0\x01\0\0\0\xa0\xf9\0\0\0\0\0\0\x04\0\0\0\x01\0\0\0\xb0\xf9\0\0\0\0\0\
\0\x04\0\0\0\x01\0\0\0\xc0\xf9\0\0\0\0\0\0\x04\0\0\0\x01\0\0\0\xd0\xf9\0\0\0\0\
\0\0\x04\0\0\0\x01\0\0\0\xe0\xf9\0\0\0\0\0\0\x04\0\0\0\x01\0\0\0\xf0\xf9\0\0\0\
\0\0\0\x04\0\0\0\x01\0\0\0\0\xfa\0\0\0\0\0\0\x04\0\0\0\x01\0\0\0\x10\xfa\0\0\0\
\0\0\0\x04\0\0\0\x01\0\0\0\x20\xfa\0\0\0\0\0\0\x04\0\0\0\x01\0\0\0\x30\xfa\0\0\
\0\0\0\0\x04\0\0\0\x01\0\0\0\x40\xfa\0\0\0\0\0\0\x04\0\0\0\x01\0\0\0\x50\xfa\0\
\0\0\0\0\0\x04\0\0\0\x01\0\0\0\x60\xfa\0\0\0\0\0\0\x04\0\0\0\x01\0\0\0\x70\xfa\
\0\0\0\0\0\0\x04\0\0\0\x01\0\0\0\x80\xfa\0\0\0\0\0\0\x04\0\0\0\x01\0\0\0\x90\
\xfa\0\0\0\0\0\0\x04\0\0\0\x01\0\0\0\xa0\xfa\0\0\0\0\0\0\x04\0\0\0\x01\0\0\0\
\xb0\xfa\0\0\0\0\0\0\x04\0\0\0\x01\0\0\0\xc0\xfa\0\0\0\0\0\0\x04\0\0\0\x01\0\0\
\0\xd0\xfa\0\0\0\0\0\0\x04\0\0\0\x01\0\0\0\xe0\xfa\0\0\0\0\0\0\x04\0\0\0\x01\0\
\0\0\xf0\xfa\0\0\0\0\0\0\x04\0\0\0\x01\0\0\0\0\xfb\0\0\0\0\0\0\x04\0\0\0\x01\0\
\0\0\x10\xfb\0\0\0\0\0\0\x04\0\0\0\x01\0\0\0\x20\xfb\0\0\0\0\0\0\x04\0\0\0\x01\
\0\0\0\x30\xfb\0\0\0\0\0\0\x04\0\0\0\x01\0\0\0\x40\xfb\0\0\0\0\0\0\x04\0\0\0\
\x01\0\0\0\x50\xfb\0\0\0\0\0\0\x04\0\0\0\x01\0\0\0\x60\xfb\0\0\0\0\0\0\x04\0\0\
\0\x01\0\0\0\x70\xfb\0\0\0\0\0\0\x04\0\0\0\x01\0\0\0\x80\xfb\0\0\0\0\0\0\x04\0\
\0\0\x01\0\0\0\x90\xfb\0\0\0\0\0\0\x04\0\0\0\x01\0\0\0\xa0\xfb\0\0\0\0\0\0\x04\
\0\0\0\x01\0\0\0\xb0\xfb\0\0\0\0\0\0\x04\0\0\0\x01\0\0\0\xc0\xfb\0\0\0\0\0\0\
\x04\0\0\0\x01\0\0\0\xd0\xfb\0\0\0\0\0\0\x04\0\0\0\x01\0\0\0\xe0\xfb\0\0\0\0\0\
\0\x04\0\0\0\x01\0\0\0\xf0\xfb\0\0\0\0\0\0\x04\0\0\0\x01\0\0\0\0\xfc\0\0\0\0\0\
\0\x04\0\0\0\x01\0\0\0\x10\xfc\0\0\0\0\0\0\x04\0\0\0\x01\0\0\0\x20\xfc\0\0\0\0\
\0\0\x04\0\0\0\x01\0\0\0\x30\xfc\0\0\0\0\0\0\x04\0\0\0\x01\0\0\0\x40\xfc\0\0\0\
\0\0\0\x04\0\0\0\x01\0\0\0\x50\xfc\0\0\0\0\0\0\x04\0\0\0\x01\0\0\0\x60\xfc\0\0\
\0\0\0\0\x04\0\0\0\x01\0\0\0\x70\xfc\0\0\0\0\0\0\x04\0\0\0\x01\0\0\0\x80\xfc\0\
\0\0\0\0\0\x04\0\0\0\x01\0\0\0\x90\xfc\0\0\0\0\0\0\x04\0\0\0\x01\0\0\0\xa0\xfc\
\0\0\0\0\0\0\x04\0\0\0\x01\0\0\0\xb0\xfc\0\0\0\0\0\0\x04\0\0\0\x01\0\0\0\xc0\
\xfc\0\0\0\0\0\0\x04\0\0\0\x01\0\0\0\xd0\xfc\0\0\0\0\0\0\x04\0\0\0\x01\0\0\0\
\xe0\xfc\0\0\0\0\0\0\x04\0\0\0\x01\0\0\0\xf0\xfc\0\0\0\0\0\0\x04\0\0\0\x01\0\0\
\0\0\xfd\0\0\0\0\0\0\x04\0\0\0\x01\0\0\0\x10\xfd\0\0\0\0\0\0\x04\0\0\0\x01\0\0\
\0\x20\xfd\0\0\0\0\0\0\x04\0\0\0\x01\0\0\0\x30\xfd\0\0\0\0\0\0\x04\0\0\0\x01\0\
\0\0\x40\xfd\0\0\0\0\0\0\x04\0\0\0\x01\0\0\0\x50\xfd\0\0\0\0\0\0\x04\0\0\0\x01\
\0\0\0\x60\xfd\0\0\0\0\0\0\x04\0\0\0\x01\0\0\0\x70\xfd\0\0\0\0\0\0\x04\0\0\0\
\x01\0\0\0\x80\xfd\0\0\0\0\0\0\x04\0\0\0\x01\0\0\0\x90\xfd\0\0\0\0\0\0\x04\0\0\
\0\x01\0\0\0\xa0\xfd\0\0\0\0\0\0\x04\0\0\0\x01\0\0\0\xb0\xfd\0\0\0\0\0\0\x04\0\
\0\0\x01\0\0\0\xc0\xfd\0\0\0\0\0\0\x04\0\0\0\x01\0\0\0\xd0\xfd\0\0\0\0\0\0\x04\
\0\0\0\x01\0\0\0\xe0\xfd\0\0\0\0\0\0\x04\0\0\0\x01\0\0\0\xf0\xfd\0\0\0\0\0\0\
\x04\0\0\0\x01\0\0\0\0\xfe\0\0\0\0\0\0\x04\0\0\0\x01\0\0\0\x10\xfe\0\0\0\0\0\0\
\x04\0\0\0\x01\0\0\0\x20\xfe\0\0\0\0\0\0\x04\0\0\0\x01\0\0\0\x30\xfe\0\0\0\0\0\
\0\x04\0\0\0\x01\0\0\0\x40\xfe\0\0\0\0\0\0\x04\0\0\0\x01\0\0\0\x50\xfe\0\0\0\0\
\0\0\x04\0\0\0\x01\0\0\0\x60\xfe\0\0\0\0\0\0\x04\0\0\0\x01\0\0\0\x70\xfe\0\0\0\
\0\0\0\x04\0\0\0\x01\0\0\0\x80\xfe\0\0\0\0\0\0\x04\0\0\0\x01\0\0\0\x90\xfe\0\0\
\0\0\0\0\x04\0\0\0\x01\0\0\0\xa0\xfe\0\0\0\0\0\0\x04\0\0\0\x01\0\0\0\xb0\xfe\0\
\0\0\0\0\0\x04\0\0\0\x01\0\0\0\xc0\xfe\0\0\0\0\0\0\x04\0\0\0\x01\0\0\0\xd0\xfe\
\0\0\0\0\0\0\x04\0\0\0\x01\0\0\0\xe0\xfe\0\0\0\0\0\0\x04\0\0\0\x01\0\0\0\xf0\
\xfe\0\0\0\0\0\0\x04\0\0\0\x01\0\0\0\0\xff\0\0\0\0\0\0\x04\0\0\0\x01\0\0\0\x10\
\xff\0\0\0\0\0\0\x04\0\0\0\x01\0\0\0\x20\xff\0\0\0\0\0\0\x04\0\0\0\x01\0\0\0\
\x30\xff\0\0\0\0\0\0\x04\0\0\0\x01\0\0\0\x40\xff\0\0\0\0\0\0\x04\0\0\0\x01\0\0\
\0\x50\xff\0\0\0\0\0\0\x04\0\0\0\x01\0\0\0\x60\xff\0\0\0\0\0\0\x04\0\0\0\x01\0\
\0\0\x70\xff\0\0\0\0\0\0\x04\0\0\0\x01\0\0\0\x80\xff\0\0\0\0\0\0\x04\0\0\0\x01\
\0\0\0\x90\xff\0\0\0\0\0\0\x04\0\0\0\x01\0\0\0\xa0\xff\0\0\0\0\0\0\x04\0\0\0\
\x01\0\0\0\xb0\xff\0\0\0\0\0\0\x04\0\0\0\x01\0\0\0\xc0\xff\0\0\0\0\0\0\x04\0\0\
\0\x01\0\0\0\xd0\xff\0\0\0\0\0\0\x04\0\0\0\x01\0\0\0\xe0\xff\0\0\0\0\0\0\x04\0\
\0\0\x01\0\0\0\xf0\xff\0\0\0\0\0\0\x04\0\0\0\x01\0\0\0\0\0\x01\0\0\0\0\0\x04\0\
\0\0\x01\0\0\0\x10\0\x01\0\0\0\0\0\x04\0\0\0\x01\0\0\0\x20\0\x01\0\0\0\0\0\x04\
\0\0\0\x01\0\0\0\x30\0\x01\0\0\0\0\0\x04\0\0\0\x01\0\0\0\x40\0\x01\0\0\0\0\0\
\x04\0\0\0\x01\0\0\0\x50\0\x01\0\0\0\0\0\x04\0\0\0\x01\0\0\0\x60\0\x01\0\0\0\0\
\0\x04\0\0\0\x01\0\0\0\x70\0\x01\0\0\0\0\0\x04\0\0\0\x01\0\0\0\x80\0\x01\0\0\0\
\0\0\x04\0\0\0\x01\0\0\0\x90\0\x01\0\0\0\0\0\x04\0\0\0\x01\0\0\0\xa0\0\x01\0\0\
\0\0\0\x04\0\0\0\x01\0\0\0\xb0\0\x01\0\0\0\0\0\x04\0\0\0\x01\0\0\0\xc0\0\x01\0\
\0\0\0\0\x04\0\0\0\x01\0\0\0\xd0\0\x01\0\0\0\0\0\x04\0\0\0\x01\0\0\0\xe0\0\x01\
\0\0\0\0\0\x04\0\0\0\x01\0\0\0\xf0\0\x01\0\0\0\0\0\x04\0\0\0\x01\0\0\0\0\x01\
\x01\0\0\0\0\0\x04\0\0\0\x01\0\0\0\x10\x01\x01\0\0\0\0\0\x04\0\0\0\x01\0\0\0\
\x20\x01\x01\0\0\0\0\0\x04\0\0\0\x01\0\0\0\x30\x01\x01\0\0\0\0\0\x04\0\0\0\x01\
\0\0\0\x40\x01\x01\0\0\0\0\0\x04\0\0\0\x01\0\0\0\x50\x01\x01\0\0\0\0\0\x04\0\0\
\0\x01\0\0\0\x60\x01\x01\0\0\0\0\0\x04\0\0\0\x01\0\0\0\x70\x01\x01\0\0\0\0\0\
\x04\0\0\0\x01\0\0\0\x80\x01\x01\0\0\0\0\0\x04\0\0\0\x01\0\0\0\x90\x01\x01\0\0\
\0\0\0\x04\0\0\0\x01\0\0\0\xa0\x01\x01\0\0\0\0\0\x04\0\0\0\x01\0\0\0\xb0\x01\
\x01\0\0\0\0\0\x04\0\0\0\x01\0\0\0\xc0\x01\x01\0\0\0\0\0\x04\0\0\0\x01\0\0\0\
\xd0\x01\x01\0\0\0\0\0\x04\0\0\0\x01\0\0\0\xe0\x01\x01\0\0\0\0\0\x04\0\0\0\x01\
\0\0\0\xf0\x01\x01\0\0\0\0\0\x04\0\0\0\x01\0\0\0\0\x02\x01\0\0\0\0\0\x04\0\0\0\
\x01\0\0\0\x10\x02\x01\0\0\0\0\0\x04\0\0\0\x01\0\0\0\x20\x02\x01\0\0\0\0\0\x04\
\0\0\0\x01\0\0\0\x30\x02\x01\0\0\0\0\0\x04\0\0\0\x01\0\0\0\x40\x02\x01\0\0\0\0\
\0\x04\0\0\0\x01\0\0\0\x50\x02\x01\0\0\0\0\0\x04\0\0\0\x01\0\0\0\x60\x02\x01\0\
\0\0\0\0\x04\0\0\0\x01\0\0\0\x70\x02\x01\0\0\0\0\0\x04\0\0\0\x01\0\0\0\x80\x02\
\x01\0\0\0\0\0\x04\0\0\0\x01\0\0\0\x90\x02\x01\0\0\0\0\0\x04\0\0\0\x01\0\0\0\
\xa0\x02\x01\0\0\0\0\0\x04\0\0\0\x01\0\0\0\xb0\x02\x01\0\0\0\0\0\x04\0\0\0\x01\
\0\0\0\xc0\x02\x01\0\0\0\0\0\x04\0\0\0\x01\0\0\0\xd0\x02\x01\0\0\0\0\0\x04\0\0\
\0\x01\0\0\0\xe0\x02\x01\0\0\0\0\0\x04\0\0\0\x01\0\0\0\xf0\x02\x01\0\0\0\0\0\
\x04\0\0\0\x01\0\0\0\0\x03\x01\0\0\0\0\0\x04\0\0\0\x01\0\0\0\x10\x03\x01\0\0\0\
\0\0\x04\0\0\0\x01\0\0\0\x20\x03\x01\0\0\0\0\0\x04\0\0\0\x01\0\0\0\x30\x03\x01\
\0\0\0\0\0\x04\0\0\0\x01\0\0\0\x40\x03\x01\0\0\0\0\0\x04\0\0\0\x01\0\0\0\x50\
\x03\x01\0\0\0\0\0\x04\0\0\0\x01\0\0\0\x60\x03\x01\0\0\0\0\0\x04\0\0\0\x01\0\0\
\0\x70\x03\x01\0\0\0\0\0\x04\0\0\0\x01\0\0\0\x80\x03\x01\0\0\0\0\0\x04\0\0\0\
\x01\0\0\0\x90\x03\x01\0\0\0\0\0\x04\0\0\0\x01\0\0\0\xa0\x03\x01\0\0\0\0\0\x04\
\0\0\0\x01\0\0\0\xb0\x03\x01\0\0\0\0\0\x04\0\0\0\x01\0\0\0\xc0\x03\x01\0\0\0\0\
\0\x04\0\0\0\x01\0\0\0\xd0\x03\x01\0\0\0\0\0\x04\0\0\0\x01\0\0\0\xe0\x03\x01\0\
\0\0\0\0\x04\0\0\0\x01\0\0\0\xf0\x03\x01\0\0\0\0\0\x04\0\0\0\x01\0\0\0\0\x04\
\x01\0\0\0\0\0\x04\0\0\0\x01\0\0\0\x10\x04\x01\0\0\0\0\0\x04\0\0\0\x01\0\0\0\
\x20\x04\x01\0\0\0\0\0\x04\0\0\0\x01\0\0\0\x30\x04\x01\0\0\0\0\0\x04\0\0\0\x01\
\0\0\0\x40\x04\x01\0\0\0\0\0\x04\0\0\0\x01\0\0\0\x50\x04\x01\0\0\0\0\0\x04\0\0\
\0\x01\0\0\0\x60\x04\x01\0\0\0\0\0\x04\0\0\0\x01\0\0\0\x70\x04\x01\0\0\0\0\0\
\x04\0\0\0\x01\0\0\0\x80\x04\x01\0\0\0\0\0\x04\0\0\0\x01\0\0\0\x90\x04\x01\0\0\
\0\0\0\x04\0\0\0\x01\0\0\0\xa0\x04\x01\0\0\0\0\0\x04\0\0\0\x01\0\0\0\xb0\x04\
\x01\0\0\0\0\0\x04\0\0\0\x01\0\0\0\xc0\x04\x01\0\0\0\0\0\x04\0\0\0\x01\0\0\0\
\xd0\x04\x01\0\0\0\0\0\x04\0\0\0\x01\0\0\0\xe0\x04\x01\0\0\0\0\0\x04\0\0\0\x01\
\0\0\0\xf0\x04\x01\0\0\0\0\0\x04\0\0\0\x01\0\0\0\0\x05\x01\0\0\0\0\0\x04\0\0\0\
\x01\0\0\0\x10\x05\x01\0\0\0\0\0\x04\0\0\0\x01\0\0\0\x20\x05\x01\0\0\0\0\0\x04\
\0\0\0\x01\0\0\0\x30\x05\x01\0\0\0\0\0\x04\0\0\0\x01\0\0\0\x40\x05\x01\0\0\0\0\
\0\x04\0\0\0\x01\0\0\0\x50\x05\x01\0\0\0\0\0\x04\0\0\0\x01\0\0\0\x60\x05\x01\0\
\0\0\0\0\x04\0\0\0\x01\0\0\0\x70\x05\x01\0\0\0\0\0\x04\0\0\0\x01\0\0\0\x80\x05\
\x01\0\0\0\0\0\x04\0\0\0\x01\0\0\0\x90\x05\x01\0\0\0\0\0\x04\0\0\0\x01\0\0\0\
\xa0\x05\x01\0\0\0\0\0\x04\0\0\0\x01\0\0\0\xb0\x05\x01\0\0\0\0\0\x04\0\0\0\x01\
\0\0\0\xc0\x05\x01\0\0\0\0\0\x04\0\0\0\x01\0\0\0\xd0\x05\x01\0\0\0\0\0\x04\0\0\
\0\x01\0\0\0\xe0\x05\x01\0\0\0\0\0\x04\0\0\0\x01\0\0\0\xf0\x05\x01\0\0\0\0\0\
\x04\0\0\0\x01\0\0\0\0\x06\x01\0\0\0\0\0\x04\0\0\0\x01\0\0\0\x10\x06\x01\0\0\0\
\0\0\x04\0\0\0\x01\0\0\0\x20\x06\x01\0\0\0\0\0\x04\0\0\0\x01\0\0\0\x30\x06\x01\
\0\0\0\0\0\x04\0\0\0\x01\0\0\0\x40\x06\x01\0\0\0\0\0\x04\0\0\0\x01\0\0\0\x50\
\x06\x01\0\0\0\0\0\x04\0\0\0\x01\0\0\0\x60\x06\x01\0\0\0\0\0\x04\0\0\0\x01\0\0\
\0\x70\x06\x01\0\0\0\0\0\x04\0\0\0\x01\0\0\0\x80\x06\x01\0\0\0\0\0\x04\0\0\0\
\x01\0\0\0\x90\x06\x01\0\0\0\0\0\x04\0\0\0\x01\0\0\0\xa0\x06\x01\0\0\0\0\0\x04\
\0\0\0\x01\0\0\0\xb0\x06\x01\0\0\0\0\0\x04\0\0\0\x01\0\0\0\xc0\x06\x01\0\0\0\0\
\0\x04\0\0\0\x01\0\0\0\xd0\x06\x01\0\0\0\0\0\x04\0\0\0\x01\0\0\0\xe0\x06\x01\0\
\0\0\0\0\x04\0\0\0\x01\0\0\0\xf0\x06\x01\0\0\0\0\0\x04\0\0\0\x01\0\0\0\0\x07\
\x01\0\0\0\0\0\x04\0\0\0\x01\0\0\0\x10\x07\x01\0\0\0\0\0\x04\0\0\0\x01\0\0\0\
\x20\x07\x01\0\0\0\0\0\x04\0\0\0\x01\0\0\0\x30\x07\x01\0\0\0\0\0\x04\0\0\0\x01\
\0\0\0\x40\x07\x01\0\0\0\0\0\x04\0\0\0\x01\0\0\0\x50\x07\x01\0\0\0\0\0\x04\0\0\
\0\x01\0\0\0\x60\x07\x01\0\0\0\0\0\x04\0\0\0\x01\0\0\0\x70\x07\x01\0\0\0\0\0\
\x04\0\0\0\x01\0\0\0\x80\x07\x01\0\0\0\0\0\x04\0\0\0\x01\0\0\0\x90\x07\x01\0\0\
\0\0\0\x04\0\0\0\x01\0\0\0\xa0\x07\x01\0\0\0\0\0\x04\0\0\0\x01\0\0\0\xb0\x07\
\x01\0\0\0\0\0\x04\0\0\0\x01\0\0\0\xc0\x07\x01\0\0\0\0\0\x04\0\0\0\x01\0\0\0\
\xd0\x07\x01\0\0\0\0\0\x04\0\0\0\x01\0\0\0\xe0\x07\x01\0\0\0\0\0\x04\0\0\0\x01\
\0\0\0\xf0\x07\x01\0\0\0\0\0\x04\0\0\0\x01\0\0\0\0\x08\x01\0\0\0\0\0\x04\0\0\0\
\x01\0\0\0\x10\x08\x01\0\0\0\0\0\x04\0\0\0\x01\0\0\0\x20\x08\x01\0\0\0\0\0\x04\
\0\0\0\x01\0\0\0\x30\x08\x01\0\0\0\0\0\x04\0\0\0\x01\0\0\0\x40\x08\x01\0\0\0\0\
\0\x04\0\0\0\x01\0\0\0\x50\x08\x01\0\0\0\0\0\x04\0\0\0\x01\0\0\0\x60\x08\x01\0\
\0\0\0\0\x04\0\0\0\x01\0\0\0\x70\x08\x01\0\0\0\0\0\x04\0\0\0\x01\0\0\0\x80\x08\
\x01\0\0\0\0\0\x04\0\0\0\x01\0\0\0\x90\x08\x01\0\0\0\0\0\x04\0\0\0\x01\0\0\0\
\xa0\x08\x01\0\0\0\0\0\x04\0\0\0\x01\0\0\0\xb0\x08\x01\0\0\0\0\0\x04\0\0\0\x01\
\0\0\0\xc0\x08\x01\0\0\0\0\0\x04\0\0\0\x01\0\0\0\xd0\x08\x01\0\0\0\0\0\x04\0\0\
\0\x01\0\0\0\xe0\x08\x01\0\0\0\0\0\x04\0\0\0\x01\0\0\0\xf0\x08\x01\0\0\0\0\0\
\x04\0\0\0\x01\0\0\0\0\x09\x01\0\0\0\0\0\x04\0\0\0\x01\0\0\0\x10\x09\x01\0\0\0\
\0\0\x04\0\0\0\x01\0\0\0\x20\x09\x01\0\0\0\0\0\x04\0\0\0\x01\0\0\0\x30\x09\x01\
\0\0\0\0\0\x04\0\0\0\x01\0\0\0\x40\x09\x01\0\0\0\0\0\x04\0\0\0\x01\0\0\0\x50\
\x09\x01\0\0\0\0\0\x04\0\0\0\x01\0\0\0\x60\x09\x01\0\0\0\0\0\x04\0\0\0\x01\0\0\
\0\x70\x09\x01\0\0\0\0\0\x04\0\0\0\x01\0\0\0\x26\x03\x05\x06\x07\x08\x0a\x29\
\x0f\x19\x1a\x1b\x2c\0\x2e\x74\x65\x78\x74\0\x2e\x72\x65\x6c\x2e\x42\x54\x46\
\x2e\x65\x78\x74\0\x78\x64\x70\x5f\x6c\x6f\x61\x64\x5f\x62\x61\x6c\x61\x6e\x63\
\x65\x72\x2e\x5f\x5f\x5f\x5f\x66\x6d\x74\0\x78\x64\x70\x5f\x6c\x6f\x61\x64\x5f\
\x62\x61\x6c\x61\x6e\x63\x65\x72\x2e\x5f\x5f\x5f\x66\x6d\x74\0\x2e\x6d\x61\x70\
\x73\0\x62\x61\x63\x6b\x65\x6e\x64\x73\0\x78\x64\x70\x5f\x6c\x6f\x61\x64\x5f\
\x62\x61\x6c\x61\x6e\x63\x65\x72\0\x63\x6c\x69\x65\x6e\x74\x5f\x69\x70\0\x6c\
\x6f\x61\x64\x5f\x62\x61\x6c\x61\x6e\x63\x65\x72\x5f\x69\x70\0\x2e\x72\x65\x6c\
\x78\x64\x70\0\x2e\x6c\x6c\x76\x6d\x5f\x61\x64\x64\x72\x73\x69\x67\0\x5f\x6c\
\x69\x63\x65\x6e\x73\x65\0\x63\x6c\x69\x65\x6e\x74\x5f\x6d\x61\x63\0\x6c\x6f\
\x61\x64\x5f\x62\x61\x6c\x61\x6e\x63\x65\x72\x5f\x6d\x61\x63\0\x2e\x73\x74\x72\
\x74\x61\x62\0\x2e\x73\x79\x6d\x74\x61\x62\0\x2e\x72\x6f\x64\x61\x74\x61\0\x2e\
\x64\x61\x74\x61\0\x2e\x72\x65\x6c\x2e\x42\x54\x46\0\x4c\x42\x42\x30\x5f\x39\0\
\x4c\x42\x42\x30\x5f\x37\x37\x39\0\x4c\x42\x42\x30\x5f\x31\x39\0\x4c\x42\x42\
\x30\x5f\x37\x37\x38\0\x78\x64\x70\x5f\x6c\x6f\x61\x64\x5f\x62\x61\x6c\x61\x6e\
\x63\x65\x72\x2e\x5f\x5f\x5f\x66\x6d\x74\x2e\x38\0\x4c\x42\x42\x30\x5f\x37\0\
\x4c\x42\x42\x30\x5f\x31\x37\0\x78\x64\x70\x5f\x6c\x6f\x61\x64\x5f\x62\x61\x6c\
\x61\x6e\x63\x65\x72\x2e\x5f\x5f\x5f\x66\x6d\x74\x2e\x37\0\x4c\x42\x42\x30\x5f\
\x37\x37\x36\0\x78\x64\x70\x5f\x6c\x6f\x61\x64\x5f\x62\x61\x6c\x61\x6e\x63\x65\
\x72\x2e\x5f\x5f\x5f\x5f\x66\x6d\x74\x2e\x36\0\x4c\x42\x42\x30\x5f\x32\x35\0\
\x4c\x42\x42\x30\x5f\x31\x35\0\x78\x64\x70\x5f\x6c\x6f\x61\x64\x5f\x62\x61\x6c\
\x61\x6e\x63\x65\x72\x2e\x5f\x5f\x5f\x5f\x66\x6d\x74\x2e\x35\0\x4c\x42\x42\x30\
\x5f\x31\x34\0\x78\x64\x70\x5f\x6c\x6f\x61\x64\x5f\x62\x61\x6c\x61\x6e\x63\x65\
\x72\x2e\x5f\x5f\x5f\x5f\x66\x6d\x74\x2e\x34\0\x4c\x42\x42\x30\x5f\x32\x33\0\
\x78\x64\x70\x5f\x6c\x6f\x61\x64\x5f\x62\x61\x6c\x61\x6e\x63\x65\x72\x2e\x5f\
\x5f\x5f\x66\x6d\x74\x2e\x33\0\x4c\x42\x42\x30\x5f\x31\x32\0\x78\x64\x70\x5f\
\x6c\x6f\x61\x64\x5f\x62\x61\x6c\x61\x6e\x63\x65\x72\x2e\x5f\x5f\x5f\x5f\x66\
\x6d\x74\x2e\x32\0\x4c\x42\x42\x30\x5f\x32\x31\0\x78\x64\x70\x5f\x6c\x6f\x61\
\x64\x5f\x62\x61\x6c\x61\x6e\x63\x65\x72\x2e\x5f\x5f\x5f\x5f\x66\x6d\x74\x2e\
\x31\0\x4c\x42\x42\x30\x5f\x37\x38\x30\0\x4c\x42\x42\x30\x5f\x31\x30\0\0\0\0\0\
\0\0\0\0\0\0\0\0\0\0\0\0\0\0\0\0\0\0\0\0\0\0\0\0\0\0\0\0\0\0\0\0\0\0\0\0\0\0\0\
\0\0\0\0\0\0\0\0\0\0\0\0\0\0\0\0\0\0\0\0\0\0\0\0\0\0\0\xbf\0\0\0\x03\0\0\0\0\0\
\0\0\0\0\0\0\0\0\0\0\0\0\0\0\xd5\xf1\x02\0\0\0\0\0\x3d\x02\0\0\0\0\0\0\0\0\0\0\
\0\0\0\0\x01\0\0\0\0\0\0\0\0\0\0\0\0\0\0\0\x01\0\0\0\x01\0\0\0\x06\0\0\0\0\0\0\
\0\0\0\0\0\0\0\0\0\x40\0\0\0\0\0\0\0\0\0\0\0\0\0\0\0\0\0\0\0\0\0\0\0\x04\0\0\0\
\0\0\0\0\0\0\0\0\0\0\0\0\x87\0\0\0\x01\0\0\0\x06\0\0\0\0\0\0\0\0\0\0\0\0\0\0\0\
\x40\0\0\0\0\0\0\0\xe0\xc3\0\0\0\0\0\0\0\0\0\0\0\0\0\0\x08\0\0\0\0\0\0\0\0\0\0\
\0\0\0\0\0\x83\0\0\0\x09\0\0\0\x40\0\0\0\0\0\0\0\0\0\0\0\0\0\0\0\x88\xe6\x01\0\
\0\0\0\0\xf0\0\0\0\0\0\0\0\x0e\0\0\0\x03\0\0\0\x08\0\0\0\0\0\0\0\x10\0\0\0\0\0\
\0\0\xd7\0\0\0\x01\0\0\0\x03\0\0\0\0\0\0\0\0\0\0\0\0\0\0\0\x20\xc4\0\0\0\0\0\0\
\x16\0\0\0\0\0\0\0\0\0\0\0\0\0\0\0\x04\0\0\0\0\0\0\0\0\0\0\0\0\0\0\0\xcf\0\0\0\
\x01\0\0\0\x02\0\0\0\0\0\0\0\0\0\0\0\0\0\0\0\x36\xc4\0\0\0\0\0\0\x45\x01\0\0\0\
\0\0\0\0\0\0\0\0\0\0\0\x01\0\0\0\0\0\0\0\0\0\0\0\0\0\0\0\x47\0\0\0\x01\0\0\0\
\x03\0\0\0\0\0\0\0\0\0\0\0\0\0\0\0\x80\xc5\0\0\0\0\0\0\x20\0\0\0\0\0\0\0\0\0\0\
\0\0\0\0\0\x08\0\0\0\0\0\0\0\0\0\0\0\0\0\0\0\x9a\0\0\0\x01\0\0\0\x03\0\0\0\0\0\
\0\0\0\0\0\0\0\0\0\0\xa0\xc5\0\0\0\0\0\0\x04\0\0\0\0\0\0\0\0\0\0\0\0\0\0\0\x01\
\0\0\0\0\0\0\0\0\0\0\0\0\0\0\0\xe1\0\0\0\x01\0\0\0\0\0\0\0\0\0\0\0\0\0\0\0\0\0\
\0\0\xa4\xc5\0\0\0\0\0\0\x19\x14\0\0\0\0\0\0\0\0\0\0\0\0\0\0\x04\0\0\0\0\0\0\0\
\0\0\0\0\0\0\0\0\xdd\0\0\0\x09\0\0\0\x40\0\0\0\0\0\0\0\0\0\0\0\0\0\0\0\x78\xe7\
\x01\0\0\0\0\0\0\x01\0\0\0\0\0\0\x0e\0\0\0\x09\0\0\0\x08\0\0\0\0\0\0\0\x10\0\0\
\0\0\0\0\0\x0b\0\0\0\x01\0\0\0\0\0\0\0\0\0\0\0\0\0\0\0\0\0\0\0\xc0\xd9\0\0\0\0\
\0\0\x80\x09\x01\0\0\0\0\0\0\0\0\0\0\0\0\0\x04\0\0\0\0\0\0\0\0\0\0\0\0\0\0\0\
\x07\0\0\0\x09\0\0\0\x40\0\0\0\0\0\0\0\0\0\0\0\0\0\0\0\x78\xe8\x01\0\0\0\0\0\
\x50\x09\x01\0\0\0\0\0\x0e\0\0\0\x0b\0\0\0\x08\0\0\0\0\0\0\0\x10\0\0\0\0\0\0\0\
\x8b\0\0\0\x03\x4c\xff\x6f\0\0\0\x80\0\0\0\0\0\0\0\0\0\0\0\0\xc8\xf1\x02\0\0\0\
\0\0\x0d\0\0\0\0\0\0\0\0\0\0\0\0\0\0\0\x01\0\0\0\0\0\0\0\0\0\0\0\0\0\0\0\xc7\0\
\0\0\x02\0\0\0\0\0\0\0\0\0\0\0\0\0\0\0\0\0\0\0\x40\xe3\x01\0\0\0\0\0\x48\x03\0\
\0\0\0\0\0\x01\0\0\0\x1c\0\0\0\x08\0\0\0\0\0\0\0\x18\0\0\0\0\0\0\0";

	obj->skeleton = s;
	return 0;
err:
	bpf_object__destroy_skeleton(s);
	return -ENOMEM;
}

#endif /* __XDP_LB_BPF_SKEL_H__ */
