/* SPDX-License-Identifier: (LGPL-2.1 OR BSD-2-Clause) */

/* THIS FILE IS AUTOGENERATED BY BPFTOOL! */
#ifndef __PIDHIDE_BPF_SKEL_H__
#define __PIDHIDE_BPF_SKEL_H__

#include <errno.h>
#include <stdlib.h>
#include <bpf/libbpf.h>

struct pidhide_bpf {
	struct bpf_object_skeleton *skeleton;
	struct bpf_object *obj;
	struct {
		struct bpf_map *map_buffs;
		struct bpf_map *map_bytes_read;
		struct bpf_map *map_prog_array;
		struct bpf_map *map_to_patch;
		struct bpf_map *rb;
		struct bpf_map *rodata;
	} maps;
	struct {
		struct bpf_program *handle_getdents_enter;
		struct bpf_program *handle_getdents_exit;
		struct bpf_program *handle_getdents_patch;
	} progs;
	struct {
		struct bpf_link *handle_getdents_enter;
		struct bpf_link *handle_getdents_exit;
		struct bpf_link *handle_getdents_patch;
	} links;
	struct pidhide_bpf__rodata {
		int target_ppid;
		int pid_to_hide_len;
		char pid_to_hide[16];
	} *rodata;

#ifdef __cplusplus
	static inline struct pidhide_bpf *open(const struct bpf_object_open_opts *opts = nullptr);
	static inline struct pidhide_bpf *open_and_load();
	static inline int load(struct pidhide_bpf *skel);
	static inline int attach(struct pidhide_bpf *skel);
	static inline void detach(struct pidhide_bpf *skel);
	static inline void destroy(struct pidhide_bpf *skel);
	static inline const void *elf_bytes(size_t *sz);
#endif /* __cplusplus */
};

static void
pidhide_bpf__destroy(struct pidhide_bpf *obj)
{
	if (!obj)
		return;
	if (obj->skeleton)
		bpf_object__destroy_skeleton(obj->skeleton);
	free(obj);
}

static inline int
pidhide_bpf__create_skeleton(struct pidhide_bpf *obj);

static inline struct pidhide_bpf *
pidhide_bpf__open_opts(const struct bpf_object_open_opts *opts)
{
	struct pidhide_bpf *obj;
	int err;

	obj = (struct pidhide_bpf *)calloc(1, sizeof(*obj));
	if (!obj) {
		errno = ENOMEM;
		return NULL;
	}

	err = pidhide_bpf__create_skeleton(obj);
	if (err)
		goto err_out;

	err = bpf_object__open_skeleton(obj->skeleton, opts);
	if (err)
		goto err_out;

	return obj;
err_out:
	pidhide_bpf__destroy(obj);
	errno = -err;
	return NULL;
}

static inline struct pidhide_bpf *
pidhide_bpf__open(void)
{
	return pidhide_bpf__open_opts(NULL);
}

static inline int
pidhide_bpf__load(struct pidhide_bpf *obj)
{
	return bpf_object__load_skeleton(obj->skeleton);
}

static inline struct pidhide_bpf *
pidhide_bpf__open_and_load(void)
{
	struct pidhide_bpf *obj;
	int err;

	obj = pidhide_bpf__open();
	if (!obj)
		return NULL;
	err = pidhide_bpf__load(obj);
	if (err) {
		pidhide_bpf__destroy(obj);
		errno = -err;
		return NULL;
	}
	return obj;
}

static inline int
pidhide_bpf__attach(struct pidhide_bpf *obj)
{
	return bpf_object__attach_skeleton(obj->skeleton);
}

static inline void
pidhide_bpf__detach(struct pidhide_bpf *obj)
{
	bpf_object__detach_skeleton(obj->skeleton);
}

static inline const void *pidhide_bpf__elf_bytes(size_t *sz);

static inline int
pidhide_bpf__create_skeleton(struct pidhide_bpf *obj)
{
	struct bpf_object_skeleton *s;
	int err;

	s = (struct bpf_object_skeleton *)calloc(1, sizeof(*s));
	if (!s)	{
		err = -ENOMEM;
		goto err;
	}

	s->sz = sizeof(*s);
	s->name = "pidhide_bpf";
	s->obj = &obj->obj;

	/* maps */
	s->map_cnt = 6;
	s->map_skel_sz = sizeof(*s->maps);
	s->maps = (struct bpf_map_skeleton *)calloc(s->map_cnt, s->map_skel_sz);
	if (!s->maps) {
		err = -ENOMEM;
		goto err;
	}

	s->maps[0].name = "map_buffs";
	s->maps[0].map = &obj->maps.map_buffs;

	s->maps[1].name = "map_bytes_read";
	s->maps[1].map = &obj->maps.map_bytes_read;

	s->maps[2].name = "map_prog_array";
	s->maps[2].map = &obj->maps.map_prog_array;

	s->maps[3].name = "map_to_patch";
	s->maps[3].map = &obj->maps.map_to_patch;

	s->maps[4].name = "rb";
	s->maps[4].map = &obj->maps.rb;

	s->maps[5].name = "pidhide_.rodata";
	s->maps[5].map = &obj->maps.rodata;
	s->maps[5].mmaped = (void **)&obj->rodata;

	/* programs */
	s->prog_cnt = 3;
	s->prog_skel_sz = sizeof(*s->progs);
	s->progs = (struct bpf_prog_skeleton *)calloc(s->prog_cnt, s->prog_skel_sz);
	if (!s->progs) {
		err = -ENOMEM;
		goto err;
	}

	s->progs[0].name = "handle_getdents_enter";
	s->progs[0].prog = &obj->progs.handle_getdents_enter;
	s->progs[0].link = &obj->links.handle_getdents_enter;

	s->progs[1].name = "handle_getdents_exit";
	s->progs[1].prog = &obj->progs.handle_getdents_exit;
	s->progs[1].link = &obj->links.handle_getdents_exit;

	s->progs[2].name = "handle_getdents_patch";
	s->progs[2].prog = &obj->progs.handle_getdents_patch;
	s->progs[2].link = &obj->links.handle_getdents_patch;

	s->data = pidhide_bpf__elf_bytes(&s->data_sz);

	obj->skeleton = s;
	return 0;
err:
	bpf_object__destroy_skeleton(s);
	return err;
}

static inline const void *pidhide_bpf__elf_bytes(size_t *sz)
{
	static const char data[] __attribute__((__aligned__(8))) = "\
\x7f\x45\x4c\x46\x02\x01\x01\0\0\0\0\0\0\0\0\0\x01\0\xf7\0\x01\0\0\0\0\0\0\0\0\
\0\0\0\0\0\0\0\0\0\0\0\x50\x99\0\0\0\0\0\0\0\0\0\0\x40\0\0\0\0\0\x40\0\x12\0\
\x01\0\xbf\x16\0\0\0\0\0\0\x85\0\0\0\x0e\0\0\0\x7b\x0a\xf8\xff\0\0\0\0\x18\x07\
\0\0\0\0\0\0\0\0\0\0\0\0\0\0\x61\x71\0\0\0\0\0\0\x15\x01\x12\0\0\0\0\0\x85\0\0\
\0\x23\0\0\0\xb7\x01\0\0\xe0\x04\0\0\x0f\x10\0\0\0\0\0\0\xbf\xa1\0\0\0\0\0\0\
\x07\x01\0\0\xe8\xff\xff\xff\xb7\x02\0\0\x08\0\0\0\xbf\x03\0\0\0\0\0\0\x85\0\0\
\0\x71\0\0\0\xb7\x01\0\0\xd4\x04\0\0\x79\xa3\xe8\xff\0\0\0\0\x0f\x13\0\0\0\0\0\
\0\xbf\xa1\0\0\0\0\0\0\x07\x01\0\0\xf4\xff\xff\xff\xb7\x02\0\0\x04\0\0\0\x85\0\
\0\0\x71\0\0\0\x61\xa1\xf4\xff\0\0\0\0\x61\x72\0\0\0\0\0\0\x5d\x21\x0a\0\0\0\0\
\0\x79\x61\x18\0\0\0\0\0\x7b\x1a\xe8\xff\0\0\0\0\xbf\xa2\0\0\0\0\0\0\x07\x02\0\
\0\xf8\xff\xff\xff\xbf\xa3\0\0\0\0\0\0\x07\x03\0\0\xe8\xff\xff\xff\x18\x01\0\0\
\0\0\0\0\0\0\0\0\0\0\0\0\xb7\x04\0\0\0\0\0\0\x85\0\0\0\x02\0\0\0\xb7\0\0\0\0\0\
\0\0\x95\0\0\0\0\0\0\0\xbf\x16\0\0\0\0\0\0\x85\0\0\0\x0e\0\0\0\x7b\x0a\xf8\xff\
\0\0\0\0\x7b\x6a\xc0\xff\0\0\0\0\x79\x67\x10\0\0\0\0\0\xbf\x71\0\0\0\0\0\0\x67\
\x01\0\0\x20\0\0\0\xc7\x01\0\0\x20\0\0\0\xb7\x02\0\0\x01\0\0\0\x6d\x12\x88\0\0\
\0\0\0\xbf\xa2\0\0\0\0\0\0\x07\x02\0\0\xf8\xff\xff\xff\x18\x01\0\0\0\0\0\0\0\0\
\0\0\0\0\0\0\x85\0\0\0\x01\0\0\0\x15\0\x82\0\0\0\0\0\x79\x01\0\0\0\0\0\0\x7b\
\x1a\xc8\xff\0\0\0\0\xb7\x02\0\0\0\0\0\0\x7b\x2a\xf0\xff\0\0\0\0\x6b\x2a\xee\
\xff\0\0\0\0\xb7\x01\0\0\0\0\0\0\x7b\x1a\xd0\xff\0\0\0\0\x63\x2a\xd8\xff\0\0\0\
\0\xbf\xa2\0\0\0\0\0\0\x07\x02\0\0\xf8\xff\xff\xff\x18\x01\0\0\0\0\0\0\0\0\0\0\
\0\0\0\0\x85\0\0\0\x01\0\0\0\xb7\x09\0\0\0\0\0\0\x15\0\x02\0\0\0\0\0\x61\x09\0\
\0\0\0\0\0\x63\x9a\xd8\xff\0\0\0\0\x18\x08\0\0\0\0\0\0\0\0\0\0\0\0\0\0\x7b\x7a\
\xb8\xff\0\0\0\0\x05\0\x22\0\0\0\0\0\xbf\xa2\0\0\0\0\0\0\x07\x02\0\0\xf8\xff\
\xff\xff\xbf\xa3\0\0\0\0\0\0\x07\x03\0\0\xf0\xff\xff\xff\x18\x01\0\0\0\0\0\0\0\
\0\0\0\0\0\0\0\xb7\x04\0\0\0\0\0\0\x85\0\0\0\x02\0\0\0\x69\xa1\xee\xff\0\0\0\0\
\x0f\x19\0\0\0\0\0\0\x63\x9a\xd8\xff\0\0\0\0\x79\xa1\xd0\xff\0\0\0\0\x07\x01\0\
\0\x01\0\0\0\x7b\x1a\xd0\xff\0\0\0\0\x67\x01\0\0\x20\0\0\0\x77\x01\0\0\x20\0\0\
\0\x55\x01\x11\0\xc8\0\0\0\x67\x09\0\0\x20\0\0\0\x77\x09\0\0\x20\0\0\0\x3d\x69\
\x4f\0\0\0\0\0\xbf\xa2\0\0\0\0\0\0\x07\x02\0\0\xf8\xff\xff\xff\xbf\xa3\0\0\0\0\
\0\0\x07\x03\0\0\xd8\xff\xff\xff\x18\x01\0\0\0\0\0\0\0\0\0\0\0\0\0\0\xb7\x04\0\
\0\0\0\0\0\x85\0\0\0\x02\0\0\0\x79\xa1\xc0\xff\0\0\0\0\x18\x02\0\0\0\0\0\0\0\0\
\0\0\0\0\0\0\xb7\x03\0\0\x01\0\0\0\x85\0\0\0\x0c\0\0\0\x05\0\x41\0\0\0\0\0\xbf\
\x76\0\0\0\0\0\0\x67\x06\0\0\x20\0\0\0\x77\x06\0\0\x20\0\0\0\xbf\x91\0\0\0\0\0\
\0\x67\x01\0\0\x20\0\0\0\x77\x01\0\0\x20\0\0\0\x3d\x61\xe8\xff\0\0\0\0\x79\xa3\
\xc8\xff\0\0\0\0\x0f\x13\0\0\0\0\0\0\x7b\x3a\xf0\xff\0\0\0\0\xb7\x01\0\0\x10\0\
\0\0\x0f\x13\0\0\0\0\0\0\xbf\xa1\0\0\0\0\0\0\x07\x01\0\0\xee\xff\xff\xff\xb7\
\x02\0\0\x02\0\0\0\x85\0\0\0\x70\0\0\0\x79\xa3\xf0\xff\0\0\0\0\xb7\x01\0\0\x13\
\0\0\0\x0f\x13\0\0\0\0\0\0\x61\x82\0\0\0\0\0\0\xbf\xa1\0\0\0\0\0\0\x07\x01\0\0\
\xde\xff\xff\xff\x85\0\0\0\x72\0\0\0\xb7\x01\0\0\0\0\0\0\x61\x82\0\0\0\0\0\0\
\x67\x02\0\0\x20\0\0\0\xc7\x02\0\0\x20\0\0\0\xb7\x03\0\0\x01\0\0\0\x6d\x23\x0f\
\0\0\0\0\0\xb7\x01\0\0\0\0\0\0\xbf\xa2\0\0\0\0\0\0\x07\x02\0\0\xde\xff\xff\xff\
\x0f\x12\0\0\0\0\0\0\x18\x03\0\0\0\0\0\0\0\0\0\0\0\0\0\0\x0f\x13\0\0\0\0\0\0\
\x71\x33\0\0\0\0\0\0\x71\x22\0\0\0\0\0\0\x5d\x32\x05\0\0\0\0\0\x07\x01\0\0\x01\
\0\0\0\x61\x82\0\0\0\0\0\0\x67\x02\0\0\x20\0\0\0\xc7\x02\0\0\x20\0\0\0\x6d\x12\
\xf2\xff\0\0\0\0\x61\x82\0\0\0\0\0\0\x67\x01\0\0\x20\0\0\0\x77\x01\0\0\x20\0\0\
\0\x5d\x21\xae\xff\0\0\0\0\xbf\xa7\0\0\0\0\0\0\x07\x07\0\0\xf8\xff\xff\xff\x18\
\x01\0\0\0\0\0\0\0\0\0\0\0\0\0\0\xbf\x72\0\0\0\0\0\0\x85\0\0\0\x03\0\0\0\x18\
\x01\0\0\0\0\0\0\0\0\0\0\0\0\0\0\xbf\x72\0\0\0\0\0\0\x79\xa7\xb8\xff\0\0\0\0\
\x85\0\0\0\x03\0\0\0\x79\xa1\xc0\xff\0\0\0\0\x18\x02\0\0\0\0\0\0\0\0\0\0\0\0\0\
\0\xb7\x03\0\0\x02\0\0\0\x85\0\0\0\x0c\0\0\0\x05\0\x9d\xff\0\0\0\0\xbf\xa6\0\0\
\0\0\0\0\x07\x06\0\0\xf8\xff\xff\xff\x18\x01\0\0\0\0\0\0\0\0\0\0\0\0\0\0\xbf\
\x62\0\0\0\0\0\0\x85\0\0\0\x03\0\0\0\x18\x01\0\0\0\0\0\0\0\0\0\0\0\0\0\0\xbf\
\x62\0\0\0\0\0\0\x85\0\0\0\x03\0\0\0\xb7\0\0\0\0\0\0\0\x95\0\0\0\0\0\0\0\x85\0\
\0\0\x0e\0\0\0\x7b\x0a\xf8\xff\0\0\0\0\xbf\xa2\0\0\0\0\0\0\x07\x02\0\0\xf8\xff\
\xff\xff\x18\x01\0\0\0\0\0\0\0\0\0\0\0\0\0\0\x85\0\0\0\x01\0\0\0\x15\0\x6c\0\0\
\0\0\0\x79\x09\0\0\0\0\0\0\xb7\x01\0\0\0\0\0\0\x6b\x1a\xf6\xff\0\0\0\0\xb7\x08\
\0\0\0\0\0\0\xb7\x07\0\0\x10\0\0\0\xbf\x96\0\0\0\0\0\0\x0f\x76\0\0\0\0\0\0\xbf\
\xa1\0\0\0\0\0\0\x07\x01\0\0\xf6\xff\xff\xff\xb7\x02\0\0\x02\0\0\0\xbf\x63\0\0\
\0\0\0\0\x85\0\0\0\x70\0\0\0\x69\xa1\xf6\xff\0\0\0\0\x6b\x8a\xf4\xff\0\0\0\0\
\xbf\x98\0\0\0\0\0\0\x0f\x18\0\0\0\0\0\0\xbf\x83\0\0\0\0\0\0\x0f\x73\0\0\0\0\0\
\0\xbf\xa1\0\0\0\0\0\0\x07\x01\0\0\xf4\xff\xff\xff\xb7\x02\0\0\x02\0\0\0\x85\0\
\0\0\x70\0\0\0\xb7\x01\0\0\x13\0\0\0\x0f\x19\0\0\0\0\0\0\x18\x01\0\0\0\0\0\0\0\
\0\0\0\0\0\0\0\x61\x12\0\0\0\0\0\0\xbf\xa7\0\0\0\0\0\0\x07\x07\0\0\xe4\xff\xff\
\xff\xbf\x71\0\0\0\0\0\0\xbf\x93\0\0\0\0\0\0\x85\0\0\0\x72\0\0\0\x18\x09\0\0\0\
\0\0\0\0\0\0\0\0\0\0\0\x61\x91\0\0\0\0\0\0\x67\x01\0\0\x20\0\0\0\x18\x02\0\0\0\
\0\0\0\0\0\0\0\xff\xff\xff\xff\x0f\x21\0\0\0\0\0\0\xc7\x01\0\0\x20\0\0\0\xbf\
\x72\0\0\0\0\0\0\x0f\x12\0\0\0\0\0\0\xb7\x01\0\0\0\0\0\0\x73\x12\0\0\0\0\0\0\
\x18\x01\0\0\x18\0\0\0\0\0\0\0\0\0\0\0\xb7\x02\0\0\x21\0\0\0\xbf\x73\0\0\0\0\0\
\0\x85\0\0\0\x06\0\0\0\xb7\x01\0\0\x13\0\0\0\x0f\x18\0\0\0\0\0\0\x61\x92\0\0\0\
\0\0\0\x18\x09\0\0\0\0\0\0\0\0\0\0\0\0\0\0\xbf\x71\0\0\0\0\0\0\xbf\x83\0\0\0\0\
\0\0\x85\0\0\0\x72\0\0\0\x61\x91\0\0\0\0\0\0\x67\x01\0\0\x20\0\0\0\x18\x02\0\0\
\0\0\0\0\0\0\0\0\xff\xff\xff\xff\x0f\x21\0\0\0\0\0\0\xc7\x01\0\0\x20\0\0\0\xbf\
\x72\0\0\0\0\0\0\x0f\x12\0\0\0\0\0\0\xb7\x01\0\0\0\0\0\0\x73\x12\0\0\0\0\0\0\
\x18\x01\0\0\x39\0\0\0\0\0\0\0\0\0\0\0\xb7\x02\0\0\x21\0\0\0\xbf\x73\0\0\0\0\0\
\0\x85\0\0\0\x06\0\0\0\x69\xa1\xf6\xff\0\0\0\0\x69\xa2\xf4\xff\0\0\0\0\x0f\x12\
\0\0\0\0\0\0\x6b\x2a\xe2\xff\0\0\0\0\xbf\xa2\0\0\0\0\0\0\x07\x02\0\0\xe2\xff\
\xff\xff\xbf\x61\0\0\0\0\0\0\xb7\x03\0\0\x02\0\0\0\x85\0\0\0\x24\0\0\0\xbf\x07\
\0\0\0\0\0\0\x18\x01\0\0\0\0\0\0\0\0\0\0\0\0\0\0\xb7\x02\0\0\x18\0\0\0\xb7\x03\
\0\0\0\0\0\0\x85\0\0\0\x83\0\0\0\xbf\x06\0\0\0\0\0\0\x15\x06\x0e\0\0\0\0\0\xb7\
\x01\0\0\x01\0\0\0\x15\x07\x01\0\0\0\0\0\xb7\x01\0\0\0\0\0\0\x73\x16\x14\0\0\0\
\0\0\x79\xa1\xf8\xff\0\0\0\0\x77\x01\0\0\x20\0\0\0\x63\x16\0\0\0\0\0\0\xbf\x61\
\0\0\0\0\0\0\x07\x01\0\0\x04\0\0\0\xb7\x02\0\0\x10\0\0\0\x85\0\0\0\x10\0\0\0\
\xbf\x61\0\0\0\0\0\0\xb7\x02\0\0\0\0\0\0\x85\0\0\0\x84\0\0\0\xbf\xa2\0\0\0\0\0\
\0\x07\x02\0\0\xf8\xff\xff\xff\x18\x01\0\0\0\0\0\0\0\0\0\0\0\0\0\0\x85\0\0\0\
\x03\0\0\0\xb7\0\0\0\0\0\0\0\x95\0\0\0\0\0\0\0\x44\x75\x61\x6c\x20\x42\x53\x44\
\x2f\x47\x50\x4c\0\0\0\0\0\0\0\0\0\0\0\0\0\0\0\0\0\0\0\0\0\0\0\0\0\0\0\0\x5b\
\x50\x49\x44\x5f\x48\x49\x44\x45\x5d\x20\x66\x69\x6c\x65\x6e\x61\x6d\x65\x20\
\x70\x72\x65\x76\x69\x6f\x75\x73\x20\x25\x73\x0a\0\x5b\x50\x49\x44\x5f\x48\x49\
\x44\x45\x5d\x20\x66\x69\x6c\x65\x6e\x61\x6d\x65\x20\x6e\x65\x78\x74\x20\x6f\
\x6e\x65\x20\x25\x73\x0a\0\0\0\0\0\0\0\0\0\0\0\0\0\0\0\0\0\0\0\0\0\0\0\0\0\0\0\
\0\0\0\0\0\0\0\0\0\0\0\0\0\0\0\0\0\0\0\0\0\0\0\0\0\0\0\0\0\0\0\0\0\0\0\0\0\0\0\
\0\0\0\0\0\0\0\0\0\0\0\0\0\0\0\0\0\0\0\0\0\0\0\0\0\0\0\0\0\0\0\0\0\0\0\0\0\0\0\
\0\0\0\0\0\0\0\0\0\0\0\0\0\0\0\0\0\0\0\0\0\0\0\0\0\0\0\0\0\0\0\0\0\0\0\0\0\0\0\
\0\0\0\0\0\0\0\x9f\xeb\x01\0\x18\0\0\0\0\0\0\0\x9c\x3e\0\0\x9c\x3e\0\0\xd8\x36\
\0\0\0\0\0\0\0\0\0\x02\x03\0\0\0\x01\0\0\0\0\0\0\x01\x04\0\0\0\x20\0\0\x01\0\0\
\0\0\0\0\0\x03\0\0\0\0\x02\0\0\0\x04\0\0\0\x01\0\0\0\x05\0\0\0\0\0\0\x01\x04\0\
\0\0\x20\0\0\0\0\0\0\0\0\0\0\x02\x06\0\0\0\0\0\0\0\0\0\0\x03\0\0\0\0\x02\0\0\0\
\x04\0\0\0\0\x20\0\0\0\0\0\0\0\0\0\x02\x08\0\0\0\x19\0\0\0\0\0\0\x08\x09\0\0\0\
\x20\0\0\0\0\0\0\x08\x0a\0\0\0\x30\0\0\0\0\0\0\x08\x0b\0\0\0\x41\0\0\0\0\0\0\
\x01\x08\0\0\0\x40\0\0\0\0\0\0\0\0\0\0\x02\x0b\0\0\0\0\0\0\0\x04\0\0\x04\x20\0\
\0\0\x4f\0\0\0\x01\0\0\0\0\0\0\0\x54\0\0\0\x05\0\0\0\x40\0\0\0\x60\0\0\0\x07\0\
\0\0\x80\0\0\0\x64\0\0\0\x0c\0\0\0\xc0\0\0\0\x6a\0\0\0\0\0\0\x0e\x0d\0\0\0\x01\
\0\0\0\0\0\0\0\0\0\0\x02\x02\0\0\0\0\0\0\0\x04\0\0\x04\x20\0\0\0\x4f\0\0\0\x01\
\0\0\0\0\0\0\0\x54\0\0\0\x05\0\0\0\x40\0\0\0\x60\0\0\0\x07\0\0\0\x80\0\0\0\x64\
\0\0\0\x0f\0\0\0\xc0\0\0\0\x74\0\0\0\0\0\0\x0e\x10\0\0\0\x01\0\0\0\0\0\0\0\0\0\
\0\x02\x13\0\0\0\0\0\0\0\0\0\0\x03\0\0\0\0\x02\0\0\0\x04\0\0\0\x03\0\0\0\0\0\0\
\0\0\0\0\x02\x15\0\0\0\0\0\0\0\0\0\0\x03\0\0\0\0\x02\0\0\0\x04\0\0\0\x05\0\0\0\
\0\0\0\0\0\0\0\x02\x17\0\0\0\x83\0\0\0\0\0\0\x08\x18\0\0\0\x89\0\0\0\0\0\0\x01\
\x04\0\0\0\x20\0\0\0\0\0\0\0\x04\0\0\x04\x20\0\0\0\x4f\0\0\0\x12\0\0\0\0\0\0\0\
\x54\0\0\0\x14\0\0\0\x40\0\0\0\x60\0\0\0\x16\0\0\0\x80\0\0\0\x64\0\0\0\x16\0\0\
\0\xc0\0\0\0\x96\0\0\0\0\0\0\x0e\x19\0\0\0\x01\0\0\0\0\0\0\0\x04\0\0\x04\x20\0\
\0\0\x4f\0\0\0\x01\0\0\0\0\0\0\0\x54\0\0\0\x05\0\0\0\x40\0\0\0\x60\0\0\0\x07\0\
\0\0\x80\0\0\0\x64\0\0\0\x0c\0\0\0\xc0\0\0\0\xa5\0\0\0\0\0\0\x0e\x1b\0\0\0\x01\
\0\0\0\0\0\0\0\0\0\0\x02\x1e\0\0\0\0\0\0\0\0\0\0\x03\0\0\0\0\x02\0\0\0\x04\0\0\
\0\x1b\0\0\0\0\0\0\0\0\0\0\x02\x20\0\0\0\0\0\0\0\0\0\0\x03\0\0\0\0\x02\0\0\0\
\x04\0\0\0\0\0\x04\0\0\0\0\0\x02\0\0\x04\x10\0\0\0\x4f\0\0\0\x1d\0\0\0\0\0\0\0\
\x54\0\0\0\x1f\0\0\0\x40\0\0\0\xb2\0\0\0\0\0\0\x0e\x21\0\0\0\x01\0\0\0\0\0\0\0\
\0\0\0\x02\x24\0\0\0\xb5\0\0\0\x04\0\0\x04\x40\0\0\0\xcf\0\0\0\x25\0\0\0\0\0\0\
\0\xd3\0\0\0\x28\0\0\0\x40\0\0\0\xd6\0\0\0\x29\0\0\0\x80\0\0\0\xdb\0\0\0\x2b\0\
\0\0\0\x02\0\0\xe2\0\0\0\x04\0\0\x04\x08\0\0\0\x4f\0\0\0\x26\0\0\0\0\0\0\0\xee\
\0\0\0\x27\0\0\0\x10\0\0\0\xf4\0\0\0\x27\0\0\0\x18\0\0\0\x02\x01\0\0\x02\0\0\0\
\x20\0\0\0\x06\x01\0\0\0\0\0\x01\x02\0\0\0\x10\0\0\0\x15\x01\0\0\0\0\0\x01\x01\
\0\0\0\x08\0\0\0\x23\x01\0\0\0\0\0\x01\x08\0\0\0\x40\0\0\x01\0\0\0\0\0\0\0\x03\
\0\0\0\0\x0b\0\0\0\x04\0\0\0\x06\0\0\0\x28\x01\0\0\0\0\0\x01\x01\0\0\0\x08\0\0\
\x01\0\0\0\0\0\0\0\x03\0\0\0\0\x2a\0\0\0\x04\0\0\0\0\0\0\0\0\0\0\0\x01\0\0\x0d\
\x02\0\0\0\x2d\x01\0\0\x23\0\0\0\x31\x01\0\0\x01\0\0\x0c\x2c\0\0\0\x79\x02\0\0\
\xed\0\0\x84\xc0\x11\0\0\x85\x02\0\0\x2f\0\0\0\0\0\0\0\x91\x02\0\0\x18\0\0\0\
\xc0\0\0\0\x99\x02\0\0\x18\0\0\0\xe0\0\0\0\xa5\x02\0\0\x36\0\0\0\0\x01\0\0\xab\
\x02\0\0\x37\0\0\0\x40\x01\0\0\xee\0\0\0\x18\0\0\0\x60\x01\0\0\xb1\x02\0\0\x18\
\0\0\0\x80\x01\0\0\xb8\x02\0\0\x02\0\0\0\xa0\x01\0\0\xbf\x02\0\0\x3b\0\0\0\xc0\
\x01\0\0\xca\x02\0\0\x18\0\0\0\x40\x02\0\0\xd6\x02\0\0\x0b\0\0\0\x80\x02\0\0\
\xea\x02\0\0\x41\0\0\0\xc0\x02\0\0\xf5\x02\0\0\x02\0\0\0\0\x03\0\0\x05\x03\0\0\
\x02\0\0\0\x20\x03\0\0\x0e\x03\0\0\x02\0\0\0\x40\x03\0\0\x14\x03\0\0\x02\0\0\0\
\x60\x03\0\0\x19\x03\0\0\x02\0\0\0\x80\x03\0\0\x25\x03\0\0\x02\0\0\0\xa0\x03\0\
\0\x31\x03\0\0\x18\0\0\0\xc0\x03\0\0\x3d\x03\0\0\x42\0\0\0\0\x04\0\0\x40\x03\0\
\0\x4f\0\0\0\0\x0c\0\0\x43\x03\0\0\x51\0\0\0\x80\x0d\0\0\x46\x03\0\0\x60\0\0\0\
\0\x15\0\0\x50\x03\0\0\x61\0\0\0\x40\x15\0\0\x5c\x03\0\0\x63\0\0\0\x80\x15\0\0\
\x6d\x03\0\0\x64\0\0\0\0\x16\0\0\x73\x03\0\0\x65\0\0\0\0\x16\0\0\x85\x03\0\0\
\x18\0\0\0\x40\x16\0\0\x8c\x03\0\0\x0b\0\0\0\x80\x16\0\0\xa1\x03\0\0\x02\0\0\0\
\xc0\x16\0\0\xb1\x03\0\0\x67\0\0\0\0\x17\0\0\xba\x03\0\0\x6a\0\0\0\x40\x17\0\0\
\xc8\x03\0\0\x69\0\0\0\x80\x17\0\0\xd2\x03\0\0\x36\0\0\0\x80\x19\0\0\xe4\x03\0\
\0\x26\0\0\0\xc0\x19\0\0\xf7\x03\0\0\x26\0\0\0\xd0\x19\0\0\x07\x04\0\0\x02\0\0\
\0\xe0\x19\0\0\x1d\x04\0\0\x6d\0\0\0\0\x1a\0\0\x35\x04\0\0\x46\0\0\0\x40\x1a\0\
\0\x44\x04\0\0\x6f\0\0\0\xc0\x1a\0\0\x55\x04\0\0\x0b\0\0\0\0\x1b\0\0\x65\x04\0\
\0\x5a\0\0\0\x40\x1b\0\0\x77\x04\0\0\x5a\0\0\0\x48\x1b\0\0\x85\x04\0\0\x02\0\0\
\0\x60\x1b\0\0\x98\x04\0\0\x46\0\0\0\x80\x1b\0\0\xaf\x04\0\0\x02\0\0\0\0\x1c\0\
\0\xc2\x04\0\0\x46\0\0\0\x40\x1c\0\0\xd6\x04\0\0\x02\0\0\0\xc0\x1c\0\0\xe9\x04\
\0\0\x02\0\0\0\xe0\x1c\0\0\xf8\x04\0\0\x6d\0\0\0\0\x1d\0\0\x0b\x05\0\0\x46\0\0\
\0\x40\x1d\0\0\x1c\x05\0\0\x46\0\0\0\xc0\x1d\0\0\x2a\x05\0\0\x02\0\0\0\x40\x1e\
\0\0\x37\x05\0\0\x70\0\0\0\x80\x1e\0\0\x42\x05\0\0\x46\0\0\0\0\x20\0\0\x48\x05\
\0\0\x71\0\0\0\x80\x20\0\0\x57\x05\0\0\x44\0\0\0\xc0\x21\0\0\x69\x05\0\0\x72\0\
\0\0\x80\x22\0\0\x6c\x05\0\0\x72\0\0\0\xc0\x22\0\0\x76\x05\0\0\x73\0\0\0\0\x23\
\0\0\x8e\x05\0\0\x02\0\0\0\x40\x23\0\0\x99\x05\0\0\x02\0\0\0\x60\x23\0\0\xa3\
\x05\0\0\x02\0\0\0\x80\x23\0\0\xaf\x05\0\0\x02\0\0\0\xa0\x23\0\0\xbd\x05\0\0\
\x0b\0\0\0\xc0\x23\0\0\xc4\x05\0\0\x18\0\0\0\0\x24\0\0\xd0\x05\0\0\x18\0\0\0\
\x20\x24\0\x01\xe4\x05\0\0\x18\0\0\0\x21\x24\0\x01\xfe\x05\0\0\x18\0\0\0\x22\
\x24\0\x01\x0d\x06\0\0\x18\0\0\0\x23\x24\0\x01\x1c\x06\0\0\x18\0\0\0\x40\x24\0\
\x01\x30\x06\0\0\x18\0\0\0\x41\x24\0\x01\x3f\x06\0\0\x18\0\0\0\x42\x24\0\x01\
\x4d\x06\0\0\x18\0\0\0\x43\x24\0\x01\x57\x06\0\0\x18\0\0\0\x44\x24\0\x01\x61\
\x06\0\0\x18\0\0\0\x45\x24\0\x01\x75\x06\0\0\x18\0\0\0\x46\x24\0\x01\x7c\x06\0\
\0\x18\0\0\0\x47\x24\0\x01\x89\x06\0\0\x18\0\0\0\x48\x24\0\x01\x94\x06\0\0\x18\
\0\0\0\x49\x24\0\x01\xa4\x06\0\0\x0b\0\0\0\x80\x24\0\0\xb1\x06\0\0\x74\0\0\0\
\xc0\x24\0\0\x02\x01\0\0\x84\0\0\0\x80\x26\0\0\xbf\x06\0\0\x84\0\0\0\xa0\x26\0\
\0\xc4\x06\0\0\x0b\0\0\0\xc0\x26\0\0\xd1\x06\0\0\x41\0\0\0\0\x27\0\0\xdd\x06\0\
\0\x41\0\0\0\x40\x27\0\0\xe4\x06\0\0\x46\0\0\0\x80\x27\0\0\xed\x06\0\0\x46\0\0\
\0\0\x28\0\0\xf5\x06\0\0\x41\0\0\0\x80\x28\0\0\x02\x07\0\0\x46\0\0\0\xc0\x28\0\
\0\x0a\x07\0\0\x46\0\0\0\x40\x29\0\0\x17\x07\0\0\x86\0\0\0\xc0\x29\0\0\x22\x07\
\0\0\x89\0\0\0\0\x2a\0\0\x2c\x07\0\0\x46\0\0\0\0\x2c\0\0\x38\x07\0\0\x8a\0\0\0\
\x80\x2c\0\0\x43\x07\0\0\x0f\0\0\0\xc0\x2c\0\0\x51\x07\0\0\x0f\0\0\0\0\x2d\0\0\
\x61\x07\0\0\x36\0\0\0\x40\x2d\0\0\x70\x07\0\0\x31\0\0\0\x80\x2d\0\0\x76\x07\0\
\0\x31\0\0\0\xc0\x2d\0\0\x7c\x07\0\0\x31\0\0\0\0\x2e\0\0\x82\x07\0\0\x8b\0\0\0\
\x40\x2e\0\0\x8f\x07\0\0\x0b\0\0\0\0\x2f\0\0\x95\x07\0\0\x0b\0\0\0\x40\x2f\0\0\
\x9c\x07\0\0\x31\0\0\0\x80\x2f\0\0\xa7\x07\0\0\x31\0\0\0\xc0\x2f\0\0\xb6\x07\0\
\0\x0b\0\0\0\0\x30\0\0\xbe\x07\0\0\x0b\0\0\0\x40\x30\0\0\xc6\x07\0\0\x93\0\0\0\
\x80\x30\0\0\xd6\x07\0\0\x99\0\0\0\0\x33\0\0\xeb\x07\0\0\xa3\0\0\0\xc0\x34\0\0\
\xf8\x07\0\0\xa3\0\0\0\0\x35\0\0\x02\x08\0\0\xa3\0\0\0\x40\x35\0\0\x07\x08\0\0\
\xa5\0\0\0\x80\x35\0\0\x1c\x08\0\0\xa6\0\0\0\xc0\x35\0\0\x21\x08\0\0\xa7\0\0\0\
\x40\x36\0\0\x2b\x08\0\0\xa8\0\0\0\x80\x36\0\0\x33\x08\0\0\xaa\0\0\0\xc0\x36\0\
\0\x3b\x08\0\0\xab\0\0\0\x40\x37\0\0\x3e\x08\0\0\xac\0\0\0\x80\x37\0\0\x44\x08\
\0\0\xad\0\0\0\xc0\x37\0\0\x4d\x08\0\0\xae\0\0\0\0\x38\0\0\x55\x08\0\0\xaf\0\0\
\0\x40\x38\0\0\x5c\x08\0\0\xb0\0\0\0\x80\x38\0\0\x64\x08\0\0\xb1\0\0\0\xc0\x38\
\0\0\x6c\x08\0\0\xb1\0\0\0\0\x39\0\0\x79\x08\0\0\xb1\0\0\0\x40\x39\0\0\x87\x08\
\0\0\xb4\0\0\0\x80\x39\0\0\x8f\x08\0\0\x0b\0\0\0\x40\x3a\0\0\x99\x08\0\0\x08\0\
\0\0\x80\x3a\0\0\xa5\x08\0\0\x18\0\0\0\xc0\x3a\0\0\xb2\x08\0\0\x9b\0\0\0\0\x3b\
\0\0\xbd\x08\0\0\xb5\0\0\0\x40\x3b\0\0\xcb\x08\0\0\xb6\0\0\0\x80\x3b\0\0\xd4\
\x08\0\0\x18\0\0\0\xa0\x3b\0\0\xde\x08\0\0\xba\0\0\0\xc0\x3b\0\0\xe6\x08\0\0\
\xbc\0\0\0\x40\x3c\0\0\xf7\x08\0\0\x31\0\0\0\x40\x3c\0\0\x06\x09\0\0\x31\0\0\0\
\x80\x3c\0\0\x13\x09\0\0\xbd\0\0\0\xc0\x3c\0\0\x1e\x09\0\0\x8c\0\0\0\xe0\x3c\0\
\0\x26\x09\0\0\xc0\0\0\0\0\x3d\0\0\x2d\x09\0\0\x96\0\0\0\x40\x3d\0\0\x38\x09\0\
\0\x41\0\0\0\xc0\x3d\0\0\x44\x09\0\0\xc2\0\0\0\0\x3e\0\0\x52\x09\0\0\xc3\0\0\0\
\x40\x3e\0\0\x5d\x09\0\0\x36\0\0\0\x80\x3e\0\0\x6a\x09\0\0\xc4\0\0\0\xc0\x3e\0\
\0\x73\x09\0\0\xc5\0\0\0\0\x3f\0\0\x78\x09\0\0\xc6\0\0\0\x40\x3f\0\0\x86\x09\0\
\0\xc7\0\0\0\x80\x3f\0\0\x91\x09\0\0\xc8\0\0\0\xc0\x3f\0\0\xa1\x09\0\0\x0b\0\0\
\0\0\x40\0\0\xb0\x09\0\0\xc9\0\0\0\x40\x40\0\0\xbd\x09\0\0\xcb\0\0\0\x80\x40\0\
\0\xc2\x09\0\0\x31\0\0\0\x40\x42\0\0\xd0\x09\0\0\x31\0\0\0\x80\x42\0\0\xdd\x09\
\0\0\x31\0\0\0\xc0\x42\0\0\xea\x09\0\0\xcc\0\0\0\0\x43\0\0\xf7\x09\0\0\xce\0\0\
\0\x40\x43\0\0\x08\x0a\0\0\x02\0\0\0\x60\x43\0\0\x20\x0a\0\0\xd2\0\0\0\x80\x43\
\0\0\x28\x0a\0\0\x46\0\0\0\xc0\x43\0\0\x30\x0a\0\0\xd3\0\0\0\x40\x44\0\0\x3c\
\x0a\0\0\xd4\0\0\0\x80\x44\0\0\x4f\x0a\0\0\x46\0\0\0\xc0\x44\0\0\x5d\x0a\0\0\
\xd5\0\0\0\x40\x45\0\0\x6c\x0a\0\0\x9e\0\0\0\x80\x45\0\0\x7d\x0a\0\0\x18\0\0\0\
\x80\x46\0\0\x89\x0a\0\0\xd6\0\0\0\xa0\x46\0\0\x98\x0a\0\0\xd7\0\0\0\xc0\x46\0\
\0\xa8\x0a\0\0\x9e\0\0\0\0\x47\0\0\xb9\x0a\0\0\x46\0\0\0\0\x48\0\0\xc9\x0a\0\0\
\xd8\0\0\0\x80\x48\0\0\xd7\x0a\0\0\xd9\0\0\0\xc0\x48\0\0\xe1\x0a\0\0\xda\0\0\0\
\0\x49\0\0\xe9\x0a\0\0\x5a\0\0\0\x10\x49\0\0\xf3\x0a\0\0\xda\0\0\0\x20\x49\0\0\
\x02\x0b\0\0\x02\0\0\0\x40\x49\0\0\x10\x0b\0\0\x18\0\0\0\x60\x49\0\0\x21\x0b\0\
\0\x18\0\0\0\x80\x49\0\0\x36\x0b\0\0\x02\0\0\0\xa0\x49\0\0\x49\x0b\0\0\x0b\0\0\
\0\xc0\x49\0\0\x5c\x0b\0\0\x31\0\0\0\0\x4a\0\0\x67\x0b\0\0\x31\0\0\0\x40\x4a\0\
\0\x80\x0b\0\0\x31\0\0\0\x80\x4a\0\0\x96\x0b\0\0\x9a\0\0\0\xc0\x4a\0\0\xa0\x0b\
\0\0\xdb\0\0\0\x40\x4b\0\0\xab\x0b\0\0\x0c\0\0\0\x80\x4b\0\0\xb7\x0b\0\0\x0b\0\
\0\0\xc0\x4b\0\0\xc9\x0b\0\0\xdc\0\0\0\0\x4c\0\0\xde\x0b\0\0\x0b\0\0\0\xc0\x4c\
\0\0\xf2\x0b\0\0\xdd\0\0\0\0\x4d\0\0\xf7\x0b\0\0\x35\0\0\0\x40\x4d\0\0\0\x0c\0\
\0\x35\0\0\0\x60\x4d\0\0\x09\x0c\0\0\x0b\0\0\0\x80\x4d\0\0\x19\x0c\0\0\x02\0\0\
\0\xc0\x4d\0\0\x20\x0c\0\0\x02\0\0\0\xe0\x4d\0\0\x2c\x0c\0\0\x02\0\0\0\0\x4e\0\
\0\x3d\x0c\0\0\x02\0\0\0\x20\x4e\0\0\x4b\x0c\0\0\x9a\0\0\0\x40\x4e\0\0\x54\x0c\
\0\0\xde\0\0\0\xc0\x4e\0\0\x5c\x0c\0\0\xe2\0\0\0\0\x4f\0\0\x68\x0c\0\0\xe3\0\0\
\0\x40\x4f\0\0\x72\x0c\0\0\x02\0\0\0\xc0\x4f\0\0\x7d\x0c\0\0\x02\0\0\0\xe0\x4f\
\0\0\x8e\x0c\0\0\x0b\0\0\0\0\x50\0\0\xa0\x0c\0\0\x31\0\0\0\x40\x50\0\0\xaf\x0c\
\0\0\x31\0\0\0\x80\x50\0\0\xc6\x0c\0\0\x02\0\0\0\xc0\x50\0\0\xd5\x0c\0\0\x02\0\
\0\0\xe0\x50\0\0\xe4\x0c\0\0\x0c\0\0\0\0\x51\0\0\xee\x0c\0\0\x33\0\0\0\x40\x51\
\0\0\xff\x0c\0\0\x33\0\0\0\x80\x51\0\0\x10\x0d\0\0\x39\0\0\0\xc0\x51\0\0\x1e\
\x0d\0\0\x39\0\0\0\xe0\x51\0\0\x32\x0d\0\0\x0b\0\0\0\0\x52\0\0\x42\x0d\0\0\x18\
\0\0\0\x40\x52\0\0\x5b\x0d\0\0\xe5\0\0\0\x80\x52\0\0\x68\x0d\0\0\xe6\0\0\0\xc0\
\x52\0\0\x6e\x0d\0\0\xe7\0\0\0\0\x53\0\0\x7c\x0d\0\0\xe8\0\0\0\x40\x53\0\0\x82\
\x0d\0\0\xe9\0\0\0\x80\x53\0\0\x8c\x0d\0\0\x9a\0\0\0\x80\x53\0\0\x90\x0d\0\0\
\x37\0\0\0\0\x54\0\0\x9a\x0d\0\0\x02\0\0\0\x20\x54\0\0\xad\x0d\0\0\x41\0\0\0\
\x40\x54\0\0\xbd\x0d\0\0\xea\0\0\0\x80\x54\0\0\xce\x0d\0\0\xee\0\0\0\xc0\x55\0\
\0\xdc\x0d\0\0\x37\0\0\0\0\x56\0\0\xeb\x0d\0\0\x36\0\0\0\x40\x56\0\0\xf4\x0d\0\
\0\xef\0\0\0\x80\x56\0\0\0\x0e\0\0\xf0\0\0\0\xc0\x56\0\0\x08\x0e\0\0\xf1\0\0\0\
\0\x57\0\0\x18\x0e\0\0\xf2\0\0\0\x40\x57\0\0\x2c\x0e\0\0\xf3\0\0\0\x80\x57\0\0\
\x85\x02\0\0\x03\0\0\x04\x18\0\0\0\xee\0\0\0\x0b\0\0\0\0\0\0\0\0\0\0\0\x30\0\0\
\0\x40\0\0\0\x33\x0e\0\0\x35\0\0\0\x80\0\0\0\0\0\0\0\x02\0\0\x05\x08\0\0\0\xf4\
\0\0\0\x31\0\0\0\0\0\0\0\x37\x0e\0\0\x34\0\0\0\0\0\0\0\x3f\x0e\0\0\0\0\0\x08\
\x32\0\0\0\x43\x0e\0\0\0\0\0\x08\x33\0\0\0\x49\x0e\0\0\0\0\0\x01\x08\0\0\0\x40\
\0\0\0\0\0\0\0\x02\0\0\x04\x08\0\0\0\x5c\x0e\0\0\x35\0\0\0\0\0\0\0\x62\x0e\0\0\
\x35\0\0\0\x20\0\0\0\x6f\x0e\0\0\0\0\0\x08\x17\0\0\0\0\0\0\0\0\0\0\x02\0\0\0\0\
\x73\x0e\0\0\0\0\0\x08\x38\0\0\0\x7e\x0e\0\0\x01\0\0\x04\x04\0\0\0\x8e\x0e\0\0\
\x39\0\0\0\0\0\0\0\x93\x0e\0\0\0\0\0\x08\x3a\0\0\0\0\0\0\0\x01\0\0\x04\x04\0\0\
\0\x9c\x0e\0\0\x02\0\0\0\0\0\0\0\xa4\x0e\0\0\x04\0\0\x04\x10\0\0\0\xb7\x0e\0\0\
\x3c\0\0\0\0\0\0\0\0\0\0\0\x3e\0\0\0\x40\0\0\0\xbd\x0e\0\0\x3f\0\0\0\x60\0\0\0\
\xc1\x0e\0\0\x3f\0\0\0\x70\0\0\0\xc5\x0e\0\0\x01\0\0\x04\x08\0\0\0\xd0\x0e\0\0\
\x3d\0\0\0\0\0\0\0\0\0\0\0\0\0\0\x02\x3c\0\0\0\0\0\0\0\x02\0\0\x05\x04\0\0\0\
\xd5\x0e\0\0\x18\0\0\0\0\0\0\0\xdd\x0e\0\0\x39\0\0\0\0\0\0\0\xe5\x0e\0\0\0\0\0\
\x08\x40\0\0\0\xe9\x0e\0\0\0\0\0\x08\x26\0\0\0\0\0\0\0\0\0\0\x02\x2e\0\0\0\xef\
\x0e\0\0\x18\0\0\x04\0\x01\0\0\xfc\x0e\0\0\x43\0\0\0\0\0\0\0\x01\x0f\0\0\x44\0\
\0\0\x80\0\0\0\x0a\x0f\0\0\x31\0\0\0\x40\x01\0\0\x13\x0f\0\0\x31\0\0\0\x80\x01\
\0\0\x20\x0f\0\0\x31\0\0\0\xc0\x01\0\0\x2a\x0f\0\0\x31\0\0\0\0\x02\0\0\x34\x0f\
\0\0\x46\0\0\0\x40\x02\0\0\x0e\x03\0\0\x27\0\0\0\xc0\x02\0\0\x3f\x0f\0\0\x27\0\
\0\0\xc8\x02\0\0\x4d\x0f\0\0\x27\0\0\0\xd0\x02\0\0\x5a\x0f\0\0\x27\0\0\0\xd8\
\x02\0\0\x67\x0f\0\0\x31\0\0\0\0\x03\0\0\x72\x0f\0\0\x31\0\0\0\x40\x03\0\0\x83\
\x0f\0\0\x31\0\0\0\x80\x03\0\0\x99\x0f\0\0\x31\0\0\0\xc0\x03\0\0\0\0\0\0\x48\0\
\0\0\0\x04\0\0\xa2\x0f\0\0\x31\0\0\0\x40\x04\0\0\xa8\x0f\0\0\x31\0\0\0\x80\x04\
\0\0\xb6\x0f\0\0\x02\0\0\0\xc0\x04\0\0\xdd\x06\0\0\x4c\0\0\0\0\x05\0\0\xbc\x0f\
\0\0\x4d\0\0\0\x40\x05\0\0\xc3\x0f\0\0\x4d\0\0\0\x80\x05\0\0\xc8\x0f\0\0\x0b\0\
\0\0\xc0\x05\0\0\xd8\x0f\0\0\x4e\0\0\0\0\x06\0\0\xdc\x0f\0\0\x02\0\0\x04\x10\0\
\0\0\xe8\x0f\0\0\x0b\0\0\0\0\0\0\0\xef\x0f\0\0\x35\0\0\0\x40\0\0\0\xfa\x0f\0\0\
\x03\0\0\x04\x18\0\0\0\x02\x10\0\0\x0b\0\0\0\0\0\0\0\x14\x10\0\0\x45\0\0\0\x40\
\0\0\0\x1d\x10\0\0\x45\0\0\0\x80\0\0\0\0\0\0\0\0\0\0\x02\x44\0\0\0\x25\x10\0\0\
\x02\0\0\x04\x10\0\0\0\xd0\x0e\0\0\x47\0\0\0\0\0\0\0\x2f\x10\0\0\x47\0\0\0\x40\
\0\0\0\0\0\0\0\0\0\0\x02\x46\0\0\0\0\0\0\0\x02\0\0\x05\x08\0\0\0\x34\x10\0\0\
\x49\0\0\0\0\0\0\0\x39\x10\0\0\x31\0\0\0\0\0\0\0\x3f\x10\0\0\0\0\0\x08\x4a\0\0\
\0\x43\x10\0\0\0\0\0\x08\x4b\0\0\0\x49\x10\0\0\0\0\0\x01\x08\0\0\0\x40\0\0\x01\
\0\0\0\0\0\0\0\x02\x42\0\0\0\0\0\0\0\0\0\0\x02\x7a\x01\0\0\x53\x10\0\0\x09\0\0\
\x04\x40\0\0\0\x5d\x10\0\0\x31\0\0\0\0\0\0\0\x6e\x10\0\0\x31\0\0\0\x40\0\0\0\
\x77\x10\0\0\x31\0\0\0\x80\0\0\0\x84\x10\0\0\x35\0\0\0\xc0\0\0\0\x8d\x10\0\0\
\x35\0\0\0\xe0\0\0\0\x9c\x10\0\0\x0b\0\0\0\0\x01\0\0\xa5\x10\0\0\x0b\0\0\0\x40\
\x01\0\0\xb2\x10\0\0\x0b\0\0\0\x80\x01\0\0\xbb\x10\0\0\x18\0\0\0\xc0\x01\0\0\
\xc4\x10\0\0\x07\0\0\x04\x30\0\0\0\xd4\x10\0\0\x46\0\0\0\0\0\0\0\xdd\x10\0\0\
\x0b\0\0\0\x80\0\0\0\xe5\x10\0\0\x0b\0\0\0\xc0\0\0\0\xf4\x10\0\0\x18\0\0\0\0\
\x01\0\0\x0e\x03\0\0\x26\0\0\0\x20\x01\0\0\xff\x10\0\0\x26\0\0\0\x30\x01\0\0\
\x07\x11\0\0\x50\0\0\0\x40\x01\0\0\0\0\0\0\0\0\0\x02\x4f\0\0\0\x0c\x11\0\0\x17\
\0\0\x84\xf0\0\0\0\xfa\x0f\0\0\x44\0\0\0\0\0\0\0\x1c\x11\0\0\x31\0\0\0\xc0\0\0\
\0\x27\x11\0\0\x31\0\0\0\0\x01\0\0\x33\x11\0\0\x31\0\0\0\x40\x01\0\0\x3d\x11\0\
\0\x31\0\0\0\x80\x01\0\0\x43\x11\0\0\x31\0\0\0\xc0\x01\0\0\x4e\x11\0\0\x49\0\0\
\0\0\x02\0\0\x0a\x0f\0\0\x31\0\0\0\x40\x02\0\0\xee\0\0\0\x18\0\0\0\x80\x02\0\0\
\x56\x11\0\0\x18\0\0\0\xa0\x02\0\x01\x63\x11\0\0\x18\0\0\0\xa1\x02\0\x01\x6e\
\x11\0\0\x18\0\0\0\xa2\x02\0\x01\x80\x11\0\0\x18\0\0\0\xa3\x02\0\x01\x46\x03\0\
\0\x18\0\0\0\xa4\x02\0\x01\x8b\x11\0\0\x18\0\0\0\xa5\x02\0\x01\x9c\x11\0\0\x18\
\0\0\0\xa6\x02\0\x01\xa5\x11\0\0\x18\0\0\0\xa7\x02\0\x01\xb4\x11\0\0\x18\0\0\0\
\xa8\x02\0\x01\xc5\x11\0\0\x52\0\0\0\xc0\x02\0\0\xce\x11\0\0\x52\0\0\0\xc0\x04\
\0\0\xdd\x11\0\0\x5c\0\0\0\xc0\x06\0\0\xe0\x11\0\0\x5d\0\0\0\0\x07\0\0\xf1\x11\
\0\0\x60\0\0\0\x40\x07\0\0\xf7\x11\0\0\x08\0\0\x04\x40\0\0\0\xff\x11\0\0\x53\0\
\0\0\0\0\0\0\x04\x12\0\0\x54\0\0\0\0\x01\0\0\x11\x12\0\0\x55\0\0\0\x40\x01\0\0\
\x1a\x12\0\0\x59\0\0\0\x80\x01\0\0\x1f\x12\0\0\x5a\0\0\0\xc0\x01\0\0\x25\x12\0\
\0\x5a\0\0\0\xc8\x01\0\0\x2c\x12\0\0\x5a\0\0\0\xd0\x01\0\0\x34\x12\0\0\x5a\0\0\
\0\xd8\x01\0\0\x3c\x12\0\0\x02\0\0\x04\x20\0\0\0\xff\x11\0\0\x44\0\0\0\0\0\0\0\
\x4c\x12\0\0\x54\0\0\0\xc0\0\0\0\x54\x12\0\0\0\0\0\x08\x49\0\0\0\0\0\0\0\0\0\0\
\x02\x56\0\0\0\0\0\0\0\x01\0\0\x0d\x57\0\0\0\0\0\0\0\x58\0\0\0\x5c\x12\0\0\x02\
\0\0\x06\x04\0\0\0\x6c\x12\0\0\0\0\0\0\x7e\x12\0\0\x01\0\0\0\0\0\0\0\0\0\0\x02\
\x52\0\0\0\0\0\0\0\0\0\0\x02\x86\x01\0\0\x8e\x12\0\0\0\0\0\x08\x5b\0\0\0\x91\
\x12\0\0\0\0\0\x08\x27\0\0\0\0\0\0\0\0\0\0\x02\xa6\x01\0\0\x96\x12\0\0\0\0\0\
\x08\x5e\0\0\0\0\0\0\0\0\0\0\x02\x5f\0\0\0\0\0\0\0\x01\0\0\x0d\x41\0\0\0\0\0\0\
\0\x60\0\0\0\0\0\0\0\0\0\0\x02\x51\0\0\0\0\0\0\0\0\0\0\x02\x62\0\0\0\0\0\0\0\0\
\0\0\x0a\xa9\x01\0\0\0\0\0\0\0\0\0\x02\xae\x01\0\0\xa7\x12\0\0\0\0\0\x04\0\0\0\
\0\xb8\x12\0\0\x01\0\0\x04\x08\0\0\0\xc3\x12\0\0\x66\0\0\0\0\0\0\0\0\0\0\0\0\0\
\0\x02\x87\0\0\0\0\0\0\0\0\0\0\x02\x68\0\0\0\0\0\0\0\0\0\0\x0a\x69\0\0\0\xc9\
\x12\0\0\0\0\0\x08\x6b\0\0\0\0\0\0\0\0\0\0\x02\x69\0\0\0\xd3\x12\0\0\x01\0\0\
\x04\x40\0\0\0\xdb\x12\0\0\x6c\0\0\0\0\0\0\0\0\0\0\0\0\0\0\x03\0\0\0\0\x0b\0\0\
\0\x04\0\0\0\x08\0\0\0\xe0\x12\0\0\x02\0\0\x05\x04\0\0\0\xec\x12\0\0\x6e\0\0\0\
\0\0\0\0\xee\x12\0\0\x35\0\0\0\0\0\0\0\0\0\0\0\x04\0\0\x04\x04\0\0\0\x64\x08\0\
\0\x5a\0\0\0\0\0\0\0\xf0\x12\0\0\x5a\0\0\0\x08\0\0\0\xf8\x12\0\0\x5a\0\0\0\x10\
\0\0\0\x01\x13\0\0\x5a\0\0\0\x18\0\0\0\0\0\0\0\0\0\0\x02\xa3\x01\0\0\x37\x05\0\
\0\x06\0\0\x04\x30\0\0\0\x09\x13\0\0\x0b\0\0\0\0\0\0\0\x10\x13\0\0\x33\0\0\0\
\x40\0\0\0\x1a\x13\0\0\x33\0\0\0\x80\0\0\0\x28\x13\0\0\x33\0\0\0\xc0\0\0\0\x36\
\x13\0\0\x33\0\0\0\0\x01\0\0\x43\x13\0\0\x33\0\0\0\x40\x01\0\0\x4f\x13\0\0\x03\
\0\0\x04\x28\0\0\0\x14\x03\0\0\x02\0\0\0\0\0\0\0\x5a\x13\0\0\x46\0\0\0\x40\0\0\
\0\x64\x13\0\0\x46\0\0\0\xc0\0\0\0\0\0\0\0\0\0\0\x02\x8d\x01\0\0\0\0\0\0\0\0\0\
\x02\x71\x01\0\0\xb1\x06\0\0\x03\0\0\x04\x38\0\0\0\x6e\x13\0\0\x0b\0\0\0\0\0\0\
\0\x78\x13\0\0\x75\0\0\0\x40\0\0\0\0\0\0\0\x78\0\0\0\x80\0\0\0\0\0\0\0\0\0\0\
\x02\x76\0\0\0\0\0\0\0\x01\0\0\x0d\x28\0\0\0\0\0\0\0\x77\0\0\0\0\0\0\0\0\0\0\
\x02\x74\0\0\0\0\0\0\0\x03\0\0\x05\x28\0\0\0\x7b\x13\0\0\x79\0\0\0\0\0\0\0\x81\
\x13\0\0\x7b\0\0\0\0\0\0\0\x8b\x13\0\0\x82\0\0\0\0\0\0\0\0\0\0\0\x06\0\0\x04\
\x28\0\0\0\x90\x13\0\0\x7a\0\0\0\0\0\0\0\x96\x13\0\0\x35\0\0\0\x40\0\0\0\xee\0\
\0\0\x35\0\0\0\x60\0\0\0\x9a\x13\0\0\x35\0\0\0\x80\0\0\0\xa1\x13\0\0\x31\0\0\0\
\xc0\0\0\0\xa6\x13\0\0\x7a\0\0\0\0\x01\0\0\0\0\0\0\0\0\0\x02\x35\0\0\0\0\0\0\0\
\x04\0\0\x04\x18\0\0\0\xad\x13\0\0\x7c\0\0\0\0\0\0\0\x4f\0\0\0\x7e\0\0\0\x20\0\
\0\0\0\0\0\0\x7f\0\0\0\x40\0\0\0\x4c\x12\0\0\x31\0\0\0\x80\0\0\0\xb5\x13\0\0\0\
\0\0\x08\x7d\0\0\0\xbf\x13\0\0\0\0\0\x08\x02\0\0\0\xd2\x13\0\0\x03\0\0\x06\x04\
\0\0\0\xe0\x13\0\0\0\0\0\0\xe8\x13\0\0\x01\0\0\0\xf2\x13\0\0\x02\0\0\0\0\0\0\0\
\x02\0\0\x05\x08\0\0\0\xfc\x13\0\0\x80\0\0\0\0\0\0\0\x01\x14\0\0\x81\0\0\0\0\0\
\0\0\0\0\0\0\0\0\0\x02\x70\x01\0\0\0\0\0\0\0\0\0\x02\x92\x01\0\0\0\0\0\0\x05\0\
\0\x04\x20\0\0\0\x0d\x14\0\0\x83\0\0\0\0\0\0\0\x12\x14\0\0\x02\0\0\0\x40\0\0\0\
\x17\x14\0\0\x02\0\0\0\x60\0\0\0\x23\x14\0\0\x0b\0\0\0\x80\0\0\0\x2a\x14\0\0\
\x0b\0\0\0\xc0\0\0\0\0\0\0\0\0\0\0\x02\xa1\x01\0\0\x32\x14\0\0\0\0\0\x08\x85\0\
\0\0\x38\x14\0\0\0\0\0\x08\x02\0\0\0\0\0\0\0\0\0\0\x02\x9d\x01\0\0\x47\x14\0\0\
\x02\0\0\x04\x10\0\0\0\xd0\x0e\0\0\x66\0\0\0\0\0\0\0\x52\x14\0\0\x88\0\0\0\x40\
\0\0\0\0\0\0\0\0\0\0\x02\x66\0\0\0\0\0\0\0\0\0\0\x03\0\0\0\0\x87\0\0\0\x04\0\0\
\0\x04\0\0\0\0\0\0\0\0\0\0\x02\x7c\x01\0\0\x82\x07\0\0\x03\0\0\x04\x18\0\0\0\
\x70\x07\0\0\x31\0\0\0\0\0\0\0\x76\x07\0\0\x31\0\0\0\x40\0\0\0\x58\x14\0\0\x8c\
\0\0\0\x80\0\0\0\x5d\x14\0\0\0\0\0\x08\x8d\0\0\0\x6c\x14\0\0\x01\0\0\x04\x04\0\
\0\0\x79\x14\0\0\x8e\0\0\0\0\0\0\0\x82\x14\0\0\0\0\0\x08\x8f\0\0\0\x92\x14\0\0\
\x01\0\0\x04\x04\0\0\0\0\0\0\0\x90\0\0\0\0\0\0\0\0\0\0\0\x03\0\0\x05\x04\0\0\0\
\x96\x13\0\0\x39\0\0\0\0\0\0\0\0\0\0\0\x91\0\0\0\0\0\0\0\0\0\0\0\x92\0\0\0\0\0\
\0\0\0\0\0\0\x02\0\0\x04\x02\0\0\0\x9c\x14\0\0\x5a\0\0\0\0\0\0\0\x87\x08\0\0\
\x5a\0\0\0\x08\0\0\0\0\0\0\0\x02\0\0\x04\x04\0\0\0\xa3\x14\0\0\x3f\0\0\0\0\0\0\
\0\xb2\x14\0\0\x3f\0\0\0\x10\0\0\0\xc6\x07\0\0\x03\0\0\x04\x50\0\0\0\xb7\x14\0\
\0\x98\0\0\0\0\0\0\0\xbd\x14\0\0\x18\0\0\0\x40\x02\0\0\xcb\x14\0\0\x18\0\0\0\
\x60\x02\0\0\xd9\x14\0\0\x02\0\0\x04\x18\0\0\0\xed\x14\0\0\x31\0\0\0\0\0\0\0\
\xf5\x14\0\0\x95\0\0\0\x40\0\0\0\xfc\x14\0\0\x01\0\0\x04\x10\0\0\0\x0c\x15\0\0\
\x96\0\0\0\0\0\0\0\x14\x15\0\0\x02\0\0\x04\x10\0\0\0\x0c\x15\0\0\x97\0\0\0\0\0\
\0\0\x23\x15\0\0\x45\0\0\0\x40\0\0\0\x0c\x15\0\0\x01\0\0\x04\x08\0\0\0\xfa\x0f\
\0\0\x45\0\0\0\0\0\0\0\0\0\0\0\0\0\0\x03\0\0\0\0\x94\0\0\0\x04\0\0\0\x03\0\0\0\
\xd6\x07\0\0\x03\0\0\x04\x38\0\0\0\x2f\x15\0\0\x9a\0\0\0\0\0\0\0\x34\x15\0\0\
\x9e\0\0\0\x80\0\0\0\x3a\x15\0\0\x18\0\0\0\x80\x01\0\0\x44\x15\0\0\x02\0\0\x04\
\x10\0\0\0\xd0\x0e\0\0\x9b\0\0\0\0\0\0\0\x52\x15\0\0\x9c\0\0\0\x40\0\0\0\0\0\0\
\0\0\0\0\x02\x9a\0\0\0\0\0\0\0\0\0\0\x02\x9d\0\0\0\0\0\0\0\x01\0\0\x0d\0\0\0\0\
\0\0\0\0\x9b\0\0\0\x34\x15\0\0\x04\0\0\x04\x20\0\0\0\x57\x15\0\0\x9f\0\0\0\0\0\
\0\0\x5d\x15\0\0\x8c\0\0\0\x40\0\0\0\x67\x15\0\0\xa2\0\0\0\x60\0\0\0\x6b\x15\0\
\0\x46\0\0\0\x80\0\0\0\x75\x15\0\0\0\0\0\x08\xa0\0\0\0\x83\x15\0\0\0\0\0\x08\
\xa1\0\0\0\0\0\0\0\x01\0\0\x04\x08\0\0\0\x9c\x0e\0\0\x49\0\0\0\0\0\0\0\x8e\x15\
\0\0\x01\0\0\x04\x04\0\0\0\xb2\x14\0\0\x39\0\0\0\0\0\0\0\0\0\0\0\0\0\0\x02\xa4\
\0\0\0\0\0\0\0\0\0\0\x0a\x7d\x01\0\0\0\0\0\0\0\0\0\x02\x8a\x01\0\0\0\0\0\0\0\0\
\0\x03\0\0\0\0\x2a\0\0\0\x04\0\0\0\x10\0\0\0\0\0\0\0\0\0\0\x02\x8e\x01\0\0\xa4\
\x15\0\0\x01\0\0\x04\x08\0\0\0\xad\x15\0\0\xa9\0\0\0\0\0\0\0\0\0\0\0\0\0\0\x02\
\xab\x01\0\0\xb7\x15\0\0\x01\0\0\x04\x10\0\0\0\xc0\x15\0\0\x46\0\0\0\0\0\0\0\0\
\0\0\0\0\0\0\x02\x82\x01\0\0\0\0\0\0\0\0\0\x02\x81\x01\0\0\0\0\0\0\0\0\0\x02\
\x88\x01\0\0\0\0\0\0\0\0\0\x02\x8f\x01\0\0\0\0\0\0\0\0\0\x02\xad\x01\0\0\0\0\0\
\0\0\0\0\x02\xac\x01\0\0\xca\x15\0\0\0\0\0\x08\xb2\0\0\0\0\0\0\0\x01\0\0\x04\
\x08\0\0\0\xd3\x15\0\0\xb3\0\0\0\0\0\0\0\0\0\0\0\0\0\0\x03\0\0\0\0\x0b\0\0\0\
\x04\0\0\0\x01\0\0\0\xd7\x15\0\0\x02\0\0\x04\x18\0\0\0\xe2\x15\0\0\x46\0\0\0\0\
\0\0\0\x55\x08\0\0\xb1\0\0\0\x80\0\0\0\0\0\0\0\0\0\0\x02\x72\x01\0\0\xe7\x15\0\
\0\0\0\0\x08\xb7\0\0\0\0\0\0\0\x01\0\0\x04\x04\0\0\0\x96\x13\0\0\xb8\0\0\0\0\0\
\0\0\xee\x15\0\0\0\0\0\x08\xb9\0\0\0\xf4\x15\0\0\0\0\0\x08\x18\0\0\0\xde\x08\0\
\0\x03\0\0\x04\x10\0\0\0\x05\x16\0\0\x02\0\0\0\0\0\0\0\x0a\x16\0\0\x39\0\0\0\
\x20\0\0\0\x17\x16\0\0\xbb\0\0\0\x40\0\0\0\0\0\0\0\0\0\0\x02\xaa\x01\0\0\x1e\
\x16\0\0\0\0\0\x04\0\0\0\0\x34\x16\0\0\0\0\0\x08\xbe\0\0\0\x3f\x16\0\0\x01\0\0\
\x04\x04\0\0\0\0\0\0\0\xbf\0\0\0\0\0\0\0\0\0\0\0\x01\0\0\x05\x04\0\0\0\x48\x16\
\0\0\x8d\0\0\0\0\0\0\0\x4e\x16\0\0\x01\0\0\x04\x08\0\0\0\xd0\x0e\0\0\xc1\0\0\0\
\0\0\0\0\0\0\0\0\0\0\0\x02\xc0\0\0\0\0\0\0\0\0\0\0\x02\xa8\x01\0\0\0\0\0\0\0\0\
\0\x02\x9e\0\0\0\0\0\0\0\0\0\0\x02\x73\x01\0\0\0\0\0\0\0\0\0\x02\x74\x01\0\0\0\
\0\0\0\0\0\0\x02\xa4\x01\0\0\0\0\0\0\0\0\0\x02\x87\x01\0\0\0\0\0\0\0\0\0\x02\
\x79\x01\0\0\0\0\0\0\0\0\0\x02\xca\0\0\0\x5a\x16\0\0\0\0\0\x08\x89\x01\0\0\x6b\
\x16\0\0\x07\0\0\x04\x38\0\0\0\x7e\x16\0\0\x31\0\0\0\0\0\0\0\x84\x16\0\0\x31\0\
\0\0\x40\0\0\0\x8a\x16\0\0\x31\0\0\0\x80\0\0\0\x90\x16\0\0\x31\0\0\0\xc0\0\0\0\
\x96\x16\0\0\x31\0\0\0\0\x01\0\0\xa1\x16\0\0\x31\0\0\0\x40\x01\0\0\xad\x16\0\0\
\x31\0\0\0\x80\x01\0\0\xc3\x16\0\0\0\0\0\x08\xcd\0\0\0\0\0\0\0\x01\0\0\x04\x08\
\0\0\0\xdb\x12\0\0\xb3\0\0\0\0\0\0\0\xce\x16\0\0\0\0\0\x08\xcf\0\0\0\xe2\x16\0\
\0\x01\0\0\x04\x04\0\0\0\xf4\x16\0\0\xd0\0\0\0\0\0\0\0\xfd\x16\0\0\0\0\0\x08\
\xd1\0\0\0\xf4\x16\0\0\x01\0\0\x04\x04\0\0\0\x08\x17\0\0\x18\0\0\0\0\0\0\0\0\0\
\0\0\0\0\0\x02\x7e\x01\0\0\0\0\0\0\0\0\0\x02\xa5\x01\0\0\0\0\0\0\0\0\0\x02\x7b\
\x01\0\0\0\0\0\0\0\0\0\x02\x84\x01\0\0\0\0\0\0\0\0\0\x03\0\0\0\0\x5a\0\0\0\x04\
\0\0\0\x04\0\0\0\0\0\0\0\0\0\0\x02\x9a\x01\0\0\0\0\0\0\0\0\0\x02\x99\x01\0\0\0\
\0\0\0\0\0\0\x02\x8c\x01\0\0\x11\x17\0\0\0\0\0\x01\x02\0\0\0\x10\0\0\x01\0\0\0\
\0\0\0\0\x02\x90\x01\0\0\0\0\0\0\0\0\0\x03\0\0\0\0\x0b\0\0\0\x04\0\0\0\x03\0\0\
\0\0\0\0\0\0\0\0\x02\xa7\x01\0\0\x17\x17\0\0\x03\0\0\x04\x02\0\0\0\x2c\x17\0\0\
\xdf\0\0\0\0\0\0\0\x31\x17\0\0\xe0\0\0\0\0\0\0\0\x40\x17\0\0\xe0\0\0\0\x08\0\0\
\0\x49\x17\0\0\0\0\0\x04\0\0\0\0\x63\x17\0\0\0\0\0\x08\xe1\0\0\0\x68\x17\0\0\0\
\0\0\x01\x01\0\0\0\x08\0\0\x04\0\0\0\0\0\0\0\x02\x9f\x01\0\0\x6e\x17\0\0\x03\0\
\0\x04\x10\0\0\0\x78\x17\0\0\xe4\0\0\0\0\0\0\0\x7d\x17\0\0\x17\0\0\0\x40\0\0\0\
\x84\x17\0\0\x17\0\0\0\x60\0\0\0\0\0\0\0\0\0\0\x02\x93\x01\0\0\0\0\0\0\0\0\0\
\x02\x8b\x01\0\0\0\0\0\0\0\0\0\x02\x91\x01\0\0\0\0\0\0\0\0\0\x02\x85\x01\0\0\0\
\0\0\0\0\0\0\x02\xb0\x01\0\0\x82\x0d\0\0\0\0\0\x04\0\0\0\0\x89\x17\0\0\x04\0\0\
\x04\x28\0\0\0\x94\x17\0\0\x87\0\0\0\0\0\0\0\x4c\x12\0\0\x0b\0\0\0\x80\0\0\0\
\x11\x12\0\0\xeb\0\0\0\xc0\0\0\0\xee\0\0\0\x35\0\0\0\0\x01\0\0\0\0\0\0\0\0\0\
\x02\xec\0\0\0\0\0\0\0\x01\0\0\x0d\0\0\0\0\0\0\0\0\xed\0\0\0\0\0\0\0\0\0\0\x02\
\xea\0\0\0\0\0\0\0\0\0\0\x02\xb1\x01\0\0\0\0\0\0\0\0\0\x02\x75\x01\0\0\0\0\0\0\
\0\0\0\x02\x78\x01\0\0\0\0\0\0\0\0\0\x02\x76\x01\0\0\x9a\x17\0\0\x01\0\0\x04\
\x08\0\0\0\xc3\x12\0\0\x3d\0\0\0\0\0\0\0\xa5\x17\0\0\x19\0\0\x04\xb0\x06\0\0\
\xb3\x17\0\0\xf4\0\0\0\0\0\0\0\xbf\x17\0\0\xf5\0\0\0\x80\x03\0\0\xc2\x17\0\0\
\xfa\0\0\0\0\x15\0\0\xca\x17\0\0\x18\0\0\0\x20\x15\0\0\xd5\x17\0\0\x36\0\0\0\
\x40\x15\0\0\xdf\x17\0\0\x36\0\0\0\x80\x15\0\0\xe9\x17\0\0\xfb\0\0\0\xc0\x15\0\
\0\xec\x17\0\0\xfb\0\0\0\0\x16\0\0\xf6\x17\0\0\x0b\0\0\0\x40\x16\0\0\x04\x18\0\
\0\x0b\0\0\0\x80\x16\0\0\x0f\x18\0\0\xfc\0\0\0\xc0\x16\0\0\x15\x18\0\0\xf6\0\0\
\0\x80\x1f\0\0\x29\x18\0\0\x18\0\0\0\0\x30\0\0\x3b\x18\0\0\x55\x01\0\0\x40\x30\
\0\0\x45\x18\0\0\x57\x01\0\0\xc0\x32\0\0\x51\x18\0\0\x31\0\0\0\x40\x33\0\0\x5a\
\x18\0\0\x31\0\0\0\x80\x33\0\0\x65\x18\0\0\x31\0\0\0\xc0\x33\0\0\x6a\x18\0\0\
\x31\0\0\0\0\x34\0\0\x75\x18\0\0\x31\0\0\0\x40\x34\0\0\x7d\x18\0\0\x18\0\0\0\
\x80\x34\0\0\x8a\x18\0\0\x18\0\0\0\xa0\x34\0\0\x99\x18\0\0\x31\0\0\0\xc0\x34\0\
\0\xa3\x18\0\0\x31\0\0\0\0\x35\0\0\xac\x18\0\0\x31\0\0\0\x40\x35\0\0\xb3\x17\0\
\0\x0d\0\0\x04\x68\0\0\0\xb5\x18\0\0\x0b\0\0\0\0\0\0\0\xb9\x18\0\0\x0b\0\0\0\
\x40\0\0\0\xbd\x18\0\0\x0b\0\0\0\x80\0\0\0\xc1\x18\0\0\x0b\0\0\0\xc0\0\0\0\xc5\
\x18\0\0\x0b\0\0\0\0\x01\0\0\xc9\x18\0\0\x0b\0\0\0\x40\x01\0\0\xcd\x18\0\0\x0b\
\0\0\0\x80\x01\0\0\xd1\x18\0\0\x0b\0\0\0\xc0\x01\0\0\xd5\x18\0\0\x0b\0\0\0\0\
\x02\0\0\xd9\x18\0\0\x0b\0\0\0\x40\x02\0\0\xdd\x18\0\0\x0b\0\0\0\x80\x02\0\0\
\xe0\x18\0\0\x0b\0\0\0\xc0\x02\0\0\xe3\x18\0\0\x0b\0\0\0\0\x03\0\0\0\0\0\0\x05\
\0\0\x04\x30\x02\0\0\xe6\x18\0\0\x0b\0\0\0\0\0\0\0\xef\x18\0\0\x0b\0\0\0\x40\0\
\0\0\xf9\x18\0\0\x31\0\0\0\x80\0\0\0\xfe\x18\0\0\x0b\0\0\0\xc0\0\0\0\x02\x19\0\
\0\xf6\0\0\0\0\x01\0\0\x0f\x19\0\0\x04\0\0\x04\x10\x02\0\0\x21\x19\0\0\xf8\0\0\
\0\0\0\0\0\x27\x19\0\0\x17\0\0\0\0\x10\0\0\x2c\x19\0\0\x17\0\0\0\x20\x10\0\0\
\x31\x19\0\0\xf9\0\0\0\x40\x10\0\0\x3c\x19\0\0\0\0\0\x01\x10\0\0\0\x80\0\0\0\0\
\0\0\0\0\0\0\x03\0\0\0\0\xf7\0\0\0\x04\0\0\0\x20\0\0\0\0\0\0\0\0\0\0\x03\0\0\0\
\0\x17\0\0\0\x04\0\0\0\x02\0\0\0\xc2\x17\0\0\x03\0\0\x06\x04\0\0\0\x4e\x19\0\0\
\0\0\0\0\x5f\x19\0\0\x01\0\0\0\x6f\x19\0\0\x02\0\0\0\0\0\0\0\0\0\0\x03\0\0\0\0\
\x18\0\0\0\x04\0\0\0\x02\0\0\0\x7c\x19\0\0\x05\0\0\x04\x10\x01\0\0\x87\x19\0\0\
\x02\0\0\0\0\0\0\0\x96\x19\0\0\x02\0\0\0\x20\0\0\0\xa3\x19\0\0\x02\0\0\0\x40\0\
\0\0\xb0\x19\0\0\x54\x01\0\0\x80\0\0\0\xba\x19\0\0\x54\x01\0\0\x80\x04\0\0\0\0\
\0\0\0\0\0\x02\xfe\0\0\0\xc4\x19\0\0\x4e\0\0\x04\x40\x05\0\0\xcf\x19\0\0\x46\0\
\0\0\0\0\0\0\xdb\x19\0\0\x46\0\0\0\x80\0\0\0\xe8\x19\0\0\x46\0\0\0\0\x01\0\0\
\x34\x0f\0\0\x44\0\0\0\x80\x01\0\0\xf4\x19\0\0\x31\0\0\0\x40\x02\0\0\0\x1a\0\0\
\x46\0\0\0\x80\x02\0\0\x0e\x1a\0\0\x87\0\0\0\0\x03\0\0\x1a\x1a\0\0\x46\0\0\0\
\x80\x03\0\0\x27\x1a\0\0\x02\0\0\0\0\x04\0\0\x33\x1a\0\0\x02\0\0\0\x20\x04\0\0\
\x3e\x1a\0\0\x02\0\0\0\x40\x04\0\0\x49\x1a\0\0\x18\0\0\0\x60\x04\0\0\xf5\x06\0\
\0\xfd\0\0\0\x80\x04\0\0\x5a\x1a\0\0\xff\0\0\0\xc0\x04\0\0\x5e\x1a\0\0\x36\0\0\
\0\0\x05\0\0\x1f\x12\0\0\0\x01\0\0\x40\x05\0\0\x6a\x1a\0\0\x18\0\0\0\x60\x05\0\
\0\x5c\x0e\0\0\x01\x01\0\0\x80\x05\0\0\x77\x1a\0\0\xa0\0\0\0\xc0\x05\0\0\x83\
\x1a\0\0\x31\0\0\0\0\x06\0\0\x96\x1a\0\0\x31\0\0\0\x40\x06\0\0\xa9\x1a\0\0\x31\
\0\0\0\x80\x06\0\0\xb0\x1a\0\0\x05\x01\0\0\xc0\x06\0\0\xb5\x1a\0\0\x3f\0\0\0\0\
\x0b\0\0\xc1\x1a\0\0\x3f\0\0\0\x10\x0b\0\0\xd0\x1a\0\0\x3f\0\0\0\x20\x0b\0\0\
\xda\x1a\0\0\x0d\x01\0\0\x40\x0b\0\0\x2d\x01\0\0\xd7\0\0\0\xc0\x11\0\0\xdd\x1a\
\0\0\x20\x01\0\0\0\x12\0\0\xe5\x1a\0\0\x9f\0\0\0\x40\x12\0\0\xee\x1a\0\0\xa0\0\
\0\0\x80\x12\0\0\x07\x1b\0\0\xa0\0\0\0\xc0\x12\0\0\x20\x1b\0\0\x9e\0\0\0\0\x13\
\0\0\x2c\x1b\0\0\x46\0\0\0\0\x14\0\0\xdd\x06\0\0\xfd\0\0\0\x80\x14\0\0\x37\x1b\
\0\0\x02\0\0\0\xc0\x14\0\0\x33\x0e\0\0\x02\0\0\0\xe0\x14\0\0\x3d\x1b\0\0\x46\0\
\0\0\0\x15\0\0\x57\x15\0\0\x41\0\0\0\x80\x15\0\0\x49\x1b\0\0\x9e\0\0\0\xc0\x15\
\0\0\x54\x1b\0\0\x37\0\0\0\xc0\x16\0\0\xb2\0\0\0\x21\x01\0\0\0\x17\0\0\x5f\x1b\
\0\0\x46\0\0\0\x40\x17\0\0\x68\x1b\0\0\x0b\0\0\0\xc0\x17\0\0\x74\x1b\0\0\x02\0\
\0\0\0\x18\0\0\x80\x1b\0\0\x22\x01\0\0\x40\x18\0\0\x86\x1b\0\0\x24\x01\0\0\0\
\x19\0\0\x8d\x1b\0\0\x18\0\0\0\x40\x19\0\0\x9c\x1b\0\0\x18\0\0\0\x60\x19\0\0\
\xa9\x1b\0\0\x18\0\0\0\x80\x19\0\0\xb9\x1b\0\0\x0b\0\0\0\xc0\x19\0\0\xc6\x1b\0\
\0\x25\x01\0\0\0\x1a\0\0\xd2\x1b\0\0\x25\x01\0\0\0\x1b\0\0\xe6\x1b\0\0\x9a\0\0\
\0\0\x1c\0\0\xf3\x1b\0\0\x18\0\0\0\x80\x1c\0\0\0\x1c\0\0\x39\0\0\0\xa0\x1c\0\0\
\x0c\x1c\0\0\x2a\x01\0\0\xc0\x1c\0\0\x19\x1c\0\0\x2b\x01\0\0\x80\x1d\0\0\x2c\
\x1c\0\0\x0b\0\0\0\xc0\x1d\0\0\x3d\x1c\0\0\xfd\0\0\0\0\x1e\0\0\x47\x1c\0\0\x2c\
\x01\0\0\x40\x1e\0\0\x44\x15\0\0\x9a\0\0\0\x80\x1e\0\0\x4f\x1c\0\0\x2e\x01\0\0\
\0\x1f\0\0\xd3\0\0\0\x31\0\0\0\x40\x1f\0\0\x52\x1c\0\0\xa0\0\0\0\x80\x1f\0\0\
\x5f\x1c\0\0\x2f\x01\0\0\xc0\x1f\0\0\x65\x1c\0\0\x31\x01\0\0\0\x20\0\0\x76\x1c\
\0\0\x36\0\0\0\x40\x20\0\0\x8f\x1c\0\0\x42\x01\0\0\x80\x20\0\0\x94\x1c\0\0\x31\
\0\0\0\xc0\x20\0\0\x9f\x1c\0\0\x43\x01\0\0\0\x21\0\0\x17\x16\0\0\x44\x01\0\0\
\x40\x21\0\0\xa8\x1c\0\0\x45\x01\0\0\x80\x21\0\0\xb3\x1c\0\0\x53\x01\0\0\x40\
\x28\0\0\xeb\x0d\0\0\x36\0\0\0\x80\x28\0\0\xb8\x1c\0\0\x46\0\0\0\xc0\x28\0\0\
\xc0\x1c\0\0\x46\0\0\0\x40\x29\0\0\xc9\x1c\0\0\x35\0\0\0\xc0\x29\0\0\0\0\0\0\0\
\0\0\x02\xa0\x01\0\0\xd3\x1c\0\0\x07\0\0\x06\x04\0\0\0\xe4\x1c\0\0\xfb\xff\xff\
\xff\xfa\x1c\0\0\xfc\xff\xff\xff\x13\x1d\0\0\xfd\xff\xff\xff\x29\x1d\0\0\xfe\
\xff\xff\xff\x40\x1d\0\0\xff\xff\xff\xff\x55\x1d\0\0\0\0\0\0\x6f\x1d\0\0\x01\0\
\0\0\x87\x1d\0\0\0\0\0\x08\x02\x01\0\0\0\0\0\0\x01\0\0\x04\x08\0\0\0\x91\x1d\0\
\0\x03\x01\0\0\0\0\0\0\x93\x1d\0\0\0\0\0\x08\x04\x01\0\0\0\0\0\0\x01\0\0\x04\
\x08\0\0\0\x91\x1d\0\0\x9f\0\0\0\0\0\0\0\x9b\x1d\0\0\x3c\0\0\x84\x88\0\0\0\x4f\
\0\0\0\x17\0\0\0\0\0\0\0\x84\x17\0\0\x17\0\0\0\x20\0\0\0\xab\x1d\0\0\x32\0\0\0\
\x40\0\0\0\0\0\0\0\x06\x01\0\0\x80\0\0\0\xb2\x1d\0\0\x32\0\0\0\xc0\0\0\0\xbe\
\x1d\0\0\x32\0\0\0\0\x01\0\0\xca\x1d\0\0\x32\0\0\0\x40\x01\0\x01\xd3\x1d\0\0\
\x32\0\0\0\x41\x01\0\x01\xdb\x1d\0\0\x32\0\0\0\x42\x01\0\x01\xe2\x1d\0\0\x32\0\
\0\0\x43\x01\0\x01\xec\x1d\0\0\x32\0\0\0\x44\x01\0\x01\xf9\x1d\0\0\x32\0\0\0\
\x45\x01\0\x01\x08\x1e\0\0\x32\0\0\0\x46\x01\0\x01\x13\x1e\0\0\x32\0\0\0\x47\
\x01\0\x01\x20\x1e\0\0\x32\0\0\0\x48\x01\0\x01\x1c\x08\0\0\x32\0\0\0\x49\x01\0\
\x01\x25\x1e\0\0\x32\0\0\0\x4a\x01\0\x01\x2a\x1e\0\0\x32\0\0\0\x4b\x01\0\x01\
\x37\x1e\0\0\x32\0\0\0\x4c\x01\0\x01\x46\x1e\0\0\x32\0\0\0\x4d\x01\0\x01\x4b\
\x1e\0\0\x32\0\0\0\x4e\x01\0\x01\x55\x1e\0\0\x32\0\0\0\x4f\x01\0\x02\x60\x1e\0\
\0\x32\0\0\0\x51\x01\0\x01\x6a\x1e\0\0\x32\0\0\0\x52\x01\0\x01\x78\x1e\0\0\x32\
\0\0\0\x53\x01\0\x01\x85\x1e\0\0\x32\0\0\0\x54\x01\0\x01\x93\x1e\0\0\x32\0\0\0\
\x55\x01\0\x01\xac\x1e\0\0\x32\0\0\0\x56\x01\0\x01\xc3\x1e\0\0\x32\0\0\0\x57\
\x01\0\x01\xc9\x1e\0\0\x32\0\0\0\x58\x01\0\x01\xd3\x1e\0\0\x32\0\0\0\x59\x01\0\
\x01\xdf\x1e\0\0\x32\0\0\0\x5a\x01\0\x01\xee\x1e\0\0\x32\0\0\0\x5b\x01\0\x01\
\xfd\x1e\0\0\x32\0\0\0\x5c\x01\0\x01\x08\x1f\0\0\x32\0\0\0\x5d\x01\0\x01\x10\
\x1f\0\0\x32\0\0\0\x5e\x01\0\x01\x1a\x1f\0\0\x32\0\0\0\x5f\x01\0\x01\x25\x1f\0\
\0\x32\0\0\0\x60\x01\0\x01\x2c\x1f\0\0\x32\0\0\0\x61\x01\0\x01\x36\x1f\0\0\x32\
\0\0\0\x62\x01\0\x01\x3f\x1f\0\0\x32\0\0\0\x63\x01\0\x01\x4e\x1f\0\0\x32\0\0\0\
\x64\x01\0\x01\x5d\x1f\0\0\x32\0\0\0\x65\x01\0\x01\x65\x1f\0\0\x32\0\0\0\x66\
\x01\0\x1a\0\0\0\0\x07\x01\0\0\x80\x01\0\0\x72\x1f\0\0\x17\0\0\0\xa0\x01\0\0\0\
\0\0\0\x08\x01\0\0\xc0\x01\0\0\0\0\0\0\x09\x01\0\0\0\x02\0\0\x7a\x1f\0\0\x32\0\
\0\0\x40\x02\0\0\x8d\x1f\0\0\x32\0\0\0\x80\x02\0\0\x9e\x1f\0\0\x17\0\0\0\xc0\
\x02\0\0\xad\x13\0\0\x0a\x01\0\0\xe0\x02\0\0\xb0\x1f\0\0\x32\0\0\0\0\x03\0\0\
\xc1\x1f\0\0\x17\0\0\0\x40\x03\0\0\xcf\x1f\0\0\x40\0\0\0\x60\x03\0\0\xe0\x1f\0\
\0\x40\0\0\0\x70\x03\0\0\xed\x1f\0\0\x17\0\0\0\x80\x03\0\0\0\0\0\0\x0b\x01\0\0\
\xa0\x03\0\0\xfd\x1f\0\0\x32\0\0\0\xc0\x03\0\0\x06\x20\0\0\x32\0\0\0\0\x04\0\0\
\0\0\0\0\x02\0\0\x05\x08\0\0\0\x0e\x20\0\0\x32\0\0\0\0\0\0\0\x1c\x20\0\0\x32\0\
\0\0\0\0\0\0\0\0\0\0\x02\0\0\x05\x04\0\0\0\x28\x20\0\0\x17\0\0\0\0\0\0\0\x36\
\x20\0\0\x17\0\0\0\0\0\0\0\0\0\0\0\x04\0\0\x05\x08\0\0\0\x47\x20\0\0\x32\0\0\0\
\0\0\0\0\x4f\x20\0\0\x32\0\0\0\0\0\0\0\x5b\x20\0\0\x32\0\0\0\0\0\0\0\x67\x20\0\
\0\x32\0\0\0\0\0\0\0\0\0\0\0\x04\0\0\x05\x08\0\0\0\x6f\x20\0\0\x32\0\0\0\0\0\0\
\0\x76\x20\0\0\x32\0\0\0\0\0\0\0\x82\x20\0\0\x32\0\0\0\0\0\0\0\x8f\x20\0\0\x32\
\0\0\0\0\0\0\0\x97\x20\0\0\0\0\0\x08\x02\0\0\0\0\0\0\0\x02\0\0\x05\x04\0\0\0\
\x9d\x20\0\0\x17\0\0\0\0\0\0\0\0\0\0\0\x0c\x01\0\0\0\0\0\0\0\0\0\0\x04\0\0\x84\
\x04\0\0\0\xa8\x20\0\0\x17\0\0\0\0\0\0\x01\xb9\x20\0\0\x17\0\0\0\x01\0\0\x01\
\xc3\x20\0\0\x17\0\0\0\x02\0\0\x01\xce\x20\0\0\x17\0\0\0\x03\0\0\x1d\xdb\x20\0\
\0\x0c\0\0\x04\xd0\0\0\0\0\0\0\0\x0e\x01\0\0\0\0\0\0\xe9\x20\0\0\x41\0\0\0\x80\
\x03\0\0\x0c\x1c\0\0\x36\0\0\0\xc0\x03\0\0\x2c\x1c\0\0\x0b\0\0\0\0\x04\0\0\x1f\
\x12\0\0\x02\0\0\0\x40\x04\0\0\xf0\x20\0\0\x01\x01\0\0\x80\x04\0\0\x0e\x20\0\0\
\x31\0\0\0\xc0\x04\0\0\0\0\0\0\x1d\x01\0\0\0\x05\0\0\xfb\x20\0\0\x31\0\0\0\x80\
\x05\0\0\x0a\x21\0\0\x31\0\0\0\xc0\x05\0\0\x15\x21\0\0\x31\0\0\0\0\x06\0\0\x25\
\x21\0\0\x31\0\0\0\x40\x06\0\0\0\0\0\0\x07\0\0\x05\x70\0\0\0\0\0\0\0\x0f\x01\0\
\0\0\0\0\0\0\0\0\0\x11\x01\0\0\0\0\0\0\0\0\0\0\x12\x01\0\0\0\0\0\0\0\0\0\0\x13\
\x01\0\0\0\0\0\0\0\0\0\0\x14\x01\0\0\0\0\0\0\0\0\0\0\x15\x01\0\0\0\0\0\0\0\0\0\
\0\x1c\x01\0\0\0\0\0\0\0\0\0\0\x0c\0\0\x04\x70\0\0\0\xab\x1d\0\0\x31\0\0\0\0\0\
\0\0\x67\x20\0\0\x31\0\0\0\x40\0\0\0\x36\x21\0\0\x31\0\0\0\x80\0\0\0\x3f\x21\0\
\0\x31\0\0\0\xc0\0\0\0\x4e\x21\0\0\x0b\0\0\0\0\x01\0\0\x5a\x21\0\0\x0b\0\0\0\
\x40\x01\0\0\x65\x21\0\0\x02\0\0\0\x80\x01\0\0\x76\x21\0\0\x02\0\0\0\xa0\x01\0\
\0\x7a\x21\0\0\x02\0\0\0\xc0\x01\0\0\xee\0\0\0\x02\0\0\0\xe0\x01\0\0\x83\x21\0\
\0\x10\x01\0\0\0\x02\0\0\x8d\x21\0\0\x10\x01\0\0\xc0\x02\0\0\x98\x21\0\0\x04\0\
\0\x04\x18\0\0\0\xab\x1d\0\0\x31\0\0\0\0\0\0\0\xac\x21\0\0\x18\0\0\0\x40\0\0\0\
\xb0\x21\0\0\x02\0\0\0\x60\0\0\0\x76\x21\0\0\x02\0\0\0\x80\0\0\0\0\0\0\0\x02\0\
\0\x04\x10\0\0\0\xb6\x21\0\0\x31\0\0\0\0\0\0\0\xc1\x21\0\0\x18\0\0\0\x40\0\0\0\
\0\0\0\0\x01\0\0\x04\x40\0\0\0\xf7\x11\0\0\x52\0\0\0\0\0\0\0\0\0\0\0\x01\0\0\
\x04\x10\0\0\0\xcc\x21\0\0\x46\0\0\0\0\0\0\0\0\0\0\0\x02\0\0\x04\x10\0\0\0\xd4\
\x21\0\0\x31\0\0\0\0\0\0\0\xdc\x21\0\0\x31\0\0\0\x40\0\0\0\0\0\0\0\x02\0\0\x04\
\x28\0\0\0\xe1\x21\0\0\x16\x01\0\0\0\0\0\0\xe6\x21\0\0\x18\x01\0\0\xc0\0\0\0\
\xee\x21\0\0\x03\0\0\x04\x18\0\0\0\x01\x22\0\0\x31\0\0\0\0\0\0\0\x09\x22\0\0\
\x31\0\0\0\x40\0\0\0\x11\x22\0\0\x17\x01\0\0\x80\0\0\0\x16\x22\0\0\x05\0\0\x84\
\x04\0\0\0\x31\x19\0\0\x35\0\0\0\0\0\0\x13\x2e\x22\0\0\x35\0\0\0\x13\0\0\x08\
\x4f\0\0\0\x35\0\0\0\x1b\0\0\x02\x32\x22\0\0\x35\0\0\0\x1d\0\0\x02\x3c\x22\0\0\
\x35\0\0\0\x1f\0\0\x01\x44\x22\0\0\x02\0\0\x04\x10\0\0\0\x50\x22\0\0\x19\x01\0\
\0\0\0\0\0\xd0\x0e\0\0\x1b\x01\0\0\x40\0\0\0\x56\x22\0\0\x01\0\0\x04\x08\0\0\0\
\xd0\x0e\0\0\x1a\x01\0\0\0\0\0\0\0\0\0\0\0\0\0\x02\x19\x01\0\0\0\0\0\0\0\0\0\
\x02\x18\x01\0\0\0\0\0\0\x05\0\0\x04\x18\0\0\0\x61\x22\0\0\x5a\0\0\0\0\0\0\0\
\x6c\x22\0\0\x5a\0\0\0\x08\0\0\0\x77\x22\0\0\x3f\0\0\0\x10\0\0\0\x7f\x22\0\0\
\x31\0\0\0\x40\0\0\0\x84\x22\0\0\x31\0\0\0\x80\0\0\0\0\0\0\0\x02\0\0\x05\x10\0\
\0\0\0\0\0\0\x1e\x01\0\0\0\0\0\0\0\0\0\0\x1f\x01\0\0\0\0\0\0\0\0\0\0\x02\0\0\
\x04\x10\0\0\0\x8a\x22\0\0\x31\0\0\0\0\0\0\0\x96\x22\0\0\x01\x01\0\0\x40\0\0\0\
\0\0\0\0\x02\0\0\x04\x10\0\0\0\xa2\x22\0\0\x31\0\0\0\0\0\0\0\xaf\x22\0\0\x31\0\
\0\0\x40\0\0\0\0\0\0\0\0\0\0\x02\x9b\x01\0\0\0\0\0\0\0\0\0\x02\x96\x01\0\0\xbb\
\x22\0\0\0\0\0\x08\x23\x01\0\0\xcd\x22\0\0\x02\0\0\x04\x18\0\0\0\x58\x14\0\0\
\xbd\0\0\0\0\0\0\0\xdd\x22\0\0\x46\0\0\0\x40\0\0\0\0\0\0\0\0\0\0\x02\x80\x01\0\
\0\xe2\x22\0\0\x03\0\0\x04\x20\0\0\0\xff\x11\0\0\x3b\0\0\0\0\0\0\0\x52\x15\0\0\
\x26\x01\0\0\x80\0\0\0\xeb\x22\0\0\x29\x01\0\0\xc0\0\0\0\0\0\0\0\0\0\0\x02\x27\
\x01\0\0\0\0\0\0\x01\0\0\x0d\0\0\0\0\0\0\0\0\x28\x01\0\0\0\0\0\0\0\0\0\x02\x25\
\x01\0\0\xf3\x22\0\0\x01\0\0\x04\x08\0\0\0\x46\x1e\0\0\x41\0\0\0\0\0\0\0\xfb\
\x22\0\0\x03\0\0\x04\x18\0\0\0\xe2\x15\0\0\x46\0\0\0\0\0\0\0\x58\x14\0\0\x8c\0\
\0\0\x80\0\0\0\x12\x23\0\0\x18\0\0\0\xa0\0\0\0\0\0\0\0\0\0\0\x02\x94\x01\0\0\0\
\0\0\0\0\0\0\x02\x2d\x01\0\0\0\0\0\0\x01\0\0\x0d\0\0\0\0\0\0\0\0\xfd\0\0\0\0\0\
\0\0\0\0\0\x02\x9e\x01\0\0\0\0\0\0\0\0\0\x02\x30\x01\0\0\0\0\0\0\0\0\0\x0d\x31\
\0\0\0\x22\x23\0\0\0\0\0\x08\x32\x01\0\0\0\0\0\0\0\0\0\x02\x33\x01\0\0\0\0\0\0\
\x03\0\0\x0d\0\0\0\0\0\0\0\0\xfd\0\0\0\0\0\0\0\x34\x01\0\0\0\0\0\0\x41\x01\0\0\
\0\0\0\0\0\0\0\x02\x35\x01\0\0\x3a\x23\0\0\x1a\0\0\x04\0\x01\0\0\x4b\x23\0\0\
\x31\0\0\0\0\0\0\0\x58\x23\0\0\x31\0\0\0\x40\0\0\0\x5f\x23\0\0\x31\0\0\0\x80\0\
\0\0\x4f\0\0\0\x31\0\0\0\xc0\0\0\0\x68\x23\0\0\x36\x01\0\0\0\x01\0\0\xa1\x13\0\
\0\x31\0\0\0\x40\x01\0\0\xd3\0\0\0\x31\0\0\0\x80\x01\0\0\x72\x23\0\0\x37\x01\0\
\0\xc0\x01\0\0\x7c\x23\0\0\x31\0\0\0\0\x02\0\0\x7f\x23\0\0\x38\x01\0\0\x40\x02\
\0\0\x89\x23\0\0\x39\x01\0\0\x80\x02\0\0\x8d\x23\0\0\x3a\x01\0\0\xc0\x02\0\0\
\x96\x23\0\0\x3b\x01\0\0\0\x03\0\0\xe8\x0f\0\0\x3c\x01\0\0\x40\x03\0\0\xa4\x23\
\0\0\x3e\x01\0\0\x80\x03\0\0\xad\x23\0\0\x31\0\0\0\xc0\x03\0\0\xb1\x23\0\0\x40\
\x01\0\0\0\x04\0\0\xbb\x23\0\0\x40\x01\0\0\x80\x04\0\0\xc5\x23\0\0\x31\0\0\0\0\
\x05\0\0\xd5\x23\0\0\x31\0\0\0\x40\x05\0\0\x25\x1f\0\0\x31\0\0\0\x80\x05\0\0\
\xdf\x23\0\0\x31\0\0\0\xc0\x05\0\0\xe4\x23\0\0\x31\0\0\0\0\x06\0\0\xee\x23\0\0\
\x31\0\0\0\x40\x06\0\0\xfd\x23\0\0\x31\0\0\0\x80\x06\0\0\x0c\x24\0\0\x31\0\0\0\
\xc0\x06\0\0\0\0\0\0\x02\0\0\x04\x08\0\0\0\x02\x01\0\0\x35\0\0\0\0\0\0\0\x15\
\x24\0\0\x35\0\0\0\x20\0\0\0\0\0\0\0\x02\0\0\x04\x08\0\0\0\x33\x0e\0\0\x35\0\0\
\0\0\0\0\0\x19\x24\0\0\x35\0\0\0\x20\0\0\0\0\0\0\0\0\0\0\x02\x97\x01\0\0\0\0\0\
\0\0\0\0\x02\x9c\x01\0\0\0\0\0\0\0\0\0\x02\x95\x01\0\0\0\0\0\0\0\0\0\x02\x31\0\
\0\0\x22\x24\0\0\x02\0\0\x05\x08\0\0\0\x35\x24\0\0\x32\0\0\0\0\0\0\0\0\0\0\0\
\x3d\x01\0\0\0\0\0\0\0\0\0\0\x03\0\0\x04\x08\0\0\0\x3a\x24\0\0\x17\0\0\0\0\0\0\
\0\x42\x24\0\0\x40\0\0\0\x20\0\0\0\x49\x24\0\0\x40\0\0\0\x30\0\0\0\x50\x24\0\0\
\x02\0\0\x05\x08\0\0\0\x96\x13\0\0\x32\0\0\0\0\0\0\0\0\0\0\0\x3f\x01\0\0\0\0\0\
\0\0\0\0\0\x0b\0\0\x84\x08\0\0\0\x62\x24\0\0\x32\0\0\0\0\0\0\x05\x69\x24\0\0\
\x32\0\0\0\x05\0\0\x0e\x71\x24\0\0\x32\0\0\0\x13\0\0\x05\x7b\x24\0\0\x32\0\0\0\
\x18\0\0\x02\x84\x24\0\0\x32\0\0\0\x1a\0\0\x07\x8d\x24\0\0\x32\0\0\0\x21\0\0\
\x04\x99\x24\0\0\x32\0\0\0\x25\0\0\x01\xa4\x24\0\0\x32\0\0\0\x26\0\0\x02\xaf\
\x24\0\0\x32\0\0\0\x28\0\0\x03\xb7\x24\0\0\x32\0\0\0\x2b\0\0\x03\xc0\x24\0\0\
\x32\0\0\0\x2e\0\0\x12\xc9\x24\0\0\x02\0\0\x04\x10\0\0\0\xd3\x24\0\0\x32\0\0\0\
\0\0\0\0\xd7\x24\0\0\x41\x01\0\0\x40\0\0\0\0\0\0\0\0\0\0\x02\xa2\x01\0\0\0\0\0\
\0\0\0\0\x02\x77\x01\0\0\0\0\0\0\0\0\0\x02\xaf\x01\0\0\0\0\0\0\0\0\0\x02\x7f\
\x01\0\0\xa8\x1c\0\0\x0f\0\0\x04\xd8\0\0\0\x52\x15\0\0\x46\x01\0\0\0\0\0\0\xd0\
\x0e\0\0\x49\x01\0\0\x40\0\0\0\xee\0\0\0\x0b\0\0\0\x80\0\0\0\xdc\x24\0\0\x36\0\
\0\0\xc0\0\0\0\xe4\x24\0\0\x46\x01\0\0\0\x01\0\0\xef\x24\0\0\x4c\x01\0\0\x40\
\x01\0\0\xfa\x24\0\0\x4e\x01\0\0\xc0\x02\0\0\x04\x25\0\0\x4c\x01\0\0\0\x03\0\0\
\x0d\x25\0\0\x0b\0\0\0\x80\x04\0\0\x18\x25\0\0\x0b\0\0\0\xc0\x04\0\0\xe2\x15\0\
\0\x46\0\0\0\0\x05\0\0\x28\x25\0\0\x46\0\0\0\x80\x05\0\0\x33\x25\0\0\x4f\x01\0\
\0\0\x06\0\0\x3c\x25\0\0\x49\x01\0\0\x40\x06\0\0\x44\x25\0\0\x0b\0\0\0\x80\x06\
\0\0\x50\x25\0\0\0\0\0\x08\x47\x01\0\0\0\0\0\0\0\0\0\x02\x48\x01\0\0\0\0\0\0\
\x04\0\0\x0d\0\0\0\0\0\0\0\0\x0b\0\0\0\0\0\0\0\x0b\0\0\0\0\0\0\0\x49\x01\0\0\0\
\0\0\0\x4a\x01\0\0\0\0\0\0\0\0\0\x02\x45\x01\0\0\0\0\0\0\0\0\0\x02\x4b\x01\0\0\
\x5e\x25\0\0\0\0\0\x04\0\0\0\0\x6a\x25\0\0\x03\0\0\x04\x30\0\0\0\x7a\x25\0\0\
\x4d\x01\0\0\0\0\0\0\x87\x25\0\0\x4d\x01\0\0\x40\0\0\0\x93\x25\0\0\x9e\0\0\0\
\x80\0\0\0\0\0\0\0\0\0\0\x02\x83\x01\0\0\0\0\0\0\0\0\0\x02\x4c\x01\0\0\x9e\x25\
\0\0\0\0\0\x08\x50\x01\0\0\0\0\0\0\0\0\0\x02\x51\x01\0\0\0\0\0\0\x02\0\0\x0d\
\x02\0\0\0\0\0\0\0\x49\x01\0\0\0\0\0\0\x52\x01\0\0\xb0\x25\0\0\x03\0\0\x06\x04\
\0\0\0\xbf\x25\0\0\0\0\0\0\xe9\x25\0\0\x01\0\0\0\x13\x26\0\0\x02\0\0\0\0\0\0\0\
\0\0\0\x02\x98\x01\0\0\0\0\0\0\0\0\0\x03\0\0\0\0\xfd\0\0\0\x04\0\0\0\x10\0\0\0\
\x3e\x26\0\0\x05\0\0\x04\x50\0\0\0\x50\x26\0\0\x56\x01\0\0\0\0\0\0\x55\x26\0\0\
\x56\x01\0\0\x80\0\0\0\x5a\x26\0\0\x56\x01\0\0\0\x01\0\0\x5f\x26\0\0\x56\x01\0\
\0\x80\x01\0\0\x64\x26\0\0\x56\x01\0\0\0\x02\0\0\x69\x26\0\0\x02\0\0\x04\x10\0\
\0\0\x75\x26\0\0\x0b\0\0\0\0\0\0\0\x78\x26\0\0\x0b\0\0\0\x40\0\0\0\x7b\x26\0\0\
\x01\0\0\x04\x10\0\0\0\x50\x26\0\0\x56\x01\0\0\0\0\0\0\0\0\0\0\0\0\0\x02\x59\
\x01\0\0\x86\x27\0\0\x04\0\0\x04\x18\0\0\0\xcf\0\0\0\x25\0\0\0\0\0\0\0\xd3\0\0\
\0\x28\0\0\0\x40\0\0\0\x9f\x27\0\0\x28\0\0\0\x80\0\0\0\xdb\0\0\0\x2b\0\0\0\xc0\
\0\0\0\0\0\0\0\x01\0\0\x0d\x02\0\0\0\x2d\x01\0\0\x58\x01\0\0\xa3\x27\0\0\x01\0\
\0\x0c\x5a\x01\0\0\x6f\x2b\0\0\x05\0\0\x04\x18\0\0\0\x7e\x2b\0\0\x31\0\0\0\0\0\
\0\0\x84\x2b\0\0\x49\0\0\0\x40\0\0\0\x8a\x2b\0\0\x26\0\0\0\x80\0\0\0\x93\x2b\0\
\0\x27\0\0\0\x90\0\0\0\x9a\x2b\0\0\x2b\0\0\0\x98\0\0\0\0\0\0\0\x01\0\0\x0d\x02\
\0\0\0\x2d\x01\0\0\x58\x01\0\0\xa3\x2e\0\0\x01\0\0\x0c\x5d\x01\0\0\0\0\0\0\0\0\
\0\x03\0\0\0\0\x2a\0\0\0\x04\0\0\0\x0d\0\0\0\xd2\x33\0\0\0\0\0\x0e\x5f\x01\0\0\
\x01\0\0\0\0\0\0\0\0\0\0\x0a\x62\x01\0\0\0\0\0\0\0\0\0\x09\x02\0\0\0\xda\x33\0\
\0\0\0\0\x0e\x61\x01\0\0\x01\0\0\0\xe6\x33\0\0\0\0\0\x0e\x61\x01\0\0\x01\0\0\0\
\0\0\0\0\0\0\0\x0a\x66\x01\0\0\0\0\0\0\0\0\0\x09\x2a\0\0\0\0\0\0\0\0\0\0\x03\0\
\0\0\0\x65\x01\0\0\x04\0\0\0\x10\0\0\0\xf6\x33\0\0\0\0\0\x0e\x67\x01\0\0\x01\0\
\0\0\0\0\0\0\0\0\0\x0a\x2a\0\0\0\0\0\0\0\0\0\0\x03\0\0\0\0\x69\x01\0\0\x04\0\0\
\0\x21\0\0\0\x02\x34\0\0\0\0\0\x0e\x6a\x01\0\0\0\0\0\0\x20\x34\0\0\0\0\0\x0e\
\x6a\x01\0\0\0\0\0\0\x40\x34\0\0\x05\0\0\x0f\0\0\0\0\x0e\0\0\0\0\0\0\0\x20\0\0\
\0\x11\0\0\0\0\0\0\0\x20\0\0\0\x1a\0\0\0\0\0\0\0\x20\0\0\0\x1c\0\0\0\0\0\0\0\
\x20\0\0\0\x22\0\0\0\0\0\0\0\x10\0\0\0\x46\x34\0\0\x05\0\0\x0f\0\0\0\0\x63\x01\
\0\0\0\0\0\0\x04\0\0\0\x64\x01\0\0\0\0\0\0\x04\0\0\0\x68\x01\0\0\0\0\0\0\x10\0\
\0\0\x6b\x01\0\0\x18\0\0\0\x21\0\0\0\x6c\x01\0\0\x39\0\0\0\x21\0\0\0\x4e\x34\0\
\0\x01\0\0\x0f\0\0\0\0\x60\x01\0\0\0\0\0\0\x0d\0\0\0\x56\x34\0\0\0\0\0\x07\0\0\
\0\0\x68\x34\0\0\0\0\0\x07\0\0\0\0\xbd\x08\0\0\0\0\0\x07\0\0\0\0\x6a\x09\0\0\0\
\0\0\x07\0\0\0\0\x76\x34\0\0\0\0\0\x07\0\0\0\0\x7f\x34\0\0\0\0\0\x07\0\0\0\0\
\x08\x0e\0\0\0\0\0\x07\0\0\0\0\x91\x34\0\0\0\0\0\x07\0\0\0\0\x9a\x34\0\0\0\0\0\
\x07\0\0\0\0\x91\x09\0\0\0\0\0\x07\0\0\0\0\xbc\x0f\0\0\0\0\0\x07\0\0\0\0\xa6\
\x34\0\0\0\0\0\x07\0\0\0\0\xbe\x34\0\0\0\0\0\x07\0\0\0\0\x02\x08\0\0\0\0\0\x07\
\0\0\0\0\xc9\x34\0\0\0\0\0\x07\0\0\0\0\xd1\x34\0\0\0\0\0\x07\0\0\0\0\xde\x34\0\
\0\0\0\0\x07\0\0\0\0\xec\x34\0\0\0\0\0\x07\0\0\0\0\xf9\x34\0\0\0\0\0\x07\0\0\0\
\0\x03\x35\0\0\0\0\0\x07\0\0\0\0\x0f\x35\0\0\0\0\0\x07\0\0\0\0\x1e\x35\0\0\0\0\
\0\x07\0\0\0\0\x26\x35\0\0\0\0\0\x07\0\0\0\0\x86\x09\0\0\0\0\0\x07\0\0\0\0\x39\
\x35\0\0\0\0\0\x07\0\0\0\0\x47\x35\0\0\0\0\0\x07\0\0\0\0\x60\0\0\0\0\0\0\x07\0\
\0\0\0\x56\x35\0\0\0\0\0\x07\0\0\0\0\xd7\x0a\0\0\0\0\0\x07\0\0\0\0\x61\x35\0\0\
\0\0\0\x07\0\0\0\0\x21\x08\0\0\0\0\0\x07\0\0\0\0\x4d\x08\0\0\0\0\0\x07\0\0\0\0\
\xa0\x0b\0\0\0\0\0\x07\0\0\0\0\x6b\x35\0\0\0\0\0\x07\0\0\0\0\x76\x35\0\0\0\0\0\
\x07\0\0\0\0\x78\x17\0\0\0\0\0\x07\0\0\0\0\x85\x35\0\0\0\0\0\x07\0\0\0\0\x9c\
\x35\0\0\0\0\0\x07\0\0\0\0\xae\x35\0\0\0\0\0\x07\0\0\0\0\xba\x35\0\0\0\0\0\x07\
\0\0\0\0\xcf\x35\0\0\0\0\0\x07\0\0\0\0\xc9\x0a\0\0\0\0\0\x07\0\0\0\0\xdb\x35\0\
\0\0\0\0\x07\0\0\0\0\xee\x35\0\0\0\0\0\x07\0\0\0\0\x05\x36\0\0\0\0\0\x07\0\0\0\
\0\x02\x01\0\0\0\0\0\x07\0\0\0\0\x15\x36\0\0\0\0\0\x07\0\0\0\0\x23\x36\0\0\0\0\
\0\x07\0\0\0\0\x5a\x1a\0\0\0\0\0\x07\0\0\0\0\x33\x36\0\0\0\0\0\x07\0\0\0\0\x3a\
\x36\0\0\0\0\0\x07\0\0\0\0\x42\x36\0\0\0\0\0\x07\0\0\0\0\x78\x09\0\0\0\0\0\x07\
\0\0\0\0\x4b\x36\0\0\0\0\0\x07\0\0\0\0\xdd\x11\0\0\0\0\0\x07\0\0\0\0\xf2\x0b\0\
\0\0\0\0\x07\0\0\0\0\x5c\x36\0\0\0\0\0\x07\0\0\0\0\x50\x03\0\0\0\0\0\x07\0\0\0\
\0\x6c\x36\0\0\0\0\0\x07\0\0\0\0\x7b\x36\0\0\0\0\0\x07\0\0\0\0\x89\x36\0\0\0\0\
\0\x07\0\0\0\0\x98\x36\0\0\0\0\0\x07\0\0\0\0\xa6\x36\0\0\0\0\0\x07\0\0\0\0\xb1\
\x36\0\0\0\0\0\x07\0\0\0\0\xc2\x36\0\0\0\0\0\x07\0\0\0\0\xce\x36\0\0\0\0\0\x07\
\0\0\0\0\0\x69\x6e\x74\0\x5f\x5f\x41\x52\x52\x41\x59\x5f\x53\x49\x5a\x45\x5f\
\x54\x59\x50\x45\x5f\x5f\0\x73\x69\x7a\x65\x5f\x74\0\x5f\x5f\x6b\x65\x72\x6e\
\x65\x6c\x5f\x73\x69\x7a\x65\x5f\x74\0\x5f\x5f\x6b\x65\x72\x6e\x65\x6c\x5f\x75\
\x6c\x6f\x6e\x67\x5f\x74\0\x75\x6e\x73\x69\x67\x6e\x65\x64\x20\x6c\x6f\x6e\x67\
\0\x74\x79\x70\x65\0\x6d\x61\x78\x5f\x65\x6e\x74\x72\x69\x65\x73\0\x6b\x65\x79\
\0\x76\x61\x6c\x75\x65\0\x6d\x61\x70\x5f\x62\x75\x66\x66\x73\0\x6d\x61\x70\x5f\
\x62\x79\x74\x65\x73\x5f\x72\x65\x61\x64\0\x5f\x5f\x75\x33\x32\0\x75\x6e\x73\
\x69\x67\x6e\x65\x64\x20\x69\x6e\x74\0\x6d\x61\x70\x5f\x70\x72\x6f\x67\x5f\x61\
\x72\x72\x61\x79\0\x6d\x61\x70\x5f\x74\x6f\x5f\x70\x61\x74\x63\x68\0\x72\x62\0\
\x74\x72\x61\x63\x65\x5f\x65\x76\x65\x6e\x74\x5f\x72\x61\x77\x5f\x73\x79\x73\
\x5f\x65\x6e\x74\x65\x72\0\x65\x6e\x74\0\x69\x64\0\x61\x72\x67\x73\0\x5f\x5f\
\x64\x61\x74\x61\0\x74\x72\x61\x63\x65\x5f\x65\x6e\x74\x72\x79\0\x66\x6c\x61\
\x67\x73\0\x70\x72\x65\x65\x6d\x70\x74\x5f\x63\x6f\x75\x6e\x74\0\x70\x69\x64\0\
\x75\x6e\x73\x69\x67\x6e\x65\x64\x20\x73\x68\x6f\x72\x74\0\x75\x6e\x73\x69\x67\
\x6e\x65\x64\x20\x63\x68\x61\x72\0\x6c\x6f\x6e\x67\0\x63\x68\x61\x72\0\x63\x74\
\x78\0\x68\x61\x6e\x64\x6c\x65\x5f\x67\x65\x74\x64\x65\x6e\x74\x73\x5f\x65\x6e\
\x74\x65\x72\0\x74\x70\x2f\x73\x79\x73\x63\x61\x6c\x6c\x73\x2f\x73\x79\x73\x5f\
\x65\x6e\x74\x65\x72\x5f\x67\x65\x74\x64\x65\x6e\x74\x73\x36\x34\0\x2f\x68\x6f\
\x6d\x65\x2f\x6a\x69\x6e\x2f\x61\x72\x6d\x36\x34\x5f\x6c\x69\x62\x2f\x62\x70\
\x66\x2d\x65\x78\x61\x6d\x70\x6c\x65\x2f\x68\x69\x64\x65\x2f\x70\x69\x64\x68\
\x69\x64\x65\x2e\x62\x70\x66\x2e\x63\0\x69\x6e\x74\x20\x68\x61\x6e\x64\x6c\x65\
\x5f\x67\x65\x74\x64\x65\x6e\x74\x73\x5f\x65\x6e\x74\x65\x72\x28\x73\x74\x72\
\x75\x63\x74\x20\x74\x72\x61\x63\x65\x5f\x65\x76\x65\x6e\x74\x5f\x72\x61\x77\
\x5f\x73\x79\x73\x5f\x65\x6e\x74\x65\x72\x20\x2a\x63\x74\x78\x29\0\x20\x20\x20\
\x20\x73\x69\x7a\x65\x5f\x74\x20\x70\x69\x64\x5f\x74\x67\x69\x64\x20\x3d\x20\
\x62\x70\x66\x5f\x67\x65\x74\x5f\x63\x75\x72\x72\x65\x6e\x74\x5f\x70\x69\x64\
\x5f\x74\x67\x69\x64\x28\x29\x3b\0\x20\x20\x20\x20\x69\x66\x20\x28\x74\x61\x72\
\x67\x65\x74\x5f\x70\x70\x69\x64\x20\x21\x3d\x20\x30\x29\0\x20\x20\x20\x20\x20\
\x20\x20\x20\x73\x74\x72\x75\x63\x74\x20\x74\x61\x73\x6b\x5f\x73\x74\x72\x75\
\x63\x74\x20\x2a\x74\x61\x73\x6b\x20\x3d\x20\x28\x73\x74\x72\x75\x63\x74\x20\
\x74\x61\x73\x6b\x5f\x73\x74\x72\x75\x63\x74\x20\x2a\x29\x62\x70\x66\x5f\x67\
\x65\x74\x5f\x63\x75\x72\x72\x65\x6e\x74\x5f\x74\x61\x73\x6b\x28\x29\x3b\0\x74\
\x61\x73\x6b\x5f\x73\x74\x72\x75\x63\x74\0\x74\x68\x72\x65\x61\x64\x5f\x69\x6e\
\x66\x6f\0\x5f\x5f\x73\x74\x61\x74\x65\0\x73\x61\x76\x65\x64\x5f\x73\x74\x61\
\x74\x65\0\x73\x74\x61\x63\x6b\0\x75\x73\x61\x67\x65\0\x70\x74\x72\x61\x63\x65\
\0\x6f\x6e\x5f\x63\x70\x75\0\x77\x61\x6b\x65\x5f\x65\x6e\x74\x72\x79\0\x77\x61\
\x6b\x65\x65\x5f\x66\x6c\x69\x70\x73\0\x77\x61\x6b\x65\x65\x5f\x66\x6c\x69\x70\
\x5f\x64\x65\x63\x61\x79\x5f\x74\x73\0\x6c\x61\x73\x74\x5f\x77\x61\x6b\x65\x65\
\0\x72\x65\x63\x65\x6e\x74\x5f\x75\x73\x65\x64\x5f\x63\x70\x75\0\x77\x61\x6b\
\x65\x5f\x63\x70\x75\0\x6f\x6e\x5f\x72\x71\0\x70\x72\x69\x6f\0\x73\x74\x61\x74\
\x69\x63\x5f\x70\x72\x69\x6f\0\x6e\x6f\x72\x6d\x61\x6c\x5f\x70\x72\x69\x6f\0\
\x72\x74\x5f\x70\x72\x69\x6f\x72\x69\x74\x79\0\x73\x65\0\x72\x74\0\x64\x6c\0\
\x64\x6c\x5f\x73\x65\x72\x76\x65\x72\0\x73\x63\x68\x65\x64\x5f\x63\x6c\x61\x73\
\x73\0\x73\x63\x68\x65\x64\x5f\x74\x61\x73\x6b\x5f\x67\x72\x6f\x75\x70\0\x73\
\x74\x61\x74\x73\0\x70\x72\x65\x65\x6d\x70\x74\x5f\x6e\x6f\x74\x69\x66\x69\x65\
\x72\x73\0\x70\x6f\x6c\x69\x63\x79\0\x6d\x61\x78\x5f\x61\x6c\x6c\x6f\x77\x65\
\x64\x5f\x63\x61\x70\x61\x63\x69\x74\x79\0\x6e\x72\x5f\x63\x70\x75\x73\x5f\x61\
\x6c\x6c\x6f\x77\x65\x64\0\x63\x70\x75\x73\x5f\x70\x74\x72\0\x75\x73\x65\x72\
\x5f\x63\x70\x75\x73\x5f\x70\x74\x72\0\x63\x70\x75\x73\x5f\x6d\x61\x73\x6b\0\
\x6d\x69\x67\x72\x61\x74\x69\x6f\x6e\x5f\x70\x65\x6e\x64\x69\x6e\x67\0\x6d\x69\
\x67\x72\x61\x74\x69\x6f\x6e\x5f\x64\x69\x73\x61\x62\x6c\x65\x64\0\x6d\x69\x67\
\x72\x61\x74\x69\x6f\x6e\x5f\x66\x6c\x61\x67\x73\0\x72\x63\x75\x5f\x72\x65\x61\
\x64\x5f\x6c\x6f\x63\x6b\x5f\x6e\x65\x73\x74\x69\x6e\x67\0\x72\x63\x75\x5f\x72\
\x65\x61\x64\x5f\x75\x6e\x6c\x6f\x63\x6b\x5f\x73\x70\x65\x63\x69\x61\x6c\0\x72\
\x63\x75\x5f\x6e\x6f\x64\x65\x5f\x65\x6e\x74\x72\x79\0\x72\x63\x75\x5f\x62\x6c\
\x6f\x63\x6b\x65\x64\x5f\x6e\x6f\x64\x65\0\x72\x63\x75\x5f\x74\x61\x73\x6b\x73\
\x5f\x6e\x76\x63\x73\x77\0\x72\x63\x75\x5f\x74\x61\x73\x6b\x73\x5f\x68\x6f\x6c\
\x64\x6f\x75\x74\0\x72\x63\x75\x5f\x74\x61\x73\x6b\x73\x5f\x69\x64\x78\0\x72\
\x63\x75\x5f\x74\x61\x73\x6b\x73\x5f\x69\x64\x6c\x65\x5f\x63\x70\x75\0\x72\x63\
\x75\x5f\x74\x61\x73\x6b\x73\x5f\x68\x6f\x6c\x64\x6f\x75\x74\x5f\x6c\x69\x73\
\x74\0\x72\x63\x75\x5f\x74\x61\x73\x6b\x73\x5f\x65\x78\x69\x74\x5f\x63\x70\x75\
\0\x72\x63\x75\x5f\x74\x61\x73\x6b\x73\x5f\x65\x78\x69\x74\x5f\x6c\x69\x73\x74\
\0\x74\x72\x63\x5f\x72\x65\x61\x64\x65\x72\x5f\x6e\x65\x73\x74\x69\x6e\x67\0\
\x74\x72\x63\x5f\x69\x70\x69\x5f\x74\x6f\x5f\x63\x70\x75\0\x74\x72\x63\x5f\x72\
\x65\x61\x64\x65\x72\x5f\x73\x70\x65\x63\x69\x61\x6c\0\x74\x72\x63\x5f\x68\x6f\
\x6c\x64\x6f\x75\x74\x5f\x6c\x69\x73\x74\0\x74\x72\x63\x5f\x62\x6c\x6b\x64\x5f\
\x6e\x6f\x64\x65\0\x74\x72\x63\x5f\x62\x6c\x6b\x64\x5f\x63\x70\x75\0\x73\x63\
\x68\x65\x64\x5f\x69\x6e\x66\x6f\0\x74\x61\x73\x6b\x73\0\x70\x75\x73\x68\x61\
\x62\x6c\x65\x5f\x74\x61\x73\x6b\x73\0\x70\x75\x73\x68\x61\x62\x6c\x65\x5f\x64\
\x6c\x5f\x74\x61\x73\x6b\x73\0\x6d\x6d\0\x61\x63\x74\x69\x76\x65\x5f\x6d\x6d\0\
\x66\x61\x75\x6c\x74\x73\x5f\x64\x69\x73\x61\x62\x6c\x65\x64\x5f\x6d\x61\x70\
\x70\x69\x6e\x67\0\x65\x78\x69\x74\x5f\x73\x74\x61\x74\x65\0\x65\x78\x69\x74\
\x5f\x63\x6f\x64\x65\0\x65\x78\x69\x74\x5f\x73\x69\x67\x6e\x61\x6c\0\x70\x64\
\x65\x61\x74\x68\x5f\x73\x69\x67\x6e\x61\x6c\0\x6a\x6f\x62\x63\x74\x6c\0\x70\
\x65\x72\x73\x6f\x6e\x61\x6c\x69\x74\x79\0\x73\x63\x68\x65\x64\x5f\x72\x65\x73\
\x65\x74\x5f\x6f\x6e\x5f\x66\x6f\x72\x6b\0\x73\x63\x68\x65\x64\x5f\x63\x6f\x6e\
\x74\x72\x69\x62\x75\x74\x65\x73\x5f\x74\x6f\x5f\x6c\x6f\x61\x64\0\x73\x63\x68\
\x65\x64\x5f\x6d\x69\x67\x72\x61\x74\x65\x64\0\x73\x63\x68\x65\x64\x5f\x74\x61\
\x73\x6b\x5f\x68\x6f\x74\0\x73\x63\x68\x65\x64\x5f\x72\x65\x6d\x6f\x74\x65\x5f\
\x77\x61\x6b\x65\x75\x70\0\x73\x63\x68\x65\x64\x5f\x72\x74\x5f\x6d\x75\x74\x65\
\x78\0\x75\x73\x65\x72\x5f\x64\x75\x6d\x70\x61\x62\x6c\x65\0\x69\x6e\x5f\x65\
\x78\x65\x63\x76\x65\0\x69\x6e\x5f\x69\x6f\x77\x61\x69\x74\0\x6e\x6f\x5f\x63\
\x67\x72\x6f\x75\x70\x5f\x6d\x69\x67\x72\x61\x74\x69\x6f\x6e\0\x66\x72\x6f\x7a\
\x65\x6e\0\x75\x73\x65\x5f\x6d\x65\x6d\x64\x65\x6c\x61\x79\0\x69\x6e\x5f\x65\
\x76\x65\x6e\x74\x66\x64\0\x69\x6e\x5f\x6e\x66\x5f\x64\x75\x70\x6c\x69\x63\x61\
\x74\x65\0\x61\x74\x6f\x6d\x69\x63\x5f\x66\x6c\x61\x67\x73\0\x72\x65\x73\x74\
\x61\x72\x74\x5f\x62\x6c\x6f\x63\x6b\0\x74\x67\x69\x64\0\x73\x74\x61\x63\x6b\
\x5f\x63\x61\x6e\x61\x72\x79\0\x72\x65\x61\x6c\x5f\x70\x61\x72\x65\x6e\x74\0\
\x70\x61\x72\x65\x6e\x74\0\x63\x68\x69\x6c\x64\x72\x65\x6e\0\x73\x69\x62\x6c\
\x69\x6e\x67\0\x67\x72\x6f\x75\x70\x5f\x6c\x65\x61\x64\x65\x72\0\x70\x74\x72\
\x61\x63\x65\x64\0\x70\x74\x72\x61\x63\x65\x5f\x65\x6e\x74\x72\x79\0\x74\x68\
\x72\x65\x61\x64\x5f\x70\x69\x64\0\x70\x69\x64\x5f\x6c\x69\x6e\x6b\x73\0\x74\
\x68\x72\x65\x61\x64\x5f\x6e\x6f\x64\x65\0\x76\x66\x6f\x72\x6b\x5f\x64\x6f\x6e\
\x65\0\x73\x65\x74\x5f\x63\x68\x69\x6c\x64\x5f\x74\x69\x64\0\x63\x6c\x65\x61\
\x72\x5f\x63\x68\x69\x6c\x64\x5f\x74\x69\x64\0\x77\x6f\x72\x6b\x65\x72\x5f\x70\
\x72\x69\x76\x61\x74\x65\0\x75\x74\x69\x6d\x65\0\x73\x74\x69\x6d\x65\0\x67\x74\
\x69\x6d\x65\0\x70\x72\x65\x76\x5f\x63\x70\x75\x74\x69\x6d\x65\0\x6e\x76\x63\
\x73\x77\0\x6e\x69\x76\x63\x73\x77\0\x73\x74\x61\x72\x74\x5f\x74\x69\x6d\x65\0\
\x73\x74\x61\x72\x74\x5f\x62\x6f\x6f\x74\x74\x69\x6d\x65\0\x6d\x69\x6e\x5f\x66\
\x6c\x74\0\x6d\x61\x6a\x5f\x66\x6c\x74\0\x70\x6f\x73\x69\x78\x5f\x63\x70\x75\
\x74\x69\x6d\x65\x72\x73\0\x70\x6f\x73\x69\x78\x5f\x63\x70\x75\x74\x69\x6d\x65\
\x72\x73\x5f\x77\x6f\x72\x6b\0\x70\x74\x72\x61\x63\x65\x72\x5f\x63\x72\x65\x64\
\0\x72\x65\x61\x6c\x5f\x63\x72\x65\x64\0\x63\x72\x65\x64\0\x63\x61\x63\x68\x65\
\x64\x5f\x72\x65\x71\x75\x65\x73\x74\x65\x64\x5f\x6b\x65\x79\0\x63\x6f\x6d\x6d\
\0\x6e\x61\x6d\x65\x69\x64\x61\x74\x61\0\x73\x79\x73\x76\x73\x65\x6d\0\x73\x79\
\x73\x76\x73\x68\x6d\0\x66\x73\0\x66\x69\x6c\x65\x73\0\x69\x6f\x5f\x75\x72\x69\
\x6e\x67\0\x6e\x73\x70\x72\x6f\x78\x79\0\x73\x69\x67\x6e\x61\x6c\0\x73\x69\x67\
\x68\x61\x6e\x64\0\x62\x6c\x6f\x63\x6b\x65\x64\0\x72\x65\x61\x6c\x5f\x62\x6c\
\x6f\x63\x6b\x65\x64\0\x73\x61\x76\x65\x64\x5f\x73\x69\x67\x6d\x61\x73\x6b\0\
\x70\x65\x6e\x64\x69\x6e\x67\0\x73\x61\x73\x5f\x73\x73\x5f\x73\x70\0\x73\x61\
\x73\x5f\x73\x73\x5f\x73\x69\x7a\x65\0\x73\x61\x73\x5f\x73\x73\x5f\x66\x6c\x61\
\x67\x73\0\x74\x61\x73\x6b\x5f\x77\x6f\x72\x6b\x73\0\x61\x75\x64\x69\x74\x5f\
\x63\x6f\x6e\x74\x65\x78\x74\0\x6c\x6f\x67\x69\x6e\x75\x69\x64\0\x73\x65\x73\
\x73\x69\x6f\x6e\x69\x64\0\x73\x65\x63\x63\x6f\x6d\x70\0\x73\x79\x73\x63\x61\
\x6c\x6c\x5f\x64\x69\x73\x70\x61\x74\x63\x68\0\x70\x61\x72\x65\x6e\x74\x5f\x65\
\x78\x65\x63\x5f\x69\x64\0\x73\x65\x6c\x66\x5f\x65\x78\x65\x63\x5f\x69\x64\0\
\x61\x6c\x6c\x6f\x63\x5f\x6c\x6f\x63\x6b\0\x70\x69\x5f\x6c\x6f\x63\x6b\0\x77\
\x61\x6b\x65\x5f\x71\0\x70\x69\x5f\x77\x61\x69\x74\x65\x72\x73\0\x70\x69\x5f\
\x74\x6f\x70\x5f\x74\x61\x73\x6b\0\x70\x69\x5f\x62\x6c\x6f\x63\x6b\x65\x64\x5f\
\x6f\x6e\0\x62\x6c\x6f\x63\x6b\x65\x64\x5f\x6f\x6e\0\x6a\x6f\x75\x72\x6e\x61\
\x6c\x5f\x69\x6e\x66\x6f\0\x62\x69\x6f\x5f\x6c\x69\x73\x74\0\x70\x6c\x75\x67\0\
\x72\x65\x63\x6c\x61\x69\x6d\x5f\x73\x74\x61\x74\x65\0\x69\x6f\x5f\x63\x6f\x6e\
\x74\x65\x78\x74\0\x63\x61\x70\x74\x75\x72\x65\x5f\x63\x6f\x6e\x74\x72\x6f\x6c\
\0\x70\x74\x72\x61\x63\x65\x5f\x6d\x65\x73\x73\x61\x67\x65\0\x6c\x61\x73\x74\
\x5f\x73\x69\x67\x69\x6e\x66\x6f\0\x69\x6f\x61\x63\0\x61\x63\x63\x74\x5f\x72\
\x73\x73\x5f\x6d\x65\x6d\x31\0\x61\x63\x63\x74\x5f\x76\x6d\x5f\x6d\x65\x6d\x31\
\0\x61\x63\x63\x74\x5f\x74\x69\x6d\x65\x78\x70\x64\0\x6d\x65\x6d\x73\x5f\x61\
\x6c\x6c\x6f\x77\x65\x64\0\x6d\x65\x6d\x73\x5f\x61\x6c\x6c\x6f\x77\x65\x64\x5f\
\x73\x65\x71\0\x63\x70\x75\x73\x65\x74\x5f\x6d\x65\x6d\x5f\x73\x70\x72\x65\x61\
\x64\x5f\x72\x6f\x74\x6f\x72\0\x63\x67\x72\x6f\x75\x70\x73\0\x63\x67\x5f\x6c\
\x69\x73\x74\0\x72\x6f\x62\x75\x73\x74\x5f\x6c\x69\x73\x74\0\x63\x6f\x6d\x70\
\x61\x74\x5f\x72\x6f\x62\x75\x73\x74\x5f\x6c\x69\x73\x74\0\x70\x69\x5f\x73\x74\
\x61\x74\x65\x5f\x6c\x69\x73\x74\0\x70\x69\x5f\x73\x74\x61\x74\x65\x5f\x63\x61\
\x63\x68\x65\0\x66\x75\x74\x65\x78\x5f\x65\x78\x69\x74\x5f\x6d\x75\x74\x65\x78\
\0\x66\x75\x74\x65\x78\x5f\x73\x74\x61\x74\x65\0\x70\x65\x72\x66\x5f\x72\x65\
\x63\x75\x72\x73\x69\x6f\x6e\0\x70\x65\x72\x66\x5f\x65\x76\x65\x6e\x74\x5f\x63\
\x74\x78\x70\0\x70\x65\x72\x66\x5f\x65\x76\x65\x6e\x74\x5f\x6d\x75\x74\x65\x78\
\0\x70\x65\x72\x66\x5f\x65\x76\x65\x6e\x74\x5f\x6c\x69\x73\x74\0\x70\x65\x72\
\x66\x5f\x63\x74\x78\x5f\x64\x61\x74\x61\0\x6d\x65\x6d\x70\x6f\x6c\x69\x63\x79\
\0\x69\x6c\x5f\x70\x72\x65\x76\0\x69\x6c\x5f\x77\x65\x69\x67\x68\x74\0\x70\x72\
\x65\x66\x5f\x6e\x6f\x64\x65\x5f\x66\x6f\x72\x6b\0\x6e\x75\x6d\x61\x5f\x73\x63\
\x61\x6e\x5f\x73\x65\x71\0\x6e\x75\x6d\x61\x5f\x73\x63\x61\x6e\x5f\x70\x65\x72\
\x69\x6f\x64\0\x6e\x75\x6d\x61\x5f\x73\x63\x61\x6e\x5f\x70\x65\x72\x69\x6f\x64\
\x5f\x6d\x61\x78\0\x6e\x75\x6d\x61\x5f\x70\x72\x65\x66\x65\x72\x72\x65\x64\x5f\
\x6e\x69\x64\0\x6e\x75\x6d\x61\x5f\x6d\x69\x67\x72\x61\x74\x65\x5f\x72\x65\x74\
\x72\x79\0\x6e\x6f\x64\x65\x5f\x73\x74\x61\x6d\x70\0\x6c\x61\x73\x74\x5f\x74\
\x61\x73\x6b\x5f\x6e\x75\x6d\x61\x5f\x70\x6c\x61\x63\x65\x6d\x65\x6e\x74\0\x6c\
\x61\x73\x74\x5f\x73\x75\x6d\x5f\x65\x78\x65\x63\x5f\x72\x75\x6e\x74\x69\x6d\
\x65\0\x6e\x75\x6d\x61\x5f\x77\x6f\x72\x6b\0\x6e\x75\x6d\x61\x5f\x67\x72\x6f\
\x75\x70\0\x6e\x75\x6d\x61\x5f\x66\x61\x75\x6c\x74\x73\0\x74\x6f\x74\x61\x6c\
\x5f\x6e\x75\x6d\x61\x5f\x66\x61\x75\x6c\x74\x73\0\x6e\x75\x6d\x61\x5f\x66\x61\
\x75\x6c\x74\x73\x5f\x6c\x6f\x63\x61\x6c\x69\x74\x79\0\x6e\x75\x6d\x61\x5f\x70\
\x61\x67\x65\x73\x5f\x6d\x69\x67\x72\x61\x74\x65\x64\0\x72\x73\x65\x71\0\x72\
\x73\x65\x71\x5f\x6c\x65\x6e\0\x72\x73\x65\x71\x5f\x73\x69\x67\0\x72\x73\x65\
\x71\x5f\x65\x76\x65\x6e\x74\x5f\x6d\x61\x73\x6b\0\x6d\x6d\x5f\x63\x69\x64\0\
\x6c\x61\x73\x74\x5f\x6d\x6d\x5f\x63\x69\x64\0\x6d\x69\x67\x72\x61\x74\x65\x5f\
\x66\x72\x6f\x6d\x5f\x63\x70\x75\0\x6d\x6d\x5f\x63\x69\x64\x5f\x61\x63\x74\x69\
\x76\x65\0\x63\x69\x64\x5f\x77\x6f\x72\x6b\0\x74\x6c\x62\x5f\x75\x62\x63\0\x73\
\x70\x6c\x69\x63\x65\x5f\x70\x69\x70\x65\0\x74\x61\x73\x6b\x5f\x66\x72\x61\x67\
\0\x6e\x72\x5f\x64\x69\x72\x74\x69\x65\x64\0\x6e\x72\x5f\x64\x69\x72\x74\x69\
\x65\x64\x5f\x70\x61\x75\x73\x65\0\x64\x69\x72\x74\x79\x5f\x70\x61\x75\x73\x65\
\x64\x5f\x77\x68\x65\x6e\0\x74\x69\x6d\x65\x72\x5f\x73\x6c\x61\x63\x6b\x5f\x6e\
\x73\0\x64\x65\x66\x61\x75\x6c\x74\x5f\x74\x69\x6d\x65\x72\x5f\x73\x6c\x61\x63\
\x6b\x5f\x6e\x73\0\x63\x75\x72\x72\x5f\x72\x65\x74\x5f\x73\x74\x61\x63\x6b\0\
\x63\x75\x72\x72\x5f\x72\x65\x74\x5f\x64\x65\x70\x74\x68\0\x72\x65\x74\x5f\x73\
\x74\x61\x63\x6b\0\x66\x74\x72\x61\x63\x65\x5f\x74\x69\x6d\x65\x73\x74\x61\x6d\
\x70\0\x66\x74\x72\x61\x63\x65\x5f\x73\x6c\x65\x65\x70\x74\x69\x6d\x65\0\x74\
\x72\x61\x63\x65\x5f\x6f\x76\x65\x72\x72\x75\x6e\0\x74\x72\x61\x63\x69\x6e\x67\
\x5f\x67\x72\x61\x70\x68\x5f\x70\x61\x75\x73\x65\0\x74\x72\x61\x63\x65\x5f\x72\
\x65\x63\x75\x72\x73\x69\x6f\x6e\0\x6d\x65\x6d\x63\x67\x5f\x6e\x72\x5f\x70\x61\
\x67\x65\x73\x5f\x6f\x76\x65\x72\x5f\x68\x69\x67\x68\0\x61\x63\x74\x69\x76\x65\
\x5f\x6d\x65\x6d\x63\x67\0\x6f\x62\x6a\x63\x67\0\x74\x68\x72\x6f\x74\x74\x6c\
\x65\x5f\x64\x69\x73\x6b\0\x75\x74\x61\x73\x6b\0\x6b\x6d\x61\x70\x5f\x63\x74\
\x72\x6c\0\x72\x63\x75\0\x72\x63\x75\x5f\x75\x73\x65\x72\x73\0\x70\x61\x67\x65\
\x66\x61\x75\x6c\x74\x5f\x64\x69\x73\x61\x62\x6c\x65\x64\0\x6f\x6f\x6d\x5f\x72\
\x65\x61\x70\x65\x72\x5f\x6c\x69\x73\x74\0\x6f\x6f\x6d\x5f\x72\x65\x61\x70\x65\
\x72\x5f\x74\x69\x6d\x65\x72\0\x73\x74\x61\x63\x6b\x5f\x76\x6d\x5f\x61\x72\x65\
\x61\0\x73\x74\x61\x63\x6b\x5f\x72\x65\x66\x63\x6f\x75\x6e\x74\0\x73\x65\x63\
\x75\x72\x69\x74\x79\0\x62\x70\x66\x5f\x73\x74\x6f\x72\x61\x67\x65\0\x62\x70\
\x66\x5f\x63\x74\x78\0\x62\x70\x66\x5f\x6e\x65\x74\x5f\x63\x6f\x6e\x74\x65\x78\
\x74\0\x6b\x72\x65\x74\x70\x72\x6f\x62\x65\x5f\x69\x6e\x73\x74\x61\x6e\x63\x65\
\x73\0\x74\x68\x72\x65\x61\x64\0\x63\x70\x75\0\x70\x72\x65\x65\x6d\x70\x74\0\
\x75\x36\x34\0\x5f\x5f\x75\x36\x34\0\x75\x6e\x73\x69\x67\x6e\x65\x64\x20\x6c\
\x6f\x6e\x67\x20\x6c\x6f\x6e\x67\0\x63\x6f\x75\x6e\x74\0\x6e\x65\x65\x64\x5f\
\x72\x65\x73\x63\x68\x65\x64\0\x75\x33\x32\0\x72\x65\x66\x63\x6f\x75\x6e\x74\
\x5f\x74\0\x72\x65\x66\x63\x6f\x75\x6e\x74\x5f\x73\x74\x72\x75\x63\x74\0\x72\
\x65\x66\x73\0\x61\x74\x6f\x6d\x69\x63\x5f\x74\0\x63\x6f\x75\x6e\x74\x65\x72\0\
\x5f\x5f\x63\x61\x6c\x6c\x5f\x73\x69\x6e\x67\x6c\x65\x5f\x6e\x6f\x64\x65\0\x6c\
\x6c\x69\x73\x74\0\x73\x72\x63\0\x64\x73\x74\0\x6c\x6c\x69\x73\x74\x5f\x6e\x6f\
\x64\x65\0\x6e\x65\x78\x74\0\x75\x5f\x66\x6c\x61\x67\x73\0\x61\x5f\x66\x6c\x61\
\x67\x73\0\x75\x31\x36\0\x5f\x5f\x75\x31\x36\0\x73\x63\x68\x65\x64\x5f\x65\x6e\
\x74\x69\x74\x79\0\x6c\x6f\x61\x64\0\x72\x75\x6e\x5f\x6e\x6f\x64\x65\0\x64\x65\
\x61\x64\x6c\x69\x6e\x65\0\x6d\x69\x6e\x5f\x76\x72\x75\x6e\x74\x69\x6d\x65\0\
\x6d\x69\x6e\x5f\x73\x6c\x69\x63\x65\0\x6d\x61\x78\x5f\x73\x6c\x69\x63\x65\0\
\x67\x72\x6f\x75\x70\x5f\x6e\x6f\x64\x65\0\x73\x63\x68\x65\x64\x5f\x64\x65\x6c\
\x61\x79\x65\x64\0\x72\x65\x6c\x5f\x64\x65\x61\x64\x6c\x69\x6e\x65\0\x63\x75\
\x73\x74\x6f\x6d\x5f\x73\x6c\x69\x63\x65\0\x65\x78\x65\x63\x5f\x73\x74\x61\x72\
\x74\0\x73\x75\x6d\x5f\x65\x78\x65\x63\x5f\x72\x75\x6e\x74\x69\x6d\x65\0\x70\
\x72\x65\x76\x5f\x73\x75\x6d\x5f\x65\x78\x65\x63\x5f\x72\x75\x6e\x74\x69\x6d\
\x65\0\x76\x72\x75\x6e\x74\x69\x6d\x65\0\x73\x6c\x69\x63\x65\0\x6e\x72\x5f\x6d\
\x69\x67\x72\x61\x74\x69\x6f\x6e\x73\0\x64\x65\x70\x74\x68\0\x63\x66\x73\x5f\
\x72\x71\0\x6d\x79\x5f\x71\0\x72\x75\x6e\x6e\x61\x62\x6c\x65\x5f\x77\x65\x69\
\x67\x68\x74\0\x61\x76\x67\0\x6c\x6f\x61\x64\x5f\x77\x65\x69\x67\x68\x74\0\x77\
\x65\x69\x67\x68\x74\0\x69\x6e\x76\x5f\x77\x65\x69\x67\x68\x74\0\x72\x62\x5f\
\x6e\x6f\x64\x65\0\x5f\x5f\x72\x62\x5f\x70\x61\x72\x65\x6e\x74\x5f\x63\x6f\x6c\
\x6f\x72\0\x72\x62\x5f\x72\x69\x67\x68\x74\0\x72\x62\x5f\x6c\x65\x66\x74\0\x6c\
\x69\x73\x74\x5f\x68\x65\x61\x64\0\x70\x72\x65\x76\0\x76\x6c\x61\x67\0\x76\x70\
\x72\x6f\x74\0\x73\x36\x34\0\x5f\x5f\x73\x36\x34\0\x6c\x6f\x6e\x67\x20\x6c\x6f\
\x6e\x67\0\x73\x63\x68\x65\x64\x5f\x61\x76\x67\0\x6c\x61\x73\x74\x5f\x75\x70\
\x64\x61\x74\x65\x5f\x74\x69\x6d\x65\0\x6c\x6f\x61\x64\x5f\x73\x75\x6d\0\x72\
\x75\x6e\x6e\x61\x62\x6c\x65\x5f\x73\x75\x6d\0\x75\x74\x69\x6c\x5f\x73\x75\x6d\
\0\x70\x65\x72\x69\x6f\x64\x5f\x63\x6f\x6e\x74\x72\x69\x62\0\x6c\x6f\x61\x64\
\x5f\x61\x76\x67\0\x72\x75\x6e\x6e\x61\x62\x6c\x65\x5f\x61\x76\x67\0\x75\x74\
\x69\x6c\x5f\x61\x76\x67\0\x75\x74\x69\x6c\x5f\x65\x73\x74\0\x73\x63\x68\x65\
\x64\x5f\x72\x74\x5f\x65\x6e\x74\x69\x74\x79\0\x72\x75\x6e\x5f\x6c\x69\x73\x74\
\0\x74\x69\x6d\x65\x6f\x75\x74\0\x77\x61\x74\x63\x68\x64\x6f\x67\x5f\x73\x74\
\x61\x6d\x70\0\x74\x69\x6d\x65\x5f\x73\x6c\x69\x63\x65\0\x6f\x6e\x5f\x6c\x69\
\x73\x74\0\x62\x61\x63\x6b\0\x73\x63\x68\x65\x64\x5f\x64\x6c\x5f\x65\x6e\x74\
\x69\x74\x79\0\x64\x6c\x5f\x72\x75\x6e\x74\x69\x6d\x65\0\x64\x6c\x5f\x64\x65\
\x61\x64\x6c\x69\x6e\x65\0\x64\x6c\x5f\x70\x65\x72\x69\x6f\x64\0\x64\x6c\x5f\
\x62\x77\0\x64\x6c\x5f\x64\x65\x6e\x73\x69\x74\x79\0\x72\x75\x6e\x74\x69\x6d\
\x65\0\x64\x6c\x5f\x74\x68\x72\x6f\x74\x74\x6c\x65\x64\0\x64\x6c\x5f\x79\x69\
\x65\x6c\x64\x65\x64\0\x64\x6c\x5f\x6e\x6f\x6e\x5f\x63\x6f\x6e\x74\x65\x6e\x64\
\x69\x6e\x67\0\x64\x6c\x5f\x6f\x76\x65\x72\x72\x75\x6e\0\x64\x6c\x5f\x73\x65\
\x72\x76\x65\x72\x5f\x61\x63\x74\x69\x76\x65\0\x64\x6c\x5f\x64\x65\x66\x65\x72\
\0\x64\x6c\x5f\x64\x65\x66\x65\x72\x5f\x61\x72\x6d\x65\x64\0\x64\x6c\x5f\x64\
\x65\x66\x65\x72\x5f\x72\x75\x6e\x6e\x69\x6e\x67\0\x64\x6c\x5f\x74\x69\x6d\x65\
\x72\0\x69\x6e\x61\x63\x74\x69\x76\x65\x5f\x74\x69\x6d\x65\x72\0\x72\x71\0\x73\
\x65\x72\x76\x65\x72\x5f\x70\x69\x63\x6b\x5f\x74\x61\x73\x6b\0\x70\x69\x5f\x73\
\x65\0\x68\x72\x74\x69\x6d\x65\x72\0\x6e\x6f\x64\x65\0\x5f\x73\x6f\x66\x74\x65\
\x78\x70\x69\x72\x65\x73\0\x66\x75\x6e\x63\x74\x69\x6f\x6e\0\x62\x61\x73\x65\0\
\x73\x74\x61\x74\x65\0\x69\x73\x5f\x72\x65\x6c\0\x69\x73\x5f\x73\x6f\x66\x74\0\
\x69\x73\x5f\x68\x61\x72\x64\0\x74\x69\x6d\x65\x72\x71\x75\x65\x75\x65\x5f\x6e\
\x6f\x64\x65\0\x65\x78\x70\x69\x72\x65\x73\0\x6b\x74\x69\x6d\x65\x5f\x74\0\x68\
\x72\x74\x69\x6d\x65\x72\x5f\x72\x65\x73\x74\x61\x72\x74\0\x48\x52\x54\x49\x4d\
\x45\x52\x5f\x4e\x4f\x52\x45\x53\x54\x41\x52\x54\0\x48\x52\x54\x49\x4d\x45\x52\
\x5f\x52\x45\x53\x54\x41\x52\x54\0\x75\x38\0\x5f\x5f\x75\x38\0\x64\x6c\x5f\x73\
\x65\x72\x76\x65\x72\x5f\x70\x69\x63\x6b\x5f\x66\0\x73\x63\x68\x65\x64\x5f\x73\
\x74\x61\x74\x69\x73\x74\x69\x63\x73\0\x68\x6c\x69\x73\x74\x5f\x68\x65\x61\x64\
\0\x66\x69\x72\x73\x74\0\x63\x70\x75\x6d\x61\x73\x6b\x5f\x74\0\x63\x70\x75\x6d\
\x61\x73\x6b\0\x62\x69\x74\x73\0\x72\x63\x75\x5f\x73\x70\x65\x63\x69\x61\x6c\0\
\x62\0\x73\0\x6e\x65\x65\x64\x5f\x71\x73\0\x65\x78\x70\x5f\x68\x69\x6e\x74\0\
\x6e\x65\x65\x64\x5f\x6d\x62\0\x70\x63\x6f\x75\x6e\x74\0\x72\x75\x6e\x5f\x64\
\x65\x6c\x61\x79\0\x6d\x61\x78\x5f\x72\x75\x6e\x5f\x64\x65\x6c\x61\x79\0\x6d\
\x69\x6e\x5f\x72\x75\x6e\x5f\x64\x65\x6c\x61\x79\0\x6c\x61\x73\x74\x5f\x61\x72\
\x72\x69\x76\x61\x6c\0\x6c\x61\x73\x74\x5f\x71\x75\x65\x75\x65\x64\0\x70\x6c\
\x69\x73\x74\x5f\x6e\x6f\x64\x65\0\x70\x72\x69\x6f\x5f\x6c\x69\x73\x74\0\x6e\
\x6f\x64\x65\x5f\x6c\x69\x73\x74\0\x61\x72\x63\x68\x5f\x64\x61\x74\x61\0\x66\
\x6e\0\x66\x75\x74\x65\x78\0\x6e\x61\x6e\x6f\x73\x6c\x65\x65\x70\0\x70\x6f\x6c\
\x6c\0\x75\x61\x64\x64\x72\0\x76\x61\x6c\0\x62\x69\x74\x73\x65\x74\0\x74\x69\
\x6d\x65\0\x75\x61\x64\x64\x72\x32\0\x63\x6c\x6f\x63\x6b\x69\x64\0\x63\x6c\x6f\
\x63\x6b\x69\x64\x5f\x74\0\x5f\x5f\x6b\x65\x72\x6e\x65\x6c\x5f\x63\x6c\x6f\x63\
\x6b\x69\x64\x5f\x74\0\x74\x69\x6d\x65\x73\x70\x65\x63\x5f\x74\x79\x70\x65\0\
\x54\x54\x5f\x4e\x4f\x4e\x45\0\x54\x54\x5f\x4e\x41\x54\x49\x56\x45\0\x54\x54\
\x5f\x43\x4f\x4d\x50\x41\x54\0\x72\x6d\x74\x70\0\x63\x6f\x6d\x70\x61\x74\x5f\
\x72\x6d\x74\x70\0\x75\x66\x64\x73\0\x6e\x66\x64\x73\0\x68\x61\x73\x5f\x74\x69\
\x6d\x65\x6f\x75\x74\0\x74\x76\x5f\x73\x65\x63\0\x74\x76\x5f\x6e\x73\x65\x63\0\
\x70\x69\x64\x5f\x74\0\x5f\x5f\x6b\x65\x72\x6e\x65\x6c\x5f\x70\x69\x64\x5f\x74\
\0\x68\x6c\x69\x73\x74\x5f\x6e\x6f\x64\x65\0\x70\x70\x72\x65\x76\0\x6c\x6f\x63\
\x6b\0\x72\x61\x77\x5f\x73\x70\x69\x6e\x6c\x6f\x63\x6b\x5f\x74\0\x72\x61\x77\
\x5f\x73\x70\x69\x6e\x6c\x6f\x63\x6b\0\x72\x61\x77\x5f\x6c\x6f\x63\x6b\0\x61\
\x72\x63\x68\x5f\x73\x70\x69\x6e\x6c\x6f\x63\x6b\x5f\x74\0\x71\x73\x70\x69\x6e\
\x6c\x6f\x63\x6b\0\x6c\x6f\x63\x6b\x65\x64\0\x6c\x6f\x63\x6b\x65\x64\x5f\x70\
\x65\x6e\x64\x69\x6e\x67\0\x74\x61\x69\x6c\0\x62\x61\x73\x65\x73\0\x74\x69\x6d\
\x65\x72\x73\x5f\x61\x63\x74\x69\x76\x65\0\x65\x78\x70\x69\x72\x79\x5f\x61\x63\
\x74\x69\x76\x65\0\x70\x6f\x73\x69\x78\x5f\x63\x70\x75\x74\x69\x6d\x65\x72\x5f\
\x62\x61\x73\x65\0\x6e\x65\x78\x74\x65\x76\x74\0\x74\x71\x68\x65\x61\x64\0\x74\
\x69\x6d\x65\x72\x71\x75\x65\x75\x65\x5f\x68\x65\x61\x64\0\x72\x62\x5f\x72\x6f\
\x6f\x74\0\x72\x62\x5f\x72\x6f\x6f\x74\x5f\x63\x61\x63\x68\x65\x64\0\x72\x62\
\x5f\x6c\x65\x66\x74\x6d\x6f\x73\x74\0\x77\x6f\x72\x6b\0\x6d\x75\x74\x65\x78\0\
\x73\x63\x68\x65\x64\x75\x6c\x65\x64\0\x63\x61\x6c\x6c\x62\x61\x63\x6b\x5f\x68\
\x65\x61\x64\0\x66\x75\x6e\x63\0\x6f\x77\x6e\x65\x72\0\x77\x61\x69\x74\x5f\x6c\
\x6f\x63\x6b\0\x6f\x73\x71\0\x77\x61\x69\x74\x5f\x6c\x69\x73\x74\0\x61\x74\x6f\
\x6d\x69\x63\x5f\x6c\x6f\x6e\x67\x5f\x74\0\x61\x74\x6f\x6d\x69\x63\x36\x34\x5f\
\x74\0\x6f\x70\x74\x69\x6d\x69\x73\x74\x69\x63\x5f\x73\x70\x69\x6e\x5f\x71\x75\
\x65\x75\x65\0\x73\x79\x73\x76\x5f\x73\x65\x6d\0\x75\x6e\x64\x6f\x5f\x6c\x69\
\x73\x74\0\x73\x79\x73\x76\x5f\x73\x68\x6d\0\x73\x68\x6d\x5f\x63\x6c\x69\x73\
\x74\0\x73\x69\x67\x73\x65\x74\x5f\x74\0\x73\x69\x67\0\x73\x69\x67\x70\x65\x6e\
\x64\x69\x6e\x67\0\x6c\x69\x73\x74\0\x6b\x75\x69\x64\x5f\x74\0\x75\x69\x64\x5f\
\x74\0\x5f\x5f\x6b\x65\x72\x6e\x65\x6c\x5f\x75\x69\x64\x33\x32\x5f\x74\0\x6d\
\x6f\x64\x65\0\x66\x69\x6c\x74\x65\x72\x5f\x63\x6f\x75\x6e\x74\0\x66\x69\x6c\
\x74\x65\x72\0\x73\x79\x73\x63\x61\x6c\x6c\x5f\x75\x73\x65\x72\x5f\x64\x69\x73\
\x70\x61\x74\x63\x68\0\x73\x70\x69\x6e\x6c\x6f\x63\x6b\x5f\x74\0\x73\x70\x69\
\x6e\x6c\x6f\x63\x6b\0\x72\x6c\x6f\x63\x6b\0\x77\x61\x6b\x65\x5f\x71\x5f\x6e\
\x6f\x64\x65\0\x6b\x65\x72\x6e\x65\x6c\x5f\x73\x69\x67\x69\x6e\x66\x6f\x5f\x74\
\0\x74\x61\x73\x6b\x5f\x69\x6f\x5f\x61\x63\x63\x6f\x75\x6e\x74\x69\x6e\x67\0\
\x72\x63\x68\x61\x72\0\x77\x63\x68\x61\x72\0\x73\x79\x73\x63\x72\0\x73\x79\x73\
\x63\x77\0\x72\x65\x61\x64\x5f\x62\x79\x74\x65\x73\0\x77\x72\x69\x74\x65\x5f\
\x62\x79\x74\x65\x73\0\x63\x61\x6e\x63\x65\x6c\x6c\x65\x64\x5f\x77\x72\x69\x74\
\x65\x5f\x62\x79\x74\x65\x73\0\x6e\x6f\x64\x65\x6d\x61\x73\x6b\x5f\x74\0\x73\
\x65\x71\x63\x6f\x75\x6e\x74\x5f\x73\x70\x69\x6e\x6c\x6f\x63\x6b\x5f\x74\0\x73\
\x65\x71\x63\x6f\x75\x6e\x74\x5f\x73\x70\x69\x6e\x6c\x6f\x63\x6b\0\x73\x65\x71\
\x63\x6f\x75\x6e\x74\0\x73\x65\x71\x63\x6f\x75\x6e\x74\x5f\x74\0\x73\x65\x71\
\x75\x65\x6e\x63\x65\0\x73\x68\x6f\x72\x74\0\x74\x6c\x62\x66\x6c\x75\x73\x68\
\x5f\x75\x6e\x6d\x61\x70\x5f\x62\x61\x74\x63\x68\0\x61\x72\x63\x68\0\x66\x6c\
\x75\x73\x68\x5f\x72\x65\x71\x75\x69\x72\x65\x64\0\x77\x72\x69\x74\x61\x62\x6c\
\x65\0\x61\x72\x63\x68\x5f\x74\x6c\x62\x66\x6c\x75\x73\x68\x5f\x75\x6e\x6d\x61\
\x70\x5f\x62\x61\x74\x63\x68\0\x62\x6f\x6f\x6c\0\x5f\x42\x6f\x6f\x6c\0\x70\x61\
\x67\x65\x5f\x66\x72\x61\x67\0\x70\x61\x67\x65\0\x6f\x66\x66\x73\x65\x74\0\x73\
\x69\x7a\x65\0\x74\x69\x6d\x65\x72\x5f\x6c\x69\x73\x74\0\x65\x6e\x74\x72\x79\0\
\x6c\x6c\x69\x73\x74\x5f\x68\x65\x61\x64\0\x74\x68\x72\x65\x61\x64\x5f\x73\x74\
\x72\x75\x63\x74\0\x63\x70\x75\x5f\x63\x6f\x6e\x74\x65\x78\x74\0\x75\x77\0\x66\
\x70\x5f\x74\x79\x70\x65\0\x66\x70\x73\x69\x6d\x64\x5f\x63\x70\x75\0\x73\x76\
\x65\x5f\x73\x74\x61\x74\x65\0\x73\x6d\x65\x5f\x73\x74\x61\x74\x65\0\x76\x6c\0\
\x76\x6c\x5f\x6f\x6e\x65\x78\x65\x63\0\x66\x61\x75\x6c\x74\x5f\x61\x64\x64\x72\
\x65\x73\x73\0\x66\x61\x75\x6c\x74\x5f\x63\x6f\x64\x65\0\x64\x65\x62\x75\x67\0\
\x6b\x65\x72\x6e\x65\x6c\x5f\x66\x70\x73\x69\x6d\x64\x5f\x73\x74\x61\x74\x65\0\
\x6b\x65\x72\x6e\x65\x6c\x5f\x66\x70\x73\x69\x6d\x64\x5f\x63\x70\x75\0\x6b\x65\
\x79\x73\x5f\x75\x73\x65\x72\0\x6b\x65\x79\x73\x5f\x6b\x65\x72\x6e\x65\x6c\0\
\x6d\x74\x65\x5f\x63\x74\x72\x6c\0\x73\x63\x74\x6c\x72\x5f\x75\x73\x65\x72\0\
\x73\x76\x63\x72\0\x74\x70\x69\x64\x72\x32\x5f\x65\x6c\x30\0\x70\x6f\x72\x5f\
\x65\x6c\x30\0\x67\x63\x73\x5f\x65\x6c\x30\x5f\x6d\x6f\x64\x65\0\x67\x63\x73\
\x5f\x65\x6c\x30\x5f\x6c\x6f\x63\x6b\x65\x64\0\x67\x63\x73\x70\x72\x5f\x65\x6c\
\x30\0\x67\x63\x73\x5f\x62\x61\x73\x65\0\x67\x63\x73\x5f\x73\x69\x7a\x65\0\x78\
\x31\x39\0\x78\x32\x30\0\x78\x32\x31\0\x78\x32\x32\0\x78\x32\x33\0\x78\x32\x34\
\0\x78\x32\x35\0\x78\x32\x36\0\x78\x32\x37\0\x78\x32\x38\0\x66\x70\0\x73\x70\0\
\x70\x63\0\x74\x70\x5f\x76\x61\x6c\x75\x65\0\x74\x70\x32\x5f\x76\x61\x6c\x75\
\x65\0\x66\x70\x6d\x72\0\x70\x61\x64\0\x66\x70\x73\x69\x6d\x64\x5f\x73\x74\x61\
\x74\x65\0\x75\x73\x65\x72\x5f\x66\x70\x73\x69\x6d\x64\x5f\x73\x74\x61\x74\x65\
\0\x76\x72\x65\x67\x73\0\x66\x70\x73\x72\0\x66\x70\x63\x72\0\x5f\x5f\x72\x65\
\x73\x65\x72\x76\x65\x64\0\x75\x6e\x73\x69\x67\x6e\x65\x64\x20\x5f\x5f\x69\x6e\
\x74\x31\x32\x38\0\x46\x50\x5f\x53\x54\x41\x54\x45\x5f\x43\x55\x52\x52\x45\x4e\
\x54\0\x46\x50\x5f\x53\x54\x41\x54\x45\x5f\x46\x50\x53\x49\x4d\x44\0\x46\x50\
\x5f\x53\x54\x41\x54\x45\x5f\x53\x56\x45\0\x64\x65\x62\x75\x67\x5f\x69\x6e\x66\
\x6f\0\x73\x75\x73\x70\x65\x6e\x64\x65\x64\x5f\x73\x74\x65\x70\0\x62\x70\x73\
\x5f\x64\x69\x73\x61\x62\x6c\x65\x64\0\x77\x70\x73\x5f\x64\x69\x73\x61\x62\x6c\
\x65\x64\0\x68\x62\x70\x5f\x62\x72\x65\x61\x6b\0\x68\x62\x70\x5f\x77\x61\x74\
\x63\x68\0\x70\x65\x72\x66\x5f\x65\x76\x65\x6e\x74\0\x65\x76\x65\x6e\x74\x5f\
\x65\x6e\x74\x72\x79\0\x73\x69\x62\x6c\x69\x6e\x67\x5f\x6c\x69\x73\x74\0\x61\
\x63\x74\x69\x76\x65\x5f\x6c\x69\x73\x74\0\x67\x72\x6f\x75\x70\x5f\x69\x6e\x64\
\x65\x78\0\x6d\x69\x67\x72\x61\x74\x65\x5f\x65\x6e\x74\x72\x79\0\x68\x6c\x69\
\x73\x74\x5f\x65\x6e\x74\x72\x79\0\x61\x63\x74\x69\x76\x65\x5f\x65\x6e\x74\x72\
\x79\0\x6e\x72\x5f\x73\x69\x62\x6c\x69\x6e\x67\x73\0\x65\x76\x65\x6e\x74\x5f\
\x63\x61\x70\x73\0\x67\x72\x6f\x75\x70\x5f\x63\x61\x70\x73\0\x67\x72\x6f\x75\
\x70\x5f\x67\x65\x6e\x65\x72\x61\x74\x69\x6f\x6e\0\x70\x6d\x75\0\x70\x6d\x75\
\x5f\x70\x72\x69\x76\x61\x74\x65\0\x61\x74\x74\x61\x63\x68\x5f\x73\x74\x61\x74\
\x65\0\x63\x68\x69\x6c\x64\x5f\x63\x6f\x75\x6e\x74\0\x74\x6f\x74\x61\x6c\x5f\
\x74\x69\x6d\x65\x5f\x65\x6e\x61\x62\x6c\x65\x64\0\x74\x6f\x74\x61\x6c\x5f\x74\
\x69\x6d\x65\x5f\x72\x75\x6e\x6e\x69\x6e\x67\0\x74\x73\x74\x61\x6d\x70\0\x61\
\x74\x74\x72\0\x68\x65\x61\x64\x65\x72\x5f\x73\x69\x7a\x65\0\x69\x64\x5f\x68\
\x65\x61\x64\x65\x72\x5f\x73\x69\x7a\x65\0\x72\x65\x61\x64\x5f\x73\x69\x7a\x65\
\0\x68\x77\0\x70\x6d\x75\x5f\x63\x74\x78\0\x72\x65\x66\x63\x6f\x75\x6e\x74\0\
\x63\x68\x69\x6c\x64\x5f\x74\x6f\x74\x61\x6c\x5f\x74\x69\x6d\x65\x5f\x65\x6e\
\x61\x62\x6c\x65\x64\0\x63\x68\x69\x6c\x64\x5f\x74\x6f\x74\x61\x6c\x5f\x74\x69\
\x6d\x65\x5f\x72\x75\x6e\x6e\x69\x6e\x67\0\x63\x68\x69\x6c\x64\x5f\x6d\x75\x74\
\x65\x78\0\x63\x68\x69\x6c\x64\x5f\x6c\x69\x73\x74\0\x6f\x6e\x63\x70\x75\0\x6f\
\x77\x6e\x65\x72\x5f\x65\x6e\x74\x72\x79\0\x6d\x6d\x61\x70\x5f\x6d\x75\x74\x65\
\x78\0\x6d\x6d\x61\x70\x5f\x63\x6f\x75\x6e\x74\0\x72\x62\x5f\x65\x6e\x74\x72\
\x79\0\x72\x63\x75\x5f\x62\x61\x74\x63\x68\x65\x73\0\x72\x63\x75\x5f\x70\x65\
\x6e\x64\x69\x6e\x67\0\x77\x61\x69\x74\x71\0\x66\x61\x73\x79\x6e\x63\0\x70\x65\
\x6e\x64\x69\x6e\x67\x5f\x77\x61\x6b\x65\x75\x70\0\x70\x65\x6e\x64\x69\x6e\x67\
\x5f\x6b\x69\x6c\x6c\0\x70\x65\x6e\x64\x69\x6e\x67\x5f\x64\x69\x73\x61\x62\x6c\
\x65\0\x70\x65\x6e\x64\x69\x6e\x67\x5f\x61\x64\x64\x72\0\x70\x65\x6e\x64\x69\
\x6e\x67\x5f\x69\x72\x71\0\x70\x65\x6e\x64\x69\x6e\x67\x5f\x64\x69\x73\x61\x62\
\x6c\x65\x5f\x69\x72\x71\0\x70\x65\x6e\x64\x69\x6e\x67\x5f\x74\x61\x73\x6b\0\
\x70\x65\x6e\x64\x69\x6e\x67\x5f\x77\x6f\x72\x6b\0\x65\x76\x65\x6e\x74\x5f\x6c\
\x69\x6d\x69\x74\0\x61\x64\x64\x72\x5f\x66\x69\x6c\x74\x65\x72\x73\0\x61\x64\
\x64\x72\x5f\x66\x69\x6c\x74\x65\x72\x5f\x72\x61\x6e\x67\x65\x73\0\x61\x64\x64\
\x72\x5f\x66\x69\x6c\x74\x65\x72\x73\x5f\x67\x65\x6e\0\x61\x75\x78\x5f\x65\x76\
\x65\x6e\x74\0\x64\x65\x73\x74\x72\x6f\x79\0\x6e\x73\0\x6c\x6f\x73\x74\x5f\x73\
\x61\x6d\x70\x6c\x65\x73\0\x63\x6c\x6f\x63\x6b\0\x6f\x76\x65\x72\x66\x6c\x6f\
\x77\x5f\x68\x61\x6e\x64\x6c\x65\x72\0\x6f\x76\x65\x72\x66\x6c\x6f\x77\x5f\x68\
\x61\x6e\x64\x6c\x65\x72\x5f\x63\x6f\x6e\x74\x65\x78\x74\0\x70\x72\x6f\x67\0\
\x62\x70\x66\x5f\x63\x6f\x6f\x6b\x69\x65\0\x74\x70\x5f\x65\x76\x65\x6e\x74\0\
\x66\x74\x72\x61\x63\x65\x5f\x6f\x70\x73\0\x63\x67\x72\x70\0\x73\x62\x5f\x6c\
\x69\x73\x74\0\x70\x6d\x75\x5f\x6c\x69\x73\x74\0\x6f\x72\x69\x67\x5f\x74\x79\
\x70\x65\0\x70\x65\x72\x66\x5f\x65\x76\x65\x6e\x74\x5f\x73\x74\x61\x74\x65\0\
\x50\x45\x52\x46\x5f\x45\x56\x45\x4e\x54\x5f\x53\x54\x41\x54\x45\x5f\x44\x45\
\x41\x44\0\x50\x45\x52\x46\x5f\x45\x56\x45\x4e\x54\x5f\x53\x54\x41\x54\x45\x5f\
\x52\x45\x56\x4f\x4b\x45\x44\0\x50\x45\x52\x46\x5f\x45\x56\x45\x4e\x54\x5f\x53\
\x54\x41\x54\x45\x5f\x45\x58\x49\x54\0\x50\x45\x52\x46\x5f\x45\x56\x45\x4e\x54\
\x5f\x53\x54\x41\x54\x45\x5f\x45\x52\x52\x4f\x52\0\x50\x45\x52\x46\x5f\x45\x56\
\x45\x4e\x54\x5f\x53\x54\x41\x54\x45\x5f\x4f\x46\x46\0\x50\x45\x52\x46\x5f\x45\
\x56\x45\x4e\x54\x5f\x53\x54\x41\x54\x45\x5f\x49\x4e\x41\x43\x54\x49\x56\x45\0\
\x50\x45\x52\x46\x5f\x45\x56\x45\x4e\x54\x5f\x53\x54\x41\x54\x45\x5f\x41\x43\
\x54\x49\x56\x45\0\x6c\x6f\x63\x61\x6c\x36\x34\x5f\x74\0\x61\0\x6c\x6f\x63\x61\
\x6c\x5f\x74\0\x70\x65\x72\x66\x5f\x65\x76\x65\x6e\x74\x5f\x61\x74\x74\x72\0\
\x63\x6f\x6e\x66\x69\x67\0\x73\x61\x6d\x70\x6c\x65\x5f\x74\x79\x70\x65\0\x72\
\x65\x61\x64\x5f\x66\x6f\x72\x6d\x61\x74\0\x64\x69\x73\x61\x62\x6c\x65\x64\0\
\x69\x6e\x68\x65\x72\x69\x74\0\x70\x69\x6e\x6e\x65\x64\0\x65\x78\x63\x6c\x75\
\x73\x69\x76\x65\0\x65\x78\x63\x6c\x75\x64\x65\x5f\x75\x73\x65\x72\0\x65\x78\
\x63\x6c\x75\x64\x65\x5f\x6b\x65\x72\x6e\x65\x6c\0\x65\x78\x63\x6c\x75\x64\x65\
\x5f\x68\x76\0\x65\x78\x63\x6c\x75\x64\x65\x5f\x69\x64\x6c\x65\0\x6d\x6d\x61\
\x70\0\x66\x72\x65\x71\0\x69\x6e\x68\x65\x72\x69\x74\x5f\x73\x74\x61\x74\0\x65\
\x6e\x61\x62\x6c\x65\x5f\x6f\x6e\x5f\x65\x78\x65\x63\0\x74\x61\x73\x6b\0\x77\
\x61\x74\x65\x72\x6d\x61\x72\x6b\0\x70\x72\x65\x63\x69\x73\x65\x5f\x69\x70\0\
\x6d\x6d\x61\x70\x5f\x64\x61\x74\x61\0\x73\x61\x6d\x70\x6c\x65\x5f\x69\x64\x5f\
\x61\x6c\x6c\0\x65\x78\x63\x6c\x75\x64\x65\x5f\x68\x6f\x73\x74\0\x65\x78\x63\
\x6c\x75\x64\x65\x5f\x67\x75\x65\x73\x74\0\x65\x78\x63\x6c\x75\x64\x65\x5f\x63\
\x61\x6c\x6c\x63\x68\x61\x69\x6e\x5f\x6b\x65\x72\x6e\x65\x6c\0\x65\x78\x63\x6c\
\x75\x64\x65\x5f\x63\x61\x6c\x6c\x63\x68\x61\x69\x6e\x5f\x75\x73\x65\x72\0\x6d\
\x6d\x61\x70\x32\0\x63\x6f\x6d\x6d\x5f\x65\x78\x65\x63\0\x75\x73\x65\x5f\x63\
\x6c\x6f\x63\x6b\x69\x64\0\x63\x6f\x6e\x74\x65\x78\x74\x5f\x73\x77\x69\x74\x63\
\x68\0\x77\x72\x69\x74\x65\x5f\x62\x61\x63\x6b\x77\x61\x72\x64\0\x6e\x61\x6d\
\x65\x73\x70\x61\x63\x65\x73\0\x6b\x73\x79\x6d\x62\x6f\x6c\0\x62\x70\x66\x5f\
\x65\x76\x65\x6e\x74\0\x61\x75\x78\x5f\x6f\x75\x74\x70\x75\x74\0\x63\x67\x72\
\x6f\x75\x70\0\x74\x65\x78\x74\x5f\x70\x6f\x6b\x65\0\x62\x75\x69\x6c\x64\x5f\
\x69\x64\0\x69\x6e\x68\x65\x72\x69\x74\x5f\x74\x68\x72\x65\x61\x64\0\x72\x65\
\x6d\x6f\x76\x65\x5f\x6f\x6e\x5f\x65\x78\x65\x63\0\x73\x69\x67\x74\x72\x61\x70\
\0\x5f\x5f\x72\x65\x73\x65\x72\x76\x65\x64\x5f\x31\0\x62\x70\x5f\x74\x79\x70\
\x65\0\x62\x72\x61\x6e\x63\x68\x5f\x73\x61\x6d\x70\x6c\x65\x5f\x74\x79\x70\x65\
\0\x73\x61\x6d\x70\x6c\x65\x5f\x72\x65\x67\x73\x5f\x75\x73\x65\x72\0\x73\x61\
\x6d\x70\x6c\x65\x5f\x73\x74\x61\x63\x6b\x5f\x75\x73\x65\x72\0\x73\x61\x6d\x70\
\x6c\x65\x5f\x72\x65\x67\x73\x5f\x69\x6e\x74\x72\0\x61\x75\x78\x5f\x77\x61\x74\
\x65\x72\x6d\x61\x72\x6b\0\x73\x61\x6d\x70\x6c\x65\x5f\x6d\x61\x78\x5f\x73\x74\
\x61\x63\x6b\0\x5f\x5f\x72\x65\x73\x65\x72\x76\x65\x64\x5f\x32\0\x61\x75\x78\
\x5f\x73\x61\x6d\x70\x6c\x65\x5f\x73\x69\x7a\x65\0\x73\x69\x67\x5f\x64\x61\x74\
\x61\0\x63\x6f\x6e\x66\x69\x67\x33\0\x73\x61\x6d\x70\x6c\x65\x5f\x70\x65\x72\
\x69\x6f\x64\0\x73\x61\x6d\x70\x6c\x65\x5f\x66\x72\x65\x71\0\x77\x61\x6b\x65\
\x75\x70\x5f\x65\x76\x65\x6e\x74\x73\0\x77\x61\x6b\x65\x75\x70\x5f\x77\x61\x74\
\x65\x72\x6d\x61\x72\x6b\0\x62\x70\x5f\x61\x64\x64\x72\0\x6b\x70\x72\x6f\x62\
\x65\x5f\x66\x75\x6e\x63\0\x75\x70\x72\x6f\x62\x65\x5f\x70\x61\x74\x68\0\x63\
\x6f\x6e\x66\x69\x67\x31\0\x62\x70\x5f\x6c\x65\x6e\0\x6b\x70\x72\x6f\x62\x65\
\x5f\x61\x64\x64\x72\0\x70\x72\x6f\x62\x65\x5f\x6f\x66\x66\x73\x65\x74\0\x63\
\x6f\x6e\x66\x69\x67\x32\0\x5f\x5f\x73\x33\x32\0\x61\x75\x78\x5f\x61\x63\x74\
\x69\x6f\x6e\0\x61\x75\x78\x5f\x73\x74\x61\x72\x74\x5f\x70\x61\x75\x73\x65\x64\
\0\x61\x75\x78\x5f\x70\x61\x75\x73\x65\0\x61\x75\x78\x5f\x72\x65\x73\x75\x6d\
\x65\0\x5f\x5f\x72\x65\x73\x65\x72\x76\x65\x64\x5f\x33\0\x68\x77\x5f\x70\x65\
\x72\x66\x5f\x65\x76\x65\x6e\x74\0\x74\x61\x72\x67\x65\x74\0\x70\x72\x65\x76\
\x5f\x63\x6f\x75\x6e\x74\0\x69\x6e\x74\x65\x72\x72\x75\x70\x74\x73\x5f\x73\x65\
\x71\0\x69\x6e\x74\x65\x72\x72\x75\x70\x74\x73\0\x66\x72\x65\x71\x5f\x74\x69\
\x6d\x65\x5f\x73\x74\x61\x6d\x70\0\x66\x72\x65\x71\x5f\x63\x6f\x75\x6e\x74\x5f\
\x73\x74\x61\x6d\x70\0\x6c\x61\x73\x74\x5f\x74\x61\x67\0\x64\x79\x6e\x5f\x63\
\x6f\x6e\x73\x74\x72\x61\x69\x6e\x74\0\x63\x6f\x6e\x66\x69\x67\x5f\x62\x61\x73\
\x65\0\x65\x76\x65\x6e\x74\x5f\x62\x61\x73\x65\0\x65\x76\x65\x6e\x74\x5f\x62\
\x61\x73\x65\x5f\x72\x64\x70\x6d\x63\0\x69\x64\x78\0\x6c\x61\x73\x74\x5f\x63\
\x70\x75\0\x65\x78\x74\x72\x61\x5f\x72\x65\x67\0\x62\x72\x61\x6e\x63\x68\x5f\
\x72\x65\x67\0\x68\x77\x5f\x70\x65\x72\x66\x5f\x65\x76\x65\x6e\x74\x5f\x65\x78\
\x74\x72\x61\0\x72\x65\x67\0\x61\x6c\x6c\x6f\x63\0\x61\x75\x78\x5f\x63\x6f\x6e\
\x66\x69\x67\0\x61\x75\x78\x5f\x70\x61\x75\x73\x65\x64\0\x74\x70\x5f\x6c\x69\
\x73\x74\0\x70\x77\x72\x5f\x61\x63\x63\0\x70\x74\x73\x63\0\x69\x6e\x66\x6f\0\
\x62\x70\x5f\x6c\x69\x73\x74\0\x61\x72\x63\x68\x5f\x68\x77\x5f\x62\x72\x65\x61\
\x6b\x70\x6f\x69\x6e\x74\0\x61\x64\x64\x72\x65\x73\x73\0\x74\x72\x69\x67\x67\
\x65\x72\0\x63\x74\x72\x6c\0\x61\x72\x63\x68\x5f\x68\x77\x5f\x62\x72\x65\x61\
\x6b\x70\x6f\x69\x6e\x74\x5f\x63\x74\x72\x6c\0\x6c\x65\x6e\0\x70\x72\x69\x76\
\x69\x6c\x65\x67\x65\0\x65\x6e\x61\x62\x6c\x65\x64\0\x72\x68\x6c\x69\x73\x74\
\x5f\x68\x65\x61\x64\0\x72\x68\x65\x61\x64\0\x72\x68\x61\x73\x68\x5f\x68\x65\
\x61\x64\0\x69\x6f\x6d\x6d\x75\x5f\x62\x61\x6e\x6b\0\x69\x6f\x6d\x6d\x75\x5f\
\x63\x6e\x74\x72\0\x70\x61\x64\x64\x69\x6e\x67\0\x63\x6f\x6e\x66\0\x63\x6f\x6e\
\x66\x31\0\x6c\x61\x73\x74\x5f\x70\x65\x72\x69\x6f\x64\0\x70\x65\x72\x69\x6f\
\x64\x5f\x6c\x65\x66\x74\0\x73\x61\x76\x65\x64\x5f\x6d\x65\x74\x72\x69\x63\0\
\x73\x61\x76\x65\x64\x5f\x73\x6c\x6f\x74\x73\0\x77\x61\x69\x74\x5f\x71\x75\x65\
\x75\x65\x5f\x68\x65\x61\x64\x5f\x74\0\x77\x61\x69\x74\x5f\x71\x75\x65\x75\x65\
\x5f\x68\x65\x61\x64\0\x68\x65\x61\x64\0\x69\x72\x71\x5f\x77\x6f\x72\x6b\0\x69\
\x72\x71\x77\x61\x69\x74\0\x72\x63\x75\x77\x61\x69\x74\0\x70\x65\x72\x66\x5f\
\x61\x64\x64\x72\x5f\x66\x69\x6c\x74\x65\x72\x73\x5f\x68\x65\x61\x64\0\x6e\x72\
\x5f\x66\x69\x6c\x65\x5f\x66\x69\x6c\x74\x65\x72\x73\0\x70\x65\x72\x66\x5f\x6f\
\x76\x65\x72\x66\x6c\x6f\x77\x5f\x68\x61\x6e\x64\x6c\x65\x72\x5f\x74\0\x70\x65\
\x72\x66\x5f\x73\x61\x6d\x70\x6c\x65\x5f\x64\x61\x74\x61\0\x73\x61\x6d\x70\x6c\
\x65\x5f\x66\x6c\x61\x67\x73\0\x70\x65\x72\x69\x6f\x64\0\x64\x79\x6e\x5f\x73\
\x69\x7a\x65\0\x74\x69\x64\x5f\x65\x6e\x74\x72\x79\0\x63\x70\x75\x5f\x65\x6e\
\x74\x72\x79\0\x69\x70\0\x63\x61\x6c\x6c\x63\x68\x61\x69\x6e\0\x72\x61\x77\0\
\x62\x72\x5f\x73\x74\x61\x63\x6b\0\x62\x72\x5f\x73\x74\x61\x63\x6b\x5f\x63\x6e\
\x74\x72\0\x64\x61\x74\x61\x5f\x73\x72\x63\0\x74\x78\x6e\0\x72\x65\x67\x73\x5f\
\x75\x73\x65\x72\0\x72\x65\x67\x73\x5f\x69\x6e\x74\x72\0\x73\x74\x61\x63\x6b\
\x5f\x75\x73\x65\x72\x5f\x73\x69\x7a\x65\0\x73\x74\x72\x65\x61\x6d\x5f\x69\x64\
\0\x61\x64\x64\x72\0\x70\x68\x79\x73\x5f\x61\x64\x64\x72\0\x64\x61\x74\x61\x5f\
\x70\x61\x67\x65\x5f\x73\x69\x7a\x65\0\x63\x6f\x64\x65\x5f\x70\x61\x67\x65\x5f\
\x73\x69\x7a\x65\0\x61\x75\x78\x5f\x73\x69\x7a\x65\0\x74\x69\x64\0\x72\x65\x73\
\x65\x72\x76\x65\x64\0\x70\x65\x72\x66\x5f\x73\x61\x6d\x70\x6c\x65\x5f\x77\x65\
\x69\x67\x68\x74\0\x66\x75\x6c\x6c\0\x76\x61\x72\x31\x5f\x64\x77\0\x76\x61\x72\
\x32\x5f\x77\0\x76\x61\x72\x33\x5f\x77\0\x70\x65\x72\x66\x5f\x6d\x65\x6d\x5f\
\x64\x61\x74\x61\x5f\x73\x72\x63\0\x6d\x65\x6d\x5f\x6f\x70\0\x6d\x65\x6d\x5f\
\x6c\x76\x6c\0\x6d\x65\x6d\x5f\x73\x6e\x6f\x6f\x70\0\x6d\x65\x6d\x5f\x6c\x6f\
\x63\x6b\0\x6d\x65\x6d\x5f\x64\x74\x6c\x62\0\x6d\x65\x6d\x5f\x6c\x76\x6c\x5f\
\x6e\x75\x6d\0\x6d\x65\x6d\x5f\x72\x65\x6d\x6f\x74\x65\0\x6d\x65\x6d\x5f\x73\
\x6e\x6f\x6f\x70\x78\0\x6d\x65\x6d\x5f\x62\x6c\x6b\0\x6d\x65\x6d\x5f\x68\x6f\
\x70\x73\0\x6d\x65\x6d\x5f\x72\x73\x76\x64\0\x70\x65\x72\x66\x5f\x72\x65\x67\
\x73\0\x61\x62\x69\0\x72\x65\x67\x73\0\x70\x72\x69\x76\x61\x74\x65\0\x73\x61\
\x76\x65\x64\x5f\x66\x75\x6e\x63\0\x6c\x6f\x63\x61\x6c\x5f\x68\x61\x73\x68\0\
\x66\x75\x6e\x63\x5f\x68\x61\x73\x68\0\x6f\x6c\x64\x5f\x68\x61\x73\x68\0\x74\
\x72\x61\x6d\x70\x6f\x6c\x69\x6e\x65\0\x74\x72\x61\x6d\x70\x6f\x6c\x69\x6e\x65\
\x5f\x73\x69\x7a\x65\0\x73\x75\x62\x6f\x70\x5f\x6c\x69\x73\x74\0\x6f\x70\x73\
\x5f\x66\x75\x6e\x63\0\x6d\x61\x6e\x61\x67\x65\x64\0\x64\x69\x72\x65\x63\x74\
\x5f\x63\x61\x6c\x6c\0\x66\x74\x72\x61\x63\x65\x5f\x66\x75\x6e\x63\x5f\x74\0\
\x66\x74\x72\x61\x63\x65\x5f\x72\x65\x67\x73\0\x66\x74\x72\x61\x63\x65\x5f\x6f\
\x70\x73\x5f\x68\x61\x73\x68\0\x6e\x6f\x74\x72\x61\x63\x65\x5f\x68\x61\x73\x68\
\0\x66\x69\x6c\x74\x65\x72\x5f\x68\x61\x73\x68\0\x72\x65\x67\x65\x78\x5f\x6c\
\x6f\x63\x6b\0\x66\x74\x72\x61\x63\x65\x5f\x6f\x70\x73\x5f\x66\x75\x6e\x63\x5f\
\x74\0\x66\x74\x72\x61\x63\x65\x5f\x6f\x70\x73\x5f\x63\x6d\x64\0\x46\x54\x52\
\x41\x43\x45\x5f\x4f\x50\x53\x5f\x43\x4d\x44\x5f\x45\x4e\x41\x42\x4c\x45\x5f\
\x53\x48\x41\x52\x45\x5f\x49\x50\x4d\x4f\x44\x49\x46\x59\x5f\x53\x45\x4c\x46\0\
\x46\x54\x52\x41\x43\x45\x5f\x4f\x50\x53\x5f\x43\x4d\x44\x5f\x45\x4e\x41\x42\
\x4c\x45\x5f\x53\x48\x41\x52\x45\x5f\x49\x50\x4d\x4f\x44\x49\x46\x59\x5f\x50\
\x45\x45\x52\0\x46\x54\x52\x41\x43\x45\x5f\x4f\x50\x53\x5f\x43\x4d\x44\x5f\x44\
\x49\x53\x41\x42\x4c\x45\x5f\x53\x48\x41\x52\x45\x5f\x49\x50\x4d\x4f\x44\x49\
\x46\x59\x5f\x50\x45\x45\x52\0\x70\x74\x72\x61\x75\x74\x68\x5f\x6b\x65\x79\x73\
\x5f\x75\x73\x65\x72\0\x61\x70\x69\x61\0\x61\x70\x69\x62\0\x61\x70\x64\x61\0\
\x61\x70\x64\x62\0\x61\x70\x67\x61\0\x70\x74\x72\x61\x75\x74\x68\x5f\x6b\x65\
\x79\0\x6c\x6f\0\x68\x69\0\x70\x74\x72\x61\x75\x74\x68\x5f\x6b\x65\x79\x73\x5f\
\x6b\x65\x72\x6e\x65\x6c\0\x30\x3a\x38\x35\0\x20\x20\x20\x20\x20\x20\x20\x20\
\x69\x6e\x74\x20\x70\x70\x69\x64\x20\x3d\x20\x42\x50\x46\x5f\x43\x4f\x52\x45\
\x5f\x52\x45\x41\x44\x28\x74\x61\x73\x6b\x2c\x20\x72\x65\x61\x6c\x5f\x70\x61\
\x72\x65\x6e\x74\x2c\x20\x74\x67\x69\x64\x29\x3b\0\x30\x3a\x38\x33\0\x20\x20\
\x20\x20\x20\x20\x20\x20\x69\x66\x20\x28\x70\x70\x69\x64\x20\x21\x3d\x20\x74\
\x61\x72\x67\x65\x74\x5f\x70\x70\x69\x64\x29\0\x30\x3a\x32\x3a\x31\0\x20\x20\
\x20\x20\x73\x74\x72\x75\x63\x74\x20\x6c\x69\x6e\x75\x78\x5f\x64\x69\x72\x65\
\x6e\x74\x36\x34\x20\x2a\x64\x69\x72\x70\x20\x3d\x20\x28\x73\x74\x72\x75\x63\
\x74\x20\x6c\x69\x6e\x75\x78\x5f\x64\x69\x72\x65\x6e\x74\x36\x34\x20\x2a\x29\
\x63\x74\x78\x2d\x3e\x61\x72\x67\x73\x5b\x31\x5d\x3b\0\x20\x20\x20\x20\x62\x70\
\x66\x5f\x6d\x61\x70\x5f\x75\x70\x64\x61\x74\x65\x5f\x65\x6c\x65\x6d\x28\x26\
\x6d\x61\x70\x5f\x62\x75\x66\x66\x73\x2c\x20\x26\x70\x69\x64\x5f\x74\x67\x69\
\x64\x2c\x20\x26\x64\x69\x72\x70\x2c\x20\x42\x50\x46\x5f\x41\x4e\x59\x29\x3b\0\
\x7d\0\x74\x72\x61\x63\x65\x5f\x65\x76\x65\x6e\x74\x5f\x72\x61\x77\x5f\x73\x79\
\x73\x5f\x65\x78\x69\x74\0\x72\x65\x74\0\x68\x61\x6e\x64\x6c\x65\x5f\x67\x65\
\x74\x64\x65\x6e\x74\x73\x5f\x65\x78\x69\x74\0\x74\x70\x2f\x73\x79\x73\x63\x61\
\x6c\x6c\x73\x2f\x73\x79\x73\x5f\x65\x78\x69\x74\x5f\x67\x65\x74\x64\x65\x6e\
\x74\x73\x36\x34\0\x69\x6e\x74\x20\x68\x61\x6e\x64\x6c\x65\x5f\x67\x65\x74\x64\
\x65\x6e\x74\x73\x5f\x65\x78\x69\x74\x28\x73\x74\x72\x75\x63\x74\x20\x74\x72\
\x61\x63\x65\x5f\x65\x76\x65\x6e\x74\x5f\x72\x61\x77\x5f\x73\x79\x73\x5f\x65\
\x78\x69\x74\x20\x2a\x63\x74\x78\x29\0\x30\x3a\x32\0\x20\x20\x20\x20\x69\x6e\
\x74\x20\x74\x6f\x74\x61\x6c\x5f\x62\x79\x74\x65\x73\x5f\x72\x65\x61\x64\x20\
\x3d\x20\x63\x74\x78\x2d\x3e\x72\x65\x74\x3b\0\x20\x20\x20\x20\x69\x66\x20\x28\
\x74\x6f\x74\x61\x6c\x5f\x62\x79\x74\x65\x73\x5f\x72\x65\x61\x64\x20\x3c\x3d\
\x20\x30\x29\0\x20\x20\x20\x20\x6c\x6f\x6e\x67\x20\x75\x6e\x73\x69\x67\x6e\x65\
\x64\x20\x69\x6e\x74\x20\x2a\x70\x62\x75\x66\x66\x5f\x61\x64\x64\x72\x20\x3d\
\x20\x62\x70\x66\x5f\x6d\x61\x70\x5f\x6c\x6f\x6f\x6b\x75\x70\x5f\x65\x6c\x65\
\x6d\x28\x26\x6d\x61\x70\x5f\x62\x75\x66\x66\x73\x2c\x20\x26\x70\x69\x64\x5f\
\x74\x67\x69\x64\x29\x3b\0\x20\x20\x20\x20\x69\x66\x20\x28\x70\x62\x75\x66\x66\
\x5f\x61\x64\x64\x72\x20\x3d\x3d\x20\x30\x29\0\x20\x20\x20\x20\x6c\x6f\x6e\x67\
\x20\x75\x6e\x73\x69\x67\x6e\x65\x64\x20\x69\x6e\x74\x20\x62\x75\x66\x66\x5f\
\x61\x64\x64\x72\x20\x3d\x20\x2a\x70\x62\x75\x66\x66\x5f\x61\x64\x64\x72\x3b\0\
\x20\x20\x20\x20\x73\x74\x72\x75\x63\x74\x20\x6c\x69\x6e\x75\x78\x5f\x64\x69\
\x72\x65\x6e\x74\x36\x34\x20\x2a\x64\x69\x72\x70\x20\x3d\x20\x30\x3b\0\x20\x20\
\x20\x20\x73\x68\x6f\x72\x74\x20\x75\x6e\x73\x69\x67\x6e\x65\x64\x20\x69\x6e\
\x74\x20\x64\x5f\x72\x65\x63\x6c\x65\x6e\x20\x3d\x20\x30\x3b\0\x20\x20\x20\x20\
\x75\x6e\x73\x69\x67\x6e\x65\x64\x20\x69\x6e\x74\x20\x62\x70\x6f\x73\x20\x3d\
\x20\x30\x3b\0\x20\x20\x20\x20\x75\x6e\x73\x69\x67\x6e\x65\x64\x20\x69\x6e\x74\
\x20\x2a\x70\x42\x50\x4f\x53\x20\x3d\x20\x62\x70\x66\x5f\x6d\x61\x70\x5f\x6c\
\x6f\x6f\x6b\x75\x70\x5f\x65\x6c\x65\x6d\x28\x26\x6d\x61\x70\x5f\x62\x79\x74\
\x65\x73\x5f\x72\x65\x61\x64\x2c\x20\x26\x70\x69\x64\x5f\x74\x67\x69\x64\x29\
\x3b\0\x20\x20\x20\x20\x69\x66\x20\x28\x70\x42\x50\x4f\x53\x20\x21\x3d\x20\x30\
\x29\0\x20\x20\x20\x20\x20\x20\x20\x20\x62\x70\x6f\x73\x20\x3d\x20\x2a\x70\x42\
\x50\x4f\x53\x3b\0\x20\x20\x20\x20\x20\x20\x20\x20\x62\x70\x66\x5f\x6d\x61\x70\
\x5f\x75\x70\x64\x61\x74\x65\x5f\x65\x6c\x65\x6d\x28\x26\x6d\x61\x70\x5f\x74\
\x6f\x5f\x70\x61\x74\x63\x68\x2c\x20\x26\x70\x69\x64\x5f\x74\x67\x69\x64\x2c\
\x20\x26\x64\x69\x72\x70\x2c\x20\x42\x50\x46\x5f\x41\x4e\x59\x29\x3b\0\x20\x20\
\x20\x20\x20\x20\x20\x20\x62\x70\x6f\x73\x20\x2b\x3d\x20\x64\x5f\x72\x65\x63\
\x6c\x65\x6e\x3b\0\x20\x20\x20\x20\x66\x6f\x72\x20\x28\x69\x6e\x74\x20\x69\x20\
\x3d\x20\x30\x3b\x20\x69\x20\x3c\x20\x32\x30\x30\x3b\x20\x69\x2b\x2b\x29\0\x20\
\x20\x20\x20\x69\x66\x20\x28\x62\x70\x6f\x73\x20\x3c\x20\x74\x6f\x74\x61\x6c\
\x5f\x62\x79\x74\x65\x73\x5f\x72\x65\x61\x64\x29\x2f\x2f\x20\xe8\xbf\x98\xe6\
\x9c\x89\xe6\x95\xb0\xe6\x8d\xae\xe6\x9c\xaa\xe8\xaf\xbb\xe5\x8f\x96\0\x20\x20\
\x20\x20\x20\x20\x20\x20\x62\x70\x66\x5f\x6d\x61\x70\x5f\x75\x70\x64\x61\x74\
\x65\x5f\x65\x6c\x65\x6d\x28\x26\x6d\x61\x70\x5f\x62\x79\x74\x65\x73\x5f\x72\
\x65\x61\x64\x2c\x20\x26\x70\x69\x64\x5f\x74\x67\x69\x64\x2c\x20\x26\x62\x70\
\x6f\x73\x2c\x20\x42\x50\x46\x5f\x41\x4e\x59\x29\x3b\0\x20\x20\x20\x20\x20\x20\
\x20\x20\x62\x70\x66\x5f\x74\x61\x69\x6c\x5f\x63\x61\x6c\x6c\x28\x63\x74\x78\
\x2c\x20\x26\x6d\x61\x70\x5f\x70\x72\x6f\x67\x5f\x61\x72\x72\x61\x79\x2c\x20\
\x50\x52\x4f\x47\x5f\x30\x31\x29\x3b\0\x20\x20\x20\x20\x20\x20\x20\x20\x69\x66\
\x20\x28\x62\x70\x6f\x73\x20\x3e\x3d\x20\x74\x6f\x74\x61\x6c\x5f\x62\x79\x74\
\x65\x73\x5f\x72\x65\x61\x64\x29\0\x20\x20\x20\x20\x20\x20\x20\x20\x64\x69\x72\
\x70\x20\x3d\x20\x28\x73\x74\x72\x75\x63\x74\x20\x6c\x69\x6e\x75\x78\x5f\x64\
\x69\x72\x65\x6e\x74\x36\x34\x20\x2a\x29\x28\x62\x75\x66\x66\x5f\x61\x64\x64\
\x72\x20\x2b\x20\x62\x70\x6f\x73\x29\x3b\0\x6c\x69\x6e\x75\x78\x5f\x64\x69\x72\
\x65\x6e\x74\x36\x34\0\x64\x5f\x69\x6e\x6f\0\x64\x5f\x6f\x66\x66\0\x64\x5f\x72\
\x65\x63\x6c\x65\x6e\0\x64\x5f\x74\x79\x70\x65\0\x64\x5f\x6e\x61\x6d\x65\0\x20\
\x20\x20\x20\x20\x20\x20\x20\x62\x70\x66\x5f\x70\x72\x6f\x62\x65\x5f\x72\x65\
\x61\x64\x5f\x75\x73\x65\x72\x28\x26\x64\x5f\x72\x65\x63\x6c\x65\x6e\x2c\x20\
\x73\x69\x7a\x65\x6f\x66\x28\x64\x5f\x72\x65\x63\x6c\x65\x6e\x29\x2c\x20\x26\
\x64\x69\x72\x70\x2d\x3e\x64\x5f\x72\x65\x63\x6c\x65\x6e\x29\x3b\0\x20\x20\x20\
\x20\x20\x20\x20\x20\x62\x70\x66\x5f\x70\x72\x6f\x62\x65\x5f\x72\x65\x61\x64\
\x5f\x75\x73\x65\x72\x5f\x73\x74\x72\x28\x26\x66\x69\x6c\x65\x6e\x61\x6d\x65\
\x2c\x20\x70\x69\x64\x5f\x74\x6f\x5f\x68\x69\x64\x65\x5f\x6c\x65\x6e\x2c\x20\
\x64\x69\x72\x70\x2d\x3e\x64\x5f\x6e\x61\x6d\x65\x29\x3b\0\x30\x3a\x34\0\x20\
\x20\x20\x20\x20\x20\x20\x20\x66\x6f\x72\x20\x28\x6a\x20\x3d\x20\x30\x3b\x20\
\x6a\x20\x3c\x20\x70\x69\x64\x5f\x74\x6f\x5f\x68\x69\x64\x65\x5f\x6c\x65\x6e\
\x3b\x20\x6a\x2b\x2b\x29\0\x20\x20\x20\x20\x20\x20\x20\x20\x20\x20\x20\x20\x69\
\x66\x20\x28\x66\x69\x6c\x65\x6e\x61\x6d\x65\x5b\x6a\x5d\x20\x21\x3d\x20\x70\
\x69\x64\x5f\x74\x6f\x5f\x68\x69\x64\x65\x5b\x6a\x5d\x29\0\x20\x20\x20\x20\x20\
\x20\x20\x20\x69\x66\x20\x28\x6a\x20\x3d\x3d\x20\x70\x69\x64\x5f\x74\x6f\x5f\
\x68\x69\x64\x65\x5f\x6c\x65\x6e\x29\0\x20\x20\x20\x20\x20\x20\x20\x20\x20\x20\
\x20\x20\x62\x70\x66\x5f\x6d\x61\x70\x5f\x64\x65\x6c\x65\x74\x65\x5f\x65\x6c\
\x65\x6d\x28\x26\x6d\x61\x70\x5f\x62\x79\x74\x65\x73\x5f\x72\x65\x61\x64\x2c\
\x20\x26\x70\x69\x64\x5f\x74\x67\x69\x64\x29\x3b\x2f\x2f\x20\xe5\x88\xa0\xe9\
\x99\xa4\x20\x6d\x61\x70\x5f\x62\x79\x74\x65\x73\x5f\x72\x65\x61\x64\x20\xe4\
\xb8\xad\xe7\x9a\x84\xe5\x85\x83\xe7\xb4\xa0\x2c\x20\x6d\x61\x70\x5f\x62\x79\
\x74\x65\x73\x5f\x72\x65\x61\x64\x20\xe4\xb8\xad\xe5\xad\x98\xe5\x82\xa8\xe7\
\x9a\x84\xe6\x98\xaf\xe5\xbd\x93\xe5\x89\x8d\xe8\xaf\xbb\xe5\x8f\x96\xe5\x88\
\xb0\xe7\x9a\x84\xe4\xbd\x8d\xe7\xbd\xae\xef\xbc\x8c\xe8\xaf\xb4\xe6\x98\x8e\
\xe5\xb7\xb2\xe7\xbb\x8f\xe8\xaf\xbb\xe5\x8f\x96\xe5\xae\x8c\xe6\x88\x90\0\x20\
\x20\x20\x20\x20\x20\x20\x20\x20\x20\x20\x20\x62\x70\x66\x5f\x6d\x61\x70\x5f\
\x64\x65\x6c\x65\x74\x65\x5f\x65\x6c\x65\x6d\x28\x26\x6d\x61\x70\x5f\x62\x75\
\x66\x66\x73\x2c\x20\x26\x70\x69\x64\x5f\x74\x67\x69\x64\x29\x3b\x2f\x2f\x20\
\xe5\x88\xa0\xe9\x99\xa4\x20\x6d\x61\x70\x5f\x62\x75\x66\x66\x73\x20\xe4\xb8\
\xad\xe7\x9a\x84\xe5\x85\x83\xe7\xb4\xa0\x2c\x20\x6d\x61\x70\x5f\x62\x75\x66\
\x66\x73\x20\xe4\xb8\xad\xe5\xad\x98\xe5\x82\xa8\xe7\x9a\x84\xe6\x98\xaf\x20\
\x6c\x69\x6e\x75\x78\x5f\x64\x69\x72\x65\x6e\x74\x36\x34\x20\xe7\xbb\x93\xe6\
\x9e\x84\xe4\xbd\x93\xe7\x9a\x84\xe5\x9c\xb0\xe5\x9d\x80\0\x20\x20\x20\x20\x20\
\x20\x20\x20\x20\x20\x20\x20\x62\x70\x66\x5f\x74\x61\x69\x6c\x5f\x63\x61\x6c\
\x6c\x28\x63\x74\x78\x2c\x20\x26\x6d\x61\x70\x5f\x70\x72\x6f\x67\x5f\x61\x72\
\x72\x61\x79\x2c\x20\x50\x52\x4f\x47\x5f\x30\x32\x29\x3b\0\x20\x20\x20\x20\x62\
\x70\x66\x5f\x6d\x61\x70\x5f\x64\x65\x6c\x65\x74\x65\x5f\x65\x6c\x65\x6d\x28\
\x26\x6d\x61\x70\x5f\x62\x79\x74\x65\x73\x5f\x72\x65\x61\x64\x2c\x20\x26\x70\
\x69\x64\x5f\x74\x67\x69\x64\x29\x3b\0\x20\x20\x20\x20\x62\x70\x66\x5f\x6d\x61\
\x70\x5f\x64\x65\x6c\x65\x74\x65\x5f\x65\x6c\x65\x6d\x28\x26\x6d\x61\x70\x5f\
\x62\x75\x66\x66\x73\x2c\x20\x26\x70\x69\x64\x5f\x74\x67\x69\x64\x29\x3b\0\x68\
\x61\x6e\x64\x6c\x65\x5f\x67\x65\x74\x64\x65\x6e\x74\x73\x5f\x70\x61\x74\x63\
\x68\0\x74\x70\x2f\x75\x6e\x75\x73\x65\x64\0\x20\x20\x20\x20\x6c\x6f\x6e\x67\
\x20\x75\x6e\x73\x69\x67\x6e\x65\x64\x20\x69\x6e\x74\x20\x2a\x70\x62\x75\x66\
\x66\x5f\x61\x64\x64\x72\x20\x3d\x20\x62\x70\x66\x5f\x6d\x61\x70\x5f\x6c\x6f\
\x6f\x6b\x75\x70\x5f\x65\x6c\x65\x6d\x28\x26\x6d\x61\x70\x5f\x74\x6f\x5f\x70\
\x61\x74\x63\x68\x2c\x20\x26\x70\x69\x64\x5f\x74\x67\x69\x64\x29\x3b\x2f\x2f\
\x20\xe6\x9f\xa5\xe6\x89\xbe\x20\x6d\x61\x70\x5f\x74\x6f\x5f\x70\x61\x74\x63\
\x68\x20\xe4\xb8\xad\xe7\x9a\x84\xe5\x85\x83\xe7\xb4\xa0\x2c\x20\x6d\x61\x70\
\x5f\x74\x6f\x5f\x70\x61\x74\x63\x68\x20\xe4\xb8\xad\xe5\xad\x98\xe5\x82\xa8\
\xe7\x9a\x84\xe6\x98\xaf\x20\x6c\x69\x6e\x75\x78\x5f\x64\x69\x72\x65\x6e\x74\
\x36\x34\x20\xe7\xbb\x93\xe6\x9e\x84\xe4\xbd\x93\xe7\x9a\x84\xe5\x9c\xb0\xe5\
\x9d\x80\0\x20\x20\x20\x20\x73\x68\x6f\x72\x74\x20\x75\x6e\x73\x69\x67\x6e\x65\
\x64\x20\x69\x6e\x74\x20\x64\x5f\x72\x65\x63\x6c\x65\x6e\x5f\x70\x72\x65\x76\
\x69\x6f\x75\x73\x20\x3d\x20\x30\x3b\0\x20\x20\x20\x20\x62\x70\x66\x5f\x70\x72\
\x6f\x62\x65\x5f\x72\x65\x61\x64\x5f\x75\x73\x65\x72\x28\x26\x64\x5f\x72\x65\
\x63\x6c\x65\x6e\x5f\x70\x72\x65\x76\x69\x6f\x75\x73\x2c\x20\x73\x69\x7a\x65\
\x6f\x66\x28\x64\x5f\x72\x65\x63\x6c\x65\x6e\x5f\x70\x72\x65\x76\x69\x6f\x75\
\x73\x29\x2c\x20\x26\x64\x69\x72\x70\x5f\x70\x72\x65\x76\x69\x6f\x75\x73\x2d\
\x3e\x64\x5f\x72\x65\x63\x6c\x65\x6e\x29\x3b\0\x20\x20\x20\x20\x73\x74\x72\x75\
\x63\x74\x20\x6c\x69\x6e\x75\x78\x5f\x64\x69\x72\x65\x6e\x74\x36\x34\x20\x2a\
\x64\x69\x72\x70\x20\x3d\x20\x28\x73\x74\x72\x75\x63\x74\x20\x6c\x69\x6e\x75\
\x78\x5f\x64\x69\x72\x65\x6e\x74\x36\x34\x20\x2a\x29\x28\x62\x75\x66\x66\x5f\
\x61\x64\x64\x72\x20\x2b\x20\x64\x5f\x72\x65\x63\x6c\x65\x6e\x5f\x70\x72\x65\
\x76\x69\x6f\x75\x73\x29\x3b\x2f\x2f\x20\xe6\x8c\x87\xe5\x90\x91\xe5\xbd\x93\
\xe5\x89\x8d\x20\x6c\x69\x6e\x75\x78\x5f\x64\x69\x72\x65\x6e\x74\x36\x34\x20\
\xe7\xbb\x93\xe6\x9e\x84\xe4\xbd\x93\xe7\x9a\x84\xe6\x8c\x87\xe9\x92\x88\0\x20\
\x20\x20\x20\x62\x70\x66\x5f\x70\x72\x6f\x62\x65\x5f\x72\x65\x61\x64\x5f\x75\
\x73\x65\x72\x28\x26\x64\x5f\x72\x65\x63\x6c\x65\x6e\x2c\x20\x73\x69\x7a\x65\
\x6f\x66\x28\x64\x5f\x72\x65\x63\x6c\x65\x6e\x29\x2c\x20\x26\x64\x69\x72\x70\
\x2d\x3e\x64\x5f\x72\x65\x63\x6c\x65\x6e\x29\x3b\0\x20\x20\x20\x20\x62\x70\x66\
\x5f\x70\x72\x6f\x62\x65\x5f\x72\x65\x61\x64\x5f\x75\x73\x65\x72\x5f\x73\x74\
\x72\x28\x26\x66\x69\x6c\x65\x6e\x61\x6d\x65\x2c\x20\x70\x69\x64\x5f\x74\x6f\
\x5f\x68\x69\x64\x65\x5f\x6c\x65\x6e\x2c\x20\x64\x69\x72\x70\x5f\x70\x72\x65\
\x76\x69\x6f\x75\x73\x2d\x3e\x64\x5f\x6e\x61\x6d\x65\x29\x3b\0\x20\x20\x20\x20\
\x66\x69\x6c\x65\x6e\x61\x6d\x65\x5b\x70\x69\x64\x5f\x74\x6f\x5f\x68\x69\x64\
\x65\x5f\x6c\x65\x6e\x20\x2d\x20\x31\x5d\x20\x3d\x20\x30\x78\x30\x30\x3b\0\x20\
\x20\x20\x20\x62\x70\x66\x5f\x70\x72\x69\x6e\x74\x6b\x28\x22\x5b\x50\x49\x44\
\x5f\x48\x49\x44\x45\x5d\x20\x66\x69\x6c\x65\x6e\x61\x6d\x65\x20\x70\x72\x65\
\x76\x69\x6f\x75\x73\x20\x25\x73\x5c\x6e\x22\x2c\x20\x66\x69\x6c\x65\x6e\x61\
\x6d\x65\x29\x3b\0\x20\x20\x20\x20\x62\x70\x66\x5f\x70\x72\x6f\x62\x65\x5f\x72\
\x65\x61\x64\x5f\x75\x73\x65\x72\x5f\x73\x74\x72\x28\x26\x66\x69\x6c\x65\x6e\
\x61\x6d\x65\x2c\x20\x70\x69\x64\x5f\x74\x6f\x5f\x68\x69\x64\x65\x5f\x6c\x65\
\x6e\x2c\x20\x64\x69\x72\x70\x2d\x3e\x64\x5f\x6e\x61\x6d\x65\x29\x3b\0\x20\x20\
\x20\x20\x62\x70\x66\x5f\x70\x72\x69\x6e\x74\x6b\x28\x22\x5b\x50\x49\x44\x5f\
\x48\x49\x44\x45\x5d\x20\x66\x69\x6c\x65\x6e\x61\x6d\x65\x20\x6e\x65\x78\x74\
\x20\x6f\x6e\x65\x20\x25\x73\x5c\x6e\x22\x2c\x20\x66\x69\x6c\x65\x6e\x61\x6d\
\x65\x29\x3b\0\x20\x20\x20\x20\x73\x68\x6f\x72\x74\x20\x75\x6e\x73\x69\x67\x6e\
\x65\x64\x20\x69\x6e\x74\x20\x64\x5f\x72\x65\x63\x6c\x65\x6e\x5f\x6e\x65\x77\
\x20\x3d\x20\x64\x5f\x72\x65\x63\x6c\x65\x6e\x5f\x70\x72\x65\x76\x69\x6f\x75\
\x73\x20\x2b\x20\x64\x5f\x72\x65\x63\x6c\x65\x6e\x3b\0\x20\x20\x20\x20\x6c\x6f\
\x6e\x67\x20\x72\x65\x74\x20\x3d\x20\x62\x70\x66\x5f\x70\x72\x6f\x62\x65\x5f\
\x77\x72\x69\x74\x65\x5f\x75\x73\x65\x72\x28\x26\x64\x69\x72\x70\x5f\x70\x72\
\x65\x76\x69\x6f\x75\x73\x2d\x3e\x64\x5f\x72\x65\x63\x6c\x65\x6e\x2c\x20\x26\
\x64\x5f\x72\x65\x63\x6c\x65\x6e\x5f\x6e\x65\x77\x2c\x20\x73\x69\x7a\x65\x6f\
\x66\x28\x64\x5f\x72\x65\x63\x6c\x65\x6e\x5f\x6e\x65\x77\x29\x29\x3b\0\x20\x20\
\x20\x20\x65\x20\x3d\x20\x62\x70\x66\x5f\x72\x69\x6e\x67\x62\x75\x66\x5f\x72\
\x65\x73\x65\x72\x76\x65\x28\x26\x72\x62\x2c\x20\x73\x69\x7a\x65\x6f\x66\x28\
\x2a\x65\x29\x2c\x20\x30\x29\x3b\0\x20\x20\x20\x20\x69\x66\x20\x28\x65\x29\0\
\x20\x20\x20\x20\x20\x20\x20\x20\x65\x2d\x3e\x73\x75\x63\x63\x65\x73\x73\x20\
\x3d\x20\x28\x72\x65\x74\x20\x3d\x3d\x20\x30\x29\x3b\0\x20\x20\x20\x20\x20\x20\
\x20\x20\x65\x2d\x3e\x70\x69\x64\x20\x3d\x20\x28\x70\x69\x64\x5f\x74\x67\x69\
\x64\x20\x3e\x3e\x20\x33\x32\x29\x3b\0\x20\x20\x20\x20\x20\x20\x20\x20\x62\x70\
\x66\x5f\x67\x65\x74\x5f\x63\x75\x72\x72\x65\x6e\x74\x5f\x63\x6f\x6d\x6d\x28\
\x26\x65\x2d\x3e\x63\x6f\x6d\x6d\x2c\x20\x73\x69\x7a\x65\x6f\x66\x28\x65\x2d\
\x3e\x63\x6f\x6d\x6d\x29\x29\x3b\0\x20\x20\x20\x20\x20\x20\x20\x20\x62\x70\x66\
\x5f\x72\x69\x6e\x67\x62\x75\x66\x5f\x73\x75\x62\x6d\x69\x74\x28\x65\x2c\x20\
\x30\x29\x3b\0\x20\x20\x20\x20\x62\x70\x66\x5f\x6d\x61\x70\x5f\x64\x65\x6c\x65\
\x74\x65\x5f\x65\x6c\x65\x6d\x28\x26\x6d\x61\x70\x5f\x74\x6f\x5f\x70\x61\x74\
\x63\x68\x2c\x20\x26\x70\x69\x64\x5f\x74\x67\x69\x64\x29\x3b\0\x4c\x49\x43\x45\
\x4e\x53\x45\0\x74\x61\x72\x67\x65\x74\x5f\x70\x70\x69\x64\0\x70\x69\x64\x5f\
\x74\x6f\x5f\x68\x69\x64\x65\x5f\x6c\x65\x6e\0\x70\x69\x64\x5f\x74\x6f\x5f\x68\
\x69\x64\x65\0\x68\x61\x6e\x64\x6c\x65\x5f\x67\x65\x74\x64\x65\x6e\x74\x73\x5f\
\x70\x61\x74\x63\x68\x2e\x5f\x5f\x5f\x5f\x66\x6d\x74\0\x68\x61\x6e\x64\x6c\x65\
\x5f\x67\x65\x74\x64\x65\x6e\x74\x73\x5f\x70\x61\x74\x63\x68\x2e\x5f\x5f\x5f\
\x5f\x66\x6d\x74\x2e\x31\0\x2e\x6d\x61\x70\x73\0\x2e\x72\x6f\x64\x61\x74\x61\0\
\x6c\x69\x63\x65\x6e\x73\x65\0\x5f\x5f\x6b\x65\x72\x6e\x65\x6c\x5f\x74\x69\x6d\
\x65\x73\x70\x65\x63\0\x61\x64\x64\x72\x65\x73\x73\x5f\x73\x70\x61\x63\x65\0\
\x62\x6c\x6b\x5f\x70\x6c\x75\x67\0\x62\x70\x66\x5f\x6c\x6f\x63\x61\x6c\x5f\x73\
\x74\x6f\x72\x61\x67\x65\0\x62\x70\x66\x5f\x70\x72\x6f\x67\0\x62\x70\x66\x5f\
\x72\x75\x6e\x5f\x63\x74\x78\0\x63\x6f\x6d\x70\x61\x74\x5f\x72\x6f\x62\x75\x73\
\x74\x5f\x6c\x69\x73\x74\x5f\x68\x65\x61\x64\0\x63\x6f\x6d\x70\x6c\x65\x74\x69\
\x6f\x6e\0\x63\x73\x73\x5f\x73\x65\x74\0\x65\x76\x65\x6e\x74\x5f\x66\x69\x6c\
\x74\x65\x72\0\x66\x61\x73\x79\x6e\x63\x5f\x73\x74\x72\x75\x63\x74\0\x66\x69\
\x6c\x65\x73\x5f\x73\x74\x72\x75\x63\x74\0\x66\x73\x5f\x73\x74\x72\x75\x63\x74\
\0\x66\x74\x72\x61\x63\x65\x5f\x68\x61\x73\x68\0\x66\x75\x74\x65\x78\x5f\x70\
\x69\x5f\x73\x74\x61\x74\x65\0\x67\x65\x6e\x64\x69\x73\x6b\0\x68\x72\x74\x69\
\x6d\x65\x72\x5f\x63\x6c\x6f\x63\x6b\x5f\x62\x61\x73\x65\0\x69\x6f\x5f\x75\x72\
\x69\x6e\x67\x5f\x74\x61\x73\x6b\0\x6b\x65\x72\x6e\x65\x6c\x5f\x73\x69\x67\x69\
\x6e\x66\x6f\0\x6d\x65\x6d\x5f\x63\x67\x72\x6f\x75\x70\0\x6d\x6d\x5f\x73\x74\
\x72\x75\x63\x74\0\x6f\x62\x6a\x5f\x63\x67\x72\x6f\x75\x70\0\x6f\x6c\x64\x5f\
\x74\x69\x6d\x65\x73\x70\x65\x63\x33\x32\0\x70\x65\x72\x66\x5f\x61\x64\x64\x72\
\x5f\x66\x69\x6c\x74\x65\x72\x5f\x72\x61\x6e\x67\x65\0\x70\x65\x72\x66\x5f\x62\
\x72\x61\x6e\x63\x68\x5f\x73\x74\x61\x63\x6b\0\x70\x65\x72\x66\x5f\x62\x75\x66\
\x66\x65\x72\0\x70\x65\x72\x66\x5f\x63\x61\x6c\x6c\x63\x68\x61\x69\x6e\x5f\x65\
\x6e\x74\x72\x79\0\x70\x65\x72\x66\x5f\x63\x67\x72\x6f\x75\x70\0\x70\x65\x72\
\x66\x5f\x65\x76\x65\x6e\x74\x5f\x63\x6f\x6e\x74\x65\x78\x74\0\x70\x65\x72\x66\
\x5f\x65\x76\x65\x6e\x74\x5f\x70\x6d\x75\x5f\x63\x6f\x6e\x74\x65\x78\x74\0\x70\
\x65\x72\x66\x5f\x72\x61\x77\x5f\x72\x65\x63\x6f\x72\x64\0\x70\x69\x64\x5f\x6e\
\x61\x6d\x65\x73\x70\x61\x63\x65\0\x70\x69\x70\x65\x5f\x69\x6e\x6f\x64\x65\x5f\
\x69\x6e\x66\x6f\0\x70\x6f\x6c\x6c\x66\x64\0\x70\x74\x5f\x72\x65\x67\x73\0\x72\
\x63\x75\x5f\x6e\x6f\x64\x65\0\x72\x6f\x62\x75\x73\x74\x5f\x6c\x69\x73\x74\x5f\
\x68\x65\x61\x64\0\x72\x74\x5f\x6d\x75\x74\x65\x78\x5f\x77\x61\x69\x74\x65\x72\
\0\x73\x65\x63\x63\x6f\x6d\x70\x5f\x66\x69\x6c\x74\x65\x72\0\x73\x65\x6d\x5f\
\x75\x6e\x64\x6f\x5f\x6c\x69\x73\x74\0\x73\x69\x67\x68\x61\x6e\x64\x5f\x73\x74\
\x72\x75\x63\x74\0\x73\x69\x67\x6e\x61\x6c\x5f\x73\x74\x72\x75\x63\x74\0\x74\
\x61\x73\x6b\x5f\x67\x72\x6f\x75\x70\0\x74\x72\x61\x63\x65\x5f\x65\x76\x65\x6e\
\x74\x5f\x63\x61\x6c\x6c\0\x75\x70\x72\x6f\x62\x65\x5f\x74\x61\x73\x6b\0\x76\
\x6d\x5f\x73\x74\x72\x75\x63\x74\0\x9f\xeb\x01\0\x20\0\0\0\0\0\0\0\x34\0\0\0\
\x34\0\0\0\x2c\x08\0\0\x60\x08\0\0\xac\0\0\0\x08\0\0\0\x47\x01\0\0\x01\0\0\0\0\
\0\0\0\x2d\0\0\0\xb8\x27\0\0\x01\0\0\0\0\0\0\0\x5b\x01\0\0\xb9\x2e\0\0\x01\0\0\
\0\0\0\0\0\x5e\x01\0\0\x10\0\0\0\x47\x01\0\0\x10\0\0\0\0\0\0\0\x68\x01\0\0\x9b\
\x01\0\0\0\x1c\x01\0\x08\0\0\0\x68\x01\0\0\xdc\x01\0\0\x17\x24\x01\0\x10\0\0\0\
\x68\x01\0\0\xdc\x01\0\0\x0c\x24\x01\0\x18\0\0\0\x68\x01\0\0\x0e\x02\0\0\x09\
\x30\x01\0\x30\0\0\0\x68\x01\0\0\x0e\x02\0\0\x09\x30\x01\0\x38\0\0\0\x68\x01\0\
\0\x28\x02\0\0\x3a\x38\x01\0\x60\0\0\0\x68\x01\0\0\x94\x26\0\0\x14\x3c\x01\0\
\x98\0\0\0\x68\x01\0\0\x28\x02\0\0\x3a\x38\x01\0\xa0\0\0\0\x68\x01\0\0\x94\x26\
\0\0\x14\x3c\x01\0\xb0\0\0\0\x68\x01\0\0\x94\x26\0\0\x14\x3c\x01\0\xb8\0\0\0\
\x68\x01\0\0\xd4\x26\0\0\x15\x40\x01\0\xc8\0\0\0\x68\x01\0\0\xfb\x26\0\0\x3c\
\x68\x01\0\xd0\0\0\0\x68\x01\0\0\xfb\x26\0\0\x1c\x68\x01\0\xe0\0\0\0\x68\x01\0\
\0\0\0\0\0\0\0\0\0\xf8\0\0\0\x68\x01\0\0\x44\x27\0\0\x05\x6c\x01\0\x18\x01\0\0\
\x68\x01\0\0\x84\x27\0\0\x01\x78\x01\0\xb8\x27\0\0\x3e\0\0\0\0\0\0\0\x68\x01\0\
\0\xd8\x27\0\0\0\x84\x01\0\x08\0\0\0\x68\x01\0\0\xdc\x01\0\0\x17\x8c\x01\0\x10\
\0\0\0\x68\x01\0\0\xdc\x01\0\0\x0c\x8c\x01\0\x20\0\0\0\x68\x01\0\0\x1b\x28\0\0\
\x21\x90\x01\0\x28\0\0\0\x68\x01\0\0\x1b\x28\0\0\x1c\x90\x01\0\x48\0\0\0\x68\
\x01\0\0\x40\x28\0\0\x09\x98\x01\0\x58\0\0\0\x68\x01\0\0\0\0\0\0\0\0\0\0\x60\0\
\0\0\x68\x01\0\0\x5f\x28\0\0\x25\xb0\x01\0\x78\0\0\0\x68\x01\0\0\xaf\x28\0\0\
\x09\xb4\x01\0\x80\0\0\0\x68\x01\0\0\xc8\x28\0\0\x23\xdc\x01\0\x98\0\0\0\x68\
\x01\0\0\xf7\x28\0\0\x1c\xe0\x01\0\xa0\0\0\0\x68\x01\0\0\x1c\x29\0\0\x18\xe8\
\x01\0\xb0\0\0\0\x68\x01\0\0\x41\x29\0\0\x12\xf4\x01\0\xc8\0\0\0\x68\x01\0\0\0\
\0\0\0\0\0\0\0\xd0\0\0\0\x68\x01\0\0\x5c\x29\0\0\x1b\xf8\x01\0\xf0\0\0\0\x68\
\x01\0\0\xa7\x29\0\0\x09\xfc\x01\0\xf8\0\0\0\x68\x01\0\0\xbb\x29\0\0\x10\x04\
\x02\0\0\x01\0\0\x68\x01\0\0\xbb\x29\0\0\x0e\x04\x02\0\x30\x01\0\0\x68\x01\0\0\
\0\0\0\0\0\0\0\0\x48\x01\0\0\x68\x01\0\0\xd2\x29\0\0\x09\x84\x02\0\x68\x01\0\0\
\x68\x01\0\0\x19\x2a\0\0\x11\x90\x02\0\x70\x01\0\0\x68\x01\0\0\x19\x2a\0\0\x0e\
\x90\x02\0\x88\x01\0\0\x68\x01\0\0\x33\x2a\0\0\x1f\x10\x02\0\xa8\x01\0\0\x68\
\x01\0\0\x33\x2a\0\0\x05\x10\x02\0\xb0\x01\0\0\x68\x01\0\0\x55\x2a\0\0\x0e\xa4\
\x02\0\xc0\x01\0\0\x68\x01\0\0\x55\x2a\0\0\x09\xa4\x02\0\xd0\x01\0\0\x68\x01\0\
\0\0\0\0\0\0\0\0\0\xe8\x01\0\0\x68\x01\0\0\x8e\x2a\0\0\x09\xac\x02\0\x08\x02\0\
\0\x68\x01\0\0\xd7\x2a\0\0\x09\xb0\x02\0\x38\x02\0\0\x68\x01\0\0\x1b\x28\0\0\
\x1c\x90\x01\0\x50\x02\0\0\x68\x01\0\0\x0d\x2b\0\0\x12\x18\x02\0\x68\x02\0\0\
\x68\x01\0\0\x0d\x2b\0\0\x0d\x18\x02\0\x70\x02\0\0\x68\x01\0\0\x33\x2b\0\0\x34\
\x28\x02\0\x80\x02\0\0\x68\x01\0\0\x33\x2b\0\0\x0e\x28\x02\0\xa0\x02\0\0\x68\
\x01\0\0\x33\x2b\0\0\x34\x28\x02\0\xa8\x02\0\0\x68\x01\0\0\xa1\x2b\0\0\x09\x2c\
\x02\0\xb8\x02\0\0\x68\x01\0\0\xec\x2b\0\0\x3d\x30\x02\0\xd0\x02\0\0\x68\x01\0\
\0\xec\x2b\0\0\x09\x30\x02\0\xe0\x02\0\0\x68\x01\0\0\x33\x2b\0\0\x34\x28\x02\0\
\xe8\x02\0\0\x68\x01\0\0\xec\x2b\0\0\x09\x30\x02\0\xf8\x02\0\0\x68\x01\0\0\x3b\
\x2c\0\0\x19\x3c\x02\0\x10\x03\0\0\x68\x01\0\0\x3b\x2c\0\0\x09\x3c\x02\0\x30\
\x03\0\0\x68\x01\0\0\0\0\0\0\0\0\0\0\x38\x03\0\0\x68\x01\0\0\x69\x2c\0\0\x11\
\x44\x02\0\x40\x03\0\0\x68\x01\0\0\x69\x2c\0\0\x20\x44\x02\0\x60\x03\0\0\x68\
\x01\0\0\x69\x2c\0\0\x11\x44\x02\0\x68\x03\0\0\x68\x01\0\0\x69\x2c\0\0\x11\x44\
\x02\0\x70\x03\0\0\x68\x01\0\0\x3b\x2c\0\0\x2b\x3c\x02\0\x78\x03\0\0\x68\x01\0\
\0\x3b\x2c\0\0\x19\x3c\x02\0\x80\x03\0\0\x68\x01\0\0\x3b\x2c\0\0\x17\x3c\x02\0\
\x90\x03\0\0\x68\x01\0\0\x3b\x2c\0\0\x09\x3c\x02\0\x98\x03\0\0\x68\x01\0\0\x98\
\x2c\0\0\x12\x5c\x02\0\xa0\x03\0\0\x68\x01\0\0\x98\x2c\0\0\x0f\x5c\x02\0\xb0\
\x03\0\0\x68\x01\0\0\x98\x2c\0\0\x0d\x5c\x02\0\xc0\x03\0\0\x68\x01\0\0\0\0\0\0\
\0\0\0\0\xc8\x03\0\0\x68\x01\0\0\xba\x2c\0\0\x0d\x74\x02\0\xe8\x03\0\0\x68\x01\
\0\0\x6f\x2d\0\0\x0d\x78\x02\0\x10\x04\0\0\x68\x01\0\0\x04\x2e\0\0\x0d\x7c\x02\
\0\x48\x04\0\0\x68\x01\0\0\0\0\0\0\0\0\0\0\x50\x04\0\0\x68\x01\0\0\x3e\x2e\0\0\
\x05\xb8\x02\0\x70\x04\0\0\x68\x01\0\0\x73\x2e\0\0\x05\xbc\x02\0\x90\x04\0\0\
\x68\x01\0\0\x84\x27\0\0\x01\xc8\x02\0\xb9\x2e\0\0\x33\0\0\0\0\0\0\0\x68\x01\0\
\0\xdc\x01\0\0\x17\xe0\x02\0\x08\0\0\0\x68\x01\0\0\xdc\x01\0\0\x0c\xe0\x02\0\
\x18\0\0\0\x68\x01\0\0\0\0\0\0\0\0\0\0\x20\0\0\0\x68\x01\0\0\xc3\x2e\0\0\x25\
\xe4\x02\0\x38\0\0\0\x68\x01\0\0\xaf\x28\0\0\x09\xe8\x02\0\x40\0\0\0\x68\x01\0\
\0\xc8\x28\0\0\x23\x08\x03\0\x50\0\0\0\x68\x01\0\0\x79\x2f\0\0\x18\x10\x03\0\
\x80\0\0\0\x68\x01\0\0\0\0\0\0\0\0\0\0\x88\0\0\0\x68\x01\0\0\xa7\x2f\0\0\x05\
\x14\x03\0\xa0\0\0\0\x68\x01\0\0\x09\x30\0\0\x49\x1c\x03\0\xa8\0\0\0\x68\x01\0\
\0\x1c\x29\0\0\x18\x20\x03\0\xb0\0\0\0\x68\x01\0\0\x09\x30\0\0\x47\x1c\x03\0\
\xd8\0\0\0\x68\x01\0\0\0\0\0\0\0\0\0\0\xe0\0\0\0\x68\x01\0\0\x96\x30\0\0\x05\
\x24\x03\0\0\x01\0\0\x68\x01\0\0\xdd\x30\0\0\x28\x34\x03\0\x10\x01\0\0\x68\x01\
\0\0\xdd\x30\0\0\x05\x34\x03\0\x20\x01\0\0\x68\x01\0\0\0\0\0\0\0\0\0\0\x28\x01\
\0\0\x68\x01\0\0\xdd\x30\0\0\x05\x34\x03\0\x40\x01\0\0\x68\x01\0\0\xdd\x30\0\0\
\x28\x34\x03\0\x50\x01\0\0\x68\x01\0\0\x2d\x31\0\0\x0e\x38\x03\0\x58\x01\0\0\
\x68\x01\0\0\x2d\x31\0\0\x1e\x38\x03\0\x70\x01\0\0\x68\x01\0\0\x2d\x31\0\0\x05\
\x38\x03\0\x90\x01\0\0\x68\x01\0\0\x2d\x31\0\0\x23\x38\x03\0\xa0\x01\0\0\x68\
\x01\0\0\x57\x31\0\0\x05\x3c\x03\0\xd8\x01\0\0\x68\x01\0\0\x96\x31\0\0\x05\x40\
\x03\0\xe0\x01\0\0\x68\x01\0\0\xdd\x30\0\0\x28\x34\x03\0\xf0\x01\0\0\x68\x01\0\
\0\x96\x31\0\0\x05\x40\x03\0\x08\x02\0\0\x68\x01\0\0\x2d\x31\0\0\x0e\x44\x03\0\
\x10\x02\0\0\x68\x01\0\0\x2d\x31\0\0\x1e\x44\x03\0\x18\x02\0\0\x68\x01\0\0\x2d\
\x31\0\0\x05\x44\x03\0\x48\x02\0\0\x68\x01\0\0\x2d\x31\0\0\x23\x44\x03\0\x58\
\x02\0\0\x68\x01\0\0\xdd\x31\0\0\x05\x48\x03\0\x80\x02\0\0\x68\x01\0\0\x1c\x32\
\0\0\x27\x54\x03\0\x88\x02\0\0\x68\x01\0\0\x1c\x32\0\0\x3b\x54\x03\0\x90\x02\0\
\0\x68\x01\0\0\x1c\x32\0\0\x39\x54\x03\0\x98\x02\0\0\x68\x01\0\0\x1c\x32\0\0\
\x18\x54\x03\0\xa8\x02\0\0\x68\x01\0\0\0\0\0\0\0\0\0\0\xb0\x02\0\0\x68\x01\0\0\
\x60\x32\0\0\x10\x58\x03\0\xd0\x02\0\0\x68\x01\0\0\xc4\x32\0\0\x09\x68\x03\0\0\
\x03\0\0\x68\x01\0\0\xf5\x32\0\0\x09\x6c\x03\0\x10\x03\0\0\x68\x01\0\0\0\x33\0\
\0\x1b\x74\x03\0\x20\x03\0\0\x68\x01\0\0\0\x33\0\0\x14\x74\x03\0\x28\x03\0\0\
\x68\x01\0\0\x21\x33\0\0\x13\x78\x03\0\x30\x03\0\0\x68\x01\0\0\x21\x33\0\0\x1c\
\x78\x03\0\x38\x03\0\0\x68\x01\0\0\x21\x33\0\0\x10\x78\x03\0\x40\x03\0\0\x68\
\x01\0\0\x44\x33\0\0\x22\x7c\x03\0\x50\x03\0\0\x68\x01\0\0\x44\x33\0\0\x09\x7c\
\x03\0\x60\x03\0\0\x68\x01\0\0\x7d\x33\0\0\x09\x80\x03\0\x80\x03\0\0\x68\x01\0\
\0\0\0\0\0\0\0\0\0\x88\x03\0\0\x68\x01\0\0\x9f\x33\0\0\x05\x8c\x03\0\xa0\x03\0\
\0\x68\x01\0\0\x84\x27\0\0\x01\x94\x03\0\x10\0\0\0\x47\x01\0\0\x03\0\0\0\x40\0\
\0\0\x2e\0\0\0\x8f\x26\0\0\0\0\0\0\x78\0\0\0\x2e\0\0\0\xcf\x26\0\0\0\0\0\0\xc8\
\0\0\0\x24\0\0\0\xf5\x26\0\0\0\0\0\0\xb8\x27\0\0\x03\0\0\0\x20\0\0\0\x59\x01\0\
\0\x17\x28\0\0\0\0\0\0\x88\x02\0\0\x5c\x01\0\0\x17\x28\0\0\0\0\0\0\xc0\x02\0\0\
\x5c\x01\0\0\x37\x2c\0\0\0\0\0\0\xb9\x2e\0\0\x03\0\0\0\x60\0\0\0\x5c\x01\0\0\
\x17\x28\0\0\0\0\0\0\xf0\0\0\0\x5c\x01\0\0\x37\x2c\0\0\0\0\0\0\xc8\x01\0\0\x5c\
\x01\0\0\x37\x2c\0\0\0\0\0\0\0\0\0\0\0\0\0\0\0\0\0\0\0\0\0\0\0\0\0\0\0\0\0\0\0\
\0\0\0\x03\0\x03\0\0\0\0\0\0\0\0\0\0\0\0\0\0\0\0\0\xb8\x01\0\0\0\0\x03\0\xc8\0\
\0\0\0\0\0\0\0\0\0\0\0\0\0\0\xa9\x01\0\0\0\0\x03\0\x18\x01\0\0\0\0\0\0\0\0\0\0\
\0\0\0\0\0\0\0\0\x03\0\x05\0\0\0\0\0\0\0\0\0\0\0\0\0\0\0\0\0\x34\x01\0\0\0\0\
\x05\0\x90\x04\0\0\0\0\0\0\0\0\0\0\0\0\0\0\x59\x01\0\0\0\0\x05\0\x08\x01\0\0\0\
\0\0\0\0\0\0\0\0\0\0\0\x43\x01\0\0\0\0\x05\0\x38\x02\0\0\0\0\0\0\0\0\0\0\0\0\0\
\0\xbf\x01\0\0\0\0\x05\0\x28\x01\0\0\0\0\0\0\0\0\0\0\0\0\0\0\xb0\x01\0\0\0\0\
\x05\0\xb0\x01\0\0\0\0\0\0\0\0\0\0\0\0\0\0\x4a\x01\0\0\0\0\x05\0\x40\x04\0\0\0\
\0\0\0\0\0\0\0\0\0\0\0\xe7\x01\0\0\0\0\x05\0\x98\x03\0\0\0\0\0\0\0\0\0\0\0\0\0\
\0\x26\x01\0\0\0\0\x05\0\x28\x03\0\0\0\0\0\0\0\0\0\0\0\0\0\0\0\0\0\0\x03\0\x07\
\0\0\0\0\0\0\0\0\0\0\0\0\0\0\0\0\0\x2d\x01\0\0\0\0\x07\0\xa0\x03\0\0\0\0\0\0\0\
\0\0\0\0\0\0\0\x23\0\0\0\x01\0\x0a\0\x18\0\0\0\0\0\0\0\x21\0\0\0\0\0\0\0\xc7\
\x01\0\0\x01\0\x0a\0\x39\0\0\0\0\0\0\0\x21\0\0\0\0\0\0\0\x3c\x01\0\0\0\0\x07\0\
\x78\x03\0\0\0\0\0\0\0\0\0\0\0\0\0\0\x52\x01\0\0\0\0\x07\0\x20\x03\0\0\0\0\0\0\
\0\0\0\0\0\0\0\0\0\0\0\0\x03\0\x0a\0\0\0\0\0\0\0\0\0\0\0\0\0\0\0\0\0\x66\0\0\0\
\x12\0\x03\0\0\0\0\0\0\0\0\0\x28\x01\0\0\0\0\0\0\xd1\0\0\0\x11\0\x0a\0\0\0\0\0\
\0\0\0\0\x04\0\0\0\0\0\0\0\x5c\0\0\0\x11\0\x0b\0\0\0\0\0\0\0\0\0\x20\0\0\0\0\0\
\0\0\x41\0\0\0\x12\0\x05\0\0\0\0\0\0\0\0\0\xa0\x04\0\0\0\0\0\0\xeb\0\0\0\x11\0\
\x0b\0\x20\0\0\0\0\0\0\0\x20\0\0\0\0\0\0\0\x7c\0\0\0\x11\0\x0a\0\x04\0\0\0\0\0\
\0\0\x04\0\0\0\0\0\0\0\xa2\0\0\0\x11\0\x0b\0\x60\0\0\0\0\0\0\0\x20\0\0\0\0\0\0\
\0\x01\0\0\0\x11\0\x0b\0\x40\0\0\0\0\0\0\0\x20\0\0\0\0\0\0\0\xc5\0\0\0\x11\0\
\x0a\0\x08\0\0\0\0\0\0\0\x10\0\0\0\0\0\0\0\x8c\0\0\0\x12\0\x07\0\0\0\0\0\0\0\0\
\0\xb0\x03\0\0\0\0\0\0\xfa\0\0\0\x11\0\x0b\0\x80\0\0\0\0\0\0\0\x10\0\0\0\0\0\0\
\0\x1e\x01\0\0\x11\0\x09\0\0\0\0\0\0\0\0\0\x0d\0\0\0\0\0\0\0\x18\0\0\0\0\0\0\0\
\x01\0\0\0\x15\0\0\0\xf8\0\0\0\0\0\0\0\x01\0\0\0\x16\0\0\0\x60\0\0\0\0\0\0\0\
\x01\0\0\0\x16\0\0\0\xd0\0\0\0\0\0\0\0\x01\0\0\0\x18\0\0\0\x08\x01\0\0\0\0\0\0\
\x01\0\0\0\x19\0\0\0\x48\x01\0\0\0\0\0\0\x01\0\0\0\x1a\0\0\0\xe8\x01\0\0\0\0\0\
\0\x01\0\0\0\x18\0\0\0\x10\x02\0\0\0\0\0\0\x01\0\0\0\x1b\0\0\0\x40\x03\0\0\0\0\
\0\0\x01\0\0\0\x1c\0\0\0\xc8\x03\0\0\0\0\0\0\x01\0\0\0\x18\0\0\0\xe8\x03\0\0\0\
\0\0\0\x01\0\0\0\x16\0\0\0\x18\x04\0\0\0\0\0\0\x01\0\0\0\x1b\0\0\0\x50\x04\0\0\
\0\0\0\0\x01\0\0\0\x18\0\0\0\x70\x04\0\0\0\0\0\0\x01\0\0\0\x16\0\0\0\x20\0\0\0\
\0\0\0\0\x01\0\0\0\x1a\0\0\0\0\x01\0\0\0\0\0\0\x01\0\0\0\x19\0\0\0\x40\x01\0\0\
\0\0\0\0\x01\0\0\0\x19\0\0\0\xa0\x01\0\0\0\0\0\0\x01\0\0\0\x13\0\0\0\xe0\x01\0\
\0\0\0\0\0\x01\0\0\0\x19\0\0\0\x58\x02\0\0\0\0\0\0\x01\0\0\0\x13\0\0\0\xd0\x02\
\0\0\0\0\0\0\x01\0\0\0\x1e\0\0\0\x88\x03\0\0\0\0\0\0\x01\0\0\0\x1a\0\0\0\x04\
\x3b\0\0\0\0\0\0\x04\0\0\0\x16\0\0\0\x10\x3b\0\0\0\0\0\0\x04\0\0\0\x18\0\0\0\
\x1c\x3b\0\0\0\0\0\0\x04\0\0\0\x1b\0\0\0\x28\x3b\0\0\0\0\0\0\x04\0\0\0\x1a\0\0\
\0\x34\x3b\0\0\0\0\0\0\x04\0\0\0\x1e\0\0\0\x4c\x3b\0\0\0\0\0\0\x03\0\0\0\x15\0\
\0\0\x58\x3b\0\0\0\0\0\0\x03\0\0\0\x19\0\0\0\x64\x3b\0\0\0\0\0\0\x03\0\0\0\x1c\
\0\0\0\x70\x3b\0\0\0\0\0\0\x03\0\0\0\x13\0\0\0\x7c\x3b\0\0\0\0\0\0\x03\0\0\0\
\x13\0\0\0\x94\x3b\0\0\0\0\0\0\x04\0\0\0\x1f\0\0\0\x2c\0\0\0\0\0\0\0\x04\0\0\0\
\x01\0\0\0\x3c\0\0\0\0\0\0\0\x04\0\0\0\x04\0\0\0\x4c\0\0\0\0\0\0\0\x04\0\0\0\
\x0d\0\0\0\x60\0\0\0\0\0\0\0\x04\0\0\0\x01\0\0\0\x70\0\0\0\0\0\0\0\x04\0\0\0\
\x01\0\0\0\x80\0\0\0\0\0\0\0\x04\0\0\0\x01\0\0\0\x90\0\0\0\0\0\0\0\x04\0\0\0\
\x01\0\0\0\xa0\0\0\0\0\0\0\0\x04\0\0\0\x01\0\0\0\xb0\0\0\0\0\0\0\0\x04\0\0\0\
\x01\0\0\0\xc0\0\0\0\0\0\0\0\x04\0\0\0\x01\0\0\0\xd0\0\0\0\0\0\0\0\x04\0\0\0\
\x01\0\0\0\xe0\0\0\0\0\0\0\0\x04\0\0\0\x01\0\0\0\xf0\0\0\0\0\0\0\0\x04\0\0\0\
\x01\0\0\0\0\x01\0\0\0\0\0\0\x04\0\0\0\x01\0\0\0\x10\x01\0\0\0\0\0\0\x04\0\0\0\
\x01\0\0\0\x20\x01\0\0\0\0\0\0\x04\0\0\0\x01\0\0\0\x30\x01\0\0\0\0\0\0\x04\0\0\
\0\x01\0\0\0\x40\x01\0\0\0\0\0\0\x04\0\0\0\x01\0\0\0\x50\x01\0\0\0\0\0\0\x04\0\
\0\0\x01\0\0\0\x68\x01\0\0\0\0\0\0\x04\0\0\0\x04\0\0\0\x78\x01\0\0\0\0\0\0\x04\
\0\0\0\x04\0\0\0\x88\x01\0\0\0\0\0\0\x04\0\0\0\x04\0\0\0\x98\x01\0\0\0\0\0\0\
\x04\0\0\0\x04\0\0\0\xa8\x01\0\0\0\0\0\0\x04\0\0\0\x04\0\0\0\xb8\x01\0\0\0\0\0\
\0\x04\0\0\0\x04\0\0\0\xc8\x01\0\0\0\0\0\0\x04\0\0\0\x04\0\0\0\xd8\x01\0\0\0\0\
\0\0\x04\0\0\0\x04\0\0\0\xe8\x01\0\0\0\0\0\0\x04\0\0\0\x04\0\0\0\xf8\x01\0\0\0\
\0\0\0\x04\0\0\0\x04\0\0\0\x08\x02\0\0\0\0\0\0\x04\0\0\0\x04\0\0\0\x18\x02\0\0\
\0\0\0\0\x04\0\0\0\x04\0\0\0\x28\x02\0\0\0\0\0\0\x04\0\0\0\x04\0\0\0\x38\x02\0\
\0\0\0\0\0\x04\0\0\0\x04\0\0\0\x48\x02\0\0\0\0\0\0\x04\0\0\0\x04\0\0\0\x58\x02\
\0\0\0\0\0\0\x04\0\0\0\x04\0\0\0\x68\x02\0\0\0\0\0\0\x04\0\0\0\x04\0\0\0\x78\
\x02\0\0\0\0\0\0\x04\0\0\0\x04\0\0\0\x88\x02\0\0\0\0\0\0\x04\0\0\0\x04\0\0\0\
\x98\x02\0\0\0\0\0\0\x04\0\0\0\x04\0\0\0\xa8\x02\0\0\0\0\0\0\x04\0\0\0\x04\0\0\
\0\xb8\x02\0\0\0\0\0\0\x04\0\0\0\x04\0\0\0\xc8\x02\0\0\0\0\0\0\x04\0\0\0\x04\0\
\0\0\xd8\x02\0\0\0\0\0\0\x04\0\0\0\x04\0\0\0\xe8\x02\0\0\0\0\0\0\x04\0\0\0\x04\
\0\0\0\xf8\x02\0\0\0\0\0\0\x04\0\0\0\x04\0\0\0\x08\x03\0\0\0\0\0\0\x04\0\0\0\
\x04\0\0\0\x18\x03\0\0\0\0\0\0\x04\0\0\0\x04\0\0\0\x28\x03\0\0\0\0\0\0\x04\0\0\
\0\x04\0\0\0\x38\x03\0\0\0\0\0\0\x04\0\0\0\x04\0\0\0\x48\x03\0\0\0\0\0\0\x04\0\
\0\0\x04\0\0\0\x58\x03\0\0\0\0\0\0\x04\0\0\0\x04\0\0\0\x68\x03\0\0\0\0\0\0\x04\
\0\0\0\x04\0\0\0\x78\x03\0\0\0\0\0\0\x04\0\0\0\x04\0\0\0\x88\x03\0\0\0\0\0\0\
\x04\0\0\0\x04\0\0\0\x98\x03\0\0\0\0\0\0\x04\0\0\0\x04\0\0\0\xa8\x03\0\0\0\0\0\
\0\x04\0\0\0\x04\0\0\0\xb8\x03\0\0\0\0\0\0\x04\0\0\0\x04\0\0\0\xc8\x03\0\0\0\0\
\0\0\x04\0\0\0\x04\0\0\0\xd8\x03\0\0\0\0\0\0\x04\0\0\0\x04\0\0\0\xe8\x03\0\0\0\
\0\0\0\x04\0\0\0\x04\0\0\0\xf8\x03\0\0\0\0\0\0\x04\0\0\0\x04\0\0\0\x08\x04\0\0\
\0\0\0\0\x04\0\0\0\x04\0\0\0\x18\x04\0\0\0\0\0\0\x04\0\0\0\x04\0\0\0\x28\x04\0\
\0\0\0\0\0\x04\0\0\0\x04\0\0\0\x38\x04\0\0\0\0\0\0\x04\0\0\0\x04\0\0\0\x48\x04\
\0\0\0\0\0\0\x04\0\0\0\x04\0\0\0\x58\x04\0\0\0\0\0\0\x04\0\0\0\x04\0\0\0\x68\
\x04\0\0\0\0\0\0\x04\0\0\0\x04\0\0\0\x78\x04\0\0\0\0\0\0\x04\0\0\0\x04\0\0\0\
\x88\x04\0\0\0\0\0\0\x04\0\0\0\x04\0\0\0\x98\x04\0\0\0\0\0\0\x04\0\0\0\x04\0\0\
\0\xa8\x04\0\0\0\0\0\0\x04\0\0\0\x04\0\0\0\xb8\x04\0\0\0\0\0\0\x04\0\0\0\x04\0\
\0\0\xc8\x04\0\0\0\0\0\0\x04\0\0\0\x04\0\0\0\xd8\x04\0\0\0\0\0\0\x04\0\0\0\x04\
\0\0\0\xe8\x04\0\0\0\0\0\0\x04\0\0\0\x04\0\0\0\xf8\x04\0\0\0\0\0\0\x04\0\0\0\
\x04\0\0\0\x08\x05\0\0\0\0\0\0\x04\0\0\0\x04\0\0\0\x18\x05\0\0\0\0\0\0\x04\0\0\
\0\x04\0\0\0\x28\x05\0\0\0\0\0\0\x04\0\0\0\x04\0\0\0\x38\x05\0\0\0\0\0\0\x04\0\
\0\0\x04\0\0\0\x50\x05\0\0\0\0\0\0\x04\0\0\0\x0d\0\0\0\x60\x05\0\0\0\0\0\0\x04\
\0\0\0\x0d\0\0\0\x70\x05\0\0\0\0\0\0\x04\0\0\0\x0d\0\0\0\x80\x05\0\0\0\0\0\0\
\x04\0\0\0\x0d\0\0\0\x90\x05\0\0\0\0\0\0\x04\0\0\0\x0d\0\0\0\xa0\x05\0\0\0\0\0\
\0\x04\0\0\0\x0d\0\0\0\xb0\x05\0\0\0\0\0\0\x04\0\0\0\x0d\0\0\0\xc0\x05\0\0\0\0\
\0\0\x04\0\0\0\x0d\0\0\0\xd0\x05\0\0\0\0\0\0\x04\0\0\0\x0d\0\0\0\xe0\x05\0\0\0\
\0\0\0\x04\0\0\0\x0d\0\0\0\xf0\x05\0\0\0\0\0\0\x04\0\0\0\x0d\0\0\0\0\x06\0\0\0\
\0\0\0\x04\0\0\0\x0d\0\0\0\x10\x06\0\0\0\0\0\0\x04\0\0\0\x0d\0\0\0\x20\x06\0\0\
\0\0\0\0\x04\0\0\0\x0d\0\0\0\x30\x06\0\0\0\0\0\0\x04\0\0\0\x0d\0\0\0\x40\x06\0\
\0\0\0\0\0\x04\0\0\0\x0d\0\0\0\x50\x06\0\0\0\0\0\0\x04\0\0\0\x0d\0\0\0\x60\x06\
\0\0\0\0\0\0\x04\0\0\0\x0d\0\0\0\x70\x06\0\0\0\0\0\0\x04\0\0\0\x0d\0\0\0\x80\
\x06\0\0\0\0\0\0\x04\0\0\0\x0d\0\0\0\x90\x06\0\0\0\0\0\0\x04\0\0\0\x0d\0\0\0\
\xa0\x06\0\0\0\0\0\0\x04\0\0\0\x0d\0\0\0\xb0\x06\0\0\0\0\0\0\x04\0\0\0\x0d\0\0\
\0\xc0\x06\0\0\0\0\0\0\x04\0\0\0\x0d\0\0\0\xd0\x06\0\0\0\0\0\0\x04\0\0\0\x0d\0\
\0\0\xe0\x06\0\0\0\0\0\0\x04\0\0\0\x0d\0\0\0\xf0\x06\0\0\0\0\0\0\x04\0\0\0\x0d\
\0\0\0\0\x07\0\0\0\0\0\0\x04\0\0\0\x0d\0\0\0\x10\x07\0\0\0\0\0\0\x04\0\0\0\x0d\
\0\0\0\x20\x07\0\0\0\0\0\0\x04\0\0\0\x0d\0\0\0\x30\x07\0\0\0\0\0\0\x04\0\0\0\
\x0d\0\0\0\x40\x07\0\0\0\0\0\0\x04\0\0\0\x0d\0\0\0\x50\x07\0\0\0\0\0\0\x04\0\0\
\0\x0d\0\0\0\x60\x07\0\0\0\0\0\0\x04\0\0\0\x0d\0\0\0\x70\x07\0\0\0\0\0\0\x04\0\
\0\0\x0d\0\0\0\x80\x07\0\0\0\0\0\0\x04\0\0\0\x0d\0\0\0\x90\x07\0\0\0\0\0\0\x04\
\0\0\0\x0d\0\0\0\xa0\x07\0\0\0\0\0\0\x04\0\0\0\x0d\0\0\0\xb0\x07\0\0\0\0\0\0\
\x04\0\0\0\x0d\0\0\0\xc0\x07\0\0\0\0\0\0\x04\0\0\0\x0d\0\0\0\xd0\x07\0\0\0\0\0\
\0\x04\0\0\0\x0d\0\0\0\xe0\x07\0\0\0\0\0\0\x04\0\0\0\x0d\0\0\0\xf0\x07\0\0\0\0\
\0\0\x04\0\0\0\x0d\0\0\0\0\x08\0\0\0\0\0\0\x04\0\0\0\x0d\0\0\0\x10\x08\0\0\0\0\
\0\0\x04\0\0\0\x0d\0\0\0\x20\x08\0\0\0\0\0\0\x04\0\0\0\x0d\0\0\0\x30\x08\0\0\0\
\0\0\0\x04\0\0\0\x0d\0\0\0\x40\x08\0\0\0\0\0\0\x04\0\0\0\x0d\0\0\0\x50\x08\0\0\
\0\0\0\0\x04\0\0\0\x0d\0\0\0\x60\x08\0\0\0\0\0\0\x04\0\0\0\x0d\0\0\0\x70\x08\0\
\0\0\0\0\0\x04\0\0\0\x0d\0\0\0\x8c\x08\0\0\0\0\0\0\x04\0\0\0\x01\0\0\0\x9c\x08\
\0\0\0\0\0\0\x04\0\0\0\x01\0\0\0\xac\x08\0\0\0\0\0\0\x04\0\0\0\x01\0\0\0\xc4\
\x08\0\0\0\0\0\0\x04\0\0\0\x04\0\0\0\xd4\x08\0\0\0\0\0\0\x04\0\0\0\x04\0\0\0\
\xe4\x08\0\0\0\0\0\0\x04\0\0\0\x04\0\0\0\xfc\x08\0\0\0\0\0\0\x04\0\0\0\x0d\0\0\
\0\x0c\x09\0\0\0\0\0\0\x04\0\0\0\x0d\0\0\0\x1c\x09\0\0\0\0\0\0\x04\0\0\0\x0d\0\
\0\0\x1e\x21\x27\x29\x1f\x23\x26\x20\x22\x25\x24\x10\x11\x28\0\x6d\x61\x70\x5f\
\x70\x72\x6f\x67\x5f\x61\x72\x72\x61\x79\0\x2e\x74\x65\x78\x74\0\x2e\x72\x65\
\x6c\x2e\x42\x54\x46\x2e\x65\x78\x74\0\x68\x61\x6e\x64\x6c\x65\x5f\x67\x65\x74\
\x64\x65\x6e\x74\x73\x5f\x70\x61\x74\x63\x68\x2e\x5f\x5f\x5f\x5f\x66\x6d\x74\0\
\x68\x61\x6e\x64\x6c\x65\x5f\x67\x65\x74\x64\x65\x6e\x74\x73\x5f\x65\x78\x69\
\x74\0\x2e\x6d\x61\x70\x73\0\x6d\x61\x70\x5f\x62\x75\x66\x66\x73\0\x68\x61\x6e\
\x64\x6c\x65\x5f\x67\x65\x74\x64\x65\x6e\x74\x73\x5f\x65\x6e\x74\x65\x72\0\x70\
\x69\x64\x5f\x74\x6f\x5f\x68\x69\x64\x65\x5f\x6c\x65\x6e\0\x68\x61\x6e\x64\x6c\
\x65\x5f\x67\x65\x74\x64\x65\x6e\x74\x73\x5f\x70\x61\x74\x63\x68\0\x6d\x61\x70\
\x5f\x74\x6f\x5f\x70\x61\x74\x63\x68\0\x2e\x6c\x6c\x76\x6d\x5f\x61\x64\x64\x72\
\x73\x69\x67\0\x6c\x69\x63\x65\x6e\x73\x65\0\x70\x69\x64\x5f\x74\x6f\x5f\x68\
\x69\x64\x65\0\x74\x61\x72\x67\x65\x74\x5f\x70\x70\x69\x64\0\x2e\x72\x65\x6c\
\x74\x70\x2f\x75\x6e\x75\x73\x65\x64\0\x6d\x61\x70\x5f\x62\x79\x74\x65\x73\x5f\
\x72\x65\x61\x64\0\x72\x62\0\x2e\x73\x74\x72\x74\x61\x62\0\x2e\x73\x79\x6d\x74\
\x61\x62\0\x2e\x72\x6f\x64\x61\x74\x61\0\x2e\x72\x65\x6c\x2e\x42\x54\x46\0\x4c\
\x49\x43\x45\x4e\x53\x45\0\x4c\x42\x42\x31\x5f\x38\0\x4c\x42\x42\x32\x5f\x36\0\
\x4c\x42\x42\x31\x5f\x31\x36\0\x4c\x42\x42\x32\x5f\x35\0\x4c\x42\x42\x31\x5f\
\x35\0\x4c\x42\x42\x31\x5f\x31\x35\0\x4c\x42\x42\x32\x5f\x34\0\x4c\x42\x42\x31\
\x5f\x34\0\x2e\x72\x65\x6c\x74\x70\x2f\x73\x79\x73\x63\x61\x6c\x6c\x73\x2f\x73\
\x79\x73\x5f\x65\x78\x69\x74\x5f\x67\x65\x74\x64\x65\x6e\x74\x73\x36\x34\0\x2e\
\x72\x65\x6c\x74\x70\x2f\x73\x79\x73\x63\x61\x6c\x6c\x73\x2f\x73\x79\x73\x5f\
\x65\x6e\x74\x65\x72\x5f\x67\x65\x74\x64\x65\x6e\x74\x73\x36\x34\0\x4c\x42\x42\
\x30\x5f\x33\0\x4c\x42\x42\x31\x5f\x31\x33\0\x4c\x42\x42\x30\x5f\x32\0\x4c\x42\
\x42\x31\x5f\x31\x32\0\x68\x61\x6e\x64\x6c\x65\x5f\x67\x65\x74\x64\x65\x6e\x74\
\x73\x5f\x70\x61\x74\x63\x68\x2e\x5f\x5f\x5f\x5f\x66\x6d\x74\x2e\x31\0\x4c\x42\
\x42\x31\x5f\x31\x30\0\0\0\0\0\0\0\0\0\0\0\0\0\0\0\0\0\0\0\0\0\0\0\0\0\0\0\0\0\
\0\0\0\0\0\0\0\0\0\0\0\0\0\0\0\0\0\0\0\0\0\0\0\0\0\0\0\0\0\0\0\0\0\0\0\0\0\0\0\
\xfd\0\0\0\x03\0\0\0\0\0\0\0\0\0\0\0\0\0\0\0\0\0\0\0\x5e\x97\0\0\0\0\0\0\xef\
\x01\0\0\0\0\0\0\0\0\0\0\0\0\0\0\x01\0\0\0\0\0\0\0\0\0\0\0\0\0\0\0\x10\0\0\0\
\x01\0\0\0\x06\0\0\0\0\0\0\0\0\0\0\0\0\0\0\0\x40\0\0\0\0\0\0\0\0\0\0\0\0\0\0\0\
\0\0\0\0\0\0\0\0\x04\0\0\0\0\0\0\0\0\0\0\0\0\0\0\0\x88\x01\0\0\x01\0\0\0\x06\0\
\0\0\0\0\0\0\0\0\0\0\0\0\0\0\x40\0\0\0\0\0\0\0\x28\x01\0\0\0\0\0\0\0\0\0\0\0\0\
\0\0\x08\0\0\0\0\0\0\0\0\0\0\0\0\0\0\0\x84\x01\0\0\x09\0\0\0\x40\0\0\0\0\0\0\0\
\0\0\0\0\0\0\0\0\x70\x8c\0\0\0\0\0\0\x20\0\0\0\0\0\0\0\x11\0\0\0\x03\0\0\0\x08\
\0\0\0\0\0\0\0\x10\0\0\0\0\0\0\0\x64\x01\0\0\x01\0\0\0\x06\0\0\0\0\0\0\0\0\0\0\
\0\0\0\0\0\x68\x01\0\0\0\0\0\0\xa0\x04\0\0\0\0\0\0\0\0\0\0\0\0\0\0\x08\0\0\0\0\
\0\0\0\0\0\0\0\0\0\0\0\x60\x01\0\0\x09\0\0\0\x40\0\0\0\0\0\0\0\0\0\0\0\0\0\0\0\
\x90\x8c\0\0\0\0\0\0\xc0\0\0\0\0\0\0\0\x11\0\0\0\x05\0\0\0\x08\0\0\0\0\0\0\0\
\x10\0\0\0\0\0\0\0\xe1\0\0\0\x01\0\0\0\x06\0\0\0\0\0\0\0\0\0\0\0\0\0\0\0\x08\
\x06\0\0\0\0\0\0\xb0\x03\0\0\0\0\0\0\0\0\0\0\0\0\0\0\x08\0\0\0\0\0\0\0\0\0\0\0\
\0\0\0\0\xdd\0\0\0\x09\0\0\0\x40\0\0\0\0\0\0\0\0\0\0\0\0\0\0\0\x50\x8d\0\0\0\0\
\0\0\x80\0\0\0\0\0\0\0\x11\0\0\0\x07\0\0\0\x08\0\0\0\0\0\0\0\x10\0\0\0\0\0\0\0\
\xbd\0\0\0\x01\0\0\0\x03\0\0\0\0\0\0\0\0\0\0\0\0\0\0\0\xb8\x09\0\0\0\0\0\0\x0d\
\0\0\0\0\0\0\0\0\0\0\0\0\0\0\0\x01\0\0\0\0\0\0\0\0\0\0\0\0\0\0\0\x0d\x01\0\0\
\x01\0\0\0\x02\0\0\0\0\0\0\0\0\0\0\0\0\0\0\0\xc8\x09\0\0\0\0\0\0\x5a\0\0\0\0\0\
\0\0\0\0\0\0\0\0\0\0\x04\0\0\0\0\0\0\0\0\0\0\0\0\0\0\0\x56\0\0\0\x01\0\0\0\x03\
\0\0\0\0\0\0\0\0\0\0\0\0\0\0\0\x28\x0a\0\0\0\0\0\0\x90\0\0\0\0\0\0\0\0\0\0\0\0\
\0\0\0\x08\0\0\0\0\0\0\0\0\0\0\0\0\0\0\0\x19\x01\0\0\x01\0\0\0\0\0\0\0\0\0\0\0\
\0\0\0\0\0\0\0\0\xb8\x0a\0\0\0\0\0\0\x8c\x75\0\0\0\0\0\0\0\0\0\0\0\0\0\0\x04\0\
\0\0\0\0\0\0\0\0\0\0\0\0\0\0\x15\x01\0\0\x09\0\0\0\x40\0\0\0\0\0\0\0\0\0\0\0\0\
\0\0\0\xd0\x8d\0\0\0\0\0\0\xb0\0\0\0\0\0\0\0\x11\0\0\0\x0c\0\0\0\x08\0\0\0\0\0\
\0\0\x10\0\0\0\0\0\0\0\x1a\0\0\0\x01\0\0\0\0\0\0\0\0\0\0\0\0\0\0\0\0\0\0\0\x44\
\x80\0\0\0\0\0\0\x2c\x09\0\0\0\0\0\0\0\0\0\0\0\0\0\0\x04\0\0\0\0\0\0\0\0\0\0\0\
\0\0\0\0\x16\0\0\0\x09\0\0\0\x40\0\0\0\0\0\0\0\0\0\0\0\0\0\0\0\x80\x8e\0\0\0\0\
\0\0\xd0\x08\0\0\0\0\0\0\x11\0\0\0\x0e\0\0\0\x08\0\0\0\0\0\0\0\x10\0\0\0\0\0\0\
\0\xaf\0\0\0\x03\x4c\xff\x6f\0\0\0\x80\0\0\0\0\0\0\0\0\0\0\0\0\x50\x97\0\0\0\0\
\0\0\x0e\0\0\0\0\0\0\0\0\0\0\0\0\0\0\0\x01\0\0\0\0\0\0\0\0\0\0\0\0\0\0\0\x05\
\x01\0\0\x02\0\0\0\0\0\0\0\0\0\0\0\0\0\0\0\0\0\0\0\x70\x89\0\0\0\0\0\0\0\x03\0\
\0\0\0\0\0\x01\0\0\0\x14\0\0\0\x08\0\0\0\0\0\0\0\x18\0\0\0\0\0\0\0";

	*sz = sizeof(data) - 1;
	return (const void *)data;
}

#ifdef __cplusplus
struct pidhide_bpf *pidhide_bpf::open(const struct bpf_object_open_opts *opts) { return pidhide_bpf__open_opts(opts); }
struct pidhide_bpf *pidhide_bpf::open_and_load() { return pidhide_bpf__open_and_load(); }
int pidhide_bpf::load(struct pidhide_bpf *skel) { return pidhide_bpf__load(skel); }
int pidhide_bpf::attach(struct pidhide_bpf *skel) { return pidhide_bpf__attach(skel); }
void pidhide_bpf::detach(struct pidhide_bpf *skel) { pidhide_bpf__detach(skel); }
void pidhide_bpf::destroy(struct pidhide_bpf *skel) { pidhide_bpf__destroy(skel); }
const void *pidhide_bpf::elf_bytes(size_t *sz) { return pidhide_bpf__elf_bytes(sz); }
#endif /* __cplusplus */

__attribute__((unused)) static void
pidhide_bpf__assert(struct pidhide_bpf *s __attribute__((unused)))
{
#ifdef __cplusplus
#define _Static_assert static_assert
#endif
	_Static_assert(sizeof(s->rodata->target_ppid) == 4, "unexpected size of 'target_ppid'");
	_Static_assert(sizeof(s->rodata->pid_to_hide_len) == 4, "unexpected size of 'pid_to_hide_len'");
	_Static_assert(sizeof(s->rodata->pid_to_hide) == 16, "unexpected size of 'pid_to_hide'");
#ifdef __cplusplus
#undef _Static_assert
#endif
}

#endif /* __PIDHIDE_BPF_SKEL_H__ */
