/* SPDX-License-Identifier: (LGPL-2.1 OR BSD-2-Clause) */

/* THIS FILE IS AUTOGENERATED BY BPFTOOL! */
#ifndef __PROFILE_STACK_BPF_SKEL_H__
#define __PROFILE_STACK_BPF_SKEL_H__

#include <errno.h>
#include <stdlib.h>
#include <bpf/libbpf.h>

struct profile_stack_bpf {
	struct bpf_object_skeleton *skeleton;
	struct bpf_object *obj;
	struct {
		struct bpf_map *events;
	} maps;
	struct {
		struct bpf_program *profile;
	} progs;
	struct {
		struct bpf_link *profile;
	} links;

#ifdef __cplusplus
	static inline struct profile_stack_bpf *open(const struct bpf_object_open_opts *opts = nullptr);
	static inline struct profile_stack_bpf *open_and_load();
	static inline int load(struct profile_stack_bpf *skel);
	static inline int attach(struct profile_stack_bpf *skel);
	static inline void detach(struct profile_stack_bpf *skel);
	static inline void destroy(struct profile_stack_bpf *skel);
	static inline const void *elf_bytes(size_t *sz);
#endif /* __cplusplus */
};

static void
profile_stack_bpf__destroy(struct profile_stack_bpf *obj)
{
	if (!obj)
		return;
	if (obj->skeleton)
		bpf_object__destroy_skeleton(obj->skeleton);
	free(obj);
}

static inline int
profile_stack_bpf__create_skeleton(struct profile_stack_bpf *obj);

static inline struct profile_stack_bpf *
profile_stack_bpf__open_opts(const struct bpf_object_open_opts *opts)
{
	struct profile_stack_bpf *obj;
	int err;

	obj = (struct profile_stack_bpf *)calloc(1, sizeof(*obj));
	if (!obj) {
		errno = ENOMEM;
		return NULL;
	}

	err = profile_stack_bpf__create_skeleton(obj);
	if (err)
		goto err_out;

	err = bpf_object__open_skeleton(obj->skeleton, opts);
	if (err)
		goto err_out;

	return obj;
err_out:
	profile_stack_bpf__destroy(obj);
	errno = -err;
	return NULL;
}

static inline struct profile_stack_bpf *
profile_stack_bpf__open(void)
{
	return profile_stack_bpf__open_opts(NULL);
}

static inline int
profile_stack_bpf__load(struct profile_stack_bpf *obj)
{
	return bpf_object__load_skeleton(obj->skeleton);
}

static inline struct profile_stack_bpf *
profile_stack_bpf__open_and_load(void)
{
	struct profile_stack_bpf *obj;
	int err;

	obj = profile_stack_bpf__open();
	if (!obj)
		return NULL;
	err = profile_stack_bpf__load(obj);
	if (err) {
		profile_stack_bpf__destroy(obj);
		errno = -err;
		return NULL;
	}
	return obj;
}

static inline int
profile_stack_bpf__attach(struct profile_stack_bpf *obj)
{
	return bpf_object__attach_skeleton(obj->skeleton);
}

static inline void
profile_stack_bpf__detach(struct profile_stack_bpf *obj)
{
	bpf_object__detach_skeleton(obj->skeleton);
}

static inline const void *profile_stack_bpf__elf_bytes(size_t *sz);

static inline int
profile_stack_bpf__create_skeleton(struct profile_stack_bpf *obj)
{
	struct bpf_object_skeleton *s;
	int err;

	s = (struct bpf_object_skeleton *)calloc(1, sizeof(*s));
	if (!s)	{
		err = -ENOMEM;
		goto err;
	}

	s->sz = sizeof(*s);
	s->name = "profile_stack_bpf";
	s->obj = &obj->obj;

	/* maps */
	s->map_cnt = 1;
	s->map_skel_sz = sizeof(*s->maps);
	s->maps = (struct bpf_map_skeleton *)calloc(s->map_cnt, s->map_skel_sz);
	if (!s->maps) {
		err = -ENOMEM;
		goto err;
	}

	s->maps[0].name = "events";
	s->maps[0].map = &obj->maps.events;

	/* programs */
	s->prog_cnt = 1;
	s->prog_skel_sz = sizeof(*s->progs);
	s->progs = (struct bpf_prog_skeleton *)calloc(s->prog_cnt, s->prog_skel_sz);
	if (!s->progs) {
		err = -ENOMEM;
		goto err;
	}

	s->progs[0].name = "profile";
	s->progs[0].prog = &obj->progs.profile;
	s->progs[0].link = &obj->links.profile;

	s->data = profile_stack_bpf__elf_bytes(&s->data_sz);

	obj->skeleton = s;
	return 0;
err:
	bpf_object__destroy_skeleton(s);
	return err;
}

static inline const void *profile_stack_bpf__elf_bytes(size_t *sz)
{
	static const char data[] __attribute__((__aligned__(8))) = "\
\x7f\x45\x4c\x46\x02\x01\x01\0\0\0\0\0\0\0\0\0\x01\0\xf7\0\x01\0\0\0\0\0\0\0\0\
\0\0\0\0\0\0\0\0\0\0\0\x98\x78\0\0\0\0\0\0\0\0\0\0\x40\0\0\0\0\0\x40\0\x0d\0\
\x01\0\x7b\x1a\xe8\xff\0\0\0\0\x85\0\0\0\x0e\0\0\0\xbf\x09\0\0\0\0\0\0\x85\0\0\
\0\x08\0\0\0\xbf\x06\0\0\0\0\0\0\x18\x01\0\0\0\0\0\0\0\0\0\0\0\0\0\0\xb7\x02\0\
\0\x28\x08\0\0\xb7\x03\0\0\0\0\0\0\x85\0\0\0\x83\0\0\0\xbf\x07\0\0\0\0\0\0\xb7\
\x08\0\0\x01\0\0\0\x15\x07\x32\0\0\0\0\0\x63\x67\x04\0\0\0\0\0\x77\x09\0\0\x20\
\0\0\0\x63\x97\0\0\0\0\0\0\xbf\x76\0\0\0\0\0\0\x07\x06\0\0\x08\0\0\0\xbf\x61\0\
\0\0\0\0\0\xb7\x02\0\0\x10\0\0\0\x85\0\0\0\x10\0\0\0\x15\0\x02\0\0\0\0\0\xb7\
\x01\0\0\0\0\0\0\x73\x16\0\0\0\0\0\0\x85\0\0\0\x23\0\0\0\xb7\x01\0\0\x50\x04\0\
\0\x0f\x10\0\0\0\0\0\0\xb7\x08\0\0\0\0\0\0\x7b\x8a\xf0\xff\0\0\0\0\xbf\xa1\0\0\
\0\0\0\0\x07\x01\0\0\xf8\xff\xff\xff\xb7\x02\0\0\x08\0\0\0\xbf\x03\0\0\0\0\0\0\
\x85\0\0\0\x71\0\0\0\x79\xa3\xf8\xff\0\0\0\0\xb7\x01\0\0\0\0\0\0\x15\x03\x07\0\
\0\0\0\0\xb7\x01\0\0\x98\x01\0\0\x0f\x13\0\0\0\0\0\0\xbf\xa1\0\0\0\0\0\0\x07\
\x01\0\0\xf0\xff\xff\xff\xb7\x02\0\0\x08\0\0\0\x85\0\0\0\x71\0\0\0\x79\xa1\xf0\
\xff\0\0\0\0\x7b\x17\x18\0\0\0\0\0\xbf\x72\0\0\0\0\0\0\x07\x02\0\0\x28\0\0\0\
\x79\xa6\xe8\xff\0\0\0\0\xbf\x61\0\0\0\0\0\0\xb7\x03\0\0\0\x04\0\0\xb7\x04\0\0\
\0\0\0\0\x85\0\0\0\x43\0\0\0\x63\x07\x20\0\0\0\0\0\xbf\x72\0\0\0\0\0\0\x07\x02\
\0\0\x28\x04\0\0\xbf\x61\0\0\0\0\0\0\xb7\x03\0\0\0\x04\0\0\xb7\x04\0\0\0\x01\0\
\0\x85\0\0\0\x43\0\0\0\x63\x07\x24\0\0\0\0\0\xbf\x71\0\0\0\0\0\0\xb7\x02\0\0\0\
\0\0\0\x85\0\0\0\x84\0\0\0\xbf\x80\0\0\0\0\0\0\x95\0\0\0\0\0\0\0\x44\x75\x61\
\x6c\x20\x42\x53\x44\x2f\x47\x50\x4c\0\0\0\0\0\0\0\0\0\0\0\0\0\0\0\0\0\0\0\0\
\x9f\xeb\x01\0\x18\0\0\0\0\0\0\0\x04\x41\0\0\x04\x41\0\0\x3d\x2f\0\0\0\0\0\0\0\
\0\0\x02\x03\0\0\0\x01\0\0\0\0\0\0\x01\x04\0\0\0\x20\0\0\x01\0\0\0\0\0\0\0\x03\
\0\0\0\0\x02\0\0\0\x04\0\0\0\x1b\0\0\0\x05\0\0\0\0\0\0\x01\x04\0\0\0\x20\0\0\0\
\0\0\0\0\0\0\0\x02\x06\0\0\0\0\0\0\0\0\0\0\x03\0\0\0\0\x02\0\0\0\x04\0\0\0\0\0\
\x04\0\0\0\0\0\x02\0\0\x04\x10\0\0\0\x19\0\0\0\x01\0\0\0\0\0\0\0\x1e\0\0\0\x05\
\0\0\0\x40\0\0\0\x2a\0\0\0\0\0\0\x0e\x07\0\0\0\x01\0\0\0\0\0\0\0\0\0\0\x02\0\0\
\0\0\0\0\0\0\x01\0\0\x0d\x02\0\0\0\x31\0\0\0\x09\0\0\0\x35\0\0\0\x01\0\0\x0c\
\x0a\0\0\0\x02\x02\0\0\xed\0\0\x84\xc0\x11\0\0\x0e\x02\0\0\x0d\0\0\0\0\0\0\0\
\x1a\x02\0\0\x16\0\0\0\xc0\0\0\0\x22\x02\0\0\x16\0\0\0\xe0\0\0\0\x2e\x02\0\0\
\x09\0\0\0\0\x01\0\0\x34\x02\0\0\x17\0\0\0\x40\x01\0\0\x3a\x02\0\0\x16\0\0\0\
\x60\x01\0\0\x40\x02\0\0\x16\0\0\0\x80\x01\0\0\x47\x02\0\0\x02\0\0\0\xa0\x01\0\
\0\x4e\x02\0\0\x1b\0\0\0\xc0\x01\0\0\x59\x02\0\0\x16\0\0\0\x40\x02\0\0\x65\x02\
\0\0\x0e\0\0\0\x80\x02\0\0\x79\x02\0\0\x22\0\0\0\xc0\x02\0\0\x84\x02\0\0\x02\0\
\0\0\0\x03\0\0\x94\x02\0\0\x02\0\0\0\x20\x03\0\0\x9d\x02\0\0\x02\0\0\0\x40\x03\
\0\0\xa3\x02\0\0\x02\0\0\0\x60\x03\0\0\xa8\x02\0\0\x02\0\0\0\x80\x03\0\0\xb4\
\x02\0\0\x02\0\0\0\xa0\x03\0\0\xc0\x02\0\0\x16\0\0\0\xc0\x03\0\0\xcc\x02\0\0\
\x23\0\0\0\0\x04\0\0\xcf\x02\0\0\x31\0\0\0\0\x0c\0\0\xd2\x02\0\0\x33\0\0\0\x80\
\x0d\0\0\xd5\x02\0\0\x42\0\0\0\0\x15\0\0\xdf\x02\0\0\x43\0\0\0\x40\x15\0\0\xeb\
\x02\0\0\x45\0\0\0\x80\x15\0\0\xfc\x02\0\0\x46\0\0\0\0\x16\0\0\x02\x03\0\0\x47\
\0\0\0\0\x16\0\0\x14\x03\0\0\x16\0\0\0\x40\x16\0\0\x1b\x03\0\0\x0e\0\0\0\x80\
\x16\0\0\x30\x03\0\0\x02\0\0\0\xc0\x16\0\0\x40\x03\0\0\x49\0\0\0\0\x17\0\0\x49\
\x03\0\0\x4c\0\0\0\x40\x17\0\0\x57\x03\0\0\x4b\0\0\0\x80\x17\0\0\x61\x03\0\0\
\x09\0\0\0\x80\x19\0\0\x73\x03\0\0\x21\0\0\0\xc0\x19\0\0\x86\x03\0\0\x21\0\0\0\
\xd0\x19\0\0\x96\x03\0\0\x02\0\0\0\xe0\x19\0\0\xac\x03\0\0\x4f\0\0\0\0\x1a\0\0\
\xc4\x03\0\0\x27\0\0\0\x40\x1a\0\0\xd3\x03\0\0\x51\0\0\0\xc0\x1a\0\0\xe4\x03\0\
\0\x0e\0\0\0\0\x1b\0\0\xf4\x03\0\0\x3c\0\0\0\x40\x1b\0\0\x06\x04\0\0\x3c\0\0\0\
\x48\x1b\0\0\x14\x04\0\0\x02\0\0\0\x60\x1b\0\0\x27\x04\0\0\x27\0\0\0\x80\x1b\0\
\0\x3e\x04\0\0\x02\0\0\0\0\x1c\0\0\x51\x04\0\0\x27\0\0\0\x40\x1c\0\0\x65\x04\0\
\0\x02\0\0\0\xc0\x1c\0\0\x78\x04\0\0\x02\0\0\0\xe0\x1c\0\0\x87\x04\0\0\x4f\0\0\
\0\0\x1d\0\0\x9a\x04\0\0\x27\0\0\0\x40\x1d\0\0\xab\x04\0\0\x27\0\0\0\xc0\x1d\0\
\0\xb9\x04\0\0\x02\0\0\0\x40\x1e\0\0\xc6\x04\0\0\x52\0\0\0\x80\x1e\0\0\xd1\x04\
\0\0\x27\0\0\0\0\x20\0\0\xd7\x04\0\0\x53\0\0\0\x80\x20\0\0\xe6\x04\0\0\x25\0\0\
\0\xc0\x21\0\0\xf8\x04\0\0\x54\0\0\0\x80\x22\0\0\xfb\x04\0\0\x54\0\0\0\xc0\x22\
\0\0\x05\x05\0\0\x55\0\0\0\0\x23\0\0\x1d\x05\0\0\x02\0\0\0\x40\x23\0\0\x28\x05\
\0\0\x02\0\0\0\x60\x23\0\0\x32\x05\0\0\x02\0\0\0\x80\x23\0\0\x3e\x05\0\0\x02\0\
\0\0\xa0\x23\0\0\x4c\x05\0\0\x0e\0\0\0\xc0\x23\0\0\x53\x05\0\0\x16\0\0\0\0\x24\
\0\0\x5f\x05\0\0\x16\0\0\0\x20\x24\0\x01\x73\x05\0\0\x16\0\0\0\x21\x24\0\x01\
\x8d\x05\0\0\x16\0\0\0\x22\x24\0\x01\x9c\x05\0\0\x16\0\0\0\x23\x24\0\x01\xab\
\x05\0\0\x16\0\0\0\x40\x24\0\x01\xbf\x05\0\0\x16\0\0\0\x41\x24\0\x01\xce\x05\0\
\0\x16\0\0\0\x42\x24\0\x01\xdc\x05\0\0\x16\0\0\0\x43\x24\0\x01\xe6\x05\0\0\x16\
\0\0\0\x44\x24\0\x01\xf0\x05\0\0\x16\0\0\0\x45\x24\0\x01\x04\x06\0\0\x16\0\0\0\
\x46\x24\0\x01\x0b\x06\0\0\x16\0\0\0\x47\x24\0\x01\x18\x06\0\0\x16\0\0\0\x48\
\x24\0\x01\x23\x06\0\0\x16\0\0\0\x49\x24\0\x01\x33\x06\0\0\x0e\0\0\0\x80\x24\0\
\0\x40\x06\0\0\x56\0\0\0\xc0\x24\0\0\x4e\x06\0\0\x67\0\0\0\x80\x26\0\0\x52\x06\
\0\0\x67\0\0\0\xa0\x26\0\0\x57\x06\0\0\x0e\0\0\0\xc0\x26\0\0\x64\x06\0\0\x22\0\
\0\0\0\x27\0\0\x70\x06\0\0\x22\0\0\0\x40\x27\0\0\x77\x06\0\0\x27\0\0\0\x80\x27\
\0\0\x80\x06\0\0\x27\0\0\0\0\x28\0\0\x88\x06\0\0\x22\0\0\0\x80\x28\0\0\x95\x06\
\0\0\x27\0\0\0\xc0\x28\0\0\x9d\x06\0\0\x27\0\0\0\x40\x29\0\0\xaa\x06\0\0\x69\0\
\0\0\xc0\x29\0\0\xb5\x06\0\0\x6c\0\0\0\0\x2a\0\0\xbf\x06\0\0\x27\0\0\0\0\x2c\0\
\0\xcb\x06\0\0\x6d\0\0\0\x80\x2c\0\0\xd6\x06\0\0\x6e\0\0\0\xc0\x2c\0\0\xe4\x06\
\0\0\x6e\0\0\0\0\x2d\0\0\xf4\x06\0\0\x09\0\0\0\x40\x2d\0\0\x03\x07\0\0\x10\0\0\
\0\x80\x2d\0\0\x09\x07\0\0\x10\0\0\0\xc0\x2d\0\0\x0f\x07\0\0\x10\0\0\0\0\x2e\0\
\0\x15\x07\0\0\x6f\0\0\0\x40\x2e\0\0\x22\x07\0\0\x0e\0\0\0\0\x2f\0\0\x28\x07\0\
\0\x0e\0\0\0\x40\x2f\0\0\x2f\x07\0\0\x10\0\0\0\x80\x2f\0\0\x3a\x07\0\0\x10\0\0\
\0\xc0\x2f\0\0\x49\x07\0\0\x0e\0\0\0\0\x30\0\0\x51\x07\0\0\x0e\0\0\0\x40\x30\0\
\0\x59\x07\0\0\x77\0\0\0\x80\x30\0\0\x69\x07\0\0\x7d\0\0\0\0\x33\0\0\x7e\x07\0\
\0\x87\0\0\0\xc0\x34\0\0\x8b\x07\0\0\x87\0\0\0\0\x35\0\0\x95\x07\0\0\x87\0\0\0\
\x40\x35\0\0\x9a\x07\0\0\x89\0\0\0\x80\x35\0\0\xaf\x07\0\0\x8b\0\0\0\xc0\x35\0\
\0\xb4\x07\0\0\x8c\0\0\0\x40\x36\0\0\xbe\x07\0\0\x8d\0\0\0\x80\x36\0\0\xc6\x07\
\0\0\x8f\0\0\0\xc0\x36\0\0\xce\x07\0\0\x90\0\0\0\x40\x37\0\0\xd1\x07\0\0\x91\0\
\0\0\x80\x37\0\0\xd7\x07\0\0\x92\0\0\0\xc0\x37\0\0\xe0\x07\0\0\x93\0\0\0\0\x38\
\0\0\xe8\x07\0\0\x94\0\0\0\x40\x38\0\0\xef\x07\0\0\x95\0\0\0\x80\x38\0\0\xf7\
\x07\0\0\x96\0\0\0\xc0\x38\0\0\xff\x07\0\0\x96\0\0\0\0\x39\0\0\x0c\x08\0\0\x96\
\0\0\0\x40\x39\0\0\x1a\x08\0\0\x99\0\0\0\x80\x39\0\0\x22\x08\0\0\x0e\0\0\0\x40\
\x3a\0\0\x2c\x08\0\0\x9a\0\0\0\x80\x3a\0\0\x38\x08\0\0\x16\0\0\0\xc0\x3a\0\0\
\x45\x08\0\0\x7f\0\0\0\0\x3b\0\0\x50\x08\0\0\x9d\0\0\0\x40\x3b\0\0\x5e\x08\0\0\
\x9e\0\0\0\x80\x3b\0\0\x67\x08\0\0\x16\0\0\0\xa0\x3b\0\0\x71\x08\0\0\xa2\0\0\0\
\xc0\x3b\0\0\x79\x08\0\0\xa4\0\0\0\x40\x3c\0\0\x8a\x08\0\0\x10\0\0\0\x40\x3c\0\
\0\x99\x08\0\0\x10\0\0\0\x80\x3c\0\0\xa6\x08\0\0\xa5\0\0\0\xc0\x3c\0\0\xb1\x08\
\0\0\x70\0\0\0\xe0\x3c\0\0\xb9\x08\0\0\xa8\0\0\0\0\x3d\0\0\xc0\x08\0\0\x7a\0\0\
\0\x40\x3d\0\0\xcb\x08\0\0\x22\0\0\0\xc0\x3d\0\0\xd7\x08\0\0\xaa\0\0\0\0\x3e\0\
\0\xe5\x08\0\0\xab\0\0\0\x40\x3e\0\0\xf0\x08\0\0\x09\0\0\0\x80\x3e\0\0\xfd\x08\
\0\0\xac\0\0\0\xc0\x3e\0\0\x06\x09\0\0\xad\0\0\0\0\x3f\0\0\x0b\x09\0\0\xae\0\0\
\0\x40\x3f\0\0\x19\x09\0\0\xaf\0\0\0\x80\x3f\0\0\x24\x09\0\0\xb0\0\0\0\xc0\x3f\
\0\0\x34\x09\0\0\x0e\0\0\0\0\x40\0\0\x43\x09\0\0\xb1\0\0\0\x40\x40\0\0\x50\x09\
\0\0\xb3\0\0\0\x80\x40\0\0\x55\x09\0\0\x10\0\0\0\x40\x42\0\0\x63\x09\0\0\x10\0\
\0\0\x80\x42\0\0\x70\x09\0\0\x10\0\0\0\xc0\x42\0\0\x7d\x09\0\0\xb4\0\0\0\0\x43\
\0\0\x8a\x09\0\0\xb6\0\0\0\x40\x43\0\0\x9b\x09\0\0\x02\0\0\0\x60\x43\0\0\xb3\
\x09\0\0\xba\0\0\0\x80\x43\0\0\xbb\x09\0\0\x27\0\0\0\xc0\x43\0\0\xc3\x09\0\0\
\xbb\0\0\0\x40\x44\0\0\xcf\x09\0\0\xbc\0\0\0\x80\x44\0\0\xe2\x09\0\0\x27\0\0\0\
\xc0\x44\0\0\xf0\x09\0\0\xbd\0\0\0\x40\x45\0\0\xff\x09\0\0\x82\0\0\0\x80\x45\0\
\0\x10\x0a\0\0\x16\0\0\0\x80\x46\0\0\x1c\x0a\0\0\xbe\0\0\0\xa0\x46\0\0\x2b\x0a\
\0\0\xbf\0\0\0\xc0\x46\0\0\x3b\x0a\0\0\x82\0\0\0\0\x47\0\0\x4c\x0a\0\0\x27\0\0\
\0\0\x48\0\0\x5c\x0a\0\0\xc0\0\0\0\x80\x48\0\0\x6a\x0a\0\0\xc1\0\0\0\xc0\x48\0\
\0\x74\x0a\0\0\xc2\0\0\0\0\x49\0\0\x7c\x0a\0\0\x3c\0\0\0\x10\x49\0\0\x86\x0a\0\
\0\xc2\0\0\0\x20\x49\0\0\x95\x0a\0\0\x02\0\0\0\x40\x49\0\0\xa3\x0a\0\0\x16\0\0\
\0\x60\x49\0\0\xb4\x0a\0\0\x16\0\0\0\x80\x49\0\0\xc9\x0a\0\0\x02\0\0\0\xa0\x49\
\0\0\xdc\x0a\0\0\x0e\0\0\0\xc0\x49\0\0\xef\x0a\0\0\x10\0\0\0\0\x4a\0\0\xfa\x0a\
\0\0\x10\0\0\0\x40\x4a\0\0\x13\x0b\0\0\x10\0\0\0\x80\x4a\0\0\x29\x0b\0\0\x7e\0\
\0\0\xc0\x4a\0\0\x33\x0b\0\0\xc3\0\0\0\x40\x4b\0\0\x3e\x0b\0\0\xc4\0\0\0\x80\
\x4b\0\0\x4a\x0b\0\0\x0e\0\0\0\xc0\x4b\0\0\x5c\x0b\0\0\xc5\0\0\0\0\x4c\0\0\x71\
\x0b\0\0\x0e\0\0\0\xc0\x4c\0\0\x85\x0b\0\0\xc6\0\0\0\0\x4d\0\0\x8a\x0b\0\0\x14\
\0\0\0\x40\x4d\0\0\x93\x0b\0\0\x14\0\0\0\x60\x4d\0\0\x9c\x0b\0\0\x0e\0\0\0\x80\
\x4d\0\0\xac\x0b\0\0\x02\0\0\0\xc0\x4d\0\0\xb3\x0b\0\0\x02\0\0\0\xe0\x4d\0\0\
\xbf\x0b\0\0\x02\0\0\0\0\x4e\0\0\xd0\x0b\0\0\x02\0\0\0\x20\x4e\0\0\xde\x0b\0\0\
\x7e\0\0\0\x40\x4e\0\0\xe7\x0b\0\0\xc7\0\0\0\xc0\x4e\0\0\xef\x0b\0\0\xcb\0\0\0\
\0\x4f\0\0\xfb\x0b\0\0\xcc\0\0\0\x40\x4f\0\0\x05\x0c\0\0\x02\0\0\0\xc0\x4f\0\0\
\x10\x0c\0\0\x02\0\0\0\xe0\x4f\0\0\x21\x0c\0\0\x0e\0\0\0\0\x50\0\0\x33\x0c\0\0\
\x10\0\0\0\x40\x50\0\0\x42\x0c\0\0\x10\0\0\0\x80\x50\0\0\x59\x0c\0\0\x02\0\0\0\
\xc0\x50\0\0\x68\x0c\0\0\x02\0\0\0\xe0\x50\0\0\x77\x0c\0\0\xc4\0\0\0\0\x51\0\0\
\x81\x0c\0\0\x12\0\0\0\x40\x51\0\0\x92\x0c\0\0\x12\0\0\0\x80\x51\0\0\xa3\x0c\0\
\0\x19\0\0\0\xc0\x51\0\0\xb1\x0c\0\0\x19\0\0\0\xe0\x51\0\0\xc5\x0c\0\0\x0e\0\0\
\0\0\x52\0\0\xd5\x0c\0\0\x16\0\0\0\x40\x52\0\0\xee\x0c\0\0\xce\0\0\0\x80\x52\0\
\0\xfb\x0c\0\0\xcf\0\0\0\xc0\x52\0\0\x01\x0d\0\0\xd0\0\0\0\0\x53\0\0\x0f\x0d\0\
\0\xd1\0\0\0\x40\x53\0\0\x15\x0d\0\0\xd2\0\0\0\x80\x53\0\0\x1f\x0d\0\0\x7e\0\0\
\0\x80\x53\0\0\x23\x0d\0\0\x17\0\0\0\0\x54\0\0\x2d\x0d\0\0\x02\0\0\0\x20\x54\0\
\0\x40\x0d\0\0\x22\0\0\0\x40\x54\0\0\x50\x0d\0\0\xd3\0\0\0\x80\x54\0\0\x61\x0d\
\0\0\xd7\0\0\0\xc0\x55\0\0\x6f\x0d\0\0\x17\0\0\0\0\x56\0\0\x7e\x0d\0\0\x09\0\0\
\0\x40\x56\0\0\x87\x0d\0\0\xd8\0\0\0\x80\x56\0\0\x93\x0d\0\0\xd9\0\0\0\xc0\x56\
\0\0\x9b\x0d\0\0\xda\0\0\0\0\x57\0\0\xab\x0d\0\0\xdb\0\0\0\x40\x57\0\0\xbf\x0d\
\0\0\xdc\0\0\0\x80\x57\0\0\x0e\x02\0\0\x03\0\0\x04\x18\0\0\0\x3a\x02\0\0\x0e\0\
\0\0\0\0\0\0\0\0\0\0\x0f\0\0\0\x40\0\0\0\xc6\x0d\0\0\x14\0\0\0\x80\0\0\0\xca\
\x0d\0\0\0\0\0\x01\x08\0\0\0\x40\0\0\0\0\0\0\0\x02\0\0\x05\x08\0\0\0\xd8\x0d\0\
\0\x10\0\0\0\0\0\0\0\xe6\x0d\0\0\x13\0\0\0\0\0\0\0\xee\x0d\0\0\0\0\0\x08\x11\0\
\0\0\xf2\x0d\0\0\0\0\0\x08\x12\0\0\0\xf8\x0d\0\0\0\0\0\x01\x08\0\0\0\x40\0\0\0\
\0\0\0\0\x02\0\0\x04\x08\0\0\0\x0b\x0e\0\0\x14\0\0\0\0\0\0\0\x11\x0e\0\0\x14\0\
\0\0\x20\0\0\0\x1e\x0e\0\0\0\0\0\x08\x15\0\0\0\x22\x0e\0\0\0\0\0\x08\x16\0\0\0\
\x28\x0e\0\0\0\0\0\x01\x04\0\0\0\x20\0\0\0\x35\x0e\0\0\0\0\0\x08\x18\0\0\0\x40\
\x0e\0\0\x01\0\0\x04\x04\0\0\0\x50\x0e\0\0\x19\0\0\0\0\0\0\0\x55\x0e\0\0\0\0\0\
\x08\x1a\0\0\0\0\0\0\0\x01\0\0\x04\x04\0\0\0\x5e\x0e\0\0\x02\0\0\0\0\0\0\0\x66\
\x0e\0\0\x04\0\0\x04\x10\0\0\0\x79\x0e\0\0\x1c\0\0\0\0\0\0\0\0\0\0\0\x1e\0\0\0\
\x40\0\0\0\x7f\x0e\0\0\x1f\0\0\0\x60\0\0\0\x83\x0e\0\0\x1f\0\0\0\x70\0\0\0\x87\
\x0e\0\0\x01\0\0\x04\x08\0\0\0\x92\x0e\0\0\x1d\0\0\0\0\0\0\0\0\0\0\0\0\0\0\x02\
\x1c\0\0\0\0\0\0\0\x02\0\0\x05\x04\0\0\0\x97\x0e\0\0\x16\0\0\0\0\0\0\0\x9f\x0e\
\0\0\x19\0\0\0\0\0\0\0\xa7\x0e\0\0\0\0\0\x08\x20\0\0\0\xab\x0e\0\0\0\0\0\x08\
\x21\0\0\0\xb1\x0e\0\0\0\0\0\x01\x02\0\0\0\x10\0\0\0\0\0\0\0\0\0\0\x02\x0c\0\0\
\0\xc0\x0e\0\0\x18\0\0\x04\0\x01\0\0\xcd\x0e\0\0\x24\0\0\0\0\0\0\0\xd2\x0e\0\0\
\x25\0\0\0\x80\0\0\0\xdb\x0e\0\0\x10\0\0\0\x40\x01\0\0\xe4\x0e\0\0\x10\0\0\0\
\x80\x01\0\0\xf1\x0e\0\0\x10\0\0\0\xc0\x01\0\0\xfb\x0e\0\0\x10\0\0\0\0\x02\0\0\
\x05\x0f\0\0\x27\0\0\0\x40\x02\0\0\x9d\x02\0\0\x29\0\0\0\xc0\x02\0\0\x10\x0f\0\
\0\x29\0\0\0\xc8\x02\0\0\x1e\x0f\0\0\x29\0\0\0\xd0\x02\0\0\x2b\x0f\0\0\x29\0\0\
\0\xd8\x02\0\0\x38\x0f\0\0\x10\0\0\0\0\x03\0\0\x43\x0f\0\0\x10\0\0\0\x40\x03\0\
\0\x54\x0f\0\0\x10\0\0\0\x80\x03\0\0\x6a\x0f\0\0\x10\0\0\0\xc0\x03\0\0\0\0\0\0\
\x2a\0\0\0\0\x04\0\0\x73\x0f\0\0\x10\0\0\0\x40\x04\0\0\x79\x0f\0\0\x10\0\0\0\
\x80\x04\0\0\x87\x0f\0\0\x02\0\0\0\xc0\x04\0\0\x70\x06\0\0\x2e\0\0\0\0\x05\0\0\
\x8d\x0f\0\0\x2f\0\0\0\x40\x05\0\0\x94\x0f\0\0\x2f\0\0\0\x80\x05\0\0\x99\x0f\0\
\0\x0e\0\0\0\xc0\x05\0\0\xa9\x0f\0\0\x30\0\0\0\0\x06\0\0\xad\x0f\0\0\x02\0\0\
\x04\x10\0\0\0\xb9\x0f\0\0\x0e\0\0\0\0\0\0\0\xc0\x0f\0\0\x14\0\0\0\x40\0\0\0\
\xcb\x0f\0\0\x03\0\0\x04\x18\0\0\0\xd3\x0f\0\0\x0e\0\0\0\0\0\0\0\xe5\x0f\0\0\
\x26\0\0\0\x40\0\0\0\xee\x0f\0\0\x26\0\0\0\x80\0\0\0\0\0\0\0\0\0\0\x02\x25\0\0\
\0\xf6\x0f\0\0\x02\0\0\x04\x10\0\0\0\x92\x0e\0\0\x28\0\0\0\0\0\0\0\0\x10\0\0\
\x28\0\0\0\x40\0\0\0\0\0\0\0\0\0\0\x02\x27\0\0\0\x05\x10\0\0\0\0\0\x01\x01\0\0\
\0\x08\0\0\0\0\0\0\0\x02\0\0\x05\x08\0\0\0\x13\x10\0\0\x2b\0\0\0\0\0\0\0\x18\
\x10\0\0\x10\0\0\0\0\0\0\0\x1e\x10\0\0\0\0\0\x08\x2c\0\0\0\x22\x10\0\0\0\0\0\
\x08\x2d\0\0\0\x28\x10\0\0\0\0\0\x01\x08\0\0\0\x40\0\0\x01\0\0\0\0\0\0\0\x02\
\x23\0\0\0\0\0\0\0\0\0\0\x02\x75\x01\0\0\x32\x10\0\0\x09\0\0\x04\x40\0\0\0\x3c\
\x10\0\0\x10\0\0\0\0\0\0\0\x4d\x10\0\0\x10\0\0\0\x40\0\0\0\x56\x10\0\0\x10\0\0\
\0\x80\0\0\0\x63\x10\0\0\x14\0\0\0\xc0\0\0\0\x6c\x10\0\0\x14\0\0\0\xe0\0\0\0\
\x7b\x10\0\0\x0e\0\0\0\0\x01\0\0\x84\x10\0\0\x0e\0\0\0\x40\x01\0\0\x91\x10\0\0\
\x0e\0\0\0\x80\x01\0\0\x9a\x10\0\0\x16\0\0\0\xc0\x01\0\0\xa3\x10\0\0\x07\0\0\
\x04\x30\0\0\0\xb3\x10\0\0\x27\0\0\0\0\0\0\0\xbc\x10\0\0\x0e\0\0\0\x80\0\0\0\
\xc4\x10\0\0\x0e\0\0\0\xc0\0\0\0\xd3\x10\0\0\x16\0\0\0\0\x01\0\0\x9d\x02\0\0\
\x21\0\0\0\x20\x01\0\0\xde\x10\0\0\x21\0\0\0\x30\x01\0\0\xe6\x10\0\0\x32\0\0\0\
\x40\x01\0\0\0\0\0\0\0\0\0\x02\x31\0\0\0\xeb\x10\0\0\x17\0\0\x84\xf0\0\0\0\xcb\
\x0f\0\0\x25\0\0\0\0\0\0\0\xfb\x10\0\0\x10\0\0\0\xc0\0\0\0\x06\x11\0\0\x10\0\0\
\0\0\x01\0\0\x12\x11\0\0\x10\0\0\0\x40\x01\0\0\x1c\x11\0\0\x10\0\0\0\x80\x01\0\
\0\x22\x11\0\0\x10\0\0\0\xc0\x01\0\0\x2d\x11\0\0\x2b\0\0\0\0\x02\0\0\xdb\x0e\0\
\0\x10\0\0\0\x40\x02\0\0\x3a\x02\0\0\x16\0\0\0\x80\x02\0\0\x35\x11\0\0\x16\0\0\
\0\xa0\x02\0\x01\x42\x11\0\0\x16\0\0\0\xa1\x02\0\x01\x4d\x11\0\0\x16\0\0\0\xa2\
\x02\0\x01\x5f\x11\0\0\x16\0\0\0\xa3\x02\0\x01\xd5\x02\0\0\x16\0\0\0\xa4\x02\0\
\x01\x6a\x11\0\0\x16\0\0\0\xa5\x02\0\x01\x7b\x11\0\0\x16\0\0\0\xa6\x02\0\x01\
\x84\x11\0\0\x16\0\0\0\xa7\x02\0\x01\x93\x11\0\0\x16\0\0\0\xa8\x02\0\x01\xa4\
\x11\0\0\x34\0\0\0\xc0\x02\0\0\xad\x11\0\0\x34\0\0\0\xc0\x04\0\0\xbc\x11\0\0\
\x3e\0\0\0\xc0\x06\0\0\xbf\x11\0\0\x3f\0\0\0\0\x07\0\0\xd0\x11\0\0\x42\0\0\0\
\x40\x07\0\0\xd6\x11\0\0\x08\0\0\x04\x40\0\0\0\xde\x11\0\0\x35\0\0\0\0\0\0\0\
\xe3\x11\0\0\x36\0\0\0\0\x01\0\0\xf0\x11\0\0\x37\0\0\0\x40\x01\0\0\xf9\x11\0\0\
\x3b\0\0\0\x80\x01\0\0\xfe\x11\0\0\x3c\0\0\0\xc0\x01\0\0\x04\x12\0\0\x3c\0\0\0\
\xc8\x01\0\0\x0b\x12\0\0\x3c\0\0\0\xd0\x01\0\0\x13\x12\0\0\x3c\0\0\0\xd8\x01\0\
\0\x1b\x12\0\0\x02\0\0\x04\x20\0\0\0\xde\x11\0\0\x25\0\0\0\0\0\0\0\x2b\x12\0\0\
\x36\0\0\0\xc0\0\0\0\x33\x12\0\0\0\0\0\x08\x2b\0\0\0\0\0\0\0\0\0\0\x02\x38\0\0\
\0\0\0\0\0\x01\0\0\x0d\x39\0\0\0\0\0\0\0\x3a\0\0\0\x3b\x12\0\0\x02\0\0\x06\x04\
\0\0\0\x4b\x12\0\0\0\0\0\0\x5d\x12\0\0\x01\0\0\0\0\0\0\0\0\0\0\x02\x34\0\0\0\0\
\0\0\0\0\0\0\x02\x83\x01\0\0\x6d\x12\0\0\0\0\0\x08\x3d\0\0\0\x70\x12\0\0\0\0\0\
\x08\x29\0\0\0\0\0\0\0\0\0\0\x02\xa6\x01\0\0\x75\x12\0\0\0\0\0\x08\x40\0\0\0\0\
\0\0\0\0\0\0\x02\x41\0\0\0\0\0\0\0\x01\0\0\x0d\x22\0\0\0\0\0\0\0\x42\0\0\0\0\0\
\0\0\0\0\0\x02\x33\0\0\0\0\0\0\0\0\0\0\x02\x44\0\0\0\0\0\0\0\0\0\0\x0a\xa9\x01\
\0\0\0\0\0\0\0\0\0\x02\xae\x01\0\0\x86\x12\0\0\0\0\0\x04\0\0\0\0\x97\x12\0\0\
\x01\0\0\x04\x08\0\0\0\xa2\x12\0\0\x48\0\0\0\0\0\0\0\0\0\0\0\0\0\0\x02\x6a\0\0\
\0\0\0\0\0\0\0\0\x02\x4a\0\0\0\0\0\0\0\0\0\0\x0a\x4b\0\0\0\xa8\x12\0\0\0\0\0\
\x08\x4d\0\0\0\0\0\0\0\0\0\0\x02\x4b\0\0\0\xb2\x12\0\0\x01\0\0\x04\x40\0\0\0\
\xba\x12\0\0\x4e\0\0\0\0\0\0\0\0\0\0\0\0\0\0\x03\0\0\0\0\x0e\0\0\0\x04\0\0\0\
\x08\0\0\0\xbf\x12\0\0\x02\0\0\x05\x04\0\0\0\xcb\x12\0\0\x50\0\0\0\0\0\0\0\xcd\
\x12\0\0\x14\0\0\0\0\0\0\0\0\0\0\0\x04\0\0\x04\x04\0\0\0\xf7\x07\0\0\x3c\0\0\0\
\0\0\0\0\xcf\x12\0\0\x3c\0\0\0\x08\0\0\0\xd7\x12\0\0\x3c\0\0\0\x10\0\0\0\xe0\
\x12\0\0\x3c\0\0\0\x18\0\0\0\0\0\0\0\0\0\0\x02\xa3\x01\0\0\xc6\x04\0\0\x06\0\0\
\x04\x30\0\0\0\xe8\x12\0\0\x0e\0\0\0\0\0\0\0\xef\x12\0\0\x12\0\0\0\x40\0\0\0\
\xf9\x12\0\0\x12\0\0\0\x80\0\0\0\x07\x13\0\0\x12\0\0\0\xc0\0\0\0\x15\x13\0\0\
\x12\0\0\0\0\x01\0\0\x22\x13\0\0\x12\0\0\0\x40\x01\0\0\x2e\x13\0\0\x03\0\0\x04\
\x28\0\0\0\xa3\x02\0\0\x02\0\0\0\0\0\0\0\x39\x13\0\0\x27\0\0\0\x40\0\0\0\x43\
\x13\0\0\x27\0\0\0\xc0\0\0\0\0\0\0\0\0\0\0\x02\x41\x01\0\0\0\0\0\0\0\0\0\x02\
\x6c\x01\0\0\x40\x06\0\0\x03\0\0\x04\x38\0\0\0\x4d\x13\0\0\x0e\0\0\0\0\0\0\0\
\x57\x13\0\0\x57\0\0\0\x40\0\0\0\0\0\0\0\x5b\0\0\0\x80\0\0\0\0\0\0\0\0\0\0\x02\
\x58\0\0\0\0\0\0\0\x01\0\0\x0d\x59\0\0\0\0\0\0\0\x5a\0\0\0\x5a\x13\0\0\0\0\0\
\x01\x08\0\0\0\x40\0\0\x01\0\0\0\0\0\0\0\x02\x56\0\0\0\0\0\0\0\x03\0\0\x05\x28\
\0\0\0\x5f\x13\0\0\x5c\0\0\0\0\0\0\0\x65\x13\0\0\x5e\0\0\0\0\0\0\0\x6f\x13\0\0\
\x65\0\0\0\0\0\0\0\0\0\0\0\x06\0\0\x04\x28\0\0\0\x74\x13\0\0\x5d\0\0\0\0\0\0\0\
\x7a\x13\0\0\x14\0\0\0\x40\0\0\0\x3a\x02\0\0\x14\0\0\0\x60\0\0\0\x7e\x13\0\0\
\x14\0\0\0\x80\0\0\0\x85\x13\0\0\x10\0\0\0\xc0\0\0\0\x8a\x13\0\0\x5d\0\0\0\0\
\x01\0\0\0\0\0\0\0\0\0\x02\x14\0\0\0\0\0\0\0\x04\0\0\x04\x18\0\0\0\x91\x13\0\0\
\x5f\0\0\0\0\0\0\0\x19\0\0\0\x61\0\0\0\x20\0\0\0\0\0\0\0\x62\0\0\0\x40\0\0\0\
\x2b\x12\0\0\x10\0\0\0\x80\0\0\0\x99\x13\0\0\0\0\0\x08\x60\0\0\0\xa3\x13\0\0\0\
\0\0\x08\x02\0\0\0\xb6\x13\0\0\x03\0\0\x06\x04\0\0\0\xc4\x13\0\0\0\0\0\0\xcc\
\x13\0\0\x01\0\0\0\xd6\x13\0\0\x02\0\0\0\0\0\0\0\x02\0\0\x05\x08\0\0\0\xe0\x13\
\0\0\x63\0\0\0\0\0\0\0\xe5\x13\0\0\x64\0\0\0\0\0\0\0\0\0\0\0\0\0\0\x02\x6b\x01\
\0\0\0\0\0\0\0\0\0\x02\x92\x01\0\0\0\0\0\0\x05\0\0\x04\x20\0\0\0\xf1\x13\0\0\
\x66\0\0\0\0\0\0\0\xf6\x13\0\0\x02\0\0\0\x40\0\0\0\xfb\x13\0\0\x02\0\0\0\x60\0\
\0\0\x07\x14\0\0\x0e\0\0\0\x80\0\0\0\x0e\x14\0\0\x0e\0\0\0\xc0\0\0\0\0\0\0\0\0\
\0\0\x02\xa1\x01\0\0\x16\x14\0\0\0\0\0\x08\x68\0\0\0\x1c\x14\0\0\0\0\0\x08\x02\
\0\0\0\0\0\0\0\0\0\0\x02\x9d\x01\0\0\x2b\x14\0\0\x02\0\0\x04\x10\0\0\0\x92\x0e\
\0\0\x48\0\0\0\0\0\0\0\x36\x14\0\0\x6b\0\0\0\x40\0\0\0\0\0\0\0\0\0\0\x02\x48\0\
\0\0\0\0\0\0\0\0\0\x03\0\0\0\0\x6a\0\0\0\x04\0\0\0\x04\0\0\0\0\0\0\0\0\0\0\x02\
\x77\x01\0\0\0\0\0\0\0\0\0\x02\x02\0\0\0\x15\x07\0\0\x03\0\0\x04\x18\0\0\0\x03\
\x07\0\0\x10\0\0\0\0\0\0\0\x09\x07\0\0\x10\0\0\0\x40\0\0\0\x3c\x14\0\0\x70\0\0\
\0\x80\0\0\0\x41\x14\0\0\0\0\0\x08\x71\0\0\0\x50\x14\0\0\x01\0\0\x04\x04\0\0\0\
\x5d\x14\0\0\x72\0\0\0\0\0\0\0\x66\x14\0\0\0\0\0\x08\x73\0\0\0\x76\x14\0\0\x01\
\0\0\x04\x04\0\0\0\0\0\0\0\x74\0\0\0\0\0\0\0\0\0\0\0\x03\0\0\x05\x04\0\0\0\x7a\
\x13\0\0\x19\0\0\0\0\0\0\0\0\0\0\0\x75\0\0\0\0\0\0\0\0\0\0\0\x76\0\0\0\0\0\0\0\
\0\0\0\0\x02\0\0\x04\x02\0\0\0\x80\x14\0\0\x3c\0\0\0\0\0\0\0\x1a\x08\0\0\x3c\0\
\0\0\x08\0\0\0\0\0\0\0\x02\0\0\x04\x04\0\0\0\x87\x14\0\0\x1f\0\0\0\0\0\0\0\x96\
\x14\0\0\x1f\0\0\0\x10\0\0\0\x59\x07\0\0\x03\0\0\x04\x50\0\0\0\x9b\x14\0\0\x7c\
\0\0\0\0\0\0\0\xa1\x14\0\0\x16\0\0\0\x40\x02\0\0\xaf\x14\0\0\x16\0\0\0\x60\x02\
\0\0\xbd\x14\0\0\x02\0\0\x04\x18\0\0\0\xd1\x14\0\0\x10\0\0\0\0\0\0\0\xd9\x14\0\
\0\x79\0\0\0\x40\0\0\0\xe0\x14\0\0\x01\0\0\x04\x10\0\0\0\xf0\x14\0\0\x7a\0\0\0\
\0\0\0\0\xf8\x14\0\0\x02\0\0\x04\x10\0\0\0\xf0\x14\0\0\x7b\0\0\0\0\0\0\0\x07\
\x15\0\0\x26\0\0\0\x40\0\0\0\xf0\x14\0\0\x01\0\0\x04\x08\0\0\0\xcb\x0f\0\0\x26\
\0\0\0\0\0\0\0\0\0\0\0\0\0\0\x03\0\0\0\0\x78\0\0\0\x04\0\0\0\x03\0\0\0\x69\x07\
\0\0\x03\0\0\x04\x38\0\0\0\x13\x15\0\0\x7e\0\0\0\0\0\0\0\x18\x15\0\0\x82\0\0\0\
\x80\0\0\0\x1e\x15\0\0\x16\0\0\0\x80\x01\0\0\x28\x15\0\0\x02\0\0\x04\x10\0\0\0\
\x92\x0e\0\0\x7f\0\0\0\0\0\0\0\x36\x15\0\0\x80\0\0\0\x40\0\0\0\0\0\0\0\0\0\0\
\x02\x7e\0\0\0\0\0\0\0\0\0\0\x02\x81\0\0\0\0\0\0\0\x01\0\0\x0d\0\0\0\0\0\0\0\0\
\x7f\0\0\0\x18\x15\0\0\x04\0\0\x04\x20\0\0\0\x3b\x15\0\0\x83\0\0\0\0\0\0\0\x41\
\x15\0\0\x70\0\0\0\x40\0\0\0\x4b\x15\0\0\x86\0\0\0\x60\0\0\0\x4f\x15\0\0\x27\0\
\0\0\x80\0\0\0\x59\x15\0\0\0\0\0\x08\x84\0\0\0\x67\x15\0\0\0\0\0\x08\x85\0\0\0\
\0\0\0\0\x01\0\0\x04\x08\0\0\0\x5e\x0e\0\0\x2b\0\0\0\0\0\0\0\x72\x15\0\0\x01\0\
\0\x04\x04\0\0\0\x96\x14\0\0\x19\0\0\0\0\0\0\0\0\0\0\0\0\0\0\x02\x88\0\0\0\0\0\
\0\0\0\0\0\x0a\x78\x01\0\0\0\0\0\0\0\0\0\x02\x87\x01\0\0\x88\x15\0\0\0\0\0\x01\
\x01\0\0\0\x08\0\0\x01\0\0\0\0\0\0\0\x03\0\0\0\0\x8a\0\0\0\x04\0\0\0\x10\0\0\0\
\0\0\0\0\0\0\0\x02\x8e\x01\0\0\x8d\x15\0\0\x01\0\0\x04\x08\0\0\0\x96\x15\0\0\
\x8e\0\0\0\0\0\0\0\0\0\0\0\0\0\0\x02\xab\x01\0\0\xa0\x15\0\0\x01\0\0\x04\x10\0\
\0\0\xa9\x15\0\0\x27\0\0\0\0\0\0\0\0\0\0\0\0\0\0\x02\x7e\x01\0\0\0\0\0\0\0\0\0\
\x02\x7d\x01\0\0\0\0\0\0\0\0\0\x02\x85\x01\0\0\0\0\0\0\0\0\0\x02\x8f\x01\0\0\0\
\0\0\0\0\0\0\x02\xad\x01\0\0\0\0\0\0\0\0\0\x02\xac\x01\0\0\xb3\x15\0\0\0\0\0\
\x08\x97\0\0\0\0\0\0\0\x01\0\0\x04\x08\0\0\0\xbc\x15\0\0\x98\0\0\0\0\0\0\0\0\0\
\0\0\0\0\0\x03\0\0\0\0\x0e\0\0\0\x04\0\0\0\x01\0\0\0\xc0\x15\0\0\x02\0\0\x04\
\x18\0\0\0\xcb\x15\0\0\x27\0\0\0\0\0\0\0\xe8\x07\0\0\x96\0\0\0\x80\0\0\0\xd0\
\x15\0\0\0\0\0\x08\x9b\0\0\0\xd7\x15\0\0\0\0\0\x08\x9c\0\0\0\xe7\x15\0\0\0\0\0\
\x08\x0e\0\0\0\0\0\0\0\0\0\0\x02\x6d\x01\0\0\xf8\x15\0\0\0\0\0\x08\x9f\0\0\0\0\
\0\0\0\x01\0\0\x04\x04\0\0\0\x7a\x13\0\0\xa0\0\0\0\0\0\0\0\xff\x15\0\0\0\0\0\
\x08\xa1\0\0\0\x05\x16\0\0\0\0\0\x08\x16\0\0\0\x71\x08\0\0\x03\0\0\x04\x10\0\0\
\0\x16\x16\0\0\x02\0\0\0\0\0\0\0\x1b\x16\0\0\x19\0\0\0\x20\0\0\0\x28\x16\0\0\
\xa3\0\0\0\x40\0\0\0\0\0\0\0\0\0\0\x02\xaa\x01\0\0\x2f\x16\0\0\0\0\0\x04\0\0\0\
\0\x45\x16\0\0\0\0\0\x08\xa6\0\0\0\x50\x16\0\0\x01\0\0\x04\x04\0\0\0\0\0\0\0\
\xa7\0\0\0\0\0\0\0\0\0\0\0\x01\0\0\x05\x04\0\0\0\x59\x16\0\0\x71\0\0\0\0\0\0\0\
\x5f\x16\0\0\x01\0\0\x04\x08\0\0\0\x92\x0e\0\0\xa9\0\0\0\0\0\0\0\0\0\0\0\0\0\0\
\x02\xa8\0\0\0\0\0\0\0\0\0\0\x02\xa8\x01\0\0\0\0\0\0\0\0\0\x02\x82\0\0\0\0\0\0\
\0\0\0\0\x02\x6e\x01\0\0\0\0\0\0\0\0\0\x02\x6f\x01\0\0\0\0\0\0\0\0\0\x02\xa4\
\x01\0\0\0\0\0\0\0\0\0\x02\x84\x01\0\0\0\0\0\0\0\0\0\x02\x74\x01\0\0\0\0\0\0\0\
\0\0\x02\xb2\0\0\0\x6b\x16\0\0\0\0\0\x08\x86\x01\0\0\x7c\x16\0\0\x07\0\0\x04\
\x38\0\0\0\x8f\x16\0\0\x10\0\0\0\0\0\0\0\x95\x16\0\0\x10\0\0\0\x40\0\0\0\x9b\
\x16\0\0\x10\0\0\0\x80\0\0\0\xa1\x16\0\0\x10\0\0\0\xc0\0\0\0\xa7\x16\0\0\x10\0\
\0\0\0\x01\0\0\xb2\x16\0\0\x10\0\0\0\x40\x01\0\0\xbe\x16\0\0\x10\0\0\0\x80\x01\
\0\0\xd4\x16\0\0\0\0\0\x08\xb5\0\0\0\0\0\0\0\x01\0\0\x04\x08\0\0\0\xba\x12\0\0\
\x98\0\0\0\0\0\0\0\xdf\x16\0\0\0\0\0\x08\xb7\0\0\0\xf3\x16\0\0\x01\0\0\x04\x04\
\0\0\0\x05\x17\0\0\xb8\0\0\0\0\0\0\0\x0e\x17\0\0\0\0\0\x08\xb9\0\0\0\x05\x17\0\
\0\x01\0\0\x04\x04\0\0\0\x19\x17\0\0\x16\0\0\0\0\0\0\0\0\0\0\0\0\0\0\x02\x79\
\x01\0\0\0\0\0\0\0\0\0\x02\xa5\x01\0\0\0\0\0\0\0\0\0\x02\x76\x01\0\0\0\0\0\0\0\
\0\0\x02\x80\x01\0\0\0\0\0\0\0\0\0\x03\0\0\0\0\x3c\0\0\0\x04\0\0\0\x04\0\0\0\0\
\0\0\0\0\0\0\x02\x9a\x01\0\0\0\0\0\0\0\0\0\x02\x99\x01\0\0\0\0\0\0\0\0\0\x02\
\x8b\x01\0\0\x22\x17\0\0\0\0\0\x01\x02\0\0\0\x10\0\0\x01\0\0\0\0\0\0\0\x02\x90\
\x01\0\0\0\0\0\0\0\0\0\x02\x0e\0\0\0\0\0\0\0\0\0\0\x03\0\0\0\0\x0e\0\0\0\x04\0\
\0\0\x03\0\0\0\0\0\0\0\0\0\0\x02\xa7\x01\0\0\x28\x17\0\0\x03\0\0\x04\x02\0\0\0\
\x3d\x17\0\0\xc8\0\0\0\0\0\0\0\x42\x17\0\0\xc9\0\0\0\0\0\0\0\x51\x17\0\0\xc9\0\
\0\0\x08\0\0\0\x5a\x17\0\0\0\0\0\x04\0\0\0\0\x74\x17\0\0\0\0\0\x08\xca\0\0\0\
\x79\x17\0\0\0\0\0\x01\x01\0\0\0\x08\0\0\x04\0\0\0\0\0\0\0\x02\x9f\x01\0\0\x7f\
\x17\0\0\x03\0\0\x04\x10\0\0\0\x89\x17\0\0\xcd\0\0\0\0\0\0\0\x8e\x17\0\0\x15\0\
\0\0\x40\0\0\0\x95\x17\0\0\x15\0\0\0\x60\0\0\0\0\0\0\0\0\0\0\x02\x93\x01\0\0\0\
\0\0\0\0\0\0\x02\x8a\x01\0\0\0\0\0\0\0\0\0\x02\x91\x01\0\0\0\0\0\0\0\0\0\x02\
\x82\x01\0\0\0\0\0\0\0\0\0\x02\xb0\x01\0\0\x15\x0d\0\0\0\0\0\x04\0\0\0\0\x9a\
\x17\0\0\x04\0\0\x04\x28\0\0\0\xa5\x17\0\0\x6a\0\0\0\0\0\0\0\x2b\x12\0\0\x0e\0\
\0\0\x80\0\0\0\xf0\x11\0\0\xd4\0\0\0\xc0\0\0\0\x3a\x02\0\0\x14\0\0\0\0\x01\0\0\
\0\0\0\0\0\0\0\x02\xd5\0\0\0\0\0\0\0\x01\0\0\x0d\0\0\0\0\0\0\0\0\xd6\0\0\0\0\0\
\0\0\0\0\0\x02\xd3\0\0\0\0\0\0\0\0\0\0\x02\xb2\x01\0\0\0\0\0\0\0\0\0\x02\x70\
\x01\0\0\0\0\0\0\0\0\0\x02\x73\x01\0\0\0\0\0\0\0\0\0\x02\x71\x01\0\0\xab\x17\0\
\0\x01\0\0\x04\x08\0\0\0\xa2\x12\0\0\x1d\0\0\0\0\0\0\0\xb6\x17\0\0\x19\0\0\x04\
\xb0\x06\0\0\xc4\x17\0\0\xdd\0\0\0\0\0\0\0\xd0\x17\0\0\xde\0\0\0\x80\x03\0\0\
\xd3\x17\0\0\xe3\0\0\0\0\x15\0\0\xdb\x17\0\0\x16\0\0\0\x20\x15\0\0\xe6\x17\0\0\
\x09\0\0\0\x40\x15\0\0\xf0\x17\0\0\x09\0\0\0\x80\x15\0\0\xfa\x17\0\0\xe4\0\0\0\
\xc0\x15\0\0\xfd\x17\0\0\xe4\0\0\0\0\x16\0\0\x07\x18\0\0\x0e\0\0\0\x40\x16\0\0\
\x15\x18\0\0\x0e\0\0\0\x80\x16\0\0\x20\x18\0\0\xe5\0\0\0\xc0\x16\0\0\x26\x18\0\
\0\xdf\0\0\0\x80\x1f\0\0\x3a\x18\0\0\x16\0\0\0\0\x30\0\0\x4c\x18\0\0\x3e\x01\0\
\0\x40\x30\0\0\x56\x18\0\0\x40\x01\0\0\xc0\x32\0\0\x62\x18\0\0\x10\0\0\0\x40\
\x33\0\0\x6b\x18\0\0\x10\0\0\0\x80\x33\0\0\x76\x18\0\0\x10\0\0\0\xc0\x33\0\0\
\x7b\x18\0\0\x10\0\0\0\0\x34\0\0\x86\x18\0\0\x10\0\0\0\x40\x34\0\0\x8e\x18\0\0\
\x16\0\0\0\x80\x34\0\0\x9b\x18\0\0\x16\0\0\0\xa0\x34\0\0\xaa\x18\0\0\x10\0\0\0\
\xc0\x34\0\0\xb4\x18\0\0\x10\0\0\0\0\x35\0\0\xbd\x18\0\0\x10\0\0\0\x40\x35\0\0\
\xc4\x17\0\0\x0d\0\0\x04\x68\0\0\0\xc6\x18\0\0\x0e\0\0\0\0\0\0\0\xca\x18\0\0\
\x0e\0\0\0\x40\0\0\0\xce\x18\0\0\x0e\0\0\0\x80\0\0\0\xd2\x18\0\0\x0e\0\0\0\xc0\
\0\0\0\xd6\x18\0\0\x0e\0\0\0\0\x01\0\0\xda\x18\0\0\x0e\0\0\0\x40\x01\0\0\xde\
\x18\0\0\x0e\0\0\0\x80\x01\0\0\xe2\x18\0\0\x0e\0\0\0\xc0\x01\0\0\xe6\x18\0\0\
\x0e\0\0\0\0\x02\0\0\xea\x18\0\0\x0e\0\0\0\x40\x02\0\0\xee\x18\0\0\x0e\0\0\0\
\x80\x02\0\0\xf1\x18\0\0\x0e\0\0\0\xc0\x02\0\0\xf4\x18\0\0\x0e\0\0\0\0\x03\0\0\
\0\0\0\0\x05\0\0\x04\x30\x02\0\0\xf7\x18\0\0\x0e\0\0\0\0\0\0\0\0\x19\0\0\x0e\0\
\0\0\x40\0\0\0\x0a\x19\0\0\x10\0\0\0\x80\0\0\0\x0f\x19\0\0\x0e\0\0\0\xc0\0\0\0\
\x13\x19\0\0\xdf\0\0\0\0\x01\0\0\x20\x19\0\0\x04\0\0\x04\x10\x02\0\0\x32\x19\0\
\0\xe1\0\0\0\0\0\0\0\x38\x19\0\0\x15\0\0\0\0\x10\0\0\x3d\x19\0\0\x15\0\0\0\x20\
\x10\0\0\x42\x19\0\0\xe2\0\0\0\x40\x10\0\0\x4d\x19\0\0\0\0\0\x01\x10\0\0\0\x80\
\0\0\0\0\0\0\0\0\0\0\x03\0\0\0\0\xe0\0\0\0\x04\0\0\0\x20\0\0\0\0\0\0\0\0\0\0\
\x03\0\0\0\0\x15\0\0\0\x04\0\0\0\x02\0\0\0\xd3\x17\0\0\x03\0\0\x06\x04\0\0\0\
\x5f\x19\0\0\0\0\0\0\x70\x19\0\0\x01\0\0\0\x80\x19\0\0\x02\0\0\0\0\0\0\0\0\0\0\
\x03\0\0\0\0\x16\0\0\0\x04\0\0\0\x02\0\0\0\x8d\x19\0\0\x05\0\0\x04\x10\x01\0\0\
\x98\x19\0\0\x02\0\0\0\0\0\0\0\xa7\x19\0\0\x02\0\0\0\x20\0\0\0\xb4\x19\0\0\x02\
\0\0\0\x40\0\0\0\xc1\x19\0\0\x3d\x01\0\0\x80\0\0\0\xcb\x19\0\0\x3d\x01\0\0\x80\
\x04\0\0\0\0\0\0\0\0\0\x02\xe7\0\0\0\x3d\0\0\0\x4e\0\0\x04\x40\x05\0\0\xd5\x19\
\0\0\x27\0\0\0\0\0\0\0\xe1\x19\0\0\x27\0\0\0\x80\0\0\0\xee\x19\0\0\x27\0\0\0\0\
\x01\0\0\x05\x0f\0\0\x25\0\0\0\x80\x01\0\0\xfa\x19\0\0\x10\0\0\0\x40\x02\0\0\
\x06\x1a\0\0\x27\0\0\0\x80\x02\0\0\x14\x1a\0\0\x6a\0\0\0\0\x03\0\0\x20\x1a\0\0\
\x27\0\0\0\x80\x03\0\0\x2d\x1a\0\0\x02\0\0\0\0\x04\0\0\x39\x1a\0\0\x02\0\0\0\
\x20\x04\0\0\x44\x1a\0\0\x02\0\0\0\x40\x04\0\0\x4f\x1a\0\0\x16\0\0\0\x60\x04\0\
\0\x88\x06\0\0\xe6\0\0\0\x80\x04\0\0\x60\x1a\0\0\xe8\0\0\0\xc0\x04\0\0\x64\x1a\
\0\0\x09\0\0\0\0\x05\0\0\xfe\x11\0\0\xe9\0\0\0\x40\x05\0\0\x70\x1a\0\0\x16\0\0\
\0\x60\x05\0\0\x0b\x0e\0\0\xea\0\0\0\x80\x05\0\0\x7d\x1a\0\0\x84\0\0\0\xc0\x05\
\0\0\x89\x1a\0\0\x10\0\0\0\0\x06\0\0\x9c\x1a\0\0\x10\0\0\0\x40\x06\0\0\xaf\x1a\
\0\0\x10\0\0\0\x80\x06\0\0\xb6\x1a\0\0\xee\0\0\0\xc0\x06\0\0\xbb\x1a\0\0\x1f\0\
\0\0\0\x0b\0\0\xc7\x1a\0\0\x1f\0\0\0\x10\x0b\0\0\xd6\x1a\0\0\x1f\0\0\0\x20\x0b\
\0\0\xe0\x1a\0\0\xf6\0\0\0\x40\x0b\0\0\x31\0\0\0\xbf\0\0\0\xc0\x11\0\0\xe3\x1a\
\0\0\x09\x01\0\0\0\x12\0\0\xeb\x1a\0\0\x83\0\0\0\x40\x12\0\0\xf4\x1a\0\0\x84\0\
\0\0\x80\x12\0\0\x0d\x1b\0\0\x84\0\0\0\xc0\x12\0\0\x26\x1b\0\0\x82\0\0\0\0\x13\
\0\0\x32\x1b\0\0\x27\0\0\0\0\x14\0\0\x70\x06\0\0\xe6\0\0\0\x80\x14\0\0\x3d\x1b\
\0\0\x02\0\0\0\xc0\x14\0\0\xc6\x0d\0\0\x02\0\0\0\xe0\x14\0\0\x43\x1b\0\0\x27\0\
\0\0\0\x15\0\0\x3b\x15\0\0\x22\0\0\0\x80\x15\0\0\x4f\x1b\0\0\x82\0\0\0\xc0\x15\
\0\0\x5a\x1b\0\0\x17\0\0\0\xc0\x16\0\0\x65\x1b\0\0\x0a\x01\0\0\0\x17\0\0\x68\
\x1b\0\0\x27\0\0\0\x40\x17\0\0\x71\x1b\0\0\x0e\0\0\0\xc0\x17\0\0\x7d\x1b\0\0\
\x02\0\0\0\0\x18\0\0\x89\x1b\0\0\x0b\x01\0\0\x40\x18\0\0\x8f\x1b\0\0\x0d\x01\0\
\0\0\x19\0\0\x96\x1b\0\0\x16\0\0\0\x40\x19\0\0\xa5\x1b\0\0\x16\0\0\0\x60\x19\0\
\0\xb2\x1b\0\0\x16\0\0\0\x80\x19\0\0\xc2\x1b\0\0\x0e\0\0\0\xc0\x19\0\0\xcf\x1b\
\0\0\x0e\x01\0\0\0\x1a\0\0\xdb\x1b\0\0\x0e\x01\0\0\0\x1b\0\0\xef\x1b\0\0\x7e\0\
\0\0\0\x1c\0\0\xfc\x1b\0\0\x16\0\0\0\x80\x1c\0\0\x09\x1c\0\0\x19\0\0\0\xa0\x1c\
\0\0\x15\x1c\0\0\x13\x01\0\0\xc0\x1c\0\0\x22\x1c\0\0\x14\x01\0\0\x80\x1d\0\0\
\x35\x1c\0\0\x0e\0\0\0\xc0\x1d\0\0\x46\x1c\0\0\xe6\0\0\0\0\x1e\0\0\x50\x1c\0\0\
\x15\x01\0\0\x40\x1e\0\0\x28\x15\0\0\x7e\0\0\0\x80\x1e\0\0\x58\x1c\0\0\x17\x01\
\0\0\0\x1f\0\0\x5b\x1c\0\0\x10\0\0\0\x40\x1f\0\0\x5e\x1c\0\0\x84\0\0\0\x80\x1f\
\0\0\x6b\x1c\0\0\x18\x01\0\0\xc0\x1f\0\0\x71\x1c\0\0\x1a\x01\0\0\0\x20\0\0\x82\
\x1c\0\0\x09\0\0\0\x40\x20\0\0\x9b\x1c\0\0\x2b\x01\0\0\x80\x20\0\0\xa0\x1c\0\0\
\x10\0\0\0\xc0\x20\0\0\xab\x1c\0\0\x2c\x01\0\0\0\x21\0\0\x28\x16\0\0\x2d\x01\0\
\0\x40\x21\0\0\xb4\x1c\0\0\x2e\x01\0\0\x80\x21\0\0\xbf\x1c\0\0\x3c\x01\0\0\x40\
\x28\0\0\x7e\x0d\0\0\x09\0\0\0\x80\x28\0\0\xc4\x1c\0\0\x27\0\0\0\xc0\x28\0\0\
\xcc\x1c\0\0\x27\0\0\0\x40\x29\0\0\xd5\x1c\0\0\x14\0\0\0\xc0\x29\0\0\0\0\0\0\0\
\0\0\x02\xa0\x01\0\0\xdf\x1c\0\0\x07\0\0\x06\x04\0\0\0\xf0\x1c\0\0\xfb\xff\xff\
\xff\x06\x1d\0\0\xfc\xff\xff\xff\x1f\x1d\0\0\xfd\xff\xff\xff\x35\x1d\0\0\xfe\
\xff\xff\xff\x4c\x1d\0\0\xff\xff\xff\xff\x61\x1d\0\0\0\0\0\0\x7b\x1d\0\0\x01\0\
\0\0\x93\x1d\0\0\0\0\0\x08\xeb\0\0\0\0\0\0\0\x01\0\0\x04\x08\0\0\0\x9d\x1d\0\0\
\xec\0\0\0\0\0\0\0\x9f\x1d\0\0\0\0\0\x08\xed\0\0\0\0\0\0\0\x01\0\0\x04\x08\0\0\
\0\x9d\x1d\0\0\x83\0\0\0\0\0\0\0\xa7\x1d\0\0\x3c\0\0\x84\x88\0\0\0\x19\0\0\0\
\x15\0\0\0\0\0\0\0\x95\x17\0\0\x15\0\0\0\x20\0\0\0\xb7\x1d\0\0\x11\0\0\0\x40\0\
\0\0\0\0\0\0\xef\0\0\0\x80\0\0\0\xbe\x1d\0\0\x11\0\0\0\xc0\0\0\0\xca\x1d\0\0\
\x11\0\0\0\0\x01\0\0\xd6\x1d\0\0\x11\0\0\0\x40\x01\0\x01\xdf\x1d\0\0\x11\0\0\0\
\x41\x01\0\x01\xe7\x1d\0\0\x11\0\0\0\x42\x01\0\x01\xee\x1d\0\0\x11\0\0\0\x43\
\x01\0\x01\xf8\x1d\0\0\x11\0\0\0\x44\x01\0\x01\x05\x1e\0\0\x11\0\0\0\x45\x01\0\
\x01\x14\x1e\0\0\x11\0\0\0\x46\x01\0\x01\x1f\x1e\0\0\x11\0\0\0\x47\x01\0\x01\
\x2c\x1e\0\0\x11\0\0\0\x48\x01\0\x01\xaf\x07\0\0\x11\0\0\0\x49\x01\0\x01\x31\
\x1e\0\0\x11\0\0\0\x4a\x01\0\x01\x36\x1e\0\0\x11\0\0\0\x4b\x01\0\x01\x43\x1e\0\
\0\x11\0\0\0\x4c\x01\0\x01\x52\x1e\0\0\x11\0\0\0\x4d\x01\0\x01\x57\x1e\0\0\x11\
\0\0\0\x4e\x01\0\x01\x61\x1e\0\0\x11\0\0\0\x4f\x01\0\x02\x6c\x1e\0\0\x11\0\0\0\
\x51\x01\0\x01\x76\x1e\0\0\x11\0\0\0\x52\x01\0\x01\x84\x1e\0\0\x11\0\0\0\x53\
\x01\0\x01\x91\x1e\0\0\x11\0\0\0\x54\x01\0\x01\x9f\x1e\0\0\x11\0\0\0\x55\x01\0\
\x01\xb8\x1e\0\0\x11\0\0\0\x56\x01\0\x01\xcf\x1e\0\0\x11\0\0\0\x57\x01\0\x01\
\xd5\x1e\0\0\x11\0\0\0\x58\x01\0\x01\xdf\x1e\0\0\x11\0\0\0\x59\x01\0\x01\xeb\
\x1e\0\0\x11\0\0\0\x5a\x01\0\x01\xfa\x1e\0\0\x11\0\0\0\x5b\x01\0\x01\x09\x1f\0\
\0\x11\0\0\0\x5c\x01\0\x01\x14\x1f\0\0\x11\0\0\0\x5d\x01\0\x01\x1c\x1f\0\0\x11\
\0\0\0\x5e\x01\0\x01\x26\x1f\0\0\x11\0\0\0\x5f\x01\0\x01\x31\x1f\0\0\x11\0\0\0\
\x60\x01\0\x01\x38\x1f\0\0\x11\0\0\0\x61\x01\0\x01\x42\x1f\0\0\x11\0\0\0\x62\
\x01\0\x01\x4b\x1f\0\0\x11\0\0\0\x63\x01\0\x01\x5a\x1f\0\0\x11\0\0\0\x64\x01\0\
\x01\x69\x1f\0\0\x11\0\0\0\x65\x01\0\x01\x71\x1f\0\0\x11\0\0\0\x66\x01\0\x1a\0\
\0\0\0\xf0\0\0\0\x80\x01\0\0\x7e\x1f\0\0\x15\0\0\0\xa0\x01\0\0\0\0\0\0\xf1\0\0\
\0\xc0\x01\0\0\0\0\0\0\xf2\0\0\0\0\x02\0\0\x86\x1f\0\0\x11\0\0\0\x40\x02\0\0\
\x99\x1f\0\0\x11\0\0\0\x80\x02\0\0\xaa\x1f\0\0\x15\0\0\0\xc0\x02\0\0\x91\x13\0\
\0\xf3\0\0\0\xe0\x02\0\0\xbc\x1f\0\0\x11\0\0\0\0\x03\0\0\xcd\x1f\0\0\x15\0\0\0\
\x40\x03\0\0\xdb\x1f\0\0\x20\0\0\0\x60\x03\0\0\xec\x1f\0\0\x20\0\0\0\x70\x03\0\
\0\xf9\x1f\0\0\x15\0\0\0\x80\x03\0\0\0\0\0\0\xf4\0\0\0\xa0\x03\0\0\x09\x20\0\0\
\x11\0\0\0\xc0\x03\0\0\x12\x20\0\0\x11\0\0\0\0\x04\0\0\0\0\0\0\x02\0\0\x05\x08\
\0\0\0\x1a\x20\0\0\x11\0\0\0\0\0\0\0\x28\x20\0\0\x11\0\0\0\0\0\0\0\0\0\0\0\x02\
\0\0\x05\x04\0\0\0\x34\x20\0\0\x15\0\0\0\0\0\0\0\x42\x20\0\0\x15\0\0\0\0\0\0\0\
\0\0\0\0\x04\0\0\x05\x08\0\0\0\x53\x20\0\0\x11\0\0\0\0\0\0\0\x5b\x20\0\0\x11\0\
\0\0\0\0\0\0\x67\x20\0\0\x11\0\0\0\0\0\0\0\x73\x20\0\0\x11\0\0\0\0\0\0\0\0\0\0\
\0\x04\0\0\x05\x08\0\0\0\x7b\x20\0\0\x11\0\0\0\0\0\0\0\x82\x20\0\0\x11\0\0\0\0\
\0\0\0\x8e\x20\0\0\x11\0\0\0\0\0\0\0\x9b\x20\0\0\x11\0\0\0\0\0\0\0\xa3\x20\0\0\
\0\0\0\x08\x02\0\0\0\0\0\0\0\x02\0\0\x05\x04\0\0\0\xa9\x20\0\0\x15\0\0\0\0\0\0\
\0\0\0\0\0\xf5\0\0\0\0\0\0\0\0\0\0\0\x04\0\0\x84\x04\0\0\0\xb4\x20\0\0\x15\0\0\
\0\0\0\0\x01\xc5\x20\0\0\x15\0\0\0\x01\0\0\x01\xcf\x20\0\0\x15\0\0\0\x02\0\0\
\x01\xda\x20\0\0\x15\0\0\0\x03\0\0\x1d\xe7\x20\0\0\x0c\0\0\x04\xd0\0\0\0\0\0\0\
\0\xf7\0\0\0\0\0\0\0\xf5\x20\0\0\x22\0\0\0\x80\x03\0\0\x15\x1c\0\0\x09\0\0\0\
\xc0\x03\0\0\x35\x1c\0\0\x0e\0\0\0\0\x04\0\0\xfe\x11\0\0\x02\0\0\0\x40\x04\0\0\
\xfc\x20\0\0\xea\0\0\0\x80\x04\0\0\x1a\x20\0\0\x10\0\0\0\xc0\x04\0\0\0\0\0\0\
\x06\x01\0\0\0\x05\0\0\x07\x21\0\0\x10\0\0\0\x80\x05\0\0\x16\x21\0\0\x10\0\0\0\
\xc0\x05\0\0\x21\x21\0\0\x10\0\0\0\0\x06\0\0\x31\x21\0\0\x10\0\0\0\x40\x06\0\0\
\0\0\0\0\x07\0\0\x05\x70\0\0\0\0\0\0\0\xf8\0\0\0\0\0\0\0\0\0\0\0\xfa\0\0\0\0\0\
\0\0\0\0\0\0\xfb\0\0\0\0\0\0\0\0\0\0\0\xfc\0\0\0\0\0\0\0\0\0\0\0\xfd\0\0\0\0\0\
\0\0\0\0\0\0\xfe\0\0\0\0\0\0\0\0\0\0\0\x05\x01\0\0\0\0\0\0\0\0\0\0\x0c\0\0\x04\
\x70\0\0\0\xb7\x1d\0\0\x10\0\0\0\0\0\0\0\x73\x20\0\0\x10\0\0\0\x40\0\0\0\x42\
\x21\0\0\x10\0\0\0\x80\0\0\0\x4b\x21\0\0\x10\0\0\0\xc0\0\0\0\x5a\x21\0\0\x0e\0\
\0\0\0\x01\0\0\x66\x21\0\0\x0e\0\0\0\x40\x01\0\0\x71\x21\0\0\x02\0\0\0\x80\x01\
\0\0\x82\x21\0\0\x02\0\0\0\xa0\x01\0\0\x86\x21\0\0\x02\0\0\0\xc0\x01\0\0\x3a\
\x02\0\0\x02\0\0\0\xe0\x01\0\0\x8f\x21\0\0\xf9\0\0\0\0\x02\0\0\x99\x21\0\0\xf9\
\0\0\0\xc0\x02\0\0\xa4\x21\0\0\x04\0\0\x04\x18\0\0\0\xb7\x1d\0\0\x10\0\0\0\0\0\
\0\0\xb8\x21\0\0\x16\0\0\0\x40\0\0\0\xbc\x21\0\0\x02\0\0\0\x60\0\0\0\x82\x21\0\
\0\x02\0\0\0\x80\0\0\0\0\0\0\0\x02\0\0\x04\x10\0\0\0\xc2\x21\0\0\x10\0\0\0\0\0\
\0\0\xcd\x21\0\0\x16\0\0\0\x40\0\0\0\0\0\0\0\x01\0\0\x04\x40\0\0\0\xd6\x11\0\0\
\x34\0\0\0\0\0\0\0\0\0\0\0\x01\0\0\x04\x10\0\0\0\xd8\x21\0\0\x27\0\0\0\0\0\0\0\
\0\0\0\0\x02\0\0\x04\x10\0\0\0\xe0\x21\0\0\x10\0\0\0\0\0\0\0\xe8\x21\0\0\x10\0\
\0\0\x40\0\0\0\0\0\0\0\x02\0\0\x04\x28\0\0\0\xed\x21\0\0\xff\0\0\0\0\0\0\0\xf2\
\x21\0\0\x01\x01\0\0\xc0\0\0\0\xfa\x21\0\0\x03\0\0\x04\x18\0\0\0\x0d\x22\0\0\
\x10\0\0\0\0\0\0\0\x15\x22\0\0\x10\0\0\0\x40\0\0\0\x1d\x22\0\0\0\x01\0\0\x80\0\
\0\0\x22\x22\0\0\x05\0\0\x84\x04\0\0\0\x42\x19\0\0\x14\0\0\0\0\0\0\x13\x3a\x22\
\0\0\x14\0\0\0\x13\0\0\x08\x19\0\0\0\x14\0\0\0\x1b\0\0\x02\x3e\x22\0\0\x14\0\0\
\0\x1d\0\0\x02\x48\x22\0\0\x14\0\0\0\x1f\0\0\x01\x50\x22\0\0\x02\0\0\x04\x10\0\
\0\0\x5c\x22\0\0\x02\x01\0\0\0\0\0\0\x92\x0e\0\0\x04\x01\0\0\x40\0\0\0\x62\x22\
\0\0\x01\0\0\x04\x08\0\0\0\x92\x0e\0\0\x03\x01\0\0\0\0\0\0\0\0\0\0\0\0\0\x02\
\x02\x01\0\0\0\0\0\0\0\0\0\x02\x01\x01\0\0\0\0\0\0\x05\0\0\x04\x18\0\0\0\x6d\
\x22\0\0\x3c\0\0\0\0\0\0\0\x78\x22\0\0\x3c\0\0\0\x08\0\0\0\x83\x22\0\0\x1f\0\0\
\0\x10\0\0\0\x8b\x22\0\0\x10\0\0\0\x40\0\0\0\x90\x22\0\0\x10\0\0\0\x80\0\0\0\0\
\0\0\0\x02\0\0\x05\x10\0\0\0\0\0\0\0\x07\x01\0\0\0\0\0\0\0\0\0\0\x08\x01\0\0\0\
\0\0\0\0\0\0\0\x02\0\0\x04\x10\0\0\0\x96\x22\0\0\x10\0\0\0\0\0\0\0\xa2\x22\0\0\
\xea\0\0\0\x40\0\0\0\0\0\0\0\x02\0\0\x04\x10\0\0\0\xae\x22\0\0\x10\0\0\0\0\0\0\
\0\xbb\x22\0\0\x10\0\0\0\x40\0\0\0\0\0\0\0\0\0\0\x02\x9b\x01\0\0\0\0\0\0\0\0\0\
\x02\x96\x01\0\0\xc7\x22\0\0\0\0\0\x08\x0c\x01\0\0\xd9\x22\0\0\x02\0\0\x04\x18\
\0\0\0\x3c\x14\0\0\xa5\0\0\0\0\0\0\0\xe9\x22\0\0\x27\0\0\0\x40\0\0\0\0\0\0\0\0\
\0\0\x02\x7b\x01\0\0\xee\x22\0\0\x03\0\0\x04\x20\0\0\0\xde\x11\0\0\x1b\0\0\0\0\
\0\0\0\x36\x15\0\0\x0f\x01\0\0\x80\0\0\0\xf7\x22\0\0\x12\x01\0\0\xc0\0\0\0\0\0\
\0\0\0\0\0\x02\x10\x01\0\0\0\0\0\0\x01\0\0\x0d\0\0\0\0\0\0\0\0\x11\x01\0\0\0\0\
\0\0\0\0\0\x02\x0e\x01\0\0\xff\x22\0\0\x01\0\0\x04\x08\0\0\0\x52\x1e\0\0\x22\0\
\0\0\0\0\0\0\x07\x23\0\0\x03\0\0\x04\x18\0\0\0\xcb\x15\0\0\x27\0\0\0\0\0\0\0\
\x3c\x14\0\0\x70\0\0\0\x80\0\0\0\x1e\x23\0\0\x16\0\0\0\xa0\0\0\0\0\0\0\0\0\0\0\
\x02\x94\x01\0\0\0\0\0\0\0\0\0\x02\x16\x01\0\0\0\0\0\0\x01\0\0\x0d\0\0\0\0\0\0\
\0\0\xe6\0\0\0\0\0\0\0\0\0\0\x02\x9e\x01\0\0\0\0\0\0\0\0\0\x02\x19\x01\0\0\0\0\
\0\0\0\0\0\x0d\x10\0\0\0\x2e\x23\0\0\0\0\0\x08\x1b\x01\0\0\0\0\0\0\0\0\0\x02\
\x1c\x01\0\0\0\0\0\0\x03\0\0\x0d\0\0\0\0\0\0\0\0\xe6\0\0\0\0\0\0\0\x1d\x01\0\0\
\0\0\0\0\x2a\x01\0\0\0\0\0\0\0\0\0\x02\x1e\x01\0\0\x46\x23\0\0\x1a\0\0\x04\0\
\x01\0\0\x57\x23\0\0\x10\0\0\0\0\0\0\0\x64\x23\0\0\x10\0\0\0\x40\0\0\0\x6b\x23\
\0\0\x10\0\0\0\x80\0\0\0\x19\0\0\0\x10\0\0\0\xc0\0\0\0\x74\x23\0\0\x1f\x01\0\0\
\0\x01\0\0\x85\x13\0\0\x10\0\0\0\x40\x01\0\0\x5b\x1c\0\0\x10\0\0\0\x80\x01\0\0\
\x7e\x23\0\0\x20\x01\0\0\xc0\x01\0\0\x88\x23\0\0\x10\0\0\0\0\x02\0\0\x8b\x23\0\
\0\x21\x01\0\0\x40\x02\0\0\x95\x23\0\0\x22\x01\0\0\x80\x02\0\0\x99\x23\0\0\x23\
\x01\0\0\xc0\x02\0\0\xa2\x23\0\0\x24\x01\0\0\0\x03\0\0\xb9\x0f\0\0\x25\x01\0\0\
\x40\x03\0\0\xb0\x23\0\0\x27\x01\0\0\x80\x03\0\0\xb9\x23\0\0\x10\0\0\0\xc0\x03\
\0\0\xbd\x23\0\0\x29\x01\0\0\0\x04\0\0\xc7\x23\0\0\x29\x01\0\0\x80\x04\0\0\xd1\
\x23\0\0\x10\0\0\0\0\x05\0\0\xe1\x23\0\0\x10\0\0\0\x40\x05\0\0\x31\x1f\0\0\x10\
\0\0\0\x80\x05\0\0\xeb\x23\0\0\x10\0\0\0\xc0\x05\0\0\xf0\x23\0\0\x10\0\0\0\0\
\x06\0\0\xfa\x23\0\0\x10\0\0\0\x40\x06\0\0\x09\x24\0\0\x10\0\0\0\x80\x06\0\0\
\x18\x24\0\0\x10\0\0\0\xc0\x06\0\0\0\0\0\0\x02\0\0\x04\x08\0\0\0\x4e\x06\0\0\
\x14\0\0\0\0\0\0\0\x21\x24\0\0\x14\0\0\0\x20\0\0\0\0\0\0\0\x02\0\0\x04\x08\0\0\
\0\xc6\x0d\0\0\x14\0\0\0\0\0\0\0\x25\x24\0\0\x14\0\0\0\x20\0\0\0\0\0\0\0\0\0\0\
\x02\x97\x01\0\0\0\0\0\0\0\0\0\x02\x9c\x01\0\0\0\0\0\0\0\0\0\x02\x95\x01\0\0\0\
\0\0\0\0\0\0\x02\x10\0\0\0\x2e\x24\0\0\x02\0\0\x05\x08\0\0\0\x41\x24\0\0\x11\0\
\0\0\0\0\0\0\0\0\0\0\x26\x01\0\0\0\0\0\0\0\0\0\0\x03\0\0\x04\x08\0\0\0\x46\x24\
\0\0\x15\0\0\0\0\0\0\0\x4e\x24\0\0\x20\0\0\0\x20\0\0\0\x55\x24\0\0\x20\0\0\0\
\x30\0\0\0\x5c\x24\0\0\x02\0\0\x05\x08\0\0\0\x7a\x13\0\0\x11\0\0\0\0\0\0\0\0\0\
\0\0\x28\x01\0\0\0\0\0\0\0\0\0\0\x0b\0\0\x84\x08\0\0\0\x6e\x24\0\0\x11\0\0\0\0\
\0\0\x05\x75\x24\0\0\x11\0\0\0\x05\0\0\x0e\x7d\x24\0\0\x11\0\0\0\x13\0\0\x05\
\x87\x24\0\0\x11\0\0\0\x18\0\0\x02\x90\x24\0\0\x11\0\0\0\x1a\0\0\x07\x99\x24\0\
\0\x11\0\0\0\x21\0\0\x04\xa5\x24\0\0\x11\0\0\0\x25\0\0\x01\xb0\x24\0\0\x11\0\0\
\0\x26\0\0\x02\xbb\x24\0\0\x11\0\0\0\x28\0\0\x03\xc3\x24\0\0\x11\0\0\0\x2b\0\0\
\x03\xcc\x24\0\0\x11\0\0\0\x2e\0\0\x12\xd5\x24\0\0\x02\0\0\x04\x10\0\0\0\xdf\
\x24\0\0\x11\0\0\0\0\0\0\0\xe3\x24\0\0\x2a\x01\0\0\x40\0\0\0\0\0\0\0\0\0\0\x02\
\xa2\x01\0\0\0\0\0\0\0\0\0\x02\x72\x01\0\0\0\0\0\0\0\0\0\x02\xaf\x01\0\0\0\0\0\
\0\0\0\0\x02\x7a\x01\0\0\xb4\x1c\0\0\x0f\0\0\x04\xd8\0\0\0\x36\x15\0\0\x2f\x01\
\0\0\0\0\0\0\x92\x0e\0\0\x32\x01\0\0\x40\0\0\0\x3a\x02\0\0\x0e\0\0\0\x80\0\0\0\
\xe8\x24\0\0\x09\0\0\0\xc0\0\0\0\xf0\x24\0\0\x2f\x01\0\0\0\x01\0\0\xfb\x24\0\0\
\x35\x01\0\0\x40\x01\0\0\x06\x25\0\0\x37\x01\0\0\xc0\x02\0\0\x10\x25\0\0\x35\
\x01\0\0\0\x03\0\0\x19\x25\0\0\x0e\0\0\0\x80\x04\0\0\x24\x25\0\0\x0e\0\0\0\xc0\
\x04\0\0\xcb\x15\0\0\x27\0\0\0\0\x05\0\0\x34\x25\0\0\x27\0\0\0\x80\x05\0\0\x3f\
\x25\0\0\x38\x01\0\0\0\x06\0\0\x48\x25\0\0\x32\x01\0\0\x40\x06\0\0\x50\x25\0\0\
\x0e\0\0\0\x80\x06\0\0\x5c\x25\0\0\0\0\0\x08\x30\x01\0\0\0\0\0\0\0\0\0\x02\x31\
\x01\0\0\0\0\0\0\x04\0\0\x0d\0\0\0\0\0\0\0\0\x0e\0\0\0\0\0\0\0\x0e\0\0\0\0\0\0\
\0\x32\x01\0\0\0\0\0\0\x33\x01\0\0\0\0\0\0\0\0\0\x02\x2e\x01\0\0\0\0\0\0\0\0\0\
\x02\x34\x01\0\0\x6a\x25\0\0\0\0\0\x04\0\0\0\0\x76\x25\0\0\x03\0\0\x04\x30\0\0\
\0\x86\x25\0\0\x36\x01\0\0\0\0\0\0\x93\x25\0\0\x36\x01\0\0\x40\0\0\0\x9f\x25\0\
\0\x82\0\0\0\x80\0\0\0\0\0\0\0\0\0\0\x02\x7f\x01\0\0\0\0\0\0\0\0\0\x02\x35\x01\
\0\0\xaa\x25\0\0\0\0\0\x08\x39\x01\0\0\0\0\0\0\0\0\0\x02\x3a\x01\0\0\0\0\0\0\
\x02\0\0\x0d\x02\0\0\0\0\0\0\0\x32\x01\0\0\0\0\0\0\x3b\x01\0\0\xbc\x25\0\0\x03\
\0\0\x06\x04\0\0\0\xcb\x25\0\0\0\0\0\0\xf5\x25\0\0\x01\0\0\0\x1f\x26\0\0\x02\0\
\0\0\0\0\0\0\0\0\0\x02\x98\x01\0\0\0\0\0\0\0\0\0\x03\0\0\0\0\xe6\0\0\0\x04\0\0\
\0\x10\0\0\0\x4a\x26\0\0\x05\0\0\x04\x50\0\0\0\x5c\x26\0\0\x3f\x01\0\0\0\0\0\0\
\x61\x26\0\0\x3f\x01\0\0\x80\0\0\0\x66\x26\0\0\x3f\x01\0\0\0\x01\0\0\x6b\x26\0\
\0\x3f\x01\0\0\x80\x01\0\0\x70\x26\0\0\x3f\x01\0\0\0\x02\0\0\x75\x26\0\0\x02\0\
\0\x04\x10\0\0\0\x81\x26\0\0\x0e\0\0\0\0\0\0\0\x84\x26\0\0\x0e\0\0\0\x40\0\0\0\
\x87\x26\0\0\x01\0\0\x04\x10\0\0\0\x5c\x26\0\0\x3f\x01\0\0\0\0\0\0\xf4\x26\0\0\
\x02\0\0\x04\x40\x05\0\0\0\0\0\0\x42\x01\0\0\0\0\0\0\xfe\x26\0\0\x66\x01\0\0\0\
\x2a\0\0\0\0\0\0\x48\0\0\x04\x40\x05\0\0\0\0\0\0\x43\x01\0\0\0\0\0\0\x09\x27\0\
\0\x44\x01\0\0\0\x02\0\0\x0f\x27\0\0\x0e\0\0\0\x80\x02\0\0\x19\x27\0\0\x0e\0\0\
\0\xc0\x02\0\0\x2a\x27\0\0\x0e\0\0\0\0\x03\0\0\x34\x27\0\0\x46\x01\0\0\x40\x03\
\0\0\x38\x27\0\0\x19\0\0\0\x80\x03\0\0\x49\x27\0\0\x19\0\0\0\xa0\x03\0\0\x52\
\x27\0\0\x4b\x01\0\0\xc0\x03\0\0\x5b\x27\0\0\x0e\0\0\0\0\x04\0\0\x30\x03\0\0\
\x16\0\0\0\x40\x04\0\0\x6c\x27\0\0\x19\0\0\0\x60\x04\0\0\x77\x27\0\0\x70\0\0\0\
\x80\x04\0\0\x89\x27\0\0\x83\0\0\0\xc0\x04\0\0\x98\x27\0\0\x02\0\0\0\0\x05\0\0\
\xa2\x27\0\0\xa5\0\0\0\x20\x05\0\0\xb2\x27\0\0\x4c\x01\0\0\x40\x05\0\0\xbc\x27\
\0\0\x27\0\0\0\x80\x06\0\0\xc3\x27\0\0\x12\x01\0\0\0\x07\0\0\xd3\x27\0\0\xb8\0\
\0\0\x40\x07\0\0\xdf\x27\0\0\x82\0\0\0\x80\x07\0\0\xef\x27\0\0\x4d\x01\0\0\x80\
\x08\0\0\xfb\x27\0\0\x4d\x01\0\0\xc0\x08\0\0\x0b\x28\0\0\x0e\0\0\0\0\x09\0\0\
\x19\x28\0\0\x7e\0\0\0\x40\x09\0\0\x23\x28\0\0\x83\0\0\0\xc0\x09\0\0\x30\x28\0\
\0\x4e\x01\0\0\0\x0a\0\0\x3a\x28\0\0\x0e\0\0\0\x40\x0a\0\0\x46\x28\0\0\x0e\0\0\
\0\x80\x0a\0\0\x51\x28\0\0\x0e\0\0\0\xc0\x0a\0\0\x5a\x28\0\0\x0e\0\0\0\0\x0b\0\
\0\x64\x28\0\0\x84\0\0\0\x40\x0b\0\0\x6e\x28\0\0\x0e\0\0\0\x80\x0b\0\0\x76\x28\
\0\0\x0e\0\0\0\xc0\x0b\0\0\x7e\x28\0\0\x0e\0\0\0\0\x0c\0\0\x87\x28\0\0\x4f\x01\
\0\0\x40\x0c\0\0\x91\x28\0\0\xb8\0\0\0\x80\x0c\0\0\xa3\x28\0\0\xa5\0\0\0\xa0\
\x0c\0\0\xac\x28\0\0\x0e\0\0\0\xc0\x0c\0\0\xb7\x28\0\0\x0e\0\0\0\0\x0d\0\0\xc0\
\x28\0\0\x0e\0\0\0\x40\x0d\0\0\xcb\x28\0\0\x0e\0\0\0\x80\x0d\0\0\xd4\x28\0\0\
\x0e\0\0\0\xc0\x0d\0\0\xde\x28\0\0\x0e\0\0\0\0\x0e\0\0\xe2\x28\0\0\x0e\0\0\0\
\x40\x0e\0\0\xee\x28\0\0\x0e\0\0\0\x80\x0e\0\0\xf8\x28\0\0\x0e\0\0\0\xc0\x0e\0\
\0\0\x29\0\0\x0e\0\0\0\0\x0f\0\0\x0a\x29\0\0\x0e\0\0\0\x40\x0f\0\0\x12\x29\0\0\
\x50\x01\0\0\x80\x0f\0\0\x1d\x29\0\0\x54\x01\0\0\0\x1d\0\0\x26\x29\0\0\x55\x01\
\0\0\0\x22\0\0\x2d\x29\0\0\x56\x01\0\0\x40\x22\0\0\x3a\x02\0\0\x58\x01\0\0\xc0\
\x23\0\0\x35\x29\0\0\xa5\0\0\0\0\x24\0\0\x40\x29\0\0\x5a\x01\0\0\x40\x24\0\0\
\x3b\x15\0\0\x22\0\0\0\x80\x24\0\0\x4c\x29\0\0\x5b\x01\0\0\xc0\x24\0\0\x54\x29\
\0\0\x5c\x01\0\0\0\x25\0\0\x5d\x29\0\0\x5d\x01\0\0\x40\x25\0\0\x74\x29\0\0\x0e\
\0\0\0\x80\x25\0\0\x83\x29\0\0\x0e\0\0\0\xc0\x25\0\0\x95\x0a\0\0\x02\0\0\0\0\
\x26\0\0\x94\x29\0\0\x19\0\0\0\x20\x26\0\0\xa6\x29\0\0\x19\0\0\0\x40\x26\0\0\
\xb8\x29\0\0\x5e\x01\0\0\x80\x26\0\0\xc6\x29\0\0\x83\0\0\0\xc0\x26\0\0\xd4\x29\
\0\0\x60\x01\0\0\0\x27\0\0\xe3\x29\0\0\x0e\0\0\0\0\x28\0\0\xf5\x29\0\0\x0e\0\0\
\0\x40\x28\0\0\x04\x2a\0\0\x83\0\0\0\x80\x28\0\0\x13\x2a\0\0\x65\x01\0\0\xc0\
\x28\0\0\0\0\0\0\x01\0\0\x04\x40\0\0\0\x19\x2a\0\0\x19\0\0\0\0\0\0\0\x22\x2a\0\
\0\x03\0\0\x04\x10\0\0\0\0\0\0\0\x45\x01\0\0\0\0\0\0\x2d\x2a\0\0\x16\0\0\0\x20\
\0\0\0\x36\x2a\0\0\x09\0\0\0\x40\0\0\0\0\0\0\0\x01\0\0\x05\x04\0\0\0\x3e\x2a\0\
\0\xa5\0\0\0\0\0\0\0\0\0\0\0\0\0\0\x02\x47\x01\0\0\x46\x2a\0\0\0\0\0\x08\x48\
\x01\0\0\0\0\0\0\x01\0\0\x04\x08\0\0\0\x34\x27\0\0\x49\x01\0\0\0\0\0\0\x4c\x2a\
\0\0\0\0\0\x08\x4a\x01\0\0\x55\x2a\0\0\0\0\0\x08\x10\0\0\0\0\0\0\0\0\0\0\x02\
\x8c\x01\0\0\x5e\x2a\0\0\x05\0\0\x04\x28\0\0\0\x0b\x0e\0\0\x83\0\0\0\0\0\0\0\
\x3b\x15\0\0\x83\0\0\0\x40\0\0\0\x4b\x15\0\0\x86\0\0\0\x80\0\0\0\x41\x15\0\0\
\x70\0\0\0\xa0\0\0\0\x4f\x15\0\0\x27\0\0\0\xc0\0\0\0\0\0\0\0\0\0\0\x02\x81\x01\
\0\0\0\0\0\0\0\0\0\x02\x16\0\0\0\x6b\x2a\0\0\0\0\0\x08\x0e\0\0\0\0\0\0\0\0\0\0\
\x03\0\0\0\0\x0e\0\0\0\x04\0\0\0\x36\0\0\0\x76\x2a\0\0\x04\0\0\x04\x28\0\0\0\
\x3c\x14\0\0\x70\0\0\0\0\0\0\0\x0b\x0e\0\0\x2b\0\0\0\x40\0\0\0\xcb\x15\0\0\x27\
\0\0\0\x80\0\0\0\x85\x2a\0\0\x52\x01\0\0\0\x01\0\0\0\0\0\0\0\0\0\x02\x53\x01\0\
\0\x8e\x2a\0\0\0\0\0\x08\xf3\0\0\0\0\0\0\0\0\0\0\x03\0\0\0\0\x51\x01\0\0\x04\0\
\0\0\x04\0\0\0\0\0\0\0\0\0\0\x02\x89\x01\0\0\x92\x2a\0\0\0\0\0\x08\x57\x01\0\0\
\0\0\0\0\x06\0\0\x04\x30\0\0\0\x5b\x1c\0\0\x84\0\0\0\0\0\0\0\x9f\x2a\0\0\x09\0\
\0\0\x40\0\0\0\xe7\x1d\0\0\x17\0\0\0\x80\0\0\0\xa7\x2a\0\0\x09\0\0\0\xc0\0\0\0\
\x3a\x02\0\0\x0e\0\0\0\0\x01\0\0\xac\x2a\0\0\x3c\0\0\0\x40\x01\0\0\xc0\x2a\0\0\
\0\0\0\x08\x59\x01\0\0\0\0\0\0\x01\0\0\x04\x08\0\0\0\xcb\x2a\0\0\x98\0\0\0\0\0\
\0\0\0\0\0\0\0\0\0\x02\x88\x01\0\0\0\0\0\0\0\0\0\x02\xb1\x01\0\0\0\0\0\0\0\0\0\
\x02\x7c\x01\0\0\0\0\0\0\0\0\0\x02\x8d\x01\0\0\xb8\x29\0\0\x01\0\0\x04\x08\0\0\
\0\xd6\x2a\0\0\x5f\x01\0\0\0\0\0\0\0\0\0\0\0\0\0\x02\xb3\x01\0\0\xdf\x2a\0\0\
\x03\0\0\x04\x20\0\0\0\xeb\x2a\0\0\x83\0\0\0\0\0\0\0\xa5\x17\0\0\x27\0\0\0\x40\
\0\0\0\x36\x15\0\0\x61\x01\0\0\xc0\0\0\0\xf0\x2a\0\0\0\0\0\x08\x62\x01\0\0\0\0\
\0\0\0\0\0\x02\x63\x01\0\0\0\0\0\0\x01\0\0\x0d\0\0\0\0\0\0\0\0\x64\x01\0\0\0\0\
\0\0\0\0\0\x02\x60\x01\0\0\xfc\x2a\0\0\0\0\0\x08\x16\0\0\0\0\0\0\0\0\0\0\x03\0\
\0\0\0\x0e\0\0\0\x04\0\0\0\0\0\0\0\0\0\0\0\0\0\0\x03\0\0\0\0\x8a\0\0\0\x04\0\0\
\0\x0d\0\0\0\x4f\x2c\0\0\0\0\0\x0e\x67\x01\0\0\x01\0\0\0\x57\x2c\0\0\x01\0\0\
\x0f\0\0\0\0\x08\0\0\0\0\0\0\0\x10\0\0\0\x5d\x2c\0\0\x01\0\0\x0f\0\0\0\0\x68\
\x01\0\0\0\0\0\0\x0d\0\0\0\x65\x2c\0\0\0\0\0\x07\0\0\0\0\x77\x2c\0\0\0\0\0\x07\
\0\0\0\0\x50\x08\0\0\0\0\0\x07\0\0\0\0\xfd\x08\0\0\0\0\0\x07\0\0\0\0\x85\x2c\0\
\0\0\0\0\x07\0\0\0\0\x8e\x2c\0\0\0\0\0\x07\0\0\0\0\x9b\x0d\0\0\0\0\0\x07\0\0\0\
\0\xa0\x2c\0\0\0\0\0\x07\0\0\0\0\xa9\x2c\0\0\0\0\0\x07\0\0\0\0\x24\x09\0\0\0\0\
\0\x07\0\0\0\0\x8d\x0f\0\0\0\0\0\x07\0\0\0\0\xb5\x2c\0\0\0\0\0\x07\0\0\0\0\xcd\
\x2c\0\0\0\0\0\x07\0\0\0\0\x95\x07\0\0\0\0\0\x07\0\0\0\0\xd8\x2c\0\0\0\0\0\x07\
\0\0\0\0\xe0\x2c\0\0\0\0\0\x07\0\0\0\0\xed\x2c\0\0\0\0\0\x07\0\0\0\0\xfb\x2c\0\
\0\0\0\0\x07\0\0\0\0\0\x2d\0\0\0\0\0\x07\0\0\0\0\x0d\x2d\0\0\0\0\0\x07\0\0\0\0\
\x17\x2d\0\0\0\0\0\x07\0\0\0\0\x23\x2d\0\0\0\0\0\x07\0\0\0\0\x32\x2d\0\0\0\0\0\
\x07\0\0\0\0\x45\x2d\0\0\0\0\0\x07\0\0\0\0\x4d\x2d\0\0\0\0\0\x07\0\0\0\0\x19\
\x09\0\0\0\0\0\x07\0\0\0\0\x60\x2d\0\0\0\0\0\x07\0\0\0\0\x6e\x2d\0\0\0\0\0\x07\
\0\0\0\0\x7d\x2d\0\0\0\0\0\x07\0\0\0\0\x81\x2d\0\0\0\0\0\x07\0\0\0\0\x8e\x2d\0\
\0\0\0\0\x07\0\0\0\0\x9b\x2d\0\0\0\0\0\x07\0\0\0\0\x6a\x0a\0\0\0\0\0\x07\0\0\0\
\0\xac\x0b\0\0\0\0\0\x07\0\0\0\0\xa6\x2d\0\0\0\0\0\x07\0\0\0\0\xb4\x07\0\0\0\0\
\0\x07\0\0\0\0\xe0\x07\0\0\0\0\0\x07\0\0\0\0\x33\x0b\0\0\0\0\0\x07\0\0\0\0\xc1\
\x2d\0\0\0\0\0\x07\0\0\0\0\xcc\x2d\0\0\0\0\0\x07\0\0\0\0\x89\x17\0\0\0\0\0\x07\
\0\0\0\0\xdb\x2d\0\0\0\0\0\x07\0\0\0\0\xf2\x2d\0\0\0\0\0\x07\0\0\0\0\x04\x2e\0\
\0\0\0\0\x07\0\0\0\0\x10\x2e\0\0\0\0\0\x07\0\0\0\0\x25\x2e\0\0\0\0\0\x07\0\0\0\
\0\x5c\x0a\0\0\0\0\0\x07\0\0\0\0\x31\x2e\0\0\0\0\0\x07\0\0\0\0\x44\x2e\0\0\0\0\
\0\x07\0\0\0\0\x5b\x2e\0\0\0\0\0\x07\0\0\0\0\x4e\x06\0\0\0\0\0\x07\0\0\0\0\x6b\
\x2e\0\0\0\0\0\x07\0\0\0\0\x79\x2e\0\0\0\0\0\x07\0\0\0\0\x60\x1a\0\0\0\0\0\x07\
\0\0\0\0\x89\x2e\0\0\0\0\0\x07\0\0\0\0\x90\x2e\0\0\0\0\0\x07\0\0\0\0\x98\x2e\0\
\0\0\0\0\x07\0\0\0\0\x0b\x09\0\0\0\0\0\x07\0\0\0\0\xa1\x2e\0\0\0\0\0\x07\0\0\0\
\0\xbc\x11\0\0\0\0\0\x07\0\0\0\0\x85\x0b\0\0\0\0\0\x07\0\0\0\0\xb2\x2e\0\0\0\0\
\0\x07\0\0\0\0\xdf\x02\0\0\0\0\0\x07\0\0\0\0\xc2\x2e\0\0\0\0\0\x07\0\0\0\0\xd1\
\x2e\0\0\0\0\0\x07\0\0\0\0\xdf\x2e\0\0\0\0\0\x07\0\0\0\0\xee\x2e\0\0\0\0\0\x07\
\0\0\0\0\xfc\x2e\0\0\0\0\0\x07\0\0\0\0\x07\x2f\0\0\0\0\0\x07\0\0\0\0\x18\x2f\0\
\0\0\0\0\x07\0\0\0\0\x24\x2f\0\0\0\0\0\x07\0\0\0\0\x33\x2f\0\0\0\0\0\x07\0\0\0\
\0\xd6\x2a\0\0\0\0\0\x07\0\0\0\0\0\x69\x6e\x74\0\x5f\x5f\x41\x52\x52\x41\x59\
\x5f\x53\x49\x5a\x45\x5f\x54\x59\x50\x45\x5f\x5f\0\x74\x79\x70\x65\0\x6d\x61\
\x78\x5f\x65\x6e\x74\x72\x69\x65\x73\0\x65\x76\x65\x6e\x74\x73\0\x63\x74\x78\0\
\x70\x72\x6f\x66\x69\x6c\x65\0\x70\x65\x72\x66\x5f\x65\x76\x65\x6e\x74\0\x2f\
\x68\x6f\x6d\x65\x2f\x6a\x69\x6e\x2f\x61\x72\x6d\x36\x34\x5f\x6c\x69\x62\x2f\
\x62\x70\x66\x2d\x65\x78\x61\x6d\x70\x6c\x65\x2f\x70\x72\x6f\x66\x69\x6c\x65\
\x2f\x70\x72\x6f\x66\x69\x6c\x65\x5f\x73\x74\x61\x63\x6b\x2e\x62\x70\x66\x2e\
\x63\0\x69\x6e\x74\x20\x70\x72\x6f\x66\x69\x6c\x65\x28\x76\x6f\x69\x64\x20\x2a\
\x63\x74\x78\x29\0\x09\x69\x6e\x74\x20\x70\x69\x64\x20\x3d\x20\x62\x70\x66\x5f\
\x67\x65\x74\x5f\x63\x75\x72\x72\x65\x6e\x74\x5f\x70\x69\x64\x5f\x74\x67\x69\
\x64\x28\x29\x20\x3e\x3e\x20\x33\x32\x3b\0\x09\x69\x6e\x74\x20\x63\x70\x75\x5f\
\x69\x64\x20\x3d\x20\x62\x70\x66\x5f\x67\x65\x74\x5f\x73\x6d\x70\x5f\x70\x72\
\x6f\x63\x65\x73\x73\x6f\x72\x5f\x69\x64\x28\x29\x3b\0\x09\x65\x76\x65\x6e\x74\
\x20\x3d\x20\x62\x70\x66\x5f\x72\x69\x6e\x67\x62\x75\x66\x5f\x72\x65\x73\x65\
\x72\x76\x65\x28\x26\x65\x76\x65\x6e\x74\x73\x2c\x20\x73\x69\x7a\x65\x6f\x66\
\x28\x2a\x65\x76\x65\x6e\x74\x29\x2c\x20\x30\x29\x3b\0\x09\x69\x66\x20\x28\x21\
\x65\x76\x65\x6e\x74\x29\0\x09\x65\x76\x65\x6e\x74\x2d\x3e\x63\x70\x75\x5f\x69\
\x64\x20\x3d\x20\x63\x70\x75\x5f\x69\x64\x3b\0\x09\x65\x76\x65\x6e\x74\x2d\x3e\
\x70\x69\x64\x20\x3d\x20\x70\x69\x64\x3b\0\x09\x69\x66\x20\x28\x62\x70\x66\x5f\
\x67\x65\x74\x5f\x63\x75\x72\x72\x65\x6e\x74\x5f\x63\x6f\x6d\x6d\x28\x65\x76\
\x65\x6e\x74\x2d\x3e\x63\x6f\x6d\x6d\x2c\x20\x73\x69\x7a\x65\x6f\x66\x28\x65\
\x76\x65\x6e\x74\x2d\x3e\x63\x6f\x6d\x6d\x29\x29\x29\0\x09\x09\x65\x76\x65\x6e\
\x74\x2d\x3e\x63\x6f\x6d\x6d\x5b\x30\x5d\x20\x3d\x20\x30\x3b\0\x09\x73\x74\x72\
\x75\x63\x74\x20\x74\x61\x73\x6b\x5f\x73\x74\x72\x75\x63\x74\x20\x2a\x74\x61\
\x73\x6b\x20\x3d\x20\x28\x73\x74\x72\x75\x63\x74\x20\x74\x61\x73\x6b\x5f\x73\
\x74\x72\x75\x63\x74\x20\x2a\x29\x62\x70\x66\x5f\x67\x65\x74\x5f\x63\x75\x72\
\x72\x65\x6e\x74\x5f\x74\x61\x73\x6b\x28\x29\x3b\0\x74\x61\x73\x6b\x5f\x73\x74\
\x72\x75\x63\x74\0\x74\x68\x72\x65\x61\x64\x5f\x69\x6e\x66\x6f\0\x5f\x5f\x73\
\x74\x61\x74\x65\0\x73\x61\x76\x65\x64\x5f\x73\x74\x61\x74\x65\0\x73\x74\x61\
\x63\x6b\0\x75\x73\x61\x67\x65\0\x66\x6c\x61\x67\x73\0\x70\x74\x72\x61\x63\x65\
\0\x6f\x6e\x5f\x63\x70\x75\0\x77\x61\x6b\x65\x5f\x65\x6e\x74\x72\x79\0\x77\x61\
\x6b\x65\x65\x5f\x66\x6c\x69\x70\x73\0\x77\x61\x6b\x65\x65\x5f\x66\x6c\x69\x70\
\x5f\x64\x65\x63\x61\x79\x5f\x74\x73\0\x6c\x61\x73\x74\x5f\x77\x61\x6b\x65\x65\
\0\x72\x65\x63\x65\x6e\x74\x5f\x75\x73\x65\x64\x5f\x63\x70\x75\0\x77\x61\x6b\
\x65\x5f\x63\x70\x75\0\x6f\x6e\x5f\x72\x71\0\x70\x72\x69\x6f\0\x73\x74\x61\x74\
\x69\x63\x5f\x70\x72\x69\x6f\0\x6e\x6f\x72\x6d\x61\x6c\x5f\x70\x72\x69\x6f\0\
\x72\x74\x5f\x70\x72\x69\x6f\x72\x69\x74\x79\0\x73\x65\0\x72\x74\0\x64\x6c\0\
\x64\x6c\x5f\x73\x65\x72\x76\x65\x72\0\x73\x63\x68\x65\x64\x5f\x63\x6c\x61\x73\
\x73\0\x73\x63\x68\x65\x64\x5f\x74\x61\x73\x6b\x5f\x67\x72\x6f\x75\x70\0\x73\
\x74\x61\x74\x73\0\x70\x72\x65\x65\x6d\x70\x74\x5f\x6e\x6f\x74\x69\x66\x69\x65\
\x72\x73\0\x70\x6f\x6c\x69\x63\x79\0\x6d\x61\x78\x5f\x61\x6c\x6c\x6f\x77\x65\
\x64\x5f\x63\x61\x70\x61\x63\x69\x74\x79\0\x6e\x72\x5f\x63\x70\x75\x73\x5f\x61\
\x6c\x6c\x6f\x77\x65\x64\0\x63\x70\x75\x73\x5f\x70\x74\x72\0\x75\x73\x65\x72\
\x5f\x63\x70\x75\x73\x5f\x70\x74\x72\0\x63\x70\x75\x73\x5f\x6d\x61\x73\x6b\0\
\x6d\x69\x67\x72\x61\x74\x69\x6f\x6e\x5f\x70\x65\x6e\x64\x69\x6e\x67\0\x6d\x69\
\x67\x72\x61\x74\x69\x6f\x6e\x5f\x64\x69\x73\x61\x62\x6c\x65\x64\0\x6d\x69\x67\
\x72\x61\x74\x69\x6f\x6e\x5f\x66\x6c\x61\x67\x73\0\x72\x63\x75\x5f\x72\x65\x61\
\x64\x5f\x6c\x6f\x63\x6b\x5f\x6e\x65\x73\x74\x69\x6e\x67\0\x72\x63\x75\x5f\x72\
\x65\x61\x64\x5f\x75\x6e\x6c\x6f\x63\x6b\x5f\x73\x70\x65\x63\x69\x61\x6c\0\x72\
\x63\x75\x5f\x6e\x6f\x64\x65\x5f\x65\x6e\x74\x72\x79\0\x72\x63\x75\x5f\x62\x6c\
\x6f\x63\x6b\x65\x64\x5f\x6e\x6f\x64\x65\0\x72\x63\x75\x5f\x74\x61\x73\x6b\x73\
\x5f\x6e\x76\x63\x73\x77\0\x72\x63\x75\x5f\x74\x61\x73\x6b\x73\x5f\x68\x6f\x6c\
\x64\x6f\x75\x74\0\x72\x63\x75\x5f\x74\x61\x73\x6b\x73\x5f\x69\x64\x78\0\x72\
\x63\x75\x5f\x74\x61\x73\x6b\x73\x5f\x69\x64\x6c\x65\x5f\x63\x70\x75\0\x72\x63\
\x75\x5f\x74\x61\x73\x6b\x73\x5f\x68\x6f\x6c\x64\x6f\x75\x74\x5f\x6c\x69\x73\
\x74\0\x72\x63\x75\x5f\x74\x61\x73\x6b\x73\x5f\x65\x78\x69\x74\x5f\x63\x70\x75\
\0\x72\x63\x75\x5f\x74\x61\x73\x6b\x73\x5f\x65\x78\x69\x74\x5f\x6c\x69\x73\x74\
\0\x74\x72\x63\x5f\x72\x65\x61\x64\x65\x72\x5f\x6e\x65\x73\x74\x69\x6e\x67\0\
\x74\x72\x63\x5f\x69\x70\x69\x5f\x74\x6f\x5f\x63\x70\x75\0\x74\x72\x63\x5f\x72\
\x65\x61\x64\x65\x72\x5f\x73\x70\x65\x63\x69\x61\x6c\0\x74\x72\x63\x5f\x68\x6f\
\x6c\x64\x6f\x75\x74\x5f\x6c\x69\x73\x74\0\x74\x72\x63\x5f\x62\x6c\x6b\x64\x5f\
\x6e\x6f\x64\x65\0\x74\x72\x63\x5f\x62\x6c\x6b\x64\x5f\x63\x70\x75\0\x73\x63\
\x68\x65\x64\x5f\x69\x6e\x66\x6f\0\x74\x61\x73\x6b\x73\0\x70\x75\x73\x68\x61\
\x62\x6c\x65\x5f\x74\x61\x73\x6b\x73\0\x70\x75\x73\x68\x61\x62\x6c\x65\x5f\x64\
\x6c\x5f\x74\x61\x73\x6b\x73\0\x6d\x6d\0\x61\x63\x74\x69\x76\x65\x5f\x6d\x6d\0\
\x66\x61\x75\x6c\x74\x73\x5f\x64\x69\x73\x61\x62\x6c\x65\x64\x5f\x6d\x61\x70\
\x70\x69\x6e\x67\0\x65\x78\x69\x74\x5f\x73\x74\x61\x74\x65\0\x65\x78\x69\x74\
\x5f\x63\x6f\x64\x65\0\x65\x78\x69\x74\x5f\x73\x69\x67\x6e\x61\x6c\0\x70\x64\
\x65\x61\x74\x68\x5f\x73\x69\x67\x6e\x61\x6c\0\x6a\x6f\x62\x63\x74\x6c\0\x70\
\x65\x72\x73\x6f\x6e\x61\x6c\x69\x74\x79\0\x73\x63\x68\x65\x64\x5f\x72\x65\x73\
\x65\x74\x5f\x6f\x6e\x5f\x66\x6f\x72\x6b\0\x73\x63\x68\x65\x64\x5f\x63\x6f\x6e\
\x74\x72\x69\x62\x75\x74\x65\x73\x5f\x74\x6f\x5f\x6c\x6f\x61\x64\0\x73\x63\x68\
\x65\x64\x5f\x6d\x69\x67\x72\x61\x74\x65\x64\0\x73\x63\x68\x65\x64\x5f\x74\x61\
\x73\x6b\x5f\x68\x6f\x74\0\x73\x63\x68\x65\x64\x5f\x72\x65\x6d\x6f\x74\x65\x5f\
\x77\x61\x6b\x65\x75\x70\0\x73\x63\x68\x65\x64\x5f\x72\x74\x5f\x6d\x75\x74\x65\
\x78\0\x75\x73\x65\x72\x5f\x64\x75\x6d\x70\x61\x62\x6c\x65\0\x69\x6e\x5f\x65\
\x78\x65\x63\x76\x65\0\x69\x6e\x5f\x69\x6f\x77\x61\x69\x74\0\x6e\x6f\x5f\x63\
\x67\x72\x6f\x75\x70\x5f\x6d\x69\x67\x72\x61\x74\x69\x6f\x6e\0\x66\x72\x6f\x7a\
\x65\x6e\0\x75\x73\x65\x5f\x6d\x65\x6d\x64\x65\x6c\x61\x79\0\x69\x6e\x5f\x65\
\x76\x65\x6e\x74\x66\x64\0\x69\x6e\x5f\x6e\x66\x5f\x64\x75\x70\x6c\x69\x63\x61\
\x74\x65\0\x61\x74\x6f\x6d\x69\x63\x5f\x66\x6c\x61\x67\x73\0\x72\x65\x73\x74\
\x61\x72\x74\x5f\x62\x6c\x6f\x63\x6b\0\x70\x69\x64\0\x74\x67\x69\x64\0\x73\x74\
\x61\x63\x6b\x5f\x63\x61\x6e\x61\x72\x79\0\x72\x65\x61\x6c\x5f\x70\x61\x72\x65\
\x6e\x74\0\x70\x61\x72\x65\x6e\x74\0\x63\x68\x69\x6c\x64\x72\x65\x6e\0\x73\x69\
\x62\x6c\x69\x6e\x67\0\x67\x72\x6f\x75\x70\x5f\x6c\x65\x61\x64\x65\x72\0\x70\
\x74\x72\x61\x63\x65\x64\0\x70\x74\x72\x61\x63\x65\x5f\x65\x6e\x74\x72\x79\0\
\x74\x68\x72\x65\x61\x64\x5f\x70\x69\x64\0\x70\x69\x64\x5f\x6c\x69\x6e\x6b\x73\
\0\x74\x68\x72\x65\x61\x64\x5f\x6e\x6f\x64\x65\0\x76\x66\x6f\x72\x6b\x5f\x64\
\x6f\x6e\x65\0\x73\x65\x74\x5f\x63\x68\x69\x6c\x64\x5f\x74\x69\x64\0\x63\x6c\
\x65\x61\x72\x5f\x63\x68\x69\x6c\x64\x5f\x74\x69\x64\0\x77\x6f\x72\x6b\x65\x72\
\x5f\x70\x72\x69\x76\x61\x74\x65\0\x75\x74\x69\x6d\x65\0\x73\x74\x69\x6d\x65\0\
\x67\x74\x69\x6d\x65\0\x70\x72\x65\x76\x5f\x63\x70\x75\x74\x69\x6d\x65\0\x6e\
\x76\x63\x73\x77\0\x6e\x69\x76\x63\x73\x77\0\x73\x74\x61\x72\x74\x5f\x74\x69\
\x6d\x65\0\x73\x74\x61\x72\x74\x5f\x62\x6f\x6f\x74\x74\x69\x6d\x65\0\x6d\x69\
\x6e\x5f\x66\x6c\x74\0\x6d\x61\x6a\x5f\x66\x6c\x74\0\x70\x6f\x73\x69\x78\x5f\
\x63\x70\x75\x74\x69\x6d\x65\x72\x73\0\x70\x6f\x73\x69\x78\x5f\x63\x70\x75\x74\
\x69\x6d\x65\x72\x73\x5f\x77\x6f\x72\x6b\0\x70\x74\x72\x61\x63\x65\x72\x5f\x63\
\x72\x65\x64\0\x72\x65\x61\x6c\x5f\x63\x72\x65\x64\0\x63\x72\x65\x64\0\x63\x61\
\x63\x68\x65\x64\x5f\x72\x65\x71\x75\x65\x73\x74\x65\x64\x5f\x6b\x65\x79\0\x63\
\x6f\x6d\x6d\0\x6e\x61\x6d\x65\x69\x64\x61\x74\x61\0\x73\x79\x73\x76\x73\x65\
\x6d\0\x73\x79\x73\x76\x73\x68\x6d\0\x66\x73\0\x66\x69\x6c\x65\x73\0\x69\x6f\
\x5f\x75\x72\x69\x6e\x67\0\x6e\x73\x70\x72\x6f\x78\x79\0\x73\x69\x67\x6e\x61\
\x6c\0\x73\x69\x67\x68\x61\x6e\x64\0\x62\x6c\x6f\x63\x6b\x65\x64\0\x72\x65\x61\
\x6c\x5f\x62\x6c\x6f\x63\x6b\x65\x64\0\x73\x61\x76\x65\x64\x5f\x73\x69\x67\x6d\
\x61\x73\x6b\0\x70\x65\x6e\x64\x69\x6e\x67\0\x73\x61\x73\x5f\x73\x73\x5f\x73\
\x70\0\x73\x61\x73\x5f\x73\x73\x5f\x73\x69\x7a\x65\0\x73\x61\x73\x5f\x73\x73\
\x5f\x66\x6c\x61\x67\x73\0\x74\x61\x73\x6b\x5f\x77\x6f\x72\x6b\x73\0\x61\x75\
\x64\x69\x74\x5f\x63\x6f\x6e\x74\x65\x78\x74\0\x6c\x6f\x67\x69\x6e\x75\x69\x64\
\0\x73\x65\x73\x73\x69\x6f\x6e\x69\x64\0\x73\x65\x63\x63\x6f\x6d\x70\0\x73\x79\
\x73\x63\x61\x6c\x6c\x5f\x64\x69\x73\x70\x61\x74\x63\x68\0\x70\x61\x72\x65\x6e\
\x74\x5f\x65\x78\x65\x63\x5f\x69\x64\0\x73\x65\x6c\x66\x5f\x65\x78\x65\x63\x5f\
\x69\x64\0\x61\x6c\x6c\x6f\x63\x5f\x6c\x6f\x63\x6b\0\x70\x69\x5f\x6c\x6f\x63\
\x6b\0\x77\x61\x6b\x65\x5f\x71\0\x70\x69\x5f\x77\x61\x69\x74\x65\x72\x73\0\x70\
\x69\x5f\x74\x6f\x70\x5f\x74\x61\x73\x6b\0\x70\x69\x5f\x62\x6c\x6f\x63\x6b\x65\
\x64\x5f\x6f\x6e\0\x62\x6c\x6f\x63\x6b\x65\x64\x5f\x6f\x6e\0\x6a\x6f\x75\x72\
\x6e\x61\x6c\x5f\x69\x6e\x66\x6f\0\x62\x69\x6f\x5f\x6c\x69\x73\x74\0\x70\x6c\
\x75\x67\0\x72\x65\x63\x6c\x61\x69\x6d\x5f\x73\x74\x61\x74\x65\0\x69\x6f\x5f\
\x63\x6f\x6e\x74\x65\x78\x74\0\x63\x61\x70\x74\x75\x72\x65\x5f\x63\x6f\x6e\x74\
\x72\x6f\x6c\0\x70\x74\x72\x61\x63\x65\x5f\x6d\x65\x73\x73\x61\x67\x65\0\x6c\
\x61\x73\x74\x5f\x73\x69\x67\x69\x6e\x66\x6f\0\x69\x6f\x61\x63\0\x61\x63\x63\
\x74\x5f\x72\x73\x73\x5f\x6d\x65\x6d\x31\0\x61\x63\x63\x74\x5f\x76\x6d\x5f\x6d\
\x65\x6d\x31\0\x61\x63\x63\x74\x5f\x74\x69\x6d\x65\x78\x70\x64\0\x6d\x65\x6d\
\x73\x5f\x61\x6c\x6c\x6f\x77\x65\x64\0\x6d\x65\x6d\x73\x5f\x61\x6c\x6c\x6f\x77\
\x65\x64\x5f\x73\x65\x71\0\x63\x70\x75\x73\x65\x74\x5f\x6d\x65\x6d\x5f\x73\x70\
\x72\x65\x61\x64\x5f\x72\x6f\x74\x6f\x72\0\x63\x67\x72\x6f\x75\x70\x73\0\x63\
\x67\x5f\x6c\x69\x73\x74\0\x72\x6f\x62\x75\x73\x74\x5f\x6c\x69\x73\x74\0\x63\
\x6f\x6d\x70\x61\x74\x5f\x72\x6f\x62\x75\x73\x74\x5f\x6c\x69\x73\x74\0\x70\x69\
\x5f\x73\x74\x61\x74\x65\x5f\x6c\x69\x73\x74\0\x70\x69\x5f\x73\x74\x61\x74\x65\
\x5f\x63\x61\x63\x68\x65\0\x66\x75\x74\x65\x78\x5f\x65\x78\x69\x74\x5f\x6d\x75\
\x74\x65\x78\0\x66\x75\x74\x65\x78\x5f\x73\x74\x61\x74\x65\0\x70\x65\x72\x66\
\x5f\x72\x65\x63\x75\x72\x73\x69\x6f\x6e\0\x70\x65\x72\x66\x5f\x65\x76\x65\x6e\
\x74\x5f\x63\x74\x78\x70\0\x70\x65\x72\x66\x5f\x65\x76\x65\x6e\x74\x5f\x6d\x75\
\x74\x65\x78\0\x70\x65\x72\x66\x5f\x65\x76\x65\x6e\x74\x5f\x6c\x69\x73\x74\0\
\x70\x65\x72\x66\x5f\x63\x74\x78\x5f\x64\x61\x74\x61\0\x6d\x65\x6d\x70\x6f\x6c\
\x69\x63\x79\0\x69\x6c\x5f\x70\x72\x65\x76\0\x69\x6c\x5f\x77\x65\x69\x67\x68\
\x74\0\x70\x72\x65\x66\x5f\x6e\x6f\x64\x65\x5f\x66\x6f\x72\x6b\0\x6e\x75\x6d\
\x61\x5f\x73\x63\x61\x6e\x5f\x73\x65\x71\0\x6e\x75\x6d\x61\x5f\x73\x63\x61\x6e\
\x5f\x70\x65\x72\x69\x6f\x64\0\x6e\x75\x6d\x61\x5f\x73\x63\x61\x6e\x5f\x70\x65\
\x72\x69\x6f\x64\x5f\x6d\x61\x78\0\x6e\x75\x6d\x61\x5f\x70\x72\x65\x66\x65\x72\
\x72\x65\x64\x5f\x6e\x69\x64\0\x6e\x75\x6d\x61\x5f\x6d\x69\x67\x72\x61\x74\x65\
\x5f\x72\x65\x74\x72\x79\0\x6e\x6f\x64\x65\x5f\x73\x74\x61\x6d\x70\0\x6c\x61\
\x73\x74\x5f\x74\x61\x73\x6b\x5f\x6e\x75\x6d\x61\x5f\x70\x6c\x61\x63\x65\x6d\
\x65\x6e\x74\0\x6c\x61\x73\x74\x5f\x73\x75\x6d\x5f\x65\x78\x65\x63\x5f\x72\x75\
\x6e\x74\x69\x6d\x65\0\x6e\x75\x6d\x61\x5f\x77\x6f\x72\x6b\0\x6e\x75\x6d\x61\
\x5f\x67\x72\x6f\x75\x70\0\x6e\x75\x6d\x61\x5f\x66\x61\x75\x6c\x74\x73\0\x74\
\x6f\x74\x61\x6c\x5f\x6e\x75\x6d\x61\x5f\x66\x61\x75\x6c\x74\x73\0\x6e\x75\x6d\
\x61\x5f\x66\x61\x75\x6c\x74\x73\x5f\x6c\x6f\x63\x61\x6c\x69\x74\x79\0\x6e\x75\
\x6d\x61\x5f\x70\x61\x67\x65\x73\x5f\x6d\x69\x67\x72\x61\x74\x65\x64\0\x72\x73\
\x65\x71\0\x72\x73\x65\x71\x5f\x6c\x65\x6e\0\x72\x73\x65\x71\x5f\x73\x69\x67\0\
\x72\x73\x65\x71\x5f\x65\x76\x65\x6e\x74\x5f\x6d\x61\x73\x6b\0\x6d\x6d\x5f\x63\
\x69\x64\0\x6c\x61\x73\x74\x5f\x6d\x6d\x5f\x63\x69\x64\0\x6d\x69\x67\x72\x61\
\x74\x65\x5f\x66\x72\x6f\x6d\x5f\x63\x70\x75\0\x6d\x6d\x5f\x63\x69\x64\x5f\x61\
\x63\x74\x69\x76\x65\0\x63\x69\x64\x5f\x77\x6f\x72\x6b\0\x74\x6c\x62\x5f\x75\
\x62\x63\0\x73\x70\x6c\x69\x63\x65\x5f\x70\x69\x70\x65\0\x74\x61\x73\x6b\x5f\
\x66\x72\x61\x67\0\x6e\x72\x5f\x64\x69\x72\x74\x69\x65\x64\0\x6e\x72\x5f\x64\
\x69\x72\x74\x69\x65\x64\x5f\x70\x61\x75\x73\x65\0\x64\x69\x72\x74\x79\x5f\x70\
\x61\x75\x73\x65\x64\x5f\x77\x68\x65\x6e\0\x74\x69\x6d\x65\x72\x5f\x73\x6c\x61\
\x63\x6b\x5f\x6e\x73\0\x64\x65\x66\x61\x75\x6c\x74\x5f\x74\x69\x6d\x65\x72\x5f\
\x73\x6c\x61\x63\x6b\x5f\x6e\x73\0\x63\x75\x72\x72\x5f\x72\x65\x74\x5f\x73\x74\
\x61\x63\x6b\0\x63\x75\x72\x72\x5f\x72\x65\x74\x5f\x64\x65\x70\x74\x68\0\x72\
\x65\x74\x5f\x73\x74\x61\x63\x6b\0\x66\x74\x72\x61\x63\x65\x5f\x74\x69\x6d\x65\
\x73\x74\x61\x6d\x70\0\x66\x74\x72\x61\x63\x65\x5f\x73\x6c\x65\x65\x70\x74\x69\
\x6d\x65\0\x74\x72\x61\x63\x65\x5f\x6f\x76\x65\x72\x72\x75\x6e\0\x74\x72\x61\
\x63\x69\x6e\x67\x5f\x67\x72\x61\x70\x68\x5f\x70\x61\x75\x73\x65\0\x74\x72\x61\
\x63\x65\x5f\x72\x65\x63\x75\x72\x73\x69\x6f\x6e\0\x6d\x65\x6d\x63\x67\x5f\x6e\
\x72\x5f\x70\x61\x67\x65\x73\x5f\x6f\x76\x65\x72\x5f\x68\x69\x67\x68\0\x61\x63\
\x74\x69\x76\x65\x5f\x6d\x65\x6d\x63\x67\0\x6f\x62\x6a\x63\x67\0\x74\x68\x72\
\x6f\x74\x74\x6c\x65\x5f\x64\x69\x73\x6b\0\x75\x74\x61\x73\x6b\0\x6b\x6d\x61\
\x70\x5f\x63\x74\x72\x6c\0\x72\x63\x75\0\x72\x63\x75\x5f\x75\x73\x65\x72\x73\0\
\x70\x61\x67\x65\x66\x61\x75\x6c\x74\x5f\x64\x69\x73\x61\x62\x6c\x65\x64\0\x6f\
\x6f\x6d\x5f\x72\x65\x61\x70\x65\x72\x5f\x6c\x69\x73\x74\0\x6f\x6f\x6d\x5f\x72\
\x65\x61\x70\x65\x72\x5f\x74\x69\x6d\x65\x72\0\x73\x74\x61\x63\x6b\x5f\x76\x6d\
\x5f\x61\x72\x65\x61\0\x73\x74\x61\x63\x6b\x5f\x72\x65\x66\x63\x6f\x75\x6e\x74\
\0\x73\x65\x63\x75\x72\x69\x74\x79\0\x62\x70\x66\x5f\x73\x74\x6f\x72\x61\x67\
\x65\0\x62\x70\x66\x5f\x63\x74\x78\0\x62\x70\x66\x5f\x6e\x65\x74\x5f\x63\x6f\
\x6e\x74\x65\x78\x74\0\x6b\x72\x65\x74\x70\x72\x6f\x62\x65\x5f\x69\x6e\x73\x74\
\x61\x6e\x63\x65\x73\0\x74\x68\x72\x65\x61\x64\0\x63\x70\x75\0\x75\x6e\x73\x69\
\x67\x6e\x65\x64\x20\x6c\x6f\x6e\x67\0\x70\x72\x65\x65\x6d\x70\x74\x5f\x63\x6f\
\x75\x6e\x74\0\x70\x72\x65\x65\x6d\x70\x74\0\x75\x36\x34\0\x5f\x5f\x75\x36\x34\
\0\x75\x6e\x73\x69\x67\x6e\x65\x64\x20\x6c\x6f\x6e\x67\x20\x6c\x6f\x6e\x67\0\
\x63\x6f\x75\x6e\x74\0\x6e\x65\x65\x64\x5f\x72\x65\x73\x63\x68\x65\x64\0\x75\
\x33\x32\0\x5f\x5f\x75\x33\x32\0\x75\x6e\x73\x69\x67\x6e\x65\x64\x20\x69\x6e\
\x74\0\x72\x65\x66\x63\x6f\x75\x6e\x74\x5f\x74\0\x72\x65\x66\x63\x6f\x75\x6e\
\x74\x5f\x73\x74\x72\x75\x63\x74\0\x72\x65\x66\x73\0\x61\x74\x6f\x6d\x69\x63\
\x5f\x74\0\x63\x6f\x75\x6e\x74\x65\x72\0\x5f\x5f\x63\x61\x6c\x6c\x5f\x73\x69\
\x6e\x67\x6c\x65\x5f\x6e\x6f\x64\x65\0\x6c\x6c\x69\x73\x74\0\x73\x72\x63\0\x64\
\x73\x74\0\x6c\x6c\x69\x73\x74\x5f\x6e\x6f\x64\x65\0\x6e\x65\x78\x74\0\x75\x5f\
\x66\x6c\x61\x67\x73\0\x61\x5f\x66\x6c\x61\x67\x73\0\x75\x31\x36\0\x5f\x5f\x75\
\x31\x36\0\x75\x6e\x73\x69\x67\x6e\x65\x64\x20\x73\x68\x6f\x72\x74\0\x73\x63\
\x68\x65\x64\x5f\x65\x6e\x74\x69\x74\x79\0\x6c\x6f\x61\x64\0\x72\x75\x6e\x5f\
\x6e\x6f\x64\x65\0\x64\x65\x61\x64\x6c\x69\x6e\x65\0\x6d\x69\x6e\x5f\x76\x72\
\x75\x6e\x74\x69\x6d\x65\0\x6d\x69\x6e\x5f\x73\x6c\x69\x63\x65\0\x6d\x61\x78\
\x5f\x73\x6c\x69\x63\x65\0\x67\x72\x6f\x75\x70\x5f\x6e\x6f\x64\x65\0\x73\x63\
\x68\x65\x64\x5f\x64\x65\x6c\x61\x79\x65\x64\0\x72\x65\x6c\x5f\x64\x65\x61\x64\
\x6c\x69\x6e\x65\0\x63\x75\x73\x74\x6f\x6d\x5f\x73\x6c\x69\x63\x65\0\x65\x78\
\x65\x63\x5f\x73\x74\x61\x72\x74\0\x73\x75\x6d\x5f\x65\x78\x65\x63\x5f\x72\x75\
\x6e\x74\x69\x6d\x65\0\x70\x72\x65\x76\x5f\x73\x75\x6d\x5f\x65\x78\x65\x63\x5f\
\x72\x75\x6e\x74\x69\x6d\x65\0\x76\x72\x75\x6e\x74\x69\x6d\x65\0\x73\x6c\x69\
\x63\x65\0\x6e\x72\x5f\x6d\x69\x67\x72\x61\x74\x69\x6f\x6e\x73\0\x64\x65\x70\
\x74\x68\0\x63\x66\x73\x5f\x72\x71\0\x6d\x79\x5f\x71\0\x72\x75\x6e\x6e\x61\x62\
\x6c\x65\x5f\x77\x65\x69\x67\x68\x74\0\x61\x76\x67\0\x6c\x6f\x61\x64\x5f\x77\
\x65\x69\x67\x68\x74\0\x77\x65\x69\x67\x68\x74\0\x69\x6e\x76\x5f\x77\x65\x69\
\x67\x68\x74\0\x72\x62\x5f\x6e\x6f\x64\x65\0\x5f\x5f\x72\x62\x5f\x70\x61\x72\
\x65\x6e\x74\x5f\x63\x6f\x6c\x6f\x72\0\x72\x62\x5f\x72\x69\x67\x68\x74\0\x72\
\x62\x5f\x6c\x65\x66\x74\0\x6c\x69\x73\x74\x5f\x68\x65\x61\x64\0\x70\x72\x65\
\x76\0\x75\x6e\x73\x69\x67\x6e\x65\x64\x20\x63\x68\x61\x72\0\x76\x6c\x61\x67\0\
\x76\x70\x72\x6f\x74\0\x73\x36\x34\0\x5f\x5f\x73\x36\x34\0\x6c\x6f\x6e\x67\x20\
\x6c\x6f\x6e\x67\0\x73\x63\x68\x65\x64\x5f\x61\x76\x67\0\x6c\x61\x73\x74\x5f\
\x75\x70\x64\x61\x74\x65\x5f\x74\x69\x6d\x65\0\x6c\x6f\x61\x64\x5f\x73\x75\x6d\
\0\x72\x75\x6e\x6e\x61\x62\x6c\x65\x5f\x73\x75\x6d\0\x75\x74\x69\x6c\x5f\x73\
\x75\x6d\0\x70\x65\x72\x69\x6f\x64\x5f\x63\x6f\x6e\x74\x72\x69\x62\0\x6c\x6f\
\x61\x64\x5f\x61\x76\x67\0\x72\x75\x6e\x6e\x61\x62\x6c\x65\x5f\x61\x76\x67\0\
\x75\x74\x69\x6c\x5f\x61\x76\x67\0\x75\x74\x69\x6c\x5f\x65\x73\x74\0\x73\x63\
\x68\x65\x64\x5f\x72\x74\x5f\x65\x6e\x74\x69\x74\x79\0\x72\x75\x6e\x5f\x6c\x69\
\x73\x74\0\x74\x69\x6d\x65\x6f\x75\x74\0\x77\x61\x74\x63\x68\x64\x6f\x67\x5f\
\x73\x74\x61\x6d\x70\0\x74\x69\x6d\x65\x5f\x73\x6c\x69\x63\x65\0\x6f\x6e\x5f\
\x6c\x69\x73\x74\0\x62\x61\x63\x6b\0\x73\x63\x68\x65\x64\x5f\x64\x6c\x5f\x65\
\x6e\x74\x69\x74\x79\0\x64\x6c\x5f\x72\x75\x6e\x74\x69\x6d\x65\0\x64\x6c\x5f\
\x64\x65\x61\x64\x6c\x69\x6e\x65\0\x64\x6c\x5f\x70\x65\x72\x69\x6f\x64\0\x64\
\x6c\x5f\x62\x77\0\x64\x6c\x5f\x64\x65\x6e\x73\x69\x74\x79\0\x72\x75\x6e\x74\
\x69\x6d\x65\0\x64\x6c\x5f\x74\x68\x72\x6f\x74\x74\x6c\x65\x64\0\x64\x6c\x5f\
\x79\x69\x65\x6c\x64\x65\x64\0\x64\x6c\x5f\x6e\x6f\x6e\x5f\x63\x6f\x6e\x74\x65\
\x6e\x64\x69\x6e\x67\0\x64\x6c\x5f\x6f\x76\x65\x72\x72\x75\x6e\0\x64\x6c\x5f\
\x73\x65\x72\x76\x65\x72\x5f\x61\x63\x74\x69\x76\x65\0\x64\x6c\x5f\x64\x65\x66\
\x65\x72\0\x64\x6c\x5f\x64\x65\x66\x65\x72\x5f\x61\x72\x6d\x65\x64\0\x64\x6c\
\x5f\x64\x65\x66\x65\x72\x5f\x72\x75\x6e\x6e\x69\x6e\x67\0\x64\x6c\x5f\x74\x69\
\x6d\x65\x72\0\x69\x6e\x61\x63\x74\x69\x76\x65\x5f\x74\x69\x6d\x65\x72\0\x72\
\x71\0\x73\x65\x72\x76\x65\x72\x5f\x70\x69\x63\x6b\x5f\x74\x61\x73\x6b\0\x70\
\x69\x5f\x73\x65\0\x68\x72\x74\x69\x6d\x65\x72\0\x6e\x6f\x64\x65\0\x5f\x73\x6f\
\x66\x74\x65\x78\x70\x69\x72\x65\x73\0\x66\x75\x6e\x63\x74\x69\x6f\x6e\0\x62\
\x61\x73\x65\0\x73\x74\x61\x74\x65\0\x69\x73\x5f\x72\x65\x6c\0\x69\x73\x5f\x73\
\x6f\x66\x74\0\x69\x73\x5f\x68\x61\x72\x64\0\x74\x69\x6d\x65\x72\x71\x75\x65\
\x75\x65\x5f\x6e\x6f\x64\x65\0\x65\x78\x70\x69\x72\x65\x73\0\x6b\x74\x69\x6d\
\x65\x5f\x74\0\x68\x72\x74\x69\x6d\x65\x72\x5f\x72\x65\x73\x74\x61\x72\x74\0\
\x48\x52\x54\x49\x4d\x45\x52\x5f\x4e\x4f\x52\x45\x53\x54\x41\x52\x54\0\x48\x52\
\x54\x49\x4d\x45\x52\x5f\x52\x45\x53\x54\x41\x52\x54\0\x75\x38\0\x5f\x5f\x75\
\x38\0\x64\x6c\x5f\x73\x65\x72\x76\x65\x72\x5f\x70\x69\x63\x6b\x5f\x66\0\x73\
\x63\x68\x65\x64\x5f\x73\x74\x61\x74\x69\x73\x74\x69\x63\x73\0\x68\x6c\x69\x73\
\x74\x5f\x68\x65\x61\x64\0\x66\x69\x72\x73\x74\0\x63\x70\x75\x6d\x61\x73\x6b\
\x5f\x74\0\x63\x70\x75\x6d\x61\x73\x6b\0\x62\x69\x74\x73\0\x72\x63\x75\x5f\x73\
\x70\x65\x63\x69\x61\x6c\0\x62\0\x73\0\x6e\x65\x65\x64\x5f\x71\x73\0\x65\x78\
\x70\x5f\x68\x69\x6e\x74\0\x6e\x65\x65\x64\x5f\x6d\x62\0\x70\x63\x6f\x75\x6e\
\x74\0\x72\x75\x6e\x5f\x64\x65\x6c\x61\x79\0\x6d\x61\x78\x5f\x72\x75\x6e\x5f\
\x64\x65\x6c\x61\x79\0\x6d\x69\x6e\x5f\x72\x75\x6e\x5f\x64\x65\x6c\x61\x79\0\
\x6c\x61\x73\x74\x5f\x61\x72\x72\x69\x76\x61\x6c\0\x6c\x61\x73\x74\x5f\x71\x75\
\x65\x75\x65\x64\0\x70\x6c\x69\x73\x74\x5f\x6e\x6f\x64\x65\0\x70\x72\x69\x6f\
\x5f\x6c\x69\x73\x74\0\x6e\x6f\x64\x65\x5f\x6c\x69\x73\x74\0\x61\x72\x63\x68\
\x5f\x64\x61\x74\x61\0\x66\x6e\0\x6c\x6f\x6e\x67\0\x66\x75\x74\x65\x78\0\x6e\
\x61\x6e\x6f\x73\x6c\x65\x65\x70\0\x70\x6f\x6c\x6c\0\x75\x61\x64\x64\x72\0\x76\
\x61\x6c\0\x62\x69\x74\x73\x65\x74\0\x74\x69\x6d\x65\0\x75\x61\x64\x64\x72\x32\
\0\x63\x6c\x6f\x63\x6b\x69\x64\0\x63\x6c\x6f\x63\x6b\x69\x64\x5f\x74\0\x5f\x5f\
\x6b\x65\x72\x6e\x65\x6c\x5f\x63\x6c\x6f\x63\x6b\x69\x64\x5f\x74\0\x74\x69\x6d\
\x65\x73\x70\x65\x63\x5f\x74\x79\x70\x65\0\x54\x54\x5f\x4e\x4f\x4e\x45\0\x54\
\x54\x5f\x4e\x41\x54\x49\x56\x45\0\x54\x54\x5f\x43\x4f\x4d\x50\x41\x54\0\x72\
\x6d\x74\x70\0\x63\x6f\x6d\x70\x61\x74\x5f\x72\x6d\x74\x70\0\x75\x66\x64\x73\0\
\x6e\x66\x64\x73\0\x68\x61\x73\x5f\x74\x69\x6d\x65\x6f\x75\x74\0\x74\x76\x5f\
\x73\x65\x63\0\x74\x76\x5f\x6e\x73\x65\x63\0\x70\x69\x64\x5f\x74\0\x5f\x5f\x6b\
\x65\x72\x6e\x65\x6c\x5f\x70\x69\x64\x5f\x74\0\x68\x6c\x69\x73\x74\x5f\x6e\x6f\
\x64\x65\0\x70\x70\x72\x65\x76\0\x6c\x6f\x63\x6b\0\x72\x61\x77\x5f\x73\x70\x69\
\x6e\x6c\x6f\x63\x6b\x5f\x74\0\x72\x61\x77\x5f\x73\x70\x69\x6e\x6c\x6f\x63\x6b\
\0\x72\x61\x77\x5f\x6c\x6f\x63\x6b\0\x61\x72\x63\x68\x5f\x73\x70\x69\x6e\x6c\
\x6f\x63\x6b\x5f\x74\0\x71\x73\x70\x69\x6e\x6c\x6f\x63\x6b\0\x6c\x6f\x63\x6b\
\x65\x64\0\x6c\x6f\x63\x6b\x65\x64\x5f\x70\x65\x6e\x64\x69\x6e\x67\0\x74\x61\
\x69\x6c\0\x62\x61\x73\x65\x73\0\x74\x69\x6d\x65\x72\x73\x5f\x61\x63\x74\x69\
\x76\x65\0\x65\x78\x70\x69\x72\x79\x5f\x61\x63\x74\x69\x76\x65\0\x70\x6f\x73\
\x69\x78\x5f\x63\x70\x75\x74\x69\x6d\x65\x72\x5f\x62\x61\x73\x65\0\x6e\x65\x78\
\x74\x65\x76\x74\0\x74\x71\x68\x65\x61\x64\0\x74\x69\x6d\x65\x72\x71\x75\x65\
\x75\x65\x5f\x68\x65\x61\x64\0\x72\x62\x5f\x72\x6f\x6f\x74\0\x72\x62\x5f\x72\
\x6f\x6f\x74\x5f\x63\x61\x63\x68\x65\x64\0\x72\x62\x5f\x6c\x65\x66\x74\x6d\x6f\
\x73\x74\0\x77\x6f\x72\x6b\0\x6d\x75\x74\x65\x78\0\x73\x63\x68\x65\x64\x75\x6c\
\x65\x64\0\x63\x61\x6c\x6c\x62\x61\x63\x6b\x5f\x68\x65\x61\x64\0\x66\x75\x6e\
\x63\0\x6f\x77\x6e\x65\x72\0\x77\x61\x69\x74\x5f\x6c\x6f\x63\x6b\0\x6f\x73\x71\
\0\x77\x61\x69\x74\x5f\x6c\x69\x73\x74\0\x61\x74\x6f\x6d\x69\x63\x5f\x6c\x6f\
\x6e\x67\x5f\x74\0\x61\x74\x6f\x6d\x69\x63\x36\x34\x5f\x74\0\x6f\x70\x74\x69\
\x6d\x69\x73\x74\x69\x63\x5f\x73\x70\x69\x6e\x5f\x71\x75\x65\x75\x65\0\x63\x68\
\x61\x72\0\x73\x79\x73\x76\x5f\x73\x65\x6d\0\x75\x6e\x64\x6f\x5f\x6c\x69\x73\
\x74\0\x73\x79\x73\x76\x5f\x73\x68\x6d\0\x73\x68\x6d\x5f\x63\x6c\x69\x73\x74\0\
\x73\x69\x67\x73\x65\x74\x5f\x74\0\x73\x69\x67\0\x73\x69\x67\x70\x65\x6e\x64\
\x69\x6e\x67\0\x6c\x69\x73\x74\0\x73\x69\x7a\x65\x5f\x74\0\x5f\x5f\x6b\x65\x72\
\x6e\x65\x6c\x5f\x73\x69\x7a\x65\x5f\x74\0\x5f\x5f\x6b\x65\x72\x6e\x65\x6c\x5f\
\x75\x6c\x6f\x6e\x67\x5f\x74\0\x6b\x75\x69\x64\x5f\x74\0\x75\x69\x64\x5f\x74\0\
\x5f\x5f\x6b\x65\x72\x6e\x65\x6c\x5f\x75\x69\x64\x33\x32\x5f\x74\0\x6d\x6f\x64\
\x65\0\x66\x69\x6c\x74\x65\x72\x5f\x63\x6f\x75\x6e\x74\0\x66\x69\x6c\x74\x65\
\x72\0\x73\x79\x73\x63\x61\x6c\x6c\x5f\x75\x73\x65\x72\x5f\x64\x69\x73\x70\x61\
\x74\x63\x68\0\x73\x70\x69\x6e\x6c\x6f\x63\x6b\x5f\x74\0\x73\x70\x69\x6e\x6c\
\x6f\x63\x6b\0\x72\x6c\x6f\x63\x6b\0\x77\x61\x6b\x65\x5f\x71\x5f\x6e\x6f\x64\
\x65\0\x6b\x65\x72\x6e\x65\x6c\x5f\x73\x69\x67\x69\x6e\x66\x6f\x5f\x74\0\x74\
\x61\x73\x6b\x5f\x69\x6f\x5f\x61\x63\x63\x6f\x75\x6e\x74\x69\x6e\x67\0\x72\x63\
\x68\x61\x72\0\x77\x63\x68\x61\x72\0\x73\x79\x73\x63\x72\0\x73\x79\x73\x63\x77\
\0\x72\x65\x61\x64\x5f\x62\x79\x74\x65\x73\0\x77\x72\x69\x74\x65\x5f\x62\x79\
\x74\x65\x73\0\x63\x61\x6e\x63\x65\x6c\x6c\x65\x64\x5f\x77\x72\x69\x74\x65\x5f\
\x62\x79\x74\x65\x73\0\x6e\x6f\x64\x65\x6d\x61\x73\x6b\x5f\x74\0\x73\x65\x71\
\x63\x6f\x75\x6e\x74\x5f\x73\x70\x69\x6e\x6c\x6f\x63\x6b\x5f\x74\0\x73\x65\x71\
\x63\x6f\x75\x6e\x74\x5f\x73\x70\x69\x6e\x6c\x6f\x63\x6b\0\x73\x65\x71\x63\x6f\
\x75\x6e\x74\0\x73\x65\x71\x63\x6f\x75\x6e\x74\x5f\x74\0\x73\x65\x71\x75\x65\
\x6e\x63\x65\0\x73\x68\x6f\x72\x74\0\x74\x6c\x62\x66\x6c\x75\x73\x68\x5f\x75\
\x6e\x6d\x61\x70\x5f\x62\x61\x74\x63\x68\0\x61\x72\x63\x68\0\x66\x6c\x75\x73\
\x68\x5f\x72\x65\x71\x75\x69\x72\x65\x64\0\x77\x72\x69\x74\x61\x62\x6c\x65\0\
\x61\x72\x63\x68\x5f\x74\x6c\x62\x66\x6c\x75\x73\x68\x5f\x75\x6e\x6d\x61\x70\
\x5f\x62\x61\x74\x63\x68\0\x62\x6f\x6f\x6c\0\x5f\x42\x6f\x6f\x6c\0\x70\x61\x67\
\x65\x5f\x66\x72\x61\x67\0\x70\x61\x67\x65\0\x6f\x66\x66\x73\x65\x74\0\x73\x69\
\x7a\x65\0\x74\x69\x6d\x65\x72\x5f\x6c\x69\x73\x74\0\x65\x6e\x74\x72\x79\0\x6c\
\x6c\x69\x73\x74\x5f\x68\x65\x61\x64\0\x74\x68\x72\x65\x61\x64\x5f\x73\x74\x72\
\x75\x63\x74\0\x63\x70\x75\x5f\x63\x6f\x6e\x74\x65\x78\x74\0\x75\x77\0\x66\x70\
\x5f\x74\x79\x70\x65\0\x66\x70\x73\x69\x6d\x64\x5f\x63\x70\x75\0\x73\x76\x65\
\x5f\x73\x74\x61\x74\x65\0\x73\x6d\x65\x5f\x73\x74\x61\x74\x65\0\x76\x6c\0\x76\
\x6c\x5f\x6f\x6e\x65\x78\x65\x63\0\x66\x61\x75\x6c\x74\x5f\x61\x64\x64\x72\x65\
\x73\x73\0\x66\x61\x75\x6c\x74\x5f\x63\x6f\x64\x65\0\x64\x65\x62\x75\x67\0\x6b\
\x65\x72\x6e\x65\x6c\x5f\x66\x70\x73\x69\x6d\x64\x5f\x73\x74\x61\x74\x65\0\x6b\
\x65\x72\x6e\x65\x6c\x5f\x66\x70\x73\x69\x6d\x64\x5f\x63\x70\x75\0\x6b\x65\x79\
\x73\x5f\x75\x73\x65\x72\0\x6b\x65\x79\x73\x5f\x6b\x65\x72\x6e\x65\x6c\0\x6d\
\x74\x65\x5f\x63\x74\x72\x6c\0\x73\x63\x74\x6c\x72\x5f\x75\x73\x65\x72\0\x73\
\x76\x63\x72\0\x74\x70\x69\x64\x72\x32\x5f\x65\x6c\x30\0\x70\x6f\x72\x5f\x65\
\x6c\x30\0\x67\x63\x73\x5f\x65\x6c\x30\x5f\x6d\x6f\x64\x65\0\x67\x63\x73\x5f\
\x65\x6c\x30\x5f\x6c\x6f\x63\x6b\x65\x64\0\x67\x63\x73\x70\x72\x5f\x65\x6c\x30\
\0\x67\x63\x73\x5f\x62\x61\x73\x65\0\x67\x63\x73\x5f\x73\x69\x7a\x65\0\x78\x31\
\x39\0\x78\x32\x30\0\x78\x32\x31\0\x78\x32\x32\0\x78\x32\x33\0\x78\x32\x34\0\
\x78\x32\x35\0\x78\x32\x36\0\x78\x32\x37\0\x78\x32\x38\0\x66\x70\0\x73\x70\0\
\x70\x63\0\x74\x70\x5f\x76\x61\x6c\x75\x65\0\x74\x70\x32\x5f\x76\x61\x6c\x75\
\x65\0\x66\x70\x6d\x72\0\x70\x61\x64\0\x66\x70\x73\x69\x6d\x64\x5f\x73\x74\x61\
\x74\x65\0\x75\x73\x65\x72\x5f\x66\x70\x73\x69\x6d\x64\x5f\x73\x74\x61\x74\x65\
\0\x76\x72\x65\x67\x73\0\x66\x70\x73\x72\0\x66\x70\x63\x72\0\x5f\x5f\x72\x65\
\x73\x65\x72\x76\x65\x64\0\x75\x6e\x73\x69\x67\x6e\x65\x64\x20\x5f\x5f\x69\x6e\
\x74\x31\x32\x38\0\x46\x50\x5f\x53\x54\x41\x54\x45\x5f\x43\x55\x52\x52\x45\x4e\
\x54\0\x46\x50\x5f\x53\x54\x41\x54\x45\x5f\x46\x50\x53\x49\x4d\x44\0\x46\x50\
\x5f\x53\x54\x41\x54\x45\x5f\x53\x56\x45\0\x64\x65\x62\x75\x67\x5f\x69\x6e\x66\
\x6f\0\x73\x75\x73\x70\x65\x6e\x64\x65\x64\x5f\x73\x74\x65\x70\0\x62\x70\x73\
\x5f\x64\x69\x73\x61\x62\x6c\x65\x64\0\x77\x70\x73\x5f\x64\x69\x73\x61\x62\x6c\
\x65\x64\0\x68\x62\x70\x5f\x62\x72\x65\x61\x6b\0\x68\x62\x70\x5f\x77\x61\x74\
\x63\x68\0\x65\x76\x65\x6e\x74\x5f\x65\x6e\x74\x72\x79\0\x73\x69\x62\x6c\x69\
\x6e\x67\x5f\x6c\x69\x73\x74\0\x61\x63\x74\x69\x76\x65\x5f\x6c\x69\x73\x74\0\
\x67\x72\x6f\x75\x70\x5f\x69\x6e\x64\x65\x78\0\x6d\x69\x67\x72\x61\x74\x65\x5f\
\x65\x6e\x74\x72\x79\0\x68\x6c\x69\x73\x74\x5f\x65\x6e\x74\x72\x79\0\x61\x63\
\x74\x69\x76\x65\x5f\x65\x6e\x74\x72\x79\0\x6e\x72\x5f\x73\x69\x62\x6c\x69\x6e\
\x67\x73\0\x65\x76\x65\x6e\x74\x5f\x63\x61\x70\x73\0\x67\x72\x6f\x75\x70\x5f\
\x63\x61\x70\x73\0\x67\x72\x6f\x75\x70\x5f\x67\x65\x6e\x65\x72\x61\x74\x69\x6f\
\x6e\0\x70\x6d\x75\0\x70\x6d\x75\x5f\x70\x72\x69\x76\x61\x74\x65\0\x61\x74\x74\
\x61\x63\x68\x5f\x73\x74\x61\x74\x65\0\x63\x68\x69\x6c\x64\x5f\x63\x6f\x75\x6e\
\x74\0\x74\x6f\x74\x61\x6c\x5f\x74\x69\x6d\x65\x5f\x65\x6e\x61\x62\x6c\x65\x64\
\0\x74\x6f\x74\x61\x6c\x5f\x74\x69\x6d\x65\x5f\x72\x75\x6e\x6e\x69\x6e\x67\0\
\x74\x73\x74\x61\x6d\x70\0\x61\x74\x74\x72\0\x68\x65\x61\x64\x65\x72\x5f\x73\
\x69\x7a\x65\0\x69\x64\x5f\x68\x65\x61\x64\x65\x72\x5f\x73\x69\x7a\x65\0\x72\
\x65\x61\x64\x5f\x73\x69\x7a\x65\0\x68\x77\0\x70\x6d\x75\x5f\x63\x74\x78\0\x72\
\x65\x66\x63\x6f\x75\x6e\x74\0\x63\x68\x69\x6c\x64\x5f\x74\x6f\x74\x61\x6c\x5f\
\x74\x69\x6d\x65\x5f\x65\x6e\x61\x62\x6c\x65\x64\0\x63\x68\x69\x6c\x64\x5f\x74\
\x6f\x74\x61\x6c\x5f\x74\x69\x6d\x65\x5f\x72\x75\x6e\x6e\x69\x6e\x67\0\x63\x68\
\x69\x6c\x64\x5f\x6d\x75\x74\x65\x78\0\x63\x68\x69\x6c\x64\x5f\x6c\x69\x73\x74\
\0\x6f\x6e\x63\x70\x75\0\x6f\x77\x6e\x65\x72\x5f\x65\x6e\x74\x72\x79\0\x6d\x6d\
\x61\x70\x5f\x6d\x75\x74\x65\x78\0\x6d\x6d\x61\x70\x5f\x63\x6f\x75\x6e\x74\0\
\x72\x62\0\x72\x62\x5f\x65\x6e\x74\x72\x79\0\x72\x63\x75\x5f\x62\x61\x74\x63\
\x68\x65\x73\0\x72\x63\x75\x5f\x70\x65\x6e\x64\x69\x6e\x67\0\x77\x61\x69\x74\
\x71\0\x66\x61\x73\x79\x6e\x63\0\x70\x65\x6e\x64\x69\x6e\x67\x5f\x77\x61\x6b\
\x65\x75\x70\0\x70\x65\x6e\x64\x69\x6e\x67\x5f\x6b\x69\x6c\x6c\0\x70\x65\x6e\
\x64\x69\x6e\x67\x5f\x64\x69\x73\x61\x62\x6c\x65\0\x70\x65\x6e\x64\x69\x6e\x67\
\x5f\x61\x64\x64\x72\0\x70\x65\x6e\x64\x69\x6e\x67\x5f\x69\x72\x71\0\x70\x65\
\x6e\x64\x69\x6e\x67\x5f\x64\x69\x73\x61\x62\x6c\x65\x5f\x69\x72\x71\0\x70\x65\
\x6e\x64\x69\x6e\x67\x5f\x74\x61\x73\x6b\0\x70\x65\x6e\x64\x69\x6e\x67\x5f\x77\
\x6f\x72\x6b\0\x65\x76\x65\x6e\x74\x5f\x6c\x69\x6d\x69\x74\0\x61\x64\x64\x72\
\x5f\x66\x69\x6c\x74\x65\x72\x73\0\x61\x64\x64\x72\x5f\x66\x69\x6c\x74\x65\x72\
\x5f\x72\x61\x6e\x67\x65\x73\0\x61\x64\x64\x72\x5f\x66\x69\x6c\x74\x65\x72\x73\
\x5f\x67\x65\x6e\0\x61\x75\x78\x5f\x65\x76\x65\x6e\x74\0\x64\x65\x73\x74\x72\
\x6f\x79\0\x6e\x73\0\x69\x64\0\x6c\x6f\x73\x74\x5f\x73\x61\x6d\x70\x6c\x65\x73\
\0\x63\x6c\x6f\x63\x6b\0\x6f\x76\x65\x72\x66\x6c\x6f\x77\x5f\x68\x61\x6e\x64\
\x6c\x65\x72\0\x6f\x76\x65\x72\x66\x6c\x6f\x77\x5f\x68\x61\x6e\x64\x6c\x65\x72\
\x5f\x63\x6f\x6e\x74\x65\x78\x74\0\x70\x72\x6f\x67\0\x62\x70\x66\x5f\x63\x6f\
\x6f\x6b\x69\x65\0\x74\x70\x5f\x65\x76\x65\x6e\x74\0\x66\x74\x72\x61\x63\x65\
\x5f\x6f\x70\x73\0\x63\x67\x72\x70\0\x73\x62\x5f\x6c\x69\x73\x74\0\x70\x6d\x75\
\x5f\x6c\x69\x73\x74\0\x6f\x72\x69\x67\x5f\x74\x79\x70\x65\0\x70\x65\x72\x66\
\x5f\x65\x76\x65\x6e\x74\x5f\x73\x74\x61\x74\x65\0\x50\x45\x52\x46\x5f\x45\x56\
\x45\x4e\x54\x5f\x53\x54\x41\x54\x45\x5f\x44\x45\x41\x44\0\x50\x45\x52\x46\x5f\
\x45\x56\x45\x4e\x54\x5f\x53\x54\x41\x54\x45\x5f\x52\x45\x56\x4f\x4b\x45\x44\0\
\x50\x45\x52\x46\x5f\x45\x56\x45\x4e\x54\x5f\x53\x54\x41\x54\x45\x5f\x45\x58\
\x49\x54\0\x50\x45\x52\x46\x5f\x45\x56\x45\x4e\x54\x5f\x53\x54\x41\x54\x45\x5f\
\x45\x52\x52\x4f\x52\0\x50\x45\x52\x46\x5f\x45\x56\x45\x4e\x54\x5f\x53\x54\x41\
\x54\x45\x5f\x4f\x46\x46\0\x50\x45\x52\x46\x5f\x45\x56\x45\x4e\x54\x5f\x53\x54\
\x41\x54\x45\x5f\x49\x4e\x41\x43\x54\x49\x56\x45\0\x50\x45\x52\x46\x5f\x45\x56\
\x45\x4e\x54\x5f\x53\x54\x41\x54\x45\x5f\x41\x43\x54\x49\x56\x45\0\x6c\x6f\x63\
\x61\x6c\x36\x34\x5f\x74\0\x61\0\x6c\x6f\x63\x61\x6c\x5f\x74\0\x70\x65\x72\x66\
\x5f\x65\x76\x65\x6e\x74\x5f\x61\x74\x74\x72\0\x63\x6f\x6e\x66\x69\x67\0\x73\
\x61\x6d\x70\x6c\x65\x5f\x74\x79\x70\x65\0\x72\x65\x61\x64\x5f\x66\x6f\x72\x6d\
\x61\x74\0\x64\x69\x73\x61\x62\x6c\x65\x64\0\x69\x6e\x68\x65\x72\x69\x74\0\x70\
\x69\x6e\x6e\x65\x64\0\x65\x78\x63\x6c\x75\x73\x69\x76\x65\0\x65\x78\x63\x6c\
\x75\x64\x65\x5f\x75\x73\x65\x72\0\x65\x78\x63\x6c\x75\x64\x65\x5f\x6b\x65\x72\
\x6e\x65\x6c\0\x65\x78\x63\x6c\x75\x64\x65\x5f\x68\x76\0\x65\x78\x63\x6c\x75\
\x64\x65\x5f\x69\x64\x6c\x65\0\x6d\x6d\x61\x70\0\x66\x72\x65\x71\0\x69\x6e\x68\
\x65\x72\x69\x74\x5f\x73\x74\x61\x74\0\x65\x6e\x61\x62\x6c\x65\x5f\x6f\x6e\x5f\
\x65\x78\x65\x63\0\x74\x61\x73\x6b\0\x77\x61\x74\x65\x72\x6d\x61\x72\x6b\0\x70\
\x72\x65\x63\x69\x73\x65\x5f\x69\x70\0\x6d\x6d\x61\x70\x5f\x64\x61\x74\x61\0\
\x73\x61\x6d\x70\x6c\x65\x5f\x69\x64\x5f\x61\x6c\x6c\0\x65\x78\x63\x6c\x75\x64\
\x65\x5f\x68\x6f\x73\x74\0\x65\x78\x63\x6c\x75\x64\x65\x5f\x67\x75\x65\x73\x74\
\0\x65\x78\x63\x6c\x75\x64\x65\x5f\x63\x61\x6c\x6c\x63\x68\x61\x69\x6e\x5f\x6b\
\x65\x72\x6e\x65\x6c\0\x65\x78\x63\x6c\x75\x64\x65\x5f\x63\x61\x6c\x6c\x63\x68\
\x61\x69\x6e\x5f\x75\x73\x65\x72\0\x6d\x6d\x61\x70\x32\0\x63\x6f\x6d\x6d\x5f\
\x65\x78\x65\x63\0\x75\x73\x65\x5f\x63\x6c\x6f\x63\x6b\x69\x64\0\x63\x6f\x6e\
\x74\x65\x78\x74\x5f\x73\x77\x69\x74\x63\x68\0\x77\x72\x69\x74\x65\x5f\x62\x61\
\x63\x6b\x77\x61\x72\x64\0\x6e\x61\x6d\x65\x73\x70\x61\x63\x65\x73\0\x6b\x73\
\x79\x6d\x62\x6f\x6c\0\x62\x70\x66\x5f\x65\x76\x65\x6e\x74\0\x61\x75\x78\x5f\
\x6f\x75\x74\x70\x75\x74\0\x63\x67\x72\x6f\x75\x70\0\x74\x65\x78\x74\x5f\x70\
\x6f\x6b\x65\0\x62\x75\x69\x6c\x64\x5f\x69\x64\0\x69\x6e\x68\x65\x72\x69\x74\
\x5f\x74\x68\x72\x65\x61\x64\0\x72\x65\x6d\x6f\x76\x65\x5f\x6f\x6e\x5f\x65\x78\
\x65\x63\0\x73\x69\x67\x74\x72\x61\x70\0\x5f\x5f\x72\x65\x73\x65\x72\x76\x65\
\x64\x5f\x31\0\x62\x70\x5f\x74\x79\x70\x65\0\x62\x72\x61\x6e\x63\x68\x5f\x73\
\x61\x6d\x70\x6c\x65\x5f\x74\x79\x70\x65\0\x73\x61\x6d\x70\x6c\x65\x5f\x72\x65\
\x67\x73\x5f\x75\x73\x65\x72\0\x73\x61\x6d\x70\x6c\x65\x5f\x73\x74\x61\x63\x6b\
\x5f\x75\x73\x65\x72\0\x73\x61\x6d\x70\x6c\x65\x5f\x72\x65\x67\x73\x5f\x69\x6e\
\x74\x72\0\x61\x75\x78\x5f\x77\x61\x74\x65\x72\x6d\x61\x72\x6b\0\x73\x61\x6d\
\x70\x6c\x65\x5f\x6d\x61\x78\x5f\x73\x74\x61\x63\x6b\0\x5f\x5f\x72\x65\x73\x65\
\x72\x76\x65\x64\x5f\x32\0\x61\x75\x78\x5f\x73\x61\x6d\x70\x6c\x65\x5f\x73\x69\
\x7a\x65\0\x73\x69\x67\x5f\x64\x61\x74\x61\0\x63\x6f\x6e\x66\x69\x67\x33\0\x73\
\x61\x6d\x70\x6c\x65\x5f\x70\x65\x72\x69\x6f\x64\0\x73\x61\x6d\x70\x6c\x65\x5f\
\x66\x72\x65\x71\0\x77\x61\x6b\x65\x75\x70\x5f\x65\x76\x65\x6e\x74\x73\0\x77\
\x61\x6b\x65\x75\x70\x5f\x77\x61\x74\x65\x72\x6d\x61\x72\x6b\0\x62\x70\x5f\x61\
\x64\x64\x72\0\x6b\x70\x72\x6f\x62\x65\x5f\x66\x75\x6e\x63\0\x75\x70\x72\x6f\
\x62\x65\x5f\x70\x61\x74\x68\0\x63\x6f\x6e\x66\x69\x67\x31\0\x62\x70\x5f\x6c\
\x65\x6e\0\x6b\x70\x72\x6f\x62\x65\x5f\x61\x64\x64\x72\0\x70\x72\x6f\x62\x65\
\x5f\x6f\x66\x66\x73\x65\x74\0\x63\x6f\x6e\x66\x69\x67\x32\0\x5f\x5f\x73\x33\
\x32\0\x61\x75\x78\x5f\x61\x63\x74\x69\x6f\x6e\0\x61\x75\x78\x5f\x73\x74\x61\
\x72\x74\x5f\x70\x61\x75\x73\x65\x64\0\x61\x75\x78\x5f\x70\x61\x75\x73\x65\0\
\x61\x75\x78\x5f\x72\x65\x73\x75\x6d\x65\0\x5f\x5f\x72\x65\x73\x65\x72\x76\x65\
\x64\x5f\x33\0\x68\x77\x5f\x70\x65\x72\x66\x5f\x65\x76\x65\x6e\x74\0\x74\x61\
\x72\x67\x65\x74\0\x70\x72\x65\x76\x5f\x63\x6f\x75\x6e\x74\0\x69\x6e\x74\x65\
\x72\x72\x75\x70\x74\x73\x5f\x73\x65\x71\0\x69\x6e\x74\x65\x72\x72\x75\x70\x74\
\x73\0\x66\x72\x65\x71\x5f\x74\x69\x6d\x65\x5f\x73\x74\x61\x6d\x70\0\x66\x72\
\x65\x71\x5f\x63\x6f\x75\x6e\x74\x5f\x73\x74\x61\x6d\x70\0\x6c\x61\x73\x74\x5f\
\x74\x61\x67\0\x64\x79\x6e\x5f\x63\x6f\x6e\x73\x74\x72\x61\x69\x6e\x74\0\x63\
\x6f\x6e\x66\x69\x67\x5f\x62\x61\x73\x65\0\x65\x76\x65\x6e\x74\x5f\x62\x61\x73\
\x65\0\x65\x76\x65\x6e\x74\x5f\x62\x61\x73\x65\x5f\x72\x64\x70\x6d\x63\0\x69\
\x64\x78\0\x6c\x61\x73\x74\x5f\x63\x70\x75\0\x65\x78\x74\x72\x61\x5f\x72\x65\
\x67\0\x62\x72\x61\x6e\x63\x68\x5f\x72\x65\x67\0\x68\x77\x5f\x70\x65\x72\x66\
\x5f\x65\x76\x65\x6e\x74\x5f\x65\x78\x74\x72\x61\0\x72\x65\x67\0\x61\x6c\x6c\
\x6f\x63\0\x61\x75\x78\x5f\x63\x6f\x6e\x66\x69\x67\0\x61\x75\x78\x5f\x70\x61\
\x75\x73\x65\x64\0\x74\x70\x5f\x6c\x69\x73\x74\0\x70\x77\x72\x5f\x61\x63\x63\0\
\x70\x74\x73\x63\0\x69\x6e\x66\x6f\0\x62\x70\x5f\x6c\x69\x73\x74\0\x61\x72\x63\
\x68\x5f\x68\x77\x5f\x62\x72\x65\x61\x6b\x70\x6f\x69\x6e\x74\0\x61\x64\x64\x72\
\x65\x73\x73\0\x74\x72\x69\x67\x67\x65\x72\0\x63\x74\x72\x6c\0\x61\x72\x63\x68\
\x5f\x68\x77\x5f\x62\x72\x65\x61\x6b\x70\x6f\x69\x6e\x74\x5f\x63\x74\x72\x6c\0\
\x6c\x65\x6e\0\x70\x72\x69\x76\x69\x6c\x65\x67\x65\0\x65\x6e\x61\x62\x6c\x65\
\x64\0\x72\x68\x6c\x69\x73\x74\x5f\x68\x65\x61\x64\0\x72\x68\x65\x61\x64\0\x72\
\x68\x61\x73\x68\x5f\x68\x65\x61\x64\0\x69\x6f\x6d\x6d\x75\x5f\x62\x61\x6e\x6b\
\0\x69\x6f\x6d\x6d\x75\x5f\x63\x6e\x74\x72\0\x70\x61\x64\x64\x69\x6e\x67\0\x63\
\x6f\x6e\x66\0\x63\x6f\x6e\x66\x31\0\x6c\x61\x73\x74\x5f\x70\x65\x72\x69\x6f\
\x64\0\x70\x65\x72\x69\x6f\x64\x5f\x6c\x65\x66\x74\0\x73\x61\x76\x65\x64\x5f\
\x6d\x65\x74\x72\x69\x63\0\x73\x61\x76\x65\x64\x5f\x73\x6c\x6f\x74\x73\0\x77\
\x61\x69\x74\x5f\x71\x75\x65\x75\x65\x5f\x68\x65\x61\x64\x5f\x74\0\x77\x61\x69\
\x74\x5f\x71\x75\x65\x75\x65\x5f\x68\x65\x61\x64\0\x68\x65\x61\x64\0\x69\x72\
\x71\x5f\x77\x6f\x72\x6b\0\x69\x72\x71\x77\x61\x69\x74\0\x72\x63\x75\x77\x61\
\x69\x74\0\x70\x65\x72\x66\x5f\x61\x64\x64\x72\x5f\x66\x69\x6c\x74\x65\x72\x73\
\x5f\x68\x65\x61\x64\0\x6e\x72\x5f\x66\x69\x6c\x65\x5f\x66\x69\x6c\x74\x65\x72\
\x73\0\x70\x65\x72\x66\x5f\x6f\x76\x65\x72\x66\x6c\x6f\x77\x5f\x68\x61\x6e\x64\
\x6c\x65\x72\x5f\x74\0\x70\x65\x72\x66\x5f\x73\x61\x6d\x70\x6c\x65\x5f\x64\x61\
\x74\x61\0\x73\x61\x6d\x70\x6c\x65\x5f\x66\x6c\x61\x67\x73\0\x70\x65\x72\x69\
\x6f\x64\0\x64\x79\x6e\x5f\x73\x69\x7a\x65\0\x74\x69\x64\x5f\x65\x6e\x74\x72\
\x79\0\x63\x70\x75\x5f\x65\x6e\x74\x72\x79\0\x69\x70\0\x63\x61\x6c\x6c\x63\x68\
\x61\x69\x6e\0\x72\x61\x77\0\x62\x72\x5f\x73\x74\x61\x63\x6b\0\x62\x72\x5f\x73\
\x74\x61\x63\x6b\x5f\x63\x6e\x74\x72\0\x64\x61\x74\x61\x5f\x73\x72\x63\0\x74\
\x78\x6e\0\x72\x65\x67\x73\x5f\x75\x73\x65\x72\0\x72\x65\x67\x73\x5f\x69\x6e\
\x74\x72\0\x73\x74\x61\x63\x6b\x5f\x75\x73\x65\x72\x5f\x73\x69\x7a\x65\0\x73\
\x74\x72\x65\x61\x6d\x5f\x69\x64\0\x61\x64\x64\x72\0\x70\x68\x79\x73\x5f\x61\
\x64\x64\x72\0\x64\x61\x74\x61\x5f\x70\x61\x67\x65\x5f\x73\x69\x7a\x65\0\x63\
\x6f\x64\x65\x5f\x70\x61\x67\x65\x5f\x73\x69\x7a\x65\0\x61\x75\x78\x5f\x73\x69\
\x7a\x65\0\x74\x69\x64\0\x72\x65\x73\x65\x72\x76\x65\x64\0\x70\x65\x72\x66\x5f\
\x73\x61\x6d\x70\x6c\x65\x5f\x77\x65\x69\x67\x68\x74\0\x66\x75\x6c\x6c\0\x76\
\x61\x72\x31\x5f\x64\x77\0\x76\x61\x72\x32\x5f\x77\0\x76\x61\x72\x33\x5f\x77\0\
\x70\x65\x72\x66\x5f\x6d\x65\x6d\x5f\x64\x61\x74\x61\x5f\x73\x72\x63\0\x6d\x65\
\x6d\x5f\x6f\x70\0\x6d\x65\x6d\x5f\x6c\x76\x6c\0\x6d\x65\x6d\x5f\x73\x6e\x6f\
\x6f\x70\0\x6d\x65\x6d\x5f\x6c\x6f\x63\x6b\0\x6d\x65\x6d\x5f\x64\x74\x6c\x62\0\
\x6d\x65\x6d\x5f\x6c\x76\x6c\x5f\x6e\x75\x6d\0\x6d\x65\x6d\x5f\x72\x65\x6d\x6f\
\x74\x65\0\x6d\x65\x6d\x5f\x73\x6e\x6f\x6f\x70\x78\0\x6d\x65\x6d\x5f\x62\x6c\
\x6b\0\x6d\x65\x6d\x5f\x68\x6f\x70\x73\0\x6d\x65\x6d\x5f\x72\x73\x76\x64\0\x70\
\x65\x72\x66\x5f\x72\x65\x67\x73\0\x61\x62\x69\0\x72\x65\x67\x73\0\x70\x72\x69\
\x76\x61\x74\x65\0\x73\x61\x76\x65\x64\x5f\x66\x75\x6e\x63\0\x6c\x6f\x63\x61\
\x6c\x5f\x68\x61\x73\x68\0\x66\x75\x6e\x63\x5f\x68\x61\x73\x68\0\x6f\x6c\x64\
\x5f\x68\x61\x73\x68\0\x74\x72\x61\x6d\x70\x6f\x6c\x69\x6e\x65\0\x74\x72\x61\
\x6d\x70\x6f\x6c\x69\x6e\x65\x5f\x73\x69\x7a\x65\0\x73\x75\x62\x6f\x70\x5f\x6c\
\x69\x73\x74\0\x6f\x70\x73\x5f\x66\x75\x6e\x63\0\x6d\x61\x6e\x61\x67\x65\x64\0\
\x64\x69\x72\x65\x63\x74\x5f\x63\x61\x6c\x6c\0\x66\x74\x72\x61\x63\x65\x5f\x66\
\x75\x6e\x63\x5f\x74\0\x66\x74\x72\x61\x63\x65\x5f\x72\x65\x67\x73\0\x66\x74\
\x72\x61\x63\x65\x5f\x6f\x70\x73\x5f\x68\x61\x73\x68\0\x6e\x6f\x74\x72\x61\x63\
\x65\x5f\x68\x61\x73\x68\0\x66\x69\x6c\x74\x65\x72\x5f\x68\x61\x73\x68\0\x72\
\x65\x67\x65\x78\x5f\x6c\x6f\x63\x6b\0\x66\x74\x72\x61\x63\x65\x5f\x6f\x70\x73\
\x5f\x66\x75\x6e\x63\x5f\x74\0\x66\x74\x72\x61\x63\x65\x5f\x6f\x70\x73\x5f\x63\
\x6d\x64\0\x46\x54\x52\x41\x43\x45\x5f\x4f\x50\x53\x5f\x43\x4d\x44\x5f\x45\x4e\
\x41\x42\x4c\x45\x5f\x53\x48\x41\x52\x45\x5f\x49\x50\x4d\x4f\x44\x49\x46\x59\
\x5f\x53\x45\x4c\x46\0\x46\x54\x52\x41\x43\x45\x5f\x4f\x50\x53\x5f\x43\x4d\x44\
\x5f\x45\x4e\x41\x42\x4c\x45\x5f\x53\x48\x41\x52\x45\x5f\x49\x50\x4d\x4f\x44\
\x49\x46\x59\x5f\x50\x45\x45\x52\0\x46\x54\x52\x41\x43\x45\x5f\x4f\x50\x53\x5f\
\x43\x4d\x44\x5f\x44\x49\x53\x41\x42\x4c\x45\x5f\x53\x48\x41\x52\x45\x5f\x49\
\x50\x4d\x4f\x44\x49\x46\x59\x5f\x50\x45\x45\x52\0\x70\x74\x72\x61\x75\x74\x68\
\x5f\x6b\x65\x79\x73\x5f\x75\x73\x65\x72\0\x61\x70\x69\x61\0\x61\x70\x69\x62\0\
\x61\x70\x64\x61\0\x61\x70\x64\x62\0\x61\x70\x67\x61\0\x70\x74\x72\x61\x75\x74\
\x68\x5f\x6b\x65\x79\0\x6c\x6f\0\x68\x69\0\x70\x74\x72\x61\x75\x74\x68\x5f\x6b\
\x65\x79\x73\x5f\x6b\x65\x72\x6e\x65\x6c\0\x30\x3a\x35\x37\0\x09\x5f\x5f\x75\
\x36\x34\x20\x73\x74\x61\x72\x74\x5f\x63\x6f\x64\x65\x20\x3d\x20\x30\x3b\0\x09\
\x62\x70\x66\x5f\x70\x72\x6f\x62\x65\x5f\x72\x65\x61\x64\x5f\x6b\x65\x72\x6e\
\x65\x6c\x28\x26\x6d\x6d\x2c\x20\x73\x69\x7a\x65\x6f\x66\x28\x6d\x6d\x29\x2c\
\x20\x26\x74\x61\x73\x6b\x2d\x3e\x6d\x6d\x29\x3b\0\x09\x69\x66\x20\x28\x6d\x6d\
\x29\0\x6d\x6d\x5f\x73\x74\x72\x75\x63\x74\0\x63\x70\x75\x5f\x62\x69\x74\x6d\
\x61\x70\0\x6d\x6d\x5f\x6d\x74\0\x6d\x6d\x61\x70\x5f\x62\x61\x73\x65\0\x6d\x6d\
\x61\x70\x5f\x6c\x65\x67\x61\x63\x79\x5f\x62\x61\x73\x65\0\x74\x61\x73\x6b\x5f\
\x73\x69\x7a\x65\0\x70\x67\x64\0\x6d\x65\x6d\x62\x61\x72\x72\x69\x65\x72\x5f\
\x73\x74\x61\x74\x65\0\x6d\x6d\x5f\x75\x73\x65\x72\x73\0\x70\x63\x70\x75\x5f\
\x63\x69\x64\0\x6d\x6d\x5f\x63\x69\x64\x5f\x6e\x65\x78\x74\x5f\x73\x63\x61\x6e\
\0\x6d\x61\x78\x5f\x6e\x72\x5f\x63\x69\x64\0\x63\x70\x75\x73\x5f\x61\x6c\x6c\
\x6f\x77\x65\x64\x5f\x6c\x6f\x63\x6b\0\x70\x67\x74\x61\x62\x6c\x65\x73\x5f\x62\
\x79\x74\x65\x73\0\x6d\x61\x70\x5f\x63\x6f\x75\x6e\x74\0\x70\x61\x67\x65\x5f\
\x74\x61\x62\x6c\x65\x5f\x6c\x6f\x63\x6b\0\x6d\x6d\x61\x70\x5f\x6c\x6f\x63\x6b\
\0\x6d\x6d\x6c\x69\x73\x74\0\x76\x6d\x61\x5f\x77\x72\x69\x74\x65\x72\x5f\x77\
\x61\x69\x74\0\x6d\x6d\x5f\x6c\x6f\x63\x6b\x5f\x73\x65\x71\0\x66\x75\x74\x65\
\x78\x5f\x68\x61\x73\x68\x5f\x6c\x6f\x63\x6b\0\x66\x75\x74\x65\x78\x5f\x70\x68\
\x61\x73\x68\0\x66\x75\x74\x65\x78\x5f\x70\x68\x61\x73\x68\x5f\x6e\x65\x77\0\
\x66\x75\x74\x65\x78\x5f\x62\x61\x74\x63\x68\x65\x73\0\x66\x75\x74\x65\x78\x5f\
\x72\x63\x75\0\x66\x75\x74\x65\x78\x5f\x61\x74\x6f\x6d\x69\x63\0\x66\x75\x74\
\x65\x78\x5f\x72\x65\x66\0\x68\x69\x77\x61\x74\x65\x72\x5f\x72\x73\x73\0\x68\
\x69\x77\x61\x74\x65\x72\x5f\x76\x6d\0\x74\x6f\x74\x61\x6c\x5f\x76\x6d\0\x6c\
\x6f\x63\x6b\x65\x64\x5f\x76\x6d\0\x70\x69\x6e\x6e\x65\x64\x5f\x76\x6d\0\x64\
\x61\x74\x61\x5f\x76\x6d\0\x65\x78\x65\x63\x5f\x76\x6d\0\x73\x74\x61\x63\x6b\
\x5f\x76\x6d\0\x64\x65\x66\x5f\x66\x6c\x61\x67\x73\0\x77\x72\x69\x74\x65\x5f\
\x70\x72\x6f\x74\x65\x63\x74\x5f\x73\x65\x71\0\x61\x72\x67\x5f\x6c\x6f\x63\x6b\
\0\x73\x74\x61\x72\x74\x5f\x63\x6f\x64\x65\0\x65\x6e\x64\x5f\x63\x6f\x64\x65\0\
\x73\x74\x61\x72\x74\x5f\x64\x61\x74\x61\0\x65\x6e\x64\x5f\x64\x61\x74\x61\0\
\x73\x74\x61\x72\x74\x5f\x62\x72\x6b\0\x62\x72\x6b\0\x73\x74\x61\x72\x74\x5f\
\x73\x74\x61\x63\x6b\0\x61\x72\x67\x5f\x73\x74\x61\x72\x74\0\x61\x72\x67\x5f\
\x65\x6e\x64\0\x65\x6e\x76\x5f\x73\x74\x61\x72\x74\0\x65\x6e\x76\x5f\x65\x6e\
\x64\0\x73\x61\x76\x65\x64\x5f\x61\x75\x78\x76\0\x72\x73\x73\x5f\x73\x74\x61\
\x74\0\x62\x69\x6e\x66\x6d\x74\0\x63\x6f\x6e\x74\x65\x78\x74\0\x69\x6f\x63\x74\
\x78\x5f\x6c\x6f\x63\x6b\0\x69\x6f\x63\x74\x78\x5f\x74\x61\x62\x6c\x65\0\x75\
\x73\x65\x72\x5f\x6e\x73\0\x65\x78\x65\x5f\x66\x69\x6c\x65\0\x6e\x6f\x74\x69\
\x66\x69\x65\x72\x5f\x73\x75\x62\x73\x63\x72\x69\x70\x74\x69\x6f\x6e\x73\0\x6e\
\x75\x6d\x61\x5f\x6e\x65\x78\x74\x5f\x73\x63\x61\x6e\0\x6e\x75\x6d\x61\x5f\x73\
\x63\x61\x6e\x5f\x6f\x66\x66\x73\x65\x74\0\x74\x6c\x62\x5f\x66\x6c\x75\x73\x68\
\x5f\x70\x65\x6e\x64\x69\x6e\x67\0\x74\x6c\x62\x5f\x66\x6c\x75\x73\x68\x5f\x62\
\x61\x74\x63\x68\x65\x64\0\x75\x70\x72\x6f\x62\x65\x73\x5f\x73\x74\x61\x74\x65\
\0\x68\x75\x67\x65\x74\x6c\x62\x5f\x75\x73\x61\x67\x65\0\x61\x73\x79\x6e\x63\
\x5f\x70\x75\x74\x5f\x77\x6f\x72\x6b\0\x6b\x73\x6d\x5f\x6d\x65\x72\x67\x69\x6e\
\x67\x5f\x70\x61\x67\x65\x73\0\x6b\x73\x6d\x5f\x72\x6d\x61\x70\x5f\x69\x74\x65\
\x6d\x73\0\x6b\x73\x6d\x5f\x7a\x65\x72\x6f\x5f\x70\x61\x67\x65\x73\0\x6d\x6d\
\x5f\x69\x64\0\x6d\x6d\x5f\x63\x6f\x75\x6e\x74\0\x6d\x61\x70\x6c\x65\x5f\x74\
\x72\x65\x65\0\x6d\x61\x5f\x66\x6c\x61\x67\x73\0\x6d\x61\x5f\x72\x6f\x6f\x74\0\
\x6d\x61\x5f\x6c\x6f\x63\x6b\0\x70\x67\x64\x5f\x74\0\x70\x67\x64\x76\x61\x6c\
\x5f\x74\0\x70\x74\x64\x65\x73\x63\x5f\x74\0\x72\x77\x5f\x73\x65\x6d\x61\x70\
\x68\x6f\x72\x65\0\x76\x6d\x5f\x66\x6c\x61\x67\x73\x5f\x74\0\x70\x65\x72\x63\
\x70\x75\x5f\x63\x6f\x75\x6e\x74\x65\x72\0\x63\x6f\x75\x6e\x74\x65\x72\x73\0\
\x73\x33\x32\0\x6d\x6d\x5f\x63\x6f\x6e\x74\x65\x78\x74\x5f\x74\0\x73\x69\x67\
\x70\x61\x67\x65\0\x76\x64\x73\x6f\0\x70\x6b\x65\x79\x5f\x61\x6c\x6c\x6f\x63\
\x61\x74\x69\x6f\x6e\x5f\x6d\x61\x70\0\x6d\x6d\x5f\x66\x6c\x61\x67\x73\x5f\x74\
\0\x5f\x5f\x6d\x6d\x5f\x66\x6c\x61\x67\x73\0\x78\x6f\x6c\x5f\x61\x72\x65\x61\0\
\x77\x6f\x72\x6b\x5f\x73\x74\x72\x75\x63\x74\0\x64\x61\x74\x61\0\x77\x6f\x72\
\x6b\x5f\x66\x75\x6e\x63\x5f\x74\0\x6d\x6d\x5f\x69\x64\x5f\x74\0\x30\x3a\x30\
\x3a\x33\x38\0\x09\x09\x62\x70\x66\x5f\x70\x72\x6f\x62\x65\x5f\x72\x65\x61\x64\
\x5f\x6b\x65\x72\x6e\x65\x6c\x28\x26\x73\x74\x61\x72\x74\x5f\x63\x6f\x64\x65\
\x2c\x20\x73\x69\x7a\x65\x6f\x66\x28\x73\x74\x61\x72\x74\x5f\x63\x6f\x64\x65\
\x29\x2c\0\x09\x72\x65\x74\x75\x72\x6e\x20\x73\x74\x61\x72\x74\x5f\x63\x6f\x64\
\x65\x3b\0\x09\x65\x76\x65\x6e\x74\x2d\x3e\x6c\x6f\x61\x64\x5f\x62\x61\x73\x65\
\x20\x3d\x20\x67\x65\x74\x5f\x6c\x6f\x61\x64\x5f\x62\x61\x73\x65\x28\x29\x3b\0\
\x09\x65\x76\x65\x6e\x74\x2d\x3e\x6b\x73\x74\x61\x63\x6b\x5f\x73\x7a\x20\x3d\
\x20\x62\x70\x66\x5f\x67\x65\x74\x5f\x73\x74\x61\x63\x6b\x28\x63\x74\x78\x2c\
\x20\x65\x76\x65\x6e\x74\x2d\x3e\x6b\x73\x74\x61\x63\x6b\x2c\x20\x73\x69\x7a\
\x65\x6f\x66\x28\x65\x76\x65\x6e\x74\x2d\x3e\x6b\x73\x74\x61\x63\x6b\x29\x2c\
\x20\x30\x29\x3b\0\x09\x65\x76\x65\x6e\x74\x2d\x3e\x75\x73\x74\x61\x63\x6b\x5f\
\x73\x7a\x20\x3d\x20\x62\x70\x66\x5f\x67\x65\x74\x5f\x73\x74\x61\x63\x6b\x28\
\x63\x74\x78\x2c\x20\x65\x76\x65\x6e\x74\x2d\x3e\x75\x73\x74\x61\x63\x6b\x2c\
\x20\x73\x69\x7a\x65\x6f\x66\x28\x65\x76\x65\x6e\x74\x2d\x3e\x75\x73\x74\x61\
\x63\x6b\x29\x2c\x20\x42\x50\x46\x5f\x46\x5f\x55\x53\x45\x52\x5f\x53\x54\x41\
\x43\x4b\x29\x3b\0\x09\x62\x70\x66\x5f\x72\x69\x6e\x67\x62\x75\x66\x5f\x73\x75\
\x62\x6d\x69\x74\x28\x65\x76\x65\x6e\x74\x2c\x20\x30\x29\x3b\0\x7d\0\x4c\x49\
\x43\x45\x4e\x53\x45\0\x2e\x6d\x61\x70\x73\0\x6c\x69\x63\x65\x6e\x73\x65\0\x5f\
\x5f\x6b\x65\x72\x6e\x65\x6c\x5f\x74\x69\x6d\x65\x73\x70\x65\x63\0\x61\x64\x64\
\x72\x65\x73\x73\x5f\x73\x70\x61\x63\x65\0\x62\x6c\x6b\x5f\x70\x6c\x75\x67\0\
\x62\x70\x66\x5f\x6c\x6f\x63\x61\x6c\x5f\x73\x74\x6f\x72\x61\x67\x65\0\x62\x70\
\x66\x5f\x70\x72\x6f\x67\0\x62\x70\x66\x5f\x72\x75\x6e\x5f\x63\x74\x78\0\x63\
\x6f\x6d\x70\x61\x74\x5f\x72\x6f\x62\x75\x73\x74\x5f\x6c\x69\x73\x74\x5f\x68\
\x65\x61\x64\0\x63\x6f\x6d\x70\x6c\x65\x74\x69\x6f\x6e\0\x63\x73\x73\x5f\x73\
\x65\x74\0\x65\x76\x65\x6e\x74\x5f\x66\x69\x6c\x74\x65\x72\0\x66\x61\x73\x79\
\x6e\x63\x5f\x73\x74\x72\x75\x63\x74\0\x66\x69\x6c\x65\0\x66\x69\x6c\x65\x73\
\x5f\x73\x74\x72\x75\x63\x74\0\x66\x73\x5f\x73\x74\x72\x75\x63\x74\0\x66\x74\
\x72\x61\x63\x65\x5f\x68\x61\x73\x68\0\x66\x75\x74\x65\x78\x5f\x70\x69\x5f\x73\
\x74\x61\x74\x65\0\x66\x75\x74\x65\x78\x5f\x70\x72\x69\x76\x61\x74\x65\x5f\x68\
\x61\x73\x68\0\x67\x65\x6e\x64\x69\x73\x6b\0\x68\x72\x74\x69\x6d\x65\x72\x5f\
\x63\x6c\x6f\x63\x6b\x5f\x62\x61\x73\x65\0\x69\x6f\x5f\x75\x72\x69\x6e\x67\x5f\
\x74\x61\x73\x6b\0\x6b\x65\x72\x6e\x65\x6c\x5f\x73\x69\x67\x69\x6e\x66\x6f\0\
\x6b\x65\x79\0\x6b\x69\x6f\x63\x74\x78\x5f\x74\x61\x62\x6c\x65\0\x6c\x69\x6e\
\x75\x78\x5f\x62\x69\x6e\x66\x6d\x74\0\x6d\x65\x6d\x5f\x63\x67\x72\x6f\x75\x70\
\0\x6d\x6d\x75\x5f\x6e\x6f\x74\x69\x66\x69\x65\x72\x5f\x73\x75\x62\x73\x63\x72\
\x69\x70\x74\x69\x6f\x6e\x73\0\x6f\x62\x6a\x5f\x63\x67\x72\x6f\x75\x70\0\x6f\
\x6c\x64\x5f\x74\x69\x6d\x65\x73\x70\x65\x63\x33\x32\0\x70\x65\x72\x66\x5f\x61\
\x64\x64\x72\x5f\x66\x69\x6c\x74\x65\x72\x5f\x72\x61\x6e\x67\x65\0\x70\x65\x72\
\x66\x5f\x62\x72\x61\x6e\x63\x68\x5f\x73\x74\x61\x63\x6b\0\x70\x65\x72\x66\x5f\
\x62\x75\x66\x66\x65\x72\0\x70\x65\x72\x66\x5f\x63\x61\x6c\x6c\x63\x68\x61\x69\
\x6e\x5f\x65\x6e\x74\x72\x79\0\x70\x65\x72\x66\x5f\x63\x67\x72\x6f\x75\x70\0\
\x70\x65\x72\x66\x5f\x65\x76\x65\x6e\x74\x5f\x63\x6f\x6e\x74\x65\x78\x74\0\x70\
\x65\x72\x66\x5f\x65\x76\x65\x6e\x74\x5f\x70\x6d\x75\x5f\x63\x6f\x6e\x74\x65\
\x78\x74\0\x70\x65\x72\x66\x5f\x72\x61\x77\x5f\x72\x65\x63\x6f\x72\x64\0\x70\
\x69\x64\x5f\x6e\x61\x6d\x65\x73\x70\x61\x63\x65\0\x70\x69\x70\x65\x5f\x69\x6e\
\x6f\x64\x65\x5f\x69\x6e\x66\x6f\0\x70\x6f\x6c\x6c\x66\x64\0\x70\x74\x5f\x72\
\x65\x67\x73\0\x72\x63\x75\x5f\x6e\x6f\x64\x65\0\x72\x6f\x62\x75\x73\x74\x5f\
\x6c\x69\x73\x74\x5f\x68\x65\x61\x64\0\x72\x74\x5f\x6d\x75\x74\x65\x78\x5f\x77\
\x61\x69\x74\x65\x72\0\x73\x65\x63\x63\x6f\x6d\x70\x5f\x66\x69\x6c\x74\x65\x72\
\0\x73\x65\x6d\x5f\x75\x6e\x64\x6f\x5f\x6c\x69\x73\x74\0\x73\x69\x67\x68\x61\
\x6e\x64\x5f\x73\x74\x72\x75\x63\x74\0\x73\x69\x67\x6e\x61\x6c\x5f\x73\x74\x72\
\x75\x63\x74\0\x74\x61\x73\x6b\x5f\x67\x72\x6f\x75\x70\0\x74\x72\x61\x63\x65\
\x5f\x65\x76\x65\x6e\x74\x5f\x63\x61\x6c\x6c\0\x75\x70\x72\x6f\x62\x65\x5f\x74\
\x61\x73\x6b\0\x75\x73\x65\x72\x5f\x6e\x61\x6d\x65\x73\x70\x61\x63\x65\0\x76\
\x6d\x5f\x73\x74\x72\x75\x63\x74\0\0\0\0\x9f\xeb\x01\0\x20\0\0\0\0\0\0\0\x14\0\
\0\0\x14\0\0\0\xec\x01\0\0\0\x02\0\0\x2c\0\0\0\x08\0\0\0\x3d\0\0\0\x01\0\0\0\0\
\0\0\0\x0b\0\0\0\x10\0\0\0\x3d\0\0\0\x1e\0\0\0\0\0\0\0\x48\0\0\0\x84\0\0\0\0\
\x84\0\0\x08\0\0\0\x48\0\0\0\x9b\0\0\0\x0c\x8c\0\0\x18\0\0\0\x48\0\0\0\xc8\0\0\
\0\x0f\x90\0\0\x28\0\0\0\x48\0\0\0\xf2\0\0\0\x0a\xa0\0\0\x60\0\0\0\x48\0\0\0\
\x2c\x01\0\0\x06\xa4\0\0\x68\0\0\0\x48\0\0\0\x39\x01\0\0\x10\xb4\0\0\x70\0\0\0\
\x48\0\0\0\x9b\0\0\0\x27\x8c\0\0\x78\0\0\0\x48\0\0\0\x52\x01\0\0\x0d\xb0\0\0\
\x80\0\0\0\x48\0\0\0\x65\x01\0\0\x22\xbc\0\0\x90\0\0\0\x48\0\0\0\x65\x01\0\0\
\x06\xbc\0\0\xa8\0\0\0\x48\0\0\0\x65\x01\0\0\x06\xbc\0\0\xb8\0\0\0\x48\0\0\0\
\xa2\x01\0\0\x12\xc0\0\0\xc0\0\0\0\x48\0\0\0\xb8\x01\0\0\x33\x54\0\0\xe0\0\0\0\
\x48\0\0\0\xa0\x26\0\0\x08\x5c\0\0\xf0\0\0\0\x48\0\0\0\xb8\x01\0\0\x33\x54\0\0\
\xf8\0\0\0\x48\0\0\0\xb7\x26\0\0\x02\x64\0\0\x10\x01\0\0\x48\0\0\0\xeb\x26\0\0\
\x06\x68\0\0\x20\x01\0\0\x48\0\0\0\xeb\x26\0\0\x06\x68\0\0\x40\x01\0\0\x48\0\0\
\0\0\0\0\0\0\0\0\0\x48\x01\0\0\x48\0\0\0\x0b\x2b\0\0\x03\x6c\0\0\x58\x01\0\0\
\x48\0\0\0\x44\x2b\0\0\x09\x74\0\0\x60\x01\0\0\x48\0\0\0\x58\x2b\0\0\x13\xc8\0\
\0\x68\x01\0\0\x48\0\0\0\x7d\x2b\0\0\x2f\xd0\0\0\x80\x01\0\0\x48\0\0\0\x7d\x2b\
\0\0\x15\xd0\0\0\xa0\x01\0\0\x48\0\0\0\x7d\x2b\0\0\x13\xd0\0\0\xa8\x01\0\0\x48\
\0\0\0\xce\x2b\0\0\x2f\xd8\0\0\xb8\x01\0\0\x48\0\0\0\xce\x2b\0\0\x15\xd8\0\0\
\xd8\x01\0\0\x48\0\0\0\xce\x2b\0\0\x13\xd8\0\0\xe0\x01\0\0\x48\0\0\0\x2e\x2c\0\
\0\x02\xe0\0\0\xf8\x01\0\0\x48\0\0\0\x4d\x2c\0\0\x01\xec\0\0\x10\0\0\0\x3d\0\0\
\0\x02\0\0\0\xc8\0\0\0\x0c\0\0\0\x9b\x26\0\0\0\0\0\0\x28\x01\0\0\x41\x01\0\0\
\x04\x2b\0\0\0\0\0\0\0\0\0\0\0\0\0\0\0\0\0\0\0\0\0\0\0\0\0\0\0\0\0\0\0\0\0\0\
\x03\0\x03\0\0\0\0\0\0\0\0\0\0\0\0\0\0\0\0\0\x6f\0\0\0\0\0\x03\0\xf8\x01\0\0\0\
\0\0\0\0\0\0\0\0\0\0\0\x7d\0\0\0\0\0\x03\0\xc0\0\0\0\0\0\0\0\0\0\0\0\0\0\0\0\
\x76\0\0\0\0\0\x03\0\x60\x01\0\0\0\0\0\0\0\0\0\0\0\0\0\0\x46\0\0\0\x12\0\x03\0\
\0\0\0\0\0\0\0\0\x08\x02\0\0\0\0\0\0\x23\0\0\0\x11\0\x06\0\0\0\0\0\0\0\0\0\x10\
\0\0\0\0\0\0\0\x67\0\0\0\x11\0\x05\0\0\0\0\0\0\0\0\0\x0d\0\0\0\0\0\0\0\x28\0\0\
\0\0\0\0\0\x01\0\0\0\x06\0\0\0\x90\x3d\0\0\0\0\0\0\x04\0\0\0\x06\0\0\0\xa8\x3d\
\0\0\0\0\0\0\x04\0\0\0\x07\0\0\0\x2c\0\0\0\0\0\0\0\x04\0\0\0\x01\0\0\0\x40\0\0\
\0\0\0\0\0\x04\0\0\0\x01\0\0\0\x50\0\0\0\0\0\0\0\x04\0\0\0\x01\0\0\0\x60\0\0\0\
\0\0\0\0\x04\0\0\0\x01\0\0\0\x70\0\0\0\0\0\0\0\x04\0\0\0\x01\0\0\0\x80\0\0\0\0\
\0\0\0\x04\0\0\0\x01\0\0\0\x90\0\0\0\0\0\0\0\x04\0\0\0\x01\0\0\0\xa0\0\0\0\0\0\
\0\0\x04\0\0\0\x01\0\0\0\xb0\0\0\0\0\0\0\0\x04\0\0\0\x01\0\0\0\xc0\0\0\0\0\0\0\
\0\x04\0\0\0\x01\0\0\0\xd0\0\0\0\0\0\0\0\x04\0\0\0\x01\0\0\0\xe0\0\0\0\0\0\0\0\
\x04\0\0\0\x01\0\0\0\xf0\0\0\0\0\0\0\0\x04\0\0\0\x01\0\0\0\0\x01\0\0\0\0\0\0\
\x04\0\0\0\x01\0\0\0\x10\x01\0\0\0\0\0\0\x04\0\0\0\x01\0\0\0\x20\x01\0\0\0\0\0\
\0\x04\0\0\0\x01\0\0\0\x30\x01\0\0\0\0\0\0\x04\0\0\0\x01\0\0\0\x40\x01\0\0\0\0\
\0\0\x04\0\0\0\x01\0\0\0\x50\x01\0\0\0\0\0\0\x04\0\0\0\x01\0\0\0\x60\x01\0\0\0\
\0\0\0\x04\0\0\0\x01\0\0\0\x70\x01\0\0\0\0\0\0\x04\0\0\0\x01\0\0\0\x80\x01\0\0\
\0\0\0\0\x04\0\0\0\x01\0\0\0\x90\x01\0\0\0\0\0\0\x04\0\0\0\x01\0\0\0\xa0\x01\0\
\0\0\0\0\0\x04\0\0\0\x01\0\0\0\xb0\x01\0\0\0\0\0\0\x04\0\0\0\x01\0\0\0\xc0\x01\
\0\0\0\0\0\0\x04\0\0\0\x01\0\0\0\xd0\x01\0\0\0\0\0\0\x04\0\0\0\x01\0\0\0\xe0\
\x01\0\0\0\0\0\0\x04\0\0\0\x01\0\0\0\xf0\x01\0\0\0\0\0\0\x04\0\0\0\x01\0\0\0\0\
\x02\0\0\0\0\0\0\x04\0\0\0\x01\0\0\0\x10\x02\0\0\0\0\0\0\x04\0\0\0\x01\0\0\0\
\x2c\x02\0\0\0\0\0\0\x04\0\0\0\x01\0\0\0\x3c\x02\0\0\0\0\0\0\x04\0\0\0\x01\0\0\
\0\x0e\x10\x0f\0\x2e\x74\x65\x78\x74\0\x2e\x72\x65\x6c\x2e\x42\x54\x46\x2e\x65\
\x78\x74\0\x2e\x72\x65\x6c\x70\x65\x72\x66\x5f\x65\x76\x65\x6e\x74\0\x65\x76\
\x65\x6e\x74\x73\0\x2e\x6d\x61\x70\x73\0\x2e\x6c\x6c\x76\x6d\x5f\x61\x64\x64\
\x72\x73\x69\x67\0\x6c\x69\x63\x65\x6e\x73\x65\0\x70\x72\x6f\x66\x69\x6c\x65\0\
\x2e\x73\x74\x72\x74\x61\x62\0\x2e\x73\x79\x6d\x74\x61\x62\0\x2e\x72\x65\x6c\
\x2e\x42\x54\x46\0\x4c\x49\x43\x45\x4e\x53\x45\0\x4c\x42\x42\x30\x5f\x36\0\x4c\
\x42\x42\x30\x5f\x35\0\x4c\x42\x42\x30\x5f\x33\0\0\0\0\0\0\0\0\0\0\0\0\0\0\0\0\
\0\0\0\0\0\0\0\0\0\0\0\0\0\0\0\0\0\0\0\0\0\0\0\0\0\0\0\0\0\0\0\0\0\0\0\0\0\0\0\
\0\0\0\0\0\0\0\0\0\0\0\x4e\0\0\0\x03\0\0\0\0\0\0\0\0\0\0\0\0\0\0\0\0\0\0\0\x13\
\x78\0\0\0\0\0\0\x84\0\0\0\0\0\0\0\0\0\0\0\0\0\0\0\x01\0\0\0\0\0\0\0\0\0\0\0\0\
\0\0\0\x01\0\0\0\x01\0\0\0\x06\0\0\0\0\0\0\0\0\0\0\0\0\0\0\0\x40\0\0\0\0\0\0\0\
\0\0\0\0\0\0\0\0\0\0\0\0\0\0\0\0\x04\0\0\0\0\0\0\0\0\0\0\0\0\0\0\0\x18\0\0\0\
\x01\0\0\0\x06\0\0\0\0\0\0\0\0\0\0\0\0\0\0\0\x40\0\0\0\0\0\0\0\x08\x02\0\0\0\0\
\0\0\0\0\0\0\0\0\0\0\x08\0\0\0\0\0\0\0\0\0\0\0\0\0\0\0\x14\0\0\0\x09\0\0\0\x40\
\0\0\0\0\0\0\0\0\0\0\0\0\0\0\0\xd0\x75\0\0\0\0\0\0\x10\0\0\0\0\0\0\0\x0c\0\0\0\
\x03\0\0\0\x08\0\0\0\0\0\0\0\x10\0\0\0\0\0\0\0\x3e\0\0\0\x01\0\0\0\x03\0\0\0\0\
\0\0\0\0\0\0\0\0\0\0\0\x48\x02\0\0\0\0\0\0\x0d\0\0\0\0\0\0\0\0\0\0\0\0\0\0\0\
\x01\0\0\0\0\0\0\0\0\0\0\0\0\0\0\0\x2a\0\0\0\x01\0\0\0\x03\0\0\0\0\0\0\0\0\0\0\
\0\0\0\0\0\x58\x02\0\0\0\0\0\0\x10\0\0\0\0\0\0\0\0\0\0\0\0\0\0\0\x08\0\0\0\0\0\
\0\0\0\0\0\0\0\0\0\0\x62\0\0\0\x01\0\0\0\0\0\0\0\0\0\0\0\0\0\0\0\0\0\0\0\x68\
\x02\0\0\0\0\0\0\x59\x70\0\0\0\0\0\0\0\0\0\0\0\0\0\0\x04\0\0\0\0\0\0\0\0\0\0\0\
\0\0\0\0\x5e\0\0\0\x09\0\0\0\x40\0\0\0\0\0\0\0\0\0\0\0\0\0\0\0\xe0\x75\0\0\0\0\
\0\0\x20\0\0\0\0\0\0\0\x0c\0\0\0\x07\0\0\0\x08\0\0\0\0\0\0\0\x10\0\0\0\0\0\0\0\
\x0b\0\0\0\x01\0\0\0\0\0\0\0\0\0\0\0\0\0\0\0\0\0\0\0\xc4\x72\0\0\0\0\0\0\x4c\
\x02\0\0\0\0\0\0\0\0\0\0\0\0\0\0\x04\0\0\0\0\0\0\0\0\0\0\0\0\0\0\0\x07\0\0\0\
\x09\0\0\0\x40\0\0\0\0\0\0\0\0\0\0\0\0\0\0\0\0\x76\0\0\0\0\0\0\x10\x02\0\0\0\0\
\0\0\x0c\0\0\0\x09\0\0\0\x08\0\0\0\0\0\0\0\x10\0\0\0\0\0\0\0\x30\0\0\0\x03\x4c\
\xff\x6f\0\0\0\x80\0\0\0\0\0\0\0\0\0\0\0\0\x10\x78\0\0\0\0\0\0\x03\0\0\0\0\0\0\
\0\0\0\0\0\0\0\0\0\x01\0\0\0\0\0\0\0\0\0\0\0\0\0\0\0\x56\0\0\0\x02\0\0\0\0\0\0\
\0\0\0\0\0\0\0\0\0\0\0\0\0\x10\x75\0\0\0\0\0\0\xc0\0\0\0\0\0\0\0\x01\0\0\0\x05\
\0\0\0\x08\0\0\0\0\0\0\0\x18\0\0\0\0\0\0\0";

	*sz = sizeof(data) - 1;
	return (const void *)data;
}

#ifdef __cplusplus
struct profile_stack_bpf *profile_stack_bpf::open(const struct bpf_object_open_opts *opts) { return profile_stack_bpf__open_opts(opts); }
struct profile_stack_bpf *profile_stack_bpf::open_and_load() { return profile_stack_bpf__open_and_load(); }
int profile_stack_bpf::load(struct profile_stack_bpf *skel) { return profile_stack_bpf__load(skel); }
int profile_stack_bpf::attach(struct profile_stack_bpf *skel) { return profile_stack_bpf__attach(skel); }
void profile_stack_bpf::detach(struct profile_stack_bpf *skel) { profile_stack_bpf__detach(skel); }
void profile_stack_bpf::destroy(struct profile_stack_bpf *skel) { profile_stack_bpf__destroy(skel); }
const void *profile_stack_bpf::elf_bytes(size_t *sz) { return profile_stack_bpf__elf_bytes(sz); }
#endif /* __cplusplus */

__attribute__((unused)) static void
profile_stack_bpf__assert(struct profile_stack_bpf *s __attribute__((unused)))
{
#ifdef __cplusplus
#define _Static_assert static_assert
#endif
#ifdef __cplusplus
#undef _Static_assert
#endif
}

#endif /* __PROFILE_STACK_BPF_SKEL_H__ */
