/* SPDX-License-Identifier: (LGPL-2.1 OR BSD-2-Clause) */

/* THIS FILE IS AUTOGENERATED BY BPFTOOL! */
#ifndef __MEMLEAK_BPF_SKEL_H__
#define __MEMLEAK_BPF_SKEL_H__

#include <errno.h>
#include <stdlib.h>
#include <bpf/libbpf.h>

struct memleak_bpf {
	struct bpf_object_skeleton *skeleton;
	struct bpf_object *obj;
	struct {
		struct bpf_map *sizes;
		struct bpf_map *allocs;
		struct bpf_map *combined_allocs;
		struct bpf_map *memptrs;
		struct bpf_map *stack_traces;
		struct bpf_map *rodata;
		struct bpf_map *bss;
	} maps;
	struct {
		struct bpf_program *malloc_enter;
		struct bpf_program *free_enter;
		struct bpf_program *calloc_enter;
		struct bpf_program *realloc_enter;
		struct bpf_program *mmap_enter;
		struct bpf_program *munmap_enter;
		struct bpf_program *posix_memalign_enter;
		struct bpf_program *aligned_alloc_enter;
		struct bpf_program *valloc_enter;
		struct bpf_program *memalign_enter;
		struct bpf_program *pvalloc_enter;
		struct bpf_program *malloc_exit;
		struct bpf_program *calloc_exit;
		struct bpf_program *realloc_exit;
		struct bpf_program *mmap_exit;
		struct bpf_program *posix_memalign_exit;
		struct bpf_program *aligned_alloc_exit;
		struct bpf_program *valloc_exit;
		struct bpf_program *memalign_exit;
		struct bpf_program *pvalloc_exit;
		struct bpf_program *memleak__kmalloc;
		struct bpf_program *memleak__kmalloc_node;
		struct bpf_program *memleak__kfree;
		struct bpf_program *memleak__kmem_cache_alloc;
		struct bpf_program *memleak__kmem_cache_alloc_node;
		struct bpf_program *memleak__kmem_cache_free;
		struct bpf_program *memleak__mm_page_alloc;
		struct bpf_program *memleak__mm_page_free;
		struct bpf_program *memleak__percpu_alloc_percpu;
		struct bpf_program *memleak__percpu_free_percpu;
	} progs;
	struct {
		struct bpf_link *malloc_enter;
		struct bpf_link *free_enter;
		struct bpf_link *calloc_enter;
		struct bpf_link *realloc_enter;
		struct bpf_link *mmap_enter;
		struct bpf_link *munmap_enter;
		struct bpf_link *posix_memalign_enter;
		struct bpf_link *aligned_alloc_enter;
		struct bpf_link *valloc_enter;
		struct bpf_link *memalign_enter;
		struct bpf_link *pvalloc_enter;
		struct bpf_link *malloc_exit;
		struct bpf_link *calloc_exit;
		struct bpf_link *realloc_exit;
		struct bpf_link *mmap_exit;
		struct bpf_link *posix_memalign_exit;
		struct bpf_link *aligned_alloc_exit;
		struct bpf_link *valloc_exit;
		struct bpf_link *memalign_exit;
		struct bpf_link *pvalloc_exit;
		struct bpf_link *memleak__kmalloc;
		struct bpf_link *memleak__kmalloc_node;
		struct bpf_link *memleak__kfree;
		struct bpf_link *memleak__kmem_cache_alloc;
		struct bpf_link *memleak__kmem_cache_alloc_node;
		struct bpf_link *memleak__kmem_cache_free;
		struct bpf_link *memleak__mm_page_alloc;
		struct bpf_link *memleak__mm_page_free;
		struct bpf_link *memleak__percpu_alloc_percpu;
		struct bpf_link *memleak__percpu_free_percpu;
	} links;
	struct memleak_bpf__rodata {
		size_t min_size;
		size_t max_size;
		size_t page_size;
		__u64 sample_rate;
		bool trace_all;
		char __pad0[7];
		__u64 stack_flags;
		bool wa_missing_free;
	} *rodata;

#ifdef __cplusplus
	static inline struct memleak_bpf *open(const struct bpf_object_open_opts *opts = nullptr);
	static inline struct memleak_bpf *open_and_load();
	static inline int load(struct memleak_bpf *skel);
	static inline int attach(struct memleak_bpf *skel);
	static inline void detach(struct memleak_bpf *skel);
	static inline void destroy(struct memleak_bpf *skel);
	static inline const void *elf_bytes(size_t *sz);
#endif /* __cplusplus */
};

static void
memleak_bpf__destroy(struct memleak_bpf *obj)
{
	if (!obj)
		return;
	if (obj->skeleton)
		bpf_object__destroy_skeleton(obj->skeleton);
	free(obj);
}

static inline int
memleak_bpf__create_skeleton(struct memleak_bpf *obj);

static inline struct memleak_bpf *
memleak_bpf__open_opts(const struct bpf_object_open_opts *opts)
{
	struct memleak_bpf *obj;
	int err;

	obj = (struct memleak_bpf *)calloc(1, sizeof(*obj));
	if (!obj) {
		errno = ENOMEM;
		return NULL;
	}

	err = memleak_bpf__create_skeleton(obj);
	if (err)
		goto err_out;

	err = bpf_object__open_skeleton(obj->skeleton, opts);
	if (err)
		goto err_out;

	return obj;
err_out:
	memleak_bpf__destroy(obj);
	errno = -err;
	return NULL;
}

static inline struct memleak_bpf *
memleak_bpf__open(void)
{
	return memleak_bpf__open_opts(NULL);
}

static inline int
memleak_bpf__load(struct memleak_bpf *obj)
{
	return bpf_object__load_skeleton(obj->skeleton);
}

static inline struct memleak_bpf *
memleak_bpf__open_and_load(void)
{
	struct memleak_bpf *obj;
	int err;

	obj = memleak_bpf__open();
	if (!obj)
		return NULL;
	err = memleak_bpf__load(obj);
	if (err) {
		memleak_bpf__destroy(obj);
		errno = -err;
		return NULL;
	}
	return obj;
}

static inline int
memleak_bpf__attach(struct memleak_bpf *obj)
{
	return bpf_object__attach_skeleton(obj->skeleton);
}

static inline void
memleak_bpf__detach(struct memleak_bpf *obj)
{
	bpf_object__detach_skeleton(obj->skeleton);
}

static inline const void *memleak_bpf__elf_bytes(size_t *sz);

static inline int
memleak_bpf__create_skeleton(struct memleak_bpf *obj)
{
	struct bpf_object_skeleton *s;
	int err;

	s = (struct bpf_object_skeleton *)calloc(1, sizeof(*s));
	if (!s)	{
		err = -ENOMEM;
		goto err;
	}

	s->sz = sizeof(*s);
	s->name = "memleak_bpf";
	s->obj = &obj->obj;

	/* maps */
	s->map_cnt = 7;
	s->map_skel_sz = sizeof(*s->maps);
	s->maps = (struct bpf_map_skeleton *)calloc(s->map_cnt, s->map_skel_sz);
	if (!s->maps) {
		err = -ENOMEM;
		goto err;
	}

	s->maps[0].name = "sizes";
	s->maps[0].map = &obj->maps.sizes;

	s->maps[1].name = "allocs";
	s->maps[1].map = &obj->maps.allocs;

	s->maps[2].name = "combined_allocs";
	s->maps[2].map = &obj->maps.combined_allocs;

	s->maps[3].name = "memptrs";
	s->maps[3].map = &obj->maps.memptrs;

	s->maps[4].name = "stack_traces";
	s->maps[4].map = &obj->maps.stack_traces;

	s->maps[5].name = "memleak_.rodata";
	s->maps[5].map = &obj->maps.rodata;
	s->maps[5].mmaped = (void **)&obj->rodata;

	s->maps[6].name = "memleak_.bss";
	s->maps[6].map = &obj->maps.bss;

	/* programs */
	s->prog_cnt = 30;
	s->prog_skel_sz = sizeof(*s->progs);
	s->progs = (struct bpf_prog_skeleton *)calloc(s->prog_cnt, s->prog_skel_sz);
	if (!s->progs) {
		err = -ENOMEM;
		goto err;
	}

	s->progs[0].name = "malloc_enter";
	s->progs[0].prog = &obj->progs.malloc_enter;
	s->progs[0].link = &obj->links.malloc_enter;

	s->progs[1].name = "free_enter";
	s->progs[1].prog = &obj->progs.free_enter;
	s->progs[1].link = &obj->links.free_enter;

	s->progs[2].name = "calloc_enter";
	s->progs[2].prog = &obj->progs.calloc_enter;
	s->progs[2].link = &obj->links.calloc_enter;

	s->progs[3].name = "realloc_enter";
	s->progs[3].prog = &obj->progs.realloc_enter;
	s->progs[3].link = &obj->links.realloc_enter;

	s->progs[4].name = "mmap_enter";
	s->progs[4].prog = &obj->progs.mmap_enter;
	s->progs[4].link = &obj->links.mmap_enter;

	s->progs[5].name = "munmap_enter";
	s->progs[5].prog = &obj->progs.munmap_enter;
	s->progs[5].link = &obj->links.munmap_enter;

	s->progs[6].name = "posix_memalign_enter";
	s->progs[6].prog = &obj->progs.posix_memalign_enter;
	s->progs[6].link = &obj->links.posix_memalign_enter;

	s->progs[7].name = "aligned_alloc_enter";
	s->progs[7].prog = &obj->progs.aligned_alloc_enter;
	s->progs[7].link = &obj->links.aligned_alloc_enter;

	s->progs[8].name = "valloc_enter";
	s->progs[8].prog = &obj->progs.valloc_enter;
	s->progs[8].link = &obj->links.valloc_enter;

	s->progs[9].name = "memalign_enter";
	s->progs[9].prog = &obj->progs.memalign_enter;
	s->progs[9].link = &obj->links.memalign_enter;

	s->progs[10].name = "pvalloc_enter";
	s->progs[10].prog = &obj->progs.pvalloc_enter;
	s->progs[10].link = &obj->links.pvalloc_enter;

	s->progs[11].name = "malloc_exit";
	s->progs[11].prog = &obj->progs.malloc_exit;
	s->progs[11].link = &obj->links.malloc_exit;

	s->progs[12].name = "calloc_exit";
	s->progs[12].prog = &obj->progs.calloc_exit;
	s->progs[12].link = &obj->links.calloc_exit;

	s->progs[13].name = "realloc_exit";
	s->progs[13].prog = &obj->progs.realloc_exit;
	s->progs[13].link = &obj->links.realloc_exit;

	s->progs[14].name = "mmap_exit";
	s->progs[14].prog = &obj->progs.mmap_exit;
	s->progs[14].link = &obj->links.mmap_exit;

	s->progs[15].name = "posix_memalign_exit";
	s->progs[15].prog = &obj->progs.posix_memalign_exit;
	s->progs[15].link = &obj->links.posix_memalign_exit;

	s->progs[16].name = "aligned_alloc_exit";
	s->progs[16].prog = &obj->progs.aligned_alloc_exit;
	s->progs[16].link = &obj->links.aligned_alloc_exit;

	s->progs[17].name = "valloc_exit";
	s->progs[17].prog = &obj->progs.valloc_exit;
	s->progs[17].link = &obj->links.valloc_exit;

	s->progs[18].name = "memalign_exit";
	s->progs[18].prog = &obj->progs.memalign_exit;
	s->progs[18].link = &obj->links.memalign_exit;

	s->progs[19].name = "pvalloc_exit";
	s->progs[19].prog = &obj->progs.pvalloc_exit;
	s->progs[19].link = &obj->links.pvalloc_exit;

	s->progs[20].name = "memleak__kmalloc";
	s->progs[20].prog = &obj->progs.memleak__kmalloc;
	s->progs[20].link = &obj->links.memleak__kmalloc;

	s->progs[21].name = "memleak__kmalloc_node";
	s->progs[21].prog = &obj->progs.memleak__kmalloc_node;
	s->progs[21].link = &obj->links.memleak__kmalloc_node;

	s->progs[22].name = "memleak__kfree";
	s->progs[22].prog = &obj->progs.memleak__kfree;
	s->progs[22].link = &obj->links.memleak__kfree;

	s->progs[23].name = "memleak__kmem_cache_alloc";
	s->progs[23].prog = &obj->progs.memleak__kmem_cache_alloc;
	s->progs[23].link = &obj->links.memleak__kmem_cache_alloc;

	s->progs[24].name = "memleak__kmem_cache_alloc_node";
	s->progs[24].prog = &obj->progs.memleak__kmem_cache_alloc_node;
	s->progs[24].link = &obj->links.memleak__kmem_cache_alloc_node;

	s->progs[25].name = "memleak__kmem_cache_free";
	s->progs[25].prog = &obj->progs.memleak__kmem_cache_free;
	s->progs[25].link = &obj->links.memleak__kmem_cache_free;

	s->progs[26].name = "memleak__mm_page_alloc";
	s->progs[26].prog = &obj->progs.memleak__mm_page_alloc;
	s->progs[26].link = &obj->links.memleak__mm_page_alloc;

	s->progs[27].name = "memleak__mm_page_free";
	s->progs[27].prog = &obj->progs.memleak__mm_page_free;
	s->progs[27].link = &obj->links.memleak__mm_page_free;

	s->progs[28].name = "memleak__percpu_alloc_percpu";
	s->progs[28].prog = &obj->progs.memleak__percpu_alloc_percpu;
	s->progs[28].link = &obj->links.memleak__percpu_alloc_percpu;

	s->progs[29].name = "memleak__percpu_free_percpu";
	s->progs[29].prog = &obj->progs.memleak__percpu_free_percpu;
	s->progs[29].link = &obj->links.memleak__percpu_free_percpu;

	s->data = memleak_bpf__elf_bytes(&s->data_sz);

	obj->skeleton = s;
	return 0;
err:
	bpf_object__destroy_skeleton(s);
	return err;
}

static inline const void *memleak_bpf__elf_bytes(size_t *sz)
{
	static const char data[] __attribute__((__aligned__(8))) = "\
\x7f\x45\x4c\x46\x02\x01\x01\0\0\0\0\0\0\0\0\0\x01\0\xf7\0\x01\0\0\0\0\0\0\0\0\
\0\0\0\0\0\0\0\0\0\0\0\xa8\xd7\0\0\0\0\0\0\0\0\0\0\x40\0\0\0\0\0\x40\0\x26\0\
\x01\0\xbf\x27\0\0\0\0\0\0\xbf\x16\0\0\0\0\0\0\x7b\x7a\xf0\xff\0\0\0\0\x85\0\0\
\0\x0e\0\0\0\x77\0\0\0\x20\0\0\0\x63\x0a\xec\xff\0\0\0\0\xbf\xa2\0\0\0\0\0\0\
\x07\x02\0\0\xec\xff\xff\xff\x18\x01\0\0\0\0\0\0\0\0\0\0\0\0\0\0\x85\0\0\0\x01\
\0\0\0\x15\0\x49\0\0\0\0\0\xb7\x01\0\0\0\0\0\0\x7b\x1a\xe0\xff\0\0\0\0\x7b\x1a\
\xd8\xff\0\0\0\0\x79\x01\0\0\0\0\0\0\x7b\x1a\xd0\xff\0\0\0\0\xbf\xa2\0\0\0\0\0\
\0\x07\x02\0\0\xec\xff\xff\xff\x18\x01\0\0\0\0\0\0\0\0\0\0\0\0\0\0\x85\0\0\0\
\x03\0\0\0\x15\x07\x34\0\0\0\0\0\x85\0\0\0\x05\0\0\0\x7b\x0a\xd8\xff\0\0\0\0\
\x18\x01\0\0\0\0\0\0\0\0\0\0\0\0\0\0\x79\x13\0\0\0\0\0\0\xbf\x61\0\0\0\0\0\0\
\x18\x02\0\0\0\0\0\0\0\0\0\0\0\0\0\0\x85\0\0\0\x1b\0\0\0\x63\x0a\xe0\xff\0\0\0\
\0\xbf\xa2\0\0\0\0\0\0\x07\x02\0\0\xf0\xff\xff\xff\xbf\xa3\0\0\0\0\0\0\x07\x03\
\0\0\xd0\xff\xff\xff\x18\x01\0\0\0\0\0\0\0\0\0\0\0\0\0\0\xb7\x04\0\0\0\0\0\0\
\x85\0\0\0\x02\0\0\0\x79\xa6\xd0\xff\0\0\0\0\x61\xa1\xe0\xff\0\0\0\0\x67\x01\0\
\0\x20\0\0\0\xc7\x01\0\0\x20\0\0\0\x7b\x1a\xf8\xff\0\0\0\0\xbf\xa2\0\0\0\0\0\0\
\x07\x02\0\0\xf8\xff\xff\xff\x18\x01\0\0\0\0\0\0\0\0\0\0\0\0\0\0\x85\0\0\0\x01\
\0\0\0\x55\0\x10\0\0\0\0\0\xbf\xa2\0\0\0\0\0\0\x07\x02\0\0\xf8\xff\xff\xff\x18\
\x01\0\0\0\0\0\0\0\0\0\0\0\0\0\0\x18\x03\0\0\0\0\0\0\0\0\0\0\0\0\0\0\xb7\x04\0\
\0\x01\0\0\0\x85\0\0\0\x02\0\0\0\x15\0\x01\0\0\0\0\0\x55\0\x0d\0\xef\xff\xff\
\xff\xbf\xa2\0\0\0\0\0\0\x07\x02\0\0\xf8\xff\xff\xff\x18\x01\0\0\0\0\0\0\0\0\0\
\0\0\0\0\0\x85\0\0\0\x01\0\0\0\x15\0\x07\0\0\0\0\0\x18\x01\0\0\xff\xff\xff\xff\
\0\0\0\0\xff\0\0\0\x5f\x16\0\0\0\0\0\0\x18\x01\0\0\0\0\0\0\0\0\0\0\0\x01\0\0\
\x4f\x16\0\0\0\0\0\0\xdb\x60\0\0\0\0\0\0\x18\x01\0\0\0\0\0\0\0\0\0\0\0\0\0\0\
\x71\x11\0\0\0\0\0\0\x15\x01\x06\0\0\0\0\0\x79\xa4\xf0\xff\0\0\0\0\x79\xa3\xd0\
\xff\0\0\0\0\x18\x01\0\0\x97\0\0\0\0\0\0\0\0\0\0\0\xb7\x02\0\0\x28\0\0\0\x85\0\
\0\0\x06\0\0\0\x95\0\0\0\0\0\0\0\x79\x11\0\0\0\0\0\0\x7b\x1a\xf8\xff\0\0\0\0\
\x18\x02\0\0\0\0\0\0\0\0\0\0\0\0\0\0\x79\x22\0\0\0\0\0\0\x2d\x12\x24\0\0\0\0\0\
\x18\x02\0\0\0\0\0\0\0\0\0\0\0\0\0\0\x79\x22\0\0\0\0\0\0\x2d\x21\x20\0\0\0\0\0\
\x18\x06\0\0\0\0\0\0\0\0\0\0\0\0\0\0\x79\x61\0\0\0\0\0\0\xb7\x02\0\0\x02\0\0\0\
\x2d\x12\x07\0\0\0\0\0\x85\0\0\0\x05\0\0\0\x79\x61\0\0\0\0\0\0\xbf\x02\0\0\0\0\
\0\0\x3f\x12\0\0\0\0\0\0\x2f\x12\0\0\0\0\0\0\x1f\x20\0\0\0\0\0\0\x55\0\x14\0\0\
\0\0\0\x85\0\0\0\x0e\0\0\0\x77\0\0\0\x20\0\0\0\x63\x0a\xf4\xff\0\0\0\0\xbf\xa2\
\0\0\0\0\0\0\x07\x02\0\0\xf4\xff\xff\xff\xbf\xa3\0\0\0\0\0\0\x07\x03\0\0\xf8\
\xff\xff\xff\x18\x01\0\0\0\0\0\0\0\0\0\0\0\0\0\0\xb7\x04\0\0\0\0\0\0\x85\0\0\0\
\x02\0\0\0\x18\x01\0\0\0\0\0\0\0\0\0\0\0\0\0\0\x71\x11\0\0\0\0\0\0\x15\x01\x05\
\0\0\0\0\0\x79\xa3\xf8\xff\0\0\0\0\x18\x01\0\0\x7c\0\0\0\0\0\0\0\0\0\0\0\xb7\
\x02\0\0\x1b\0\0\0\x85\0\0\0\x06\0\0\0\xb7\0\0\0\0\0\0\0\x95\0\0\0\0\0\0\0\x79\
\x16\0\0\0\0\0\0\x7b\x6a\xf0\xff\0\0\0\0\xbf\xa2\0\0\0\0\0\0\x07\x02\0\0\xf0\
\xff\xff\xff\x18\x01\0\0\0\0\0\0\0\0\0\0\0\0\0\0\x85\0\0\0\x01\0\0\0\xbf\x07\0\
\0\0\0\0\0\x15\x07\x27\0\0\0\0\0\xbf\xa2\0\0\0\0\0\0\x07\x02\0\0\xf0\xff\xff\
\xff\x18\x01\0\0\0\0\0\0\0\0\0\0\0\0\0\0\x85\0\0\0\x03\0\0\0\x79\x78\0\0\0\0\0\
\0\x61\x71\x10\0\0\0\0\0\x67\x01\0\0\x20\0\0\0\xc7\x01\0\0\x20\0\0\0\x7b\x1a\
\xf8\xff\0\0\0\0\xbf\xa2\0\0\0\0\0\0\x07\x02\0\0\xf8\xff\xff\xff\x18\x01\0\0\0\
\0\0\0\0\0\0\0\0\0\0\0\x85\0\0\0\x01\0\0\0\x55\0\x05\0\0\0\0\0\x18\x01\0\0\x5a\
\0\0\0\0\0\0\0\0\0\0\0\xb7\x02\0\0\x22\0\0\0\x85\0\0\0\x06\0\0\0\x05\0\x08\0\0\
\0\0\0\x18\x01\0\0\xff\xff\xff\xff\0\0\0\0\xff\0\0\0\x5f\x18\0\0\0\0\0\0\x18\
\x01\0\0\0\0\0\0\0\0\0\0\0\x01\0\0\x4f\x18\0\0\0\0\0\0\x87\x08\0\0\0\0\0\0\xdb\
\x80\0\0\0\0\0\0\x18\x01\0\0\0\0\0\0\0\0\0\0\0\0\0\0\x71\x11\0\0\0\0\0\0\x15\
\x01\x06\0\0\0\0\0\x79\x74\0\0\0\0\0\0\x18\x01\0\0\x31\0\0\0\0\0\0\0\0\0\0\0\
\xb7\x02\0\0\x29\0\0\0\xbf\x63\0\0\0\0\0\0\x85\0\0\0\x06\0\0\0\xb7\0\0\0\0\0\0\
\0\x95\0\0\0\0\0\0\0\x79\x12\0\0\0\0\0\0\x79\x11\x08\0\0\0\0\0\x2f\x21\0\0\0\0\
\0\0\x7b\x1a\xf8\xff\0\0\0\0\x18\x02\0\0\0\0\0\0\0\0\0\0\0\0\0\0\x79\x22\0\0\0\
\0\0\0\x2d\x12\x24\0\0\0\0\0\x18\x02\0\0\0\0\0\0\0\0\0\0\0\0\0\0\x79\x22\0\0\0\
\0\0\0\x2d\x21\x20\0\0\0\0\0\x18\x06\0\0\0\0\0\0\0\0\0\0\0\0\0\0\x79\x61\0\0\0\
\0\0\0\xb7\x02\0\0\x02\0\0\0\x2d\x12\x07\0\0\0\0\0\x85\0\0\0\x05\0\0\0\x79\x61\
\0\0\0\0\0\0\xbf\x02\0\0\0\0\0\0\x3f\x12\0\0\0\0\0\0\x2f\x12\0\0\0\0\0\0\x1f\
\x20\0\0\0\0\0\0\x55\0\x14\0\0\0\0\0\x85\0\0\0\x0e\0\0\0\x77\0\0\0\x20\0\0\0\
\x63\x0a\xf4\xff\0\0\0\0\xbf\xa2\0\0\0\0\0\0\x07\x02\0\0\xf4\xff\xff\xff\xbf\
\xa3\0\0\0\0\0\0\x07\x03\0\0\xf8\xff\xff\xff\x18\x01\0\0\0\0\0\0\0\0\0\0\0\0\0\
\0\xb7\x04\0\0\0\0\0\0\x85\0\0\0\x02\0\0\0\x18\x01\0\0\0\0\0\0\0\0\0\0\0\0\0\0\
\x71\x11\0\0\0\0\0\0\x15\x01\x05\0\0\0\0\0\x79\xa3\xf8\xff\0\0\0\0\x18\x01\0\0\
\x7c\0\0\0\0\0\0\0\0\0\0\0\xb7\x02\0\0\x1b\0\0\0\x85\0\0\0\x06\0\0\0\xb7\0\0\0\
\0\0\0\0\x95\0\0\0\0\0\0\0\x79\x18\x08\0\0\0\0\0\x79\x16\0\0\0\0\0\0\x7b\x6a\
\xf0\xff\0\0\0\0\xbf\xa2\0\0\0\0\0\0\x07\x02\0\0\xf0\xff\xff\xff\x18\x01\0\0\0\
\0\0\0\0\0\0\0\0\0\0\0\x85\0\0\0\x01\0\0\0\xbf\x07\0\0\0\0\0\0\x15\x07\x27\0\0\
\0\0\0\xbf\xa2\0\0\0\0\0\0\x07\x02\0\0\xf0\xff\xff\xff\x18\x01\0\0\0\0\0\0\0\0\
\0\0\0\0\0\0\x85\0\0\0\x03\0\0\0\x79\x79\0\0\0\0\0\0\x61\x71\x10\0\0\0\0\0\x67\
\x01\0\0\x20\0\0\0\xc7\x01\0\0\x20\0\0\0\x7b\x1a\xf8\xff\0\0\0\0\xbf\xa2\0\0\0\
\0\0\0\x07\x02\0\0\xf8\xff\xff\xff\x18\x01\0\0\0\0\0\0\0\0\0\0\0\0\0\0\x85\0\0\
\0\x01\0\0\0\x55\0\x05\0\0\0\0\0\x18\x01\0\0\x5a\0\0\0\0\0\0\0\0\0\0\0\xb7\x02\
\0\0\x22\0\0\0\x85\0\0\0\x06\0\0\0\x05\0\x08\0\0\0\0\0\x18\x01\0\0\xff\xff\xff\
\xff\0\0\0\0\xff\0\0\0\x5f\x19\0\0\0\0\0\0\x18\x01\0\0\0\0\0\0\0\0\0\0\0\x01\0\
\0\x4f\x19\0\0\0\0\0\0\x87\x09\0\0\0\0\0\0\xdb\x90\0\0\0\0\0\0\x18\x01\0\0\0\0\
\0\0\0\0\0\0\0\0\0\0\x71\x11\0\0\0\0\0\0\x15\x01\x06\0\0\0\0\0\x79\x74\0\0\0\0\
\0\0\x18\x01\0\0\x31\0\0\0\0\0\0\0\0\0\0\0\xb7\x02\0\0\x29\0\0\0\xbf\x63\0\0\0\
\0\0\0\x85\0\0\0\x06\0\0\0\x7b\x8a\xf8\xff\0\0\0\0\x18\x01\0\0\0\0\0\0\0\0\0\0\
\0\0\0\0\x79\x11\0\0\0\0\0\0\x2d\x81\x24\0\0\0\0\0\x18\x01\0\0\0\0\0\0\0\0\0\0\
\0\0\0\0\x79\x11\0\0\0\0\0\0\x2d\x18\x20\0\0\0\0\0\x18\x06\0\0\0\0\0\0\0\0\0\0\
\0\0\0\0\x79\x61\0\0\0\0\0\0\xb7\x02\0\0\x02\0\0\0\x2d\x12\x07\0\0\0\0\0\x85\0\
\0\0\x05\0\0\0\x79\x61\0\0\0\0\0\0\xbf\x02\0\0\0\0\0\0\x3f\x12\0\0\0\0\0\0\x2f\
\x12\0\0\0\0\0\0\x1f\x20\0\0\0\0\0\0\x55\0\x14\0\0\0\0\0\x85\0\0\0\x0e\0\0\0\
\x77\0\0\0\x20\0\0\0\x63\x0a\xf0\xff\0\0\0\0\xbf\xa2\0\0\0\0\0\0\x07\x02\0\0\
\xf0\xff\xff\xff\xbf\xa3\0\0\0\0\0\0\x07\x03\0\0\xf8\xff\xff\xff\x18\x01\0\0\0\
\0\0\0\0\0\0\0\0\0\0\0\xb7\x04\0\0\0\0\0\0\x85\0\0\0\x02\0\0\0\x18\x01\0\0\0\0\
\0\0\0\0\0\0\0\0\0\0\x71\x11\0\0\0\0\0\0\x15\x01\x05\0\0\0\0\0\x79\xa3\xf8\xff\
\0\0\0\0\x18\x01\0\0\x7c\0\0\0\0\0\0\0\0\0\0\0\xb7\x02\0\0\x1b\0\0\0\x85\0\0\0\
\x06\0\0\0\xb7\0\0\0\0\0\0\0\x95\0\0\0\0\0\0\0\x79\x11\x08\0\0\0\0\0\x7b\x1a\
\xf8\xff\0\0\0\0\x18\x02\0\0\0\0\0\0\0\0\0\0\0\0\0\0\x79\x22\0\0\0\0\0\0\x2d\
\x12\x24\0\0\0\0\0\x18\x02\0\0\0\0\0\0\0\0\0\0\0\0\0\0\x79\x22\0\0\0\0\0\0\x2d\
\x21\x20\0\0\0\0\0\x18\x06\0\0\0\0\0\0\0\0\0\0\0\0\0\0\x79\x61\0\0\0\0\0\0\xb7\
\x02\0\0\x02\0\0\0\x2d\x12\x07\0\0\0\0\0\x85\0\0\0\x05\0\0\0\x79\x61\0\0\0\0\0\
\0\xbf\x02\0\0\0\0\0\0\x3f\x12\0\0\0\0\0\0\x2f\x12\0\0\0\0\0\0\x1f\x20\0\0\0\0\
\0\0\x55\0\x14\0\0\0\0\0\x85\0\0\0\x0e\0\0\0\x77\0\0\0\x20\0\0\0\x63\x0a\xf4\
\xff\0\0\0\0\xbf\xa2\0\0\0\0\0\0\x07\x02\0\0\xf4\xff\xff\xff\xbf\xa3\0\0\0\0\0\
\0\x07\x03\0\0\xf8\xff\xff\xff\x18\x01\0\0\0\0\0\0\0\0\0\0\0\0\0\0\xb7\x04\0\0\
\0\0\0\0\x85\0\0\0\x02\0\0\0\x18\x01\0\0\0\0\0\0\0\0\0\0\0\0\0\0\x71\x11\0\0\0\
\0\0\0\x15\x01\x05\0\0\0\0\0\x79\xa3\xf8\xff\0\0\0\0\x18\x01\0\0\x7c\0\0\0\0\0\
\0\0\0\0\0\0\xb7\x02\0\0\x1b\0\0\0\x85\0\0\0\x06\0\0\0\xb7\0\0\0\0\0\0\0\x95\0\
\0\0\0\0\0\0\x79\x16\0\0\0\0\0\0\x7b\x6a\xf0\xff\0\0\0\0\xbf\xa2\0\0\0\0\0\0\
\x07\x02\0\0\xf0\xff\xff\xff\x18\x01\0\0\0\0\0\0\0\0\0\0\0\0\0\0\x85\0\0\0\x01\
\0\0\0\xbf\x07\0\0\0\0\0\0\x15\x07\x27\0\0\0\0\0\xbf\xa2\0\0\0\0\0\0\x07\x02\0\
\0\xf0\xff\xff\xff\x18\x01\0\0\0\0\0\0\0\0\0\0\0\0\0\0\x85\0\0\0\x03\0\0\0\x79\
\x78\0\0\0\0\0\0\x61\x71\x10\0\0\0\0\0\x67\x01\0\0\x20\0\0\0\xc7\x01\0\0\x20\0\
\0\0\x7b\x1a\xf8\xff\0\0\0\0\xbf\xa2\0\0\0\0\0\0\x07\x02\0\0\xf8\xff\xff\xff\
\x18\x01\0\0\0\0\0\0\0\0\0\0\0\0\0\0\x85\0\0\0\x01\0\0\0\x55\0\x05\0\0\0\0\0\
\x18\x01\0\0\x5a\0\0\0\0\0\0\0\0\0\0\0\xb7\x02\0\0\x22\0\0\0\x85\0\0\0\x06\0\0\
\0\x05\0\x08\0\0\0\0\0\x18\x01\0\0\xff\xff\xff\xff\0\0\0\0\xff\0\0\0\x5f\x18\0\
\0\0\0\0\0\x18\x01\0\0\0\0\0\0\0\0\0\0\0\x01\0\0\x4f\x18\0\0\0\0\0\0\x87\x08\0\
\0\0\0\0\0\xdb\x80\0\0\0\0\0\0\x18\x01\0\0\0\0\0\0\0\0\0\0\0\0\0\0\x71\x11\0\0\
\0\0\0\0\x15\x01\x06\0\0\0\0\0\x79\x74\0\0\0\0\0\0\x18\x01\0\0\x31\0\0\0\0\0\0\
\0\0\0\0\0\xb7\x02\0\0\x29\0\0\0\xbf\x63\0\0\0\0\0\0\x85\0\0\0\x06\0\0\0\xb7\0\
\0\0\0\0\0\0\x95\0\0\0\0\0\0\0\x79\x16\x10\0\0\0\0\0\x79\x11\0\0\0\0\0\0\x7b\
\x1a\xe8\xff\0\0\0\0\x85\0\0\0\x0e\0\0\0\x77\0\0\0\x20\0\0\0\x7b\x0a\xe0\xff\0\
\0\0\0\xbf\xa2\0\0\0\0\0\0\x07\x02\0\0\xe0\xff\xff\xff\xbf\xa3\0\0\0\0\0\0\x07\
\x03\0\0\xe8\xff\xff\xff\x18\x01\0\0\0\0\0\0\0\0\0\0\0\0\0\0\xb7\x04\0\0\0\0\0\
\0\x85\0\0\0\x02\0\0\0\x7b\x6a\xf8\xff\0\0\0\0\x18\x01\0\0\0\0\0\0\0\0\0\0\0\0\
\0\0\x79\x11\0\0\0\0\0\0\x2d\x61\x24\0\0\0\0\0\x18\x01\0\0\0\0\0\0\0\0\0\0\0\0\
\0\0\x79\x11\0\0\0\0\0\0\x2d\x16\x20\0\0\0\0\0\x18\x06\0\0\0\0\0\0\0\0\0\0\0\0\
\0\0\x79\x61\0\0\0\0\0\0\xb7\x02\0\0\x02\0\0\0\x2d\x12\x07\0\0\0\0\0\x85\0\0\0\
\x05\0\0\0\x79\x61\0\0\0\0\0\0\xbf\x02\0\0\0\0\0\0\x3f\x12\0\0\0\0\0\0\x2f\x12\
\0\0\0\0\0\0\x1f\x20\0\0\0\0\0\0\x55\0\x14\0\0\0\0\0\x85\0\0\0\x0e\0\0\0\x77\0\
\0\0\x20\0\0\0\x63\x0a\xf4\xff\0\0\0\0\xbf\xa2\0\0\0\0\0\0\x07\x02\0\0\xf4\xff\
\xff\xff\xbf\xa3\0\0\0\0\0\0\x07\x03\0\0\xf8\xff\xff\xff\x18\x01\0\0\0\0\0\0\0\
\0\0\0\0\0\0\0\xb7\x04\0\0\0\0\0\0\x85\0\0\0\x02\0\0\0\x18\x01\0\0\0\0\0\0\0\0\
\0\0\0\0\0\0\x71\x11\0\0\0\0\0\0\x15\x01\x05\0\0\0\0\0\x79\xa3\xf8\xff\0\0\0\0\
\x18\x01\0\0\x7c\0\0\0\0\0\0\0\0\0\0\0\xb7\x02\0\0\x1b\0\0\0\x85\0\0\0\x06\0\0\
\0\xb7\0\0\0\0\0\0\0\x95\0\0\0\0\0\0\0\x79\x11\x08\0\0\0\0\0\x7b\x1a\xf8\xff\0\
\0\0\0\x18\x02\0\0\0\0\0\0\0\0\0\0\0\0\0\0\x79\x22\0\0\0\0\0\0\x2d\x12\x24\0\0\
\0\0\0\x18\x02\0\0\0\0\0\0\0\0\0\0\0\0\0\0\x79\x22\0\0\0\0\0\0\x2d\x21\x20\0\0\
\0\0\0\x18\x06\0\0\0\0\0\0\0\0\0\0\0\0\0\0\x79\x61\0\0\0\0\0\0\xb7\x02\0\0\x02\
\0\0\0\x2d\x12\x07\0\0\0\0\0\x85\0\0\0\x05\0\0\0\x79\x61\0\0\0\0\0\0\xbf\x02\0\
\0\0\0\0\0\x3f\x12\0\0\0\0\0\0\x2f\x12\0\0\0\0\0\0\x1f\x20\0\0\0\0\0\0\x55\0\
\x14\0\0\0\0\0\x85\0\0\0\x0e\0\0\0\x77\0\0\0\x20\0\0\0\x63\x0a\xf4\xff\0\0\0\0\
\xbf\xa2\0\0\0\0\0\0\x07\x02\0\0\xf4\xff\xff\xff\xbf\xa3\0\0\0\0\0\0\x07\x03\0\
\0\xf8\xff\xff\xff\x18\x01\0\0\0\0\0\0\0\0\0\0\0\0\0\0\xb7\x04\0\0\0\0\0\0\x85\
\0\0\0\x02\0\0\0\x18\x01\0\0\0\0\0\0\0\0\0\0\0\0\0\0\x71\x11\0\0\0\0\0\0\x15\
\x01\x05\0\0\0\0\0\x79\xa3\xf8\xff\0\0\0\0\x18\x01\0\0\x7c\0\0\0\0\0\0\0\0\0\0\
\0\xb7\x02\0\0\x1b\0\0\0\x85\0\0\0\x06\0\0\0\xb7\0\0\0\0\0\0\0\x95\0\0\0\0\0\0\
\0\x79\x11\0\0\0\0\0\0\x7b\x1a\xf8\xff\0\0\0\0\x18\x02\0\0\0\0\0\0\0\0\0\0\0\0\
\0\0\x79\x22\0\0\0\0\0\0\x2d\x12\x24\0\0\0\0\0\x18\x02\0\0\0\0\0\0\0\0\0\0\0\0\
\0\0\x79\x22\0\0\0\0\0\0\x2d\x21\x20\0\0\0\0\0\x18\x06\0\0\0\0\0\0\0\0\0\0\0\0\
\0\0\x79\x61\0\0\0\0\0\0\xb7\x02\0\0\x02\0\0\0\x2d\x12\x07\0\0\0\0\0\x85\0\0\0\
\x05\0\0\0\x79\x61\0\0\0\0\0\0\xbf\x02\0\0\0\0\0\0\x3f\x12\0\0\0\0\0\0\x2f\x12\
\0\0\0\0\0\0\x1f\x20\0\0\0\0\0\0\x55\0\x14\0\0\0\0\0\x85\0\0\0\x0e\0\0\0\x77\0\
\0\0\x20\0\0\0\x63\x0a\xf4\xff\0\0\0\0\xbf\xa2\0\0\0\0\0\0\x07\x02\0\0\xf4\xff\
\xff\xff\xbf\xa3\0\0\0\0\0\0\x07\x03\0\0\xf8\xff\xff\xff\x18\x01\0\0\0\0\0\0\0\
\0\0\0\0\0\0\0\xb7\x04\0\0\0\0\0\0\x85\0\0\0\x02\0\0\0\x18\x01\0\0\0\0\0\0\0\0\
\0\0\0\0\0\0\x71\x11\0\0\0\0\0\0\x15\x01\x05\0\0\0\0\0\x79\xa3\xf8\xff\0\0\0\0\
\x18\x01\0\0\x7c\0\0\0\0\0\0\0\0\0\0\0\xb7\x02\0\0\x1b\0\0\0\x85\0\0\0\x06\0\0\
\0\xb7\0\0\0\0\0\0\0\x95\0\0\0\0\0\0\0\x79\x11\x08\0\0\0\0\0\x7b\x1a\xf8\xff\0\
\0\0\0\x18\x02\0\0\0\0\0\0\0\0\0\0\0\0\0\0\x79\x22\0\0\0\0\0\0\x2d\x12\x24\0\0\
\0\0\0\x18\x02\0\0\0\0\0\0\0\0\0\0\0\0\0\0\x79\x22\0\0\0\0\0\0\x2d\x21\x20\0\0\
\0\0\0\x18\x06\0\0\0\0\0\0\0\0\0\0\0\0\0\0\x79\x61\0\0\0\0\0\0\xb7\x02\0\0\x02\
\0\0\0\x2d\x12\x07\0\0\0\0\0\x85\0\0\0\x05\0\0\0\x79\x61\0\0\0\0\0\0\xbf\x02\0\
\0\0\0\0\0\x3f\x12\0\0\0\0\0\0\x2f\x12\0\0\0\0\0\0\x1f\x20\0\0\0\0\0\0\x55\0\
\x14\0\0\0\0\0\x85\0\0\0\x0e\0\0\0\x77\0\0\0\x20\0\0\0\x63\x0a\xf4\xff\0\0\0\0\
\xbf\xa2\0\0\0\0\0\0\x07\x02\0\0\xf4\xff\xff\xff\xbf\xa3\0\0\0\0\0\0\x07\x03\0\
\0\xf8\xff\xff\xff\x18\x01\0\0\0\0\0\0\0\0\0\0\0\0\0\0\xb7\x04\0\0\0\0\0\0\x85\
\0\0\0\x02\0\0\0\x18\x01\0\0\0\0\0\0\0\0\0\0\0\0\0\0\x71\x11\0\0\0\0\0\0\x15\
\x01\x05\0\0\0\0\0\x79\xa3\xf8\xff\0\0\0\0\x18\x01\0\0\x7c\0\0\0\0\0\0\0\0\0\0\
\0\xb7\x02\0\0\x1b\0\0\0\x85\0\0\0\x06\0\0\0\xb7\0\0\0\0\0\0\0\x95\0\0\0\0\0\0\
\0\x79\x11\0\0\0\0\0\0\x7b\x1a\xf8\xff\0\0\0\0\x18\x02\0\0\0\0\0\0\0\0\0\0\0\0\
\0\0\x79\x22\0\0\0\0\0\0\x2d\x12\x24\0\0\0\0\0\x18\x02\0\0\0\0\0\0\0\0\0\0\0\0\
\0\0\x79\x22\0\0\0\0\0\0\x2d\x21\x20\0\0\0\0\0\x18\x06\0\0\0\0\0\0\0\0\0\0\0\0\
\0\0\x79\x61\0\0\0\0\0\0\xb7\x02\0\0\x02\0\0\0\x2d\x12\x07\0\0\0\0\0\x85\0\0\0\
\x05\0\0\0\x79\x61\0\0\0\0\0\0\xbf\x02\0\0\0\0\0\0\x3f\x12\0\0\0\0\0\0\x2f\x12\
\0\0\0\0\0\0\x1f\x20\0\0\0\0\0\0\x55\0\x14\0\0\0\0\0\x85\0\0\0\x0e\0\0\0\x77\0\
\0\0\x20\0\0\0\x63\x0a\xf4\xff\0\0\0\0\xbf\xa2\0\0\0\0\0\0\x07\x02\0\0\xf4\xff\
\xff\xff\xbf\xa3\0\0\0\0\0\0\x07\x03\0\0\xf8\xff\xff\xff\x18\x01\0\0\0\0\0\0\0\
\0\0\0\0\0\0\0\xb7\x04\0\0\0\0\0\0\x85\0\0\0\x02\0\0\0\x18\x01\0\0\0\0\0\0\0\0\
\0\0\0\0\0\0\x71\x11\0\0\0\0\0\0\x15\x01\x05\0\0\0\0\0\x79\xa3\xf8\xff\0\0\0\0\
\x18\x01\0\0\x7c\0\0\0\0\0\0\0\0\0\0\0\xb7\x02\0\0\x1b\0\0\0\x85\0\0\0\x06\0\0\
\0\xb7\0\0\0\0\0\0\0\x95\0\0\0\0\0\0\0\x79\x12\0\0\0\0\0\0\x85\x10\0\0\xff\xff\
\xff\xff\xb7\0\0\0\0\0\0\0\x95\0\0\0\0\0\0\0\x79\x12\0\0\0\0\0\0\x85\x10\0\0\
\xff\xff\xff\xff\xb7\0\0\0\0\0\0\0\x95\0\0\0\0\0\0\0\x79\x12\0\0\0\0\0\0\x85\
\x10\0\0\xff\xff\xff\xff\xb7\0\0\0\0\0\0\0\x95\0\0\0\0\0\0\0\x79\x12\0\0\0\0\0\
\0\x85\x10\0\0\xff\xff\xff\xff\xb7\0\0\0\0\0\0\0\x95\0\0\0\0\0\0\0\xbf\x16\0\0\
\0\0\0\0\x85\0\0\0\x0e\0\0\0\x77\0\0\0\x20\0\0\0\x7b\x0a\xf8\xff\0\0\0\0\xbf\
\xa2\0\0\0\0\0\0\x07\x02\0\0\xf8\xff\xff\xff\x18\x01\0\0\0\0\0\0\0\0\0\0\0\0\0\
\0\x85\0\0\0\x01\0\0\0\xbf\x07\0\0\0\0\0\0\x15\x07\x0e\0\0\0\0\0\xbf\xa2\0\0\0\
\0\0\0\x07\x02\0\0\xf8\xff\xff\xff\x18\x01\0\0\0\0\0\0\0\0\0\0\0\0\0\0\x85\0\0\
\0\x03\0\0\0\x79\x73\0\0\0\0\0\0\xbf\xa1\0\0\0\0\0\0\x07\x01\0\0\xf0\xff\xff\
\xff\xb7\x02\0\0\x08\0\0\0\x85\0\0\0\x70\0\0\0\x55\0\x03\0\0\0\0\0\x79\xa2\xf0\
\xff\0\0\0\0\xbf\x61\0\0\0\0\0\0\x85\x10\0\0\xff\xff\xff\xff\xb7\0\0\0\0\0\0\0\
\x95\0\0\0\0\0\0\0\x79\x12\0\0\0\0\0\0\x85\x10\0\0\xff\xff\xff\xff\xb7\0\0\0\0\
\0\0\0\x95\0\0\0\0\0\0\0\x79\x12\0\0\0\0\0\0\x85\x10\0\0\xff\xff\xff\xff\xb7\0\
\0\0\0\0\0\0\x95\0\0\0\0\0\0\0\x79\x12\0\0\0\0\0\0\x85\x10\0\0\xff\xff\xff\xff\
\xb7\0\0\0\0\0\0\0\x95\0\0\0\0\0\0\0\x79\x12\0\0\0\0\0\0\x85\x10\0\0\xff\xff\
\xff\xff\xb7\0\0\0\0\0\0\0\x95\0\0\0\0\0\0\0\xbf\x16\0\0\0\0\0\0\xb7\x01\0\0\
\x01\0\0\0\x15\x01\x09\0\0\0\0\0\xb7\x01\0\0\0\0\0\0\xbf\x63\0\0\0\0\0\0\x0f\
\x13\0\0\0\0\0\0\xbf\xa1\0\0\0\0\0\0\x07\x01\0\0\xf8\xff\xff\xff\xb7\x02\0\0\
\x08\0\0\0\x85\0\0\0\x71\0\0\0\xb7\x01\0\0\x08\0\0\0\x05\0\x08\0\0\0\0\0\xb7\
\x01\0\0\0\0\0\0\xbf\x63\0\0\0\0\0\0\x0f\x13\0\0\0\0\0\0\xbf\xa1\0\0\0\0\0\0\
\x07\x01\0\0\xf8\xff\xff\xff\xb7\x02\0\0\x08\0\0\0\x85\0\0\0\x71\0\0\0\xb7\x01\
\0\0\x08\0\0\0\xbf\x63\0\0\0\0\0\0\x0f\x13\0\0\0\0\0\0\x79\xa8\xf8\xff\0\0\0\0\
\xbf\xa1\0\0\0\0\0\0\x07\x01\0\0\xf8\xff\xff\xff\xb7\x02\0\0\x08\0\0\0\x85\0\0\
\0\x71\0\0\0\x79\xa9\xf8\xff\0\0\0\0\x18\x01\0\0\0\0\0\0\0\0\0\0\0\0\0\0\x71\
\x11\0\0\0\0\0\0\x15\x01\x31\0\0\0\0\0\x7b\x8a\xe8\xff\0\0\0\0\x7b\x8a\xf0\xff\
\0\0\0\0\xbf\xa2\0\0\0\0\0\0\x07\x02\0\0\xf0\xff\xff\xff\x18\x01\0\0\0\0\0\0\0\
\0\0\0\0\0\0\0\x85\0\0\0\x01\0\0\0\xbf\x08\0\0\0\0\0\0\x15\x08\x27\0\0\0\0\0\
\xbf\xa2\0\0\0\0\0\0\x07\x02\0\0\xf0\xff\xff\xff\x18\x01\0\0\0\0\0\0\0\0\0\0\0\
\0\0\0\x85\0\0\0\x03\0\0\0\x79\x87\0\0\0\0\0\0\x61\x81\x10\0\0\0\0\0\x67\x01\0\
\0\x20\0\0\0\xc7\x01\0\0\x20\0\0\0\x7b\x1a\xf8\xff\0\0\0\0\xbf\xa2\0\0\0\0\0\0\
\x07\x02\0\0\xf8\xff\xff\xff\x18\x01\0\0\0\0\0\0\0\0\0\0\0\0\0\0\x85\0\0\0\x01\
\0\0\0\x55\0\x05\0\0\0\0\0\x18\x01\0\0\x5a\0\0\0\0\0\0\0\0\0\0\0\xb7\x02\0\0\
\x22\0\0\0\x85\0\0\0\x06\0\0\0\x05\0\x08\0\0\0\0\0\x18\x01\0\0\xff\xff\xff\xff\
\0\0\0\0\xff\0\0\0\x5f\x17\0\0\0\0\0\0\x18\x01\0\0\0\0\0\0\0\0\0\0\0\x01\0\0\
\x4f\x17\0\0\0\0\0\0\x87\x07\0\0\0\0\0\0\xdb\x70\0\0\0\0\0\0\x18\x01\0\0\0\0\0\
\0\0\0\0\0\0\0\0\0\x71\x11\0\0\0\0\0\0\x15\x01\x06\0\0\0\0\0\x79\x84\0\0\0\0\0\
\0\x18\x01\0\0\x31\0\0\0\0\0\0\0\0\0\0\0\xb7\x02\0\0\x29\0\0\0\x79\xa3\xe8\xff\
\0\0\0\0\x85\0\0\0\x06\0\0\0\x79\xa8\xe8\xff\0\0\0\0\x7b\x9a\xf8\xff\0\0\0\0\
\x18\x01\0\0\0\0\0\0\0\0\0\0\0\0\0\0\x79\x11\0\0\0\0\0\0\x2d\x91\x24\0\0\0\0\0\
\x18\x01\0\0\0\0\0\0\0\0\0\0\0\0\0\0\x79\x11\0\0\0\0\0\0\x2d\x19\x20\0\0\0\0\0\
\x18\x07\0\0\0\0\0\0\0\0\0\0\0\0\0\0\x79\x71\0\0\0\0\0\0\xb7\x02\0\0\x02\0\0\0\
\x2d\x12\x07\0\0\0\0\0\x85\0\0\0\x05\0\0\0\x79\x71\0\0\0\0\0\0\xbf\x02\0\0\0\0\
\0\0\x3f\x12\0\0\0\0\0\0\x2f\x12\0\0\0\0\0\0\x1f\x20\0\0\0\0\0\0\x55\0\x14\0\0\
\0\0\0\x85\0\0\0\x0e\0\0\0\x77\0\0\0\x20\0\0\0\x63\x0a\xf0\xff\0\0\0\0\xbf\xa2\
\0\0\0\0\0\0\x07\x02\0\0\xf0\xff\xff\xff\xbf\xa3\0\0\0\0\0\0\x07\x03\0\0\xf8\
\xff\xff\xff\x18\x01\0\0\0\0\0\0\0\0\0\0\0\0\0\0\xb7\x04\0\0\0\0\0\0\x85\0\0\0\
\x02\0\0\0\x18\x01\0\0\0\0\0\0\0\0\0\0\0\0\0\0\x71\x11\0\0\0\0\0\0\x15\x01\x05\
\0\0\0\0\0\x79\xa3\xf8\xff\0\0\0\0\x18\x01\0\0\x7c\0\0\0\0\0\0\0\0\0\0\0\xb7\
\x02\0\0\x1b\0\0\0\x85\0\0\0\x06\0\0\0\xbf\x61\0\0\0\0\0\0\xbf\x82\0\0\0\0\0\0\
\x85\x10\0\0\xff\xff\xff\xff\xb7\0\0\0\0\0\0\0\x95\0\0\0\0\0\0\0\xbf\x16\0\0\0\
\0\0\0\xb7\x01\0\0\x01\0\0\0\x15\x01\x71\0\0\0\0\0\xb7\x01\0\0\0\0\0\0\xbf\x63\
\0\0\0\0\0\0\x0f\x13\0\0\0\0\0\0\xbf\xa1\0\0\0\0\0\0\x07\x01\0\0\xf8\xff\xff\
\xff\xb7\x02\0\0\x08\0\0\0\x85\0\0\0\x71\0\0\0\xb7\x01\0\0\x08\0\0\0\xbf\x63\0\
\0\0\0\0\0\x0f\x13\0\0\0\0\0\0\x79\xa8\xf8\xff\0\0\0\0\xbf\xa1\0\0\0\0\0\0\x07\
\x01\0\0\xf8\xff\xff\xff\xb7\x02\0\0\x08\0\0\0\x85\0\0\0\x71\0\0\0\x79\xa9\xf8\
\xff\0\0\0\0\x18\x01\0\0\0\0\0\0\0\0\0\0\0\0\0\0\x71\x11\0\0\0\0\0\0\x15\x01\
\x31\0\0\0\0\0\x7b\x8a\xe8\xff\0\0\0\0\x7b\x8a\xf0\xff\0\0\0\0\xbf\xa2\0\0\0\0\
\0\0\x07\x02\0\0\xf0\xff\xff\xff\x18\x01\0\0\0\0\0\0\0\0\0\0\0\0\0\0\x85\0\0\0\
\x01\0\0\0\xbf\x08\0\0\0\0\0\0\x15\x08\x27\0\0\0\0\0\xbf\xa2\0\0\0\0\0\0\x07\
\x02\0\0\xf0\xff\xff\xff\x18\x01\0\0\0\0\0\0\0\0\0\0\0\0\0\0\x85\0\0\0\x03\0\0\
\0\x79\x87\0\0\0\0\0\0\x61\x81\x10\0\0\0\0\0\x67\x01\0\0\x20\0\0\0\xc7\x01\0\0\
\x20\0\0\0\x7b\x1a\xf8\xff\0\0\0\0\xbf\xa2\0\0\0\0\0\0\x07\x02\0\0\xf8\xff\xff\
\xff\x18\x01\0\0\0\0\0\0\0\0\0\0\0\0\0\0\x85\0\0\0\x01\0\0\0\x55\0\x05\0\0\0\0\
\0\x18\x01\0\0\x5a\0\0\0\0\0\0\0\0\0\0\0\xb7\x02\0\0\x22\0\0\0\x85\0\0\0\x06\0\
\0\0\x05\0\x08\0\0\0\0\0\x18\x01\0\0\xff\xff\xff\xff\0\0\0\0\xff\0\0\0\x5f\x17\
\0\0\0\0\0\0\x18\x01\0\0\0\0\0\0\0\0\0\0\0\x01\0\0\x4f\x17\0\0\0\0\0\0\x87\x07\
\0\0\0\0\0\0\xdb\x70\0\0\0\0\0\0\x18\x01\0\0\0\0\0\0\0\0\0\0\0\0\0\0\x71\x11\0\
\0\0\0\0\0\x15\x01\x06\0\0\0\0\0\x79\x84\0\0\0\0\0\0\x18\x01\0\0\x31\0\0\0\0\0\
\0\0\0\0\0\0\xb7\x02\0\0\x29\0\0\0\x79\xa3\xe8\xff\0\0\0\0\x85\0\0\0\x06\0\0\0\
\x79\xa8\xe8\xff\0\0\0\0\x7b\x9a\xf8\xff\0\0\0\0\x18\x01\0\0\0\0\0\0\0\0\0\0\0\
\0\0\0\x79\x11\0\0\0\0\0\0\x2d\x91\x24\0\0\0\0\0\x18\x01\0\0\0\0\0\0\0\0\0\0\0\
\0\0\0\x79\x11\0\0\0\0\0\0\x2d\x19\x20\0\0\0\0\0\x18\x07\0\0\0\0\0\0\0\0\0\0\0\
\0\0\0\x79\x71\0\0\0\0\0\0\xb7\x02\0\0\x02\0\0\0\x2d\x12\x07\0\0\0\0\0\x85\0\0\
\0\x05\0\0\0\x79\x71\0\0\0\0\0\0\xbf\x02\0\0\0\0\0\0\x3f\x12\0\0\0\0\0\0\x2f\
\x12\0\0\0\0\0\0\x1f\x20\0\0\0\0\0\0\x55\0\x14\0\0\0\0\0\x85\0\0\0\x0e\0\0\0\
\x77\0\0\0\x20\0\0\0\x63\x0a\xf0\xff\0\0\0\0\xbf\xa2\0\0\0\0\0\0\x07\x02\0\0\
\xf0\xff\xff\xff\xbf\xa3\0\0\0\0\0\0\x07\x03\0\0\xf8\xff\xff\xff\x18\x01\0\0\0\
\0\0\0\0\0\0\0\0\0\0\0\xb7\x04\0\0\0\0\0\0\x85\0\0\0\x02\0\0\0\x18\x01\0\0\0\0\
\0\0\0\0\0\0\0\0\0\0\x71\x11\0\0\0\0\0\0\x15\x01\x05\0\0\0\0\0\x79\xa3\xf8\xff\
\0\0\0\0\x18\x01\0\0\x7c\0\0\0\0\0\0\0\0\0\0\0\xb7\x02\0\0\x1b\0\0\0\x85\0\0\0\
\x06\0\0\0\xbf\x61\0\0\0\0\0\0\xbf\x82\0\0\0\0\0\0\x85\x10\0\0\xff\xff\xff\xff\
\xb7\0\0\0\0\0\0\0\x95\0\0\0\0\0\0\0\xbf\x13\0\0\0\0\0\0\xb7\x01\0\0\x01\0\0\0\
\x15\x01\x02\0\0\0\0\0\xb7\x01\0\0\0\0\0\0\x05\0\x01\0\0\0\0\0\xb7\x01\0\0\0\0\
\0\0\x0f\x13\0\0\0\0\0\0\xbf\xa1\0\0\0\0\0\0\x07\x01\0\0\xf8\xff\xff\xff\xb7\
\x02\0\0\x08\0\0\0\x85\0\0\0\x71\0\0\0\x79\xa6\xf8\xff\0\0\0\0\x7b\x6a\xf0\xff\
\0\0\0\0\xbf\xa2\0\0\0\0\0\0\x07\x02\0\0\xf0\xff\xff\xff\x18\x01\0\0\0\0\0\0\0\
\0\0\0\0\0\0\0\x85\0\0\0\x01\0\0\0\xbf\x07\0\0\0\0\0\0\x15\x07\x27\0\0\0\0\0\
\xbf\xa2\0\0\0\0\0\0\x07\x02\0\0\xf0\xff\xff\xff\x18\x01\0\0\0\0\0\0\0\0\0\0\0\
\0\0\0\x85\0\0\0\x03\0\0\0\x79\x78\0\0\0\0\0\0\x61\x71\x10\0\0\0\0\0\x67\x01\0\
\0\x20\0\0\0\xc7\x01\0\0\x20\0\0\0\x7b\x1a\xf8\xff\0\0\0\0\xbf\xa2\0\0\0\0\0\0\
\x07\x02\0\0\xf8\xff\xff\xff\x18\x01\0\0\0\0\0\0\0\0\0\0\0\0\0\0\x85\0\0\0\x01\
\0\0\0\x55\0\x05\0\0\0\0\0\x18\x01\0\0\x5a\0\0\0\0\0\0\0\0\0\0\0\xb7\x02\0\0\
\x22\0\0\0\x85\0\0\0\x06\0\0\0\x05\0\x08\0\0\0\0\0\x18\x01\0\0\xff\xff\xff\xff\
\0\0\0\0\xff\0\0\0\x5f\x18\0\0\0\0\0\0\x18\x01\0\0\0\0\0\0\0\0\0\0\0\x01\0\0\
\x4f\x18\0\0\0\0\0\0\x87\x08\0\0\0\0\0\0\xdb\x80\0\0\0\0\0\0\x18\x01\0\0\0\0\0\
\0\0\0\0\0\0\0\0\0\x71\x11\0\0\0\0\0\0\x15\x01\x06\0\0\0\0\0\x79\x74\0\0\0\0\0\
\0\x18\x01\0\0\x31\0\0\0\0\0\0\0\0\0\0\0\xb7\x02\0\0\x29\0\0\0\xbf\x63\0\0\0\0\
\0\0\x85\0\0\0\x06\0\0\0\xb7\0\0\0\0\0\0\0\x95\0\0\0\0\0\0\0\xbf\x16\0\0\0\0\0\
\0\xb7\x01\0\0\x01\0\0\0\x15\x01\x09\0\0\0\0\0\xb7\x01\0\0\0\0\0\0\xbf\x63\0\0\
\0\0\0\0\x0f\x13\0\0\0\0\0\0\xbf\xa1\0\0\0\0\0\0\x07\x01\0\0\xf8\xff\xff\xff\
\xb7\x02\0\0\x08\0\0\0\x85\0\0\0\x71\0\0\0\xb7\x01\0\0\x08\0\0\0\x05\0\x08\0\0\
\0\0\0\xb7\x01\0\0\0\0\0\0\xbf\x63\0\0\0\0\0\0\x0f\x13\0\0\0\0\0\0\xbf\xa1\0\0\
\0\0\0\0\x07\x01\0\0\xf8\xff\xff\xff\xb7\x02\0\0\x08\0\0\0\x85\0\0\0\x71\0\0\0\
\xb7\x01\0\0\x08\0\0\0\xbf\x63\0\0\0\0\0\0\x0f\x13\0\0\0\0\0\0\x79\xa8\xf8\xff\
\0\0\0\0\xbf\xa1\0\0\0\0\0\0\x07\x01\0\0\xf8\xff\xff\xff\xb7\x02\0\0\x08\0\0\0\
\x85\0\0\0\x71\0\0\0\x79\xa9\xf8\xff\0\0\0\0\x18\x01\0\0\0\0\0\0\0\0\0\0\0\0\0\
\0\x71\x11\0\0\0\0\0\0\x15\x01\x31\0\0\0\0\0\x7b\x8a\xe8\xff\0\0\0\0\x7b\x8a\
\xf0\xff\0\0\0\0\xbf\xa2\0\0\0\0\0\0\x07\x02\0\0\xf0\xff\xff\xff\x18\x01\0\0\0\
\0\0\0\0\0\0\0\0\0\0\0\x85\0\0\0\x01\0\0\0\xbf\x08\0\0\0\0\0\0\x15\x08\x27\0\0\
\0\0\0\xbf\xa2\0\0\0\0\0\0\x07\x02\0\0\xf0\xff\xff\xff\x18\x01\0\0\0\0\0\0\0\0\
\0\0\0\0\0\0\x85\0\0\0\x03\0\0\0\x79\x87\0\0\0\0\0\0\x61\x81\x10\0\0\0\0\0\x67\
\x01\0\0\x20\0\0\0\xc7\x01\0\0\x20\0\0\0\x7b\x1a\xf8\xff\0\0\0\0\xbf\xa2\0\0\0\
\0\0\0\x07\x02\0\0\xf8\xff\xff\xff\x18\x01\0\0\0\0\0\0\0\0\0\0\0\0\0\0\x85\0\0\
\0\x01\0\0\0\x55\0\x05\0\0\0\0\0\x18\x01\0\0\x5a\0\0\0\0\0\0\0\0\0\0\0\xb7\x02\
\0\0\x22\0\0\0\x85\0\0\0\x06\0\0\0\x05\0\x08\0\0\0\0\0\x18\x01\0\0\xff\xff\xff\
\xff\0\0\0\0\xff\0\0\0\x5f\x17\0\0\0\0\0\0\x18\x01\0\0\0\0\0\0\0\0\0\0\0\x01\0\
\0\x4f\x17\0\0\0\0\0\0\x87\x07\0\0\0\0\0\0\xdb\x70\0\0\0\0\0\0\x18\x01\0\0\0\0\
\0\0\0\0\0\0\0\0\0\0\x71\x11\0\0\0\0\0\0\x15\x01\x06\0\0\0\0\0\x79\x84\0\0\0\0\
\0\0\x18\x01\0\0\x31\0\0\0\0\0\0\0\0\0\0\0\xb7\x02\0\0\x29\0\0\0\x79\xa3\xe8\
\xff\0\0\0\0\x85\0\0\0\x06\0\0\0\x79\xa8\xe8\xff\0\0\0\0\x7b\x9a\xf8\xff\0\0\0\
\0\x18\x01\0\0\0\0\0\0\0\0\0\0\0\0\0\0\x79\x11\0\0\0\0\0\0\x2d\x91\x24\0\0\0\0\
\0\x18\x01\0\0\0\0\0\0\0\0\0\0\0\0\0\0\x79\x11\0\0\0\0\0\0\x2d\x19\x20\0\0\0\0\
\0\x18\x07\0\0\0\0\0\0\0\0\0\0\0\0\0\0\x79\x71\0\0\0\0\0\0\xb7\x02\0\0\x02\0\0\
\0\x2d\x12\x07\0\0\0\0\0\x85\0\0\0\x05\0\0\0\x79\x71\0\0\0\0\0\0\xbf\x02\0\0\0\
\0\0\0\x3f\x12\0\0\0\0\0\0\x2f\x12\0\0\0\0\0\0\x1f\x20\0\0\0\0\0\0\x55\0\x14\0\
\0\0\0\0\x85\0\0\0\x0e\0\0\0\x77\0\0\0\x20\0\0\0\x63\x0a\xf0\xff\0\0\0\0\xbf\
\xa2\0\0\0\0\0\0\x07\x02\0\0\xf0\xff\xff\xff\xbf\xa3\0\0\0\0\0\0\x07\x03\0\0\
\xf8\xff\xff\xff\x18\x01\0\0\0\0\0\0\0\0\0\0\0\0\0\0\xb7\x04\0\0\0\0\0\0\x85\0\
\0\0\x02\0\0\0\x18\x01\0\0\0\0\0\0\0\0\0\0\0\0\0\0\x71\x11\0\0\0\0\0\0\x15\x01\
\x05\0\0\0\0\0\x79\xa3\xf8\xff\0\0\0\0\x18\x01\0\0\x7c\0\0\0\0\0\0\0\0\0\0\0\
\xb7\x02\0\0\x1b\0\0\0\x85\0\0\0\x06\0\0\0\xbf\x61\0\0\0\0\0\0\xbf\x82\0\0\0\0\
\0\0\x85\x10\0\0\xff\xff\xff\xff\xb7\0\0\0\0\0\0\0\x95\0\0\0\0\0\0\0\xbf\x16\0\
\0\0\0\0\0\xb7\x01\0\0\x01\0\0\0\x15\x01\x71\0\0\0\0\0\xb7\x01\0\0\0\0\0\0\xbf\
\x63\0\0\0\0\0\0\x0f\x13\0\0\0\0\0\0\xbf\xa1\0\0\0\0\0\0\x07\x01\0\0\xf8\xff\
\xff\xff\xb7\x02\0\0\x08\0\0\0\x85\0\0\0\x71\0\0\0\xb7\x01\0\0\x08\0\0\0\xbf\
\x63\0\0\0\0\0\0\x0f\x13\0\0\0\0\0\0\x79\xa8\xf8\xff\0\0\0\0\xbf\xa1\0\0\0\0\0\
\0\x07\x01\0\0\xf8\xff\xff\xff\xb7\x02\0\0\x08\0\0\0\x85\0\0\0\x71\0\0\0\x79\
\xa9\xf8\xff\0\0\0\0\x18\x01\0\0\0\0\0\0\0\0\0\0\0\0\0\0\x71\x11\0\0\0\0\0\0\
\x15\x01\x31\0\0\0\0\0\x7b\x8a\xe8\xff\0\0\0\0\x7b\x8a\xf0\xff\0\0\0\0\xbf\xa2\
\0\0\0\0\0\0\x07\x02\0\0\xf0\xff\xff\xff\x18\x01\0\0\0\0\0\0\0\0\0\0\0\0\0\0\
\x85\0\0\0\x01\0\0\0\xbf\x08\0\0\0\0\0\0\x15\x08\x27\0\0\0\0\0\xbf\xa2\0\0\0\0\
\0\0\x07\x02\0\0\xf0\xff\xff\xff\x18\x01\0\0\0\0\0\0\0\0\0\0\0\0\0\0\x85\0\0\0\
\x03\0\0\0\x79\x87\0\0\0\0\0\0\x61\x81\x10\0\0\0\0\0\x67\x01\0\0\x20\0\0\0\xc7\
\x01\0\0\x20\0\0\0\x7b\x1a\xf8\xff\0\0\0\0\xbf\xa2\0\0\0\0\0\0\x07\x02\0\0\xf8\
\xff\xff\xff\x18\x01\0\0\0\0\0\0\0\0\0\0\0\0\0\0\x85\0\0\0\x01\0\0\0\x55\0\x05\
\0\0\0\0\0\x18\x01\0\0\x5a\0\0\0\0\0\0\0\0\0\0\0\xb7\x02\0\0\x22\0\0\0\x85\0\0\
\0\x06\0\0\0\x05\0\x08\0\0\0\0\0\x18\x01\0\0\xff\xff\xff\xff\0\0\0\0\xff\0\0\0\
\x5f\x17\0\0\0\0\0\0\x18\x01\0\0\0\0\0\0\0\0\0\0\0\x01\0\0\x4f\x17\0\0\0\0\0\0\
\x87\x07\0\0\0\0\0\0\xdb\x70\0\0\0\0\0\0\x18\x01\0\0\0\0\0\0\0\0\0\0\0\0\0\0\
\x71\x11\0\0\0\0\0\0\x15\x01\x06\0\0\0\0\0\x79\x84\0\0\0\0\0\0\x18\x01\0\0\x31\
\0\0\0\0\0\0\0\0\0\0\0\xb7\x02\0\0\x29\0\0\0\x79\xa3\xe8\xff\0\0\0\0\x85\0\0\0\
\x06\0\0\0\x79\xa8\xe8\xff\0\0\0\0\x7b\x9a\xf8\xff\0\0\0\0\x18\x01\0\0\0\0\0\0\
\0\0\0\0\0\0\0\0\x79\x11\0\0\0\0\0\0\x2d\x91\x24\0\0\0\0\0\x18\x01\0\0\0\0\0\0\
\0\0\0\0\0\0\0\0\x79\x11\0\0\0\0\0\0\x2d\x19\x20\0\0\0\0\0\x18\x07\0\0\0\0\0\0\
\0\0\0\0\0\0\0\0\x79\x71\0\0\0\0\0\0\xb7\x02\0\0\x02\0\0\0\x2d\x12\x07\0\0\0\0\
\0\x85\0\0\0\x05\0\0\0\x79\x71\0\0\0\0\0\0\xbf\x02\0\0\0\0\0\0\x3f\x12\0\0\0\0\
\0\0\x2f\x12\0\0\0\0\0\0\x1f\x20\0\0\0\0\0\0\x55\0\x14\0\0\0\0\0\x85\0\0\0\x0e\
\0\0\0\x77\0\0\0\x20\0\0\0\x63\x0a\xf0\xff\0\0\0\0\xbf\xa2\0\0\0\0\0\0\x07\x02\
\0\0\xf0\xff\xff\xff\xbf\xa3\0\0\0\0\0\0\x07\x03\0\0\xf8\xff\xff\xff\x18\x01\0\
\0\0\0\0\0\0\0\0\0\0\0\0\0\xb7\x04\0\0\0\0\0\0\x85\0\0\0\x02\0\0\0\x18\x01\0\0\
\0\0\0\0\0\0\0\0\0\0\0\0\x71\x11\0\0\0\0\0\0\x15\x01\x05\0\0\0\0\0\x79\xa3\xf8\
\xff\0\0\0\0\x18\x01\0\0\x7c\0\0\0\0\0\0\0\0\0\0\0\xb7\x02\0\0\x1b\0\0\0\x85\0\
\0\0\x06\0\0\0\xbf\x61\0\0\0\0\0\0\xbf\x82\0\0\0\0\0\0\x85\x10\0\0\xff\xff\xff\
\xff\xb7\0\0\0\0\0\0\0\x95\0\0\0\0\0\0\0\xbf\x13\0\0\0\0\0\0\xb7\x01\0\0\x01\0\
\0\0\x15\x01\x02\0\0\0\0\0\xb7\x01\0\0\0\0\0\0\x05\0\x01\0\0\0\0\0\xb7\x01\0\0\
\0\0\0\0\x0f\x13\0\0\0\0\0\0\xbf\xa1\0\0\0\0\0\0\x07\x01\0\0\xf8\xff\xff\xff\
\xb7\x02\0\0\x08\0\0\0\x85\0\0\0\x71\0\0\0\x79\xa6\xf8\xff\0\0\0\0\x7b\x6a\xf0\
\xff\0\0\0\0\xbf\xa2\0\0\0\0\0\0\x07\x02\0\0\xf0\xff\xff\xff\x18\x01\0\0\0\0\0\
\0\0\0\0\0\0\0\0\0\x85\0\0\0\x01\0\0\0\xbf\x07\0\0\0\0\0\0\x15\x07\x27\0\0\0\0\
\0\xbf\xa2\0\0\0\0\0\0\x07\x02\0\0\xf0\xff\xff\xff\x18\x01\0\0\0\0\0\0\0\0\0\0\
\0\0\0\0\x85\0\0\0\x03\0\0\0\x79\x78\0\0\0\0\0\0\x61\x71\x10\0\0\0\0\0\x67\x01\
\0\0\x20\0\0\0\xc7\x01\0\0\x20\0\0\0\x7b\x1a\xf8\xff\0\0\0\0\xbf\xa2\0\0\0\0\0\
\0\x07\x02\0\0\xf8\xff\xff\xff\x18\x01\0\0\0\0\0\0\0\0\0\0\0\0\0\0\x85\0\0\0\
\x01\0\0\0\x55\0\x05\0\0\0\0\0\x18\x01\0\0\x5a\0\0\0\0\0\0\0\0\0\0\0\xb7\x02\0\
\0\x22\0\0\0\x85\0\0\0\x06\0\0\0\x05\0\x08\0\0\0\0\0\x18\x01\0\0\xff\xff\xff\
\xff\0\0\0\0\xff\0\0\0\x5f\x18\0\0\0\0\0\0\x18\x01\0\0\0\0\0\0\0\0\0\0\0\x01\0\
\0\x4f\x18\0\0\0\0\0\0\x87\x08\0\0\0\0\0\0\xdb\x80\0\0\0\0\0\0\x18\x01\0\0\0\0\
\0\0\0\0\0\0\0\0\0\0\x71\x11\0\0\0\0\0\0\x15\x01\x06\0\0\0\0\0\x79\x74\0\0\0\0\
\0\0\x18\x01\0\0\x31\0\0\0\0\0\0\0\0\0\0\0\xb7\x02\0\0\x29\0\0\0\xbf\x63\0\0\0\
\0\0\0\x85\0\0\0\x06\0\0\0\xb7\0\0\0\0\0\0\0\x95\0\0\0\0\0\0\0\xbf\x16\0\0\0\0\
\0\0\xb7\x01\0\0\x10\0\0\0\xbf\x63\0\0\0\0\0\0\x0f\x13\0\0\0\0\0\0\x18\x01\0\0\
\0\0\0\0\0\0\0\0\0\0\0\0\x79\x17\0\0\0\0\0\0\xbf\xa1\0\0\0\0\0\0\x07\x01\0\0\
\xf8\xff\xff\xff\xb7\x02\0\0\x04\0\0\0\x85\0\0\0\x71\0\0\0\x61\xa1\xf8\xff\0\0\
\0\0\x6f\x17\0\0\0\0\0\0\x7b\x7a\xf8\xff\0\0\0\0\x18\x01\0\0\0\0\0\0\0\0\0\0\0\
\0\0\0\x79\x11\0\0\0\0\0\0\x2d\x71\x24\0\0\0\0\0\x18\x01\0\0\0\0\0\0\0\0\0\0\0\
\0\0\0\x79\x11\0\0\0\0\0\0\x2d\x17\x20\0\0\0\0\0\x18\x07\0\0\0\0\0\0\0\0\0\0\0\
\0\0\0\x79\x71\0\0\0\0\0\0\xb7\x02\0\0\x02\0\0\0\x2d\x12\x07\0\0\0\0\0\x85\0\0\
\0\x05\0\0\0\x79\x71\0\0\0\0\0\0\xbf\x02\0\0\0\0\0\0\x3f\x12\0\0\0\0\0\0\x2f\
\x12\0\0\0\0\0\0\x1f\x20\0\0\0\0\0\0\x55\0\x14\0\0\0\0\0\x85\0\0\0\x0e\0\0\0\
\x77\0\0\0\x20\0\0\0\x63\x0a\xf4\xff\0\0\0\0\xbf\xa2\0\0\0\0\0\0\x07\x02\0\0\
\xf4\xff\xff\xff\xbf\xa3\0\0\0\0\0\0\x07\x03\0\0\xf8\xff\xff\xff\x18\x01\0\0\0\
\0\0\0\0\0\0\0\0\0\0\0\xb7\x04\0\0\0\0\0\0\x85\0\0\0\x02\0\0\0\x18\x01\0\0\0\0\
\0\0\0\0\0\0\0\0\0\0\x71\x11\0\0\0\0\0\0\x15\x01\x05\0\0\0\0\0\x79\xa3\xf8\xff\
\0\0\0\0\x18\x01\0\0\x7c\0\0\0\0\0\0\0\0\0\0\0\xb7\x02\0\0\x1b\0\0\0\x85\0\0\0\
\x06\0\0\0\xb7\x01\0\0\x08\0\0\0\xbf\x63\0\0\0\0\0\0\x0f\x13\0\0\0\0\0\0\xbf\
\xa1\0\0\0\0\0\0\x07\x01\0\0\xf8\xff\xff\xff\xb7\x02\0\0\x08\0\0\0\x85\0\0\0\
\x71\0\0\0\x79\xa2\xf8\xff\0\0\0\0\xbf\x61\0\0\0\0\0\0\x85\x10\0\0\xff\xff\xff\
\xff\xb7\0\0\0\0\0\0\0\x95\0\0\0\0\0\0\0\xbf\x13\0\0\0\0\0\0\xb7\x01\0\0\x08\0\
\0\0\x0f\x13\0\0\0\0\0\0\xbf\xa1\0\0\0\0\0\0\x07\x01\0\0\xf8\xff\xff\xff\xb7\
\x02\0\0\x08\0\0\0\x85\0\0\0\x71\0\0\0\x79\xa6\xf8\xff\0\0\0\0\x7b\x6a\xf0\xff\
\0\0\0\0\xbf\xa2\0\0\0\0\0\0\x07\x02\0\0\xf0\xff\xff\xff\x18\x01\0\0\0\0\0\0\0\
\0\0\0\0\0\0\0\x85\0\0\0\x01\0\0\0\xbf\x07\0\0\0\0\0\0\x15\x07\x27\0\0\0\0\0\
\xbf\xa2\0\0\0\0\0\0\x07\x02\0\0\xf0\xff\xff\xff\x18\x01\0\0\0\0\0\0\0\0\0\0\0\
\0\0\0\x85\0\0\0\x03\0\0\0\x79\x78\0\0\0\0\0\0\x61\x71\x10\0\0\0\0\0\x67\x01\0\
\0\x20\0\0\0\xc7\x01\0\0\x20\0\0\0\x7b\x1a\xf8\xff\0\0\0\0\xbf\xa2\0\0\0\0\0\0\
\x07\x02\0\0\xf8\xff\xff\xff\x18\x01\0\0\0\0\0\0\0\0\0\0\0\0\0\0\x85\0\0\0\x01\
\0\0\0\x55\0\x05\0\0\0\0\0\x18\x01\0\0\x5a\0\0\0\0\0\0\0\0\0\0\0\xb7\x02\0\0\
\x22\0\0\0\x85\0\0\0\x06\0\0\0\x05\0\x08\0\0\0\0\0\x18\x01\0\0\xff\xff\xff\xff\
\0\0\0\0\xff\0\0\0\x5f\x18\0\0\0\0\0\0\x18\x01\0\0\0\0\0\0\0\0\0\0\0\x01\0\0\
\x4f\x18\0\0\0\0\0\0\x87\x08\0\0\0\0\0\0\xdb\x80\0\0\0\0\0\0\x18\x01\0\0\0\0\0\
\0\0\0\0\0\0\0\0\0\x71\x11\0\0\0\0\0\0\x15\x01\x06\0\0\0\0\0\x79\x74\0\0\0\0\0\
\0\x18\x01\0\0\x31\0\0\0\0\0\0\0\0\0\0\0\xb7\x02\0\0\x29\0\0\0\xbf\x63\0\0\0\0\
\0\0\x85\0\0\0\x06\0\0\0\xb7\0\0\0\0\0\0\0\x95\0\0\0\0\0\0\0\xbf\x16\0\0\0\0\0\
\0\xb7\x01\0\0\x40\0\0\0\xbf\x63\0\0\0\0\0\0\x0f\x13\0\0\0\0\0\0\xbf\xa1\0\0\0\
\0\0\0\x07\x01\0\0\xf8\xff\xff\xff\xb7\x02\0\0\x08\0\0\0\x85\0\0\0\x71\0\0\0\
\x79\xa1\xf8\xff\0\0\0\0\x7b\x1a\xf8\xff\0\0\0\0\x18\x02\0\0\0\0\0\0\0\0\0\0\0\
\0\0\0\x79\x22\0\0\0\0\0\0\x2d\x12\x24\0\0\0\0\0\x18\x02\0\0\0\0\0\0\0\0\0\0\0\
\0\0\0\x79\x22\0\0\0\0\0\0\x2d\x21\x20\0\0\0\0\0\x18\x07\0\0\0\0\0\0\0\0\0\0\0\
\0\0\0\x79\x71\0\0\0\0\0\0\xb7\x02\0\0\x02\0\0\0\x2d\x12\x07\0\0\0\0\0\x85\0\0\
\0\x05\0\0\0\x79\x71\0\0\0\0\0\0\xbf\x02\0\0\0\0\0\0\x3f\x12\0\0\0\0\0\0\x2f\
\x12\0\0\0\0\0\0\x1f\x20\0\0\0\0\0\0\x55\0\x14\0\0\0\0\0\x85\0\0\0\x0e\0\0\0\
\x77\0\0\0\x20\0\0\0\x63\x0a\xf4\xff\0\0\0\0\xbf\xa2\0\0\0\0\0\0\x07\x02\0\0\
\xf4\xff\xff\xff\xbf\xa3\0\0\0\0\0\0\x07\x03\0\0\xf8\xff\xff\xff\x18\x01\0\0\0\
\0\0\0\0\0\0\0\0\0\0\0\xb7\x04\0\0\0\0\0\0\x85\0\0\0\x02\0\0\0\x18\x01\0\0\0\0\
\0\0\0\0\0\0\0\0\0\0\x71\x11\0\0\0\0\0\0\x15\x01\x05\0\0\0\0\0\x79\xa3\xf8\xff\
\0\0\0\0\x18\x01\0\0\x7c\0\0\0\0\0\0\0\0\0\0\0\xb7\x02\0\0\x1b\0\0\0\x85\0\0\0\
\x06\0\0\0\xb7\x01\0\0\x38\0\0\0\xbf\x63\0\0\0\0\0\0\x0f\x13\0\0\0\0\0\0\xbf\
\xa1\0\0\0\0\0\0\x07\x01\0\0\xf8\xff\xff\xff\xb7\x02\0\0\x08\0\0\0\x85\0\0\0\
\x71\0\0\0\x79\xa2\xf8\xff\0\0\0\0\xbf\x61\0\0\0\0\0\0\x85\x10\0\0\xff\xff\xff\
\xff\xb7\0\0\0\0\0\0\0\x95\0\0\0\0\0\0\0\xbf\x13\0\0\0\0\0\0\xb7\x01\0\0\x18\0\
\0\0\x0f\x13\0\0\0\0\0\0\xbf\xa1\0\0\0\0\0\0\x07\x01\0\0\xf8\xff\xff\xff\xb7\
\x02\0\0\x08\0\0\0\x85\0\0\0\x71\0\0\0\x79\xa6\xf8\xff\0\0\0\0\x7b\x6a\xf0\xff\
\0\0\0\0\xbf\xa2\0\0\0\0\0\0\x07\x02\0\0\xf0\xff\xff\xff\x18\x01\0\0\0\0\0\0\0\
\0\0\0\0\0\0\0\x85\0\0\0\x01\0\0\0\xbf\x07\0\0\0\0\0\0\x15\x07\x27\0\0\0\0\0\
\xbf\xa2\0\0\0\0\0\0\x07\x02\0\0\xf0\xff\xff\xff\x18\x01\0\0\0\0\0\0\0\0\0\0\0\
\0\0\0\x85\0\0\0\x03\0\0\0\x79\x78\0\0\0\0\0\0\x61\x71\x10\0\0\0\0\0\x67\x01\0\
\0\x20\0\0\0\xc7\x01\0\0\x20\0\0\0\x7b\x1a\xf8\xff\0\0\0\0\xbf\xa2\0\0\0\0\0\0\
\x07\x02\0\0\xf8\xff\xff\xff\x18\x01\0\0\0\0\0\0\0\0\0\0\0\0\0\0\x85\0\0\0\x01\
\0\0\0\x55\0\x05\0\0\0\0\0\x18\x01\0\0\x5a\0\0\0\0\0\0\0\0\0\0\0\xb7\x02\0\0\
\x22\0\0\0\x85\0\0\0\x06\0\0\0\x05\0\x08\0\0\0\0\0\x18\x01\0\0\xff\xff\xff\xff\
\0\0\0\0\xff\0\0\0\x5f\x18\0\0\0\0\0\0\x18\x01\0\0\0\0\0\0\0\0\0\0\0\x01\0\0\
\x4f\x18\0\0\0\0\0\0\x87\x08\0\0\0\0\0\0\xdb\x80\0\0\0\0\0\0\x18\x01\0\0\0\0\0\
\0\0\0\0\0\0\0\0\0\x71\x11\0\0\0\0\0\0\x15\x01\x06\0\0\0\0\0\x79\x74\0\0\0\0\0\
\0\x18\x01\0\0\x31\0\0\0\0\0\0\0\0\0\0\0\xb7\x02\0\0\x29\0\0\0\xbf\x63\0\0\0\0\
\0\0\x85\0\0\0\x06\0\0\0\xb7\0\0\0\0\0\0\0\x95\0\0\0\0\0\0\0\0\0\0\0\0\0\0\0\
\xff\xff\xff\xff\xff\xff\xff\xff\0\x10\0\0\0\0\0\0\x01\0\0\0\0\0\0\0\0\0\0\0\0\
\0\0\0\0\0\0\0\0\0\0\0\0\x66\x72\x65\x65\x20\x65\x6e\x74\x65\x72\x65\x64\x2c\
\x20\x61\x64\x64\x72\x65\x73\x73\x20\x3d\x20\x25\x6c\x78\x2c\x20\x73\x69\x7a\
\x65\x20\x3d\x20\x25\x6c\x75\x0a\0\x66\x61\x69\x6c\x65\x64\x20\x74\x6f\x20\x6c\
\x6f\x6f\x6b\x75\x70\x20\x63\x6f\x6d\x62\x69\x6e\x65\x64\x20\x61\x6c\x6c\x6f\
\x63\x73\x0a\0\x61\x6c\x6c\x6f\x63\x20\x65\x6e\x74\x65\x72\x65\x64\x2c\x20\x73\
\x69\x7a\x65\x20\x3d\x20\x25\x6c\x75\x0a\0\x61\x6c\x6c\x6f\x63\x20\x65\x78\x69\
\x74\x65\x64\x2c\x20\x73\x69\x7a\x65\x20\x3d\x20\x25\x6c\x75\x2c\x20\x72\x65\
\x73\x75\x6c\x74\x20\x3d\x20\x25\x6c\x78\x0a\0\x47\x50\x4c\0\0\0\0\0\0\0\0\0\0\
\0\0\0\0\0\0\0\0\0\0\0\0\0\0\0\0\0\0\0\0\0\0\0\0\0\0\0\0\0\0\0\0\0\0\0\0\0\0\0\
\0\0\0\0\0\0\0\0\0\0\0\0\0\0\0\0\0\0\0\0\0\0\0\0\0\0\0\0\0\0\0\0\0\0\0\0\0\0\0\
\0\0\0\0\0\0\0\0\0\0\0\0\0\0\0\0\0\0\0\0\0\0\0\0\0\0\0\0\0\0\0\0\0\0\0\0\0\0\0\
\0\0\0\0\0\0\0\0\0\0\0\0\0\0\0\0\0\0\0\0\0\0\0\x9f\xeb\x01\0\x18\0\0\0\0\0\0\0\
\xbc\x0e\0\0\xbc\x0e\0\0\x16\x19\0\0\0\0\0\0\0\0\0\x02\x03\0\0\0\x01\0\0\0\0\0\
\0\x01\x04\0\0\0\x20\0\0\x01\0\0\0\0\0\0\0\x03\0\0\0\0\x02\0\0\0\x04\0\0\0\x01\
\0\0\0\x05\0\0\0\0\0\0\x01\x04\0\0\0\x20\0\0\0\0\0\0\0\0\0\0\x02\x06\0\0\0\x19\
\0\0\0\0\0\0\x08\x07\0\0\0\x1f\0\0\0\0\0\0\x08\x02\0\0\0\0\0\0\0\0\0\0\x02\x09\
\0\0\0\x2e\0\0\0\0\0\0\x08\x0a\0\0\0\x32\0\0\0\0\0\0\x08\x0b\0\0\0\x38\0\0\0\0\
\0\0\x01\x08\0\0\0\x40\0\0\0\0\0\0\0\0\0\0\x02\x0d\0\0\0\0\0\0\0\0\0\0\x03\0\0\
\0\0\x02\0\0\0\x04\0\0\0\0\x28\0\0\0\0\0\0\x04\0\0\x04\x20\0\0\0\x4b\0\0\0\x01\
\0\0\0\0\0\0\0\x50\0\0\0\x05\0\0\0\x40\0\0\0\x54\0\0\0\x08\0\0\0\x80\0\0\0\x5a\
\0\0\0\x0c\0\0\0\xc0\0\0\0\x66\0\0\0\0\0\0\x0e\x0e\0\0\0\x01\0\0\0\0\0\0\0\0\0\
\0\x02\x11\0\0\0\x6c\0\0\0\x03\0\0\x04\x18\0\0\0\x77\0\0\0\x0a\0\0\0\0\0\0\0\
\x7c\0\0\0\x0a\0\0\0\x40\0\0\0\x89\0\0\0\x02\0\0\0\x80\0\0\0\0\0\0\0\0\0\0\x02\
\x13\0\0\0\0\0\0\0\0\0\0\x03\0\0\0\0\x02\0\0\0\x04\0\0\0\x40\x42\x0f\0\0\0\0\0\
\x04\0\0\x04\x20\0\0\0\x4b\0\0\0\x01\0\0\0\0\0\0\0\x50\0\0\0\x08\0\0\0\x40\0\0\
\0\x54\0\0\0\x10\0\0\0\x80\0\0\0\x5a\0\0\0\x12\0\0\0\xc0\0\0\0\x92\0\0\0\0\0\0\
\x0e\x14\0\0\0\x01\0\0\0\0\0\0\0\0\0\0\x02\x17\0\0\0\x99\0\0\0\x02\0\0\x05\x08\
\0\0\0\0\0\0\0\x18\0\0\0\0\0\0\0\xad\0\0\0\x0a\0\0\0\0\0\0\0\0\0\0\0\x02\0\0\
\x84\x08\0\0\0\xb2\0\0\0\x0a\0\0\0\0\0\0\x28\xbd\0\0\0\x0a\0\0\0\x28\0\0\x18\0\
\0\0\0\x04\0\0\x04\x20\0\0\0\x4b\0\0\0\x01\0\0\0\0\0\0\0\x50\0\0\0\x08\0\0\0\
\x40\0\0\0\x54\0\0\0\x16\0\0\0\x80\0\0\0\x5a\0\0\0\x0c\0\0\0\xc0\0\0\0\xce\0\0\
\0\0\0\0\x0e\x19\0\0\0\x01\0\0\0\0\0\0\0\x04\0\0\x04\x20\0\0\0\x4b\0\0\0\x01\0\
\0\0\0\0\0\0\x50\0\0\0\x08\0\0\0\x40\0\0\0\x54\0\0\0\x08\0\0\0\x80\0\0\0\x5a\0\
\0\0\x0c\0\0\0\xc0\0\0\0\xde\0\0\0\0\0\0\x0e\x1b\0\0\0\x01\0\0\0\0\0\0\0\0\0\0\
\x02\x1e\0\0\0\0\0\0\0\0\0\0\x03\0\0\0\0\x02\0\0\0\x04\0\0\0\x07\0\0\0\0\0\0\0\
\0\0\0\x02\x20\0\0\0\xe6\0\0\0\0\0\0\x08\x21\0\0\0\xea\0\0\0\0\0\0\x08\x22\0\0\
\0\xf0\0\0\0\0\0\0\x01\x04\0\0\0\x20\0\0\0\0\0\0\0\x02\0\0\x04\x10\0\0\0\x4b\0\
\0\0\x1d\0\0\0\0\0\0\0\x50\0\0\0\x1f\0\0\0\x40\0\0\0\xfd\0\0\0\0\0\0\x0e\x23\0\
\0\0\x01\0\0\0\0\0\0\0\0\0\0\x02\x26\0\0\0\x0a\x01\0\0\x06\0\0\x04\x40\x01\0\0\
\0\0\0\0\x27\0\0\0\0\0\0\0\x12\x01\0\0\x09\0\0\0\x80\x08\0\0\x1a\x01\0\0\x2c\0\
\0\0\xc0\x08\0\0\x24\x01\0\0\x20\0\0\0\xe0\x08\0\0\x28\x01\0\0\x09\0\0\0\0\x09\
\0\0\x33\x01\0\0\x2e\0\0\0\x40\x09\0\0\0\0\0\0\x02\0\0\x05\x10\x01\0\0\x3e\x01\
\0\0\x28\0\0\0\0\0\0\0\0\0\0\0\x2a\0\0\0\0\0\0\0\x48\x01\0\0\x04\0\0\x04\x10\
\x01\0\0\x55\x01\0\0\x29\0\0\0\0\0\0\0\x5a\x01\0\0\x0a\0\0\0\xc0\x07\0\0\x5d\
\x01\0\0\x0a\0\0\0\0\x08\0\0\x60\x01\0\0\x0a\0\0\0\x40\x08\0\0\0\0\0\0\0\0\0\
\x03\0\0\0\0\x0a\0\0\0\x04\0\0\0\x1f\0\0\0\0\0\0\0\x04\0\0\x04\x10\x01\0\0\x55\
\x01\0\0\x2b\0\0\0\0\0\0\0\x5a\x01\0\0\x09\0\0\0\xc0\x07\0\0\x5d\x01\0\0\x09\0\
\0\0\0\x08\0\0\x60\x01\0\0\x09\0\0\0\x40\x08\0\0\0\0\0\0\0\0\0\x03\0\0\0\0\x09\
\0\0\0\x04\0\0\0\x1f\0\0\0\x67\x01\0\0\0\0\0\x08\x2d\0\0\0\x6b\x01\0\0\0\0\0\
\x08\x02\0\0\0\x71\x01\0\0\x02\0\0\x04\x18\0\0\0\x83\x01\0\0\x2f\0\0\0\0\0\0\0\
\x4b\0\0\0\x09\0\0\0\x80\0\0\0\x8a\x01\0\0\x02\0\0\x04\x10\0\0\0\x97\x01\0\0\
\x09\0\0\0\0\0\0\0\x9a\x01\0\0\x09\0\0\0\x40\0\0\0\0\0\0\0\x01\0\0\x0d\x02\0\0\
\0\x9d\x01\0\0\x25\0\0\0\xa1\x01\0\0\x01\0\0\x0c\x30\0\0\0\0\0\0\0\x01\0\0\x0d\
\x02\0\0\0\x9d\x01\0\0\x25\0\0\0\x35\x03\0\0\x01\0\0\x0c\x32\0\0\0\0\0\0\0\x01\
\0\0\x0d\x02\0\0\0\x9d\x01\0\0\x25\0\0\0\x99\x03\0\0\x01\0\0\x0c\x34\0\0\0\0\0\
\0\0\x01\0\0\x0d\x02\0\0\0\x9d\x01\0\0\x25\0\0\0\xd0\x05\0\0\x01\0\0\x0c\x36\0\
\0\0\0\0\0\0\x01\0\0\x0d\x02\0\0\0\x9d\x01\0\0\x25\0\0\0\x42\x06\0\0\x01\0\0\
\x0c\x38\0\0\0\0\0\0\0\x01\0\0\x0d\x02\0\0\0\x9d\x01\0\0\x25\0\0\0\x6d\x06\0\0\
\x01\0\0\x0c\x3a\0\0\0\0\0\0\0\x01\0\0\x0d\x02\0\0\0\x9d\x01\0\0\x25\0\0\0\xb1\
\x06\0\0\x01\0\0\x0c\x3c\0\0\0\0\0\0\0\x01\0\0\x0d\x02\0\0\0\x9d\x01\0\0\x25\0\
\0\0\xde\x06\0\0\x01\0\0\x0c\x3e\0\0\0\0\0\0\0\x01\0\0\x0d\x02\0\0\0\x9d\x01\0\
\0\x25\0\0\0\x20\x07\0\0\x01\0\0\x0c\x40\0\0\0\0\0\0\0\x01\0\0\x0d\x02\0\0\0\
\x9d\x01\0\0\x25\0\0\0\x47\x07\0\0\x01\0\0\x0c\x42\0\0\0\0\0\0\0\x01\0\0\x0d\
\x02\0\0\0\x9d\x01\0\0\x25\0\0\0\x80\x07\0\0\x01\0\0\x0c\x44\0\0\0\0\0\0\0\x01\
\0\0\x0d\x02\0\0\0\x9d\x01\0\0\x25\0\0\0\x86\x08\0\0\x01\0\0\x0c\x46\0\0\0\0\0\
\0\0\x01\0\0\x0d\x02\0\0\0\x9d\x01\0\0\x25\0\0\0\xbf\x09\0\0\x01\0\0\x0c\x48\0\
\0\0\0\0\0\0\x01\0\0\x0d\x02\0\0\0\x9d\x01\0\0\x25\0\0\0\x16\x0a\0\0\x01\0\0\
\x0c\x4a\0\0\0\0\0\0\0\x01\0\0\x0d\x02\0\0\0\x9d\x01\0\0\x25\0\0\0\x4f\x0a\0\0\
\x01\0\0\x0c\x4c\0\0\0\0\0\0\0\x01\0\0\x0d\x02\0\0\0\x9d\x01\0\0\x25\0\0\0\x86\
\x0a\0\0\x01\0\0\x0c\x4e\0\0\0\0\0\0\0\x01\0\0\x0d\x02\0\0\0\x9d\x01\0\0\x25\0\
\0\0\xb1\x0a\0\0\x01\0\0\x0c\x50\0\0\0\0\0\0\0\x01\0\0\x0d\x02\0\0\0\x9d\x01\0\
\0\x25\0\0\0\xfe\x0a\0\0\x01\0\0\x0c\x52\0\0\0\0\0\0\0\x01\0\0\x0d\x02\0\0\0\
\x9d\x01\0\0\x25\0\0\0\x2d\x0b\0\0\x01\0\0\x0c\x54\0\0\0\0\0\0\0\x01\0\0\x0d\
\x02\0\0\0\x9d\x01\0\0\x25\0\0\0\x66\x0b\0\0\x01\0\0\x0c\x56\0\0\0\0\0\0\0\0\0\
\0\x02\0\0\0\0\0\0\0\0\x01\0\0\x0d\x02\0\0\0\x9d\x01\0\0\x58\0\0\0\x93\x0b\0\0\
\x01\0\0\x0c\x59\0\0\0\xdc\x0b\0\0\x02\0\0\x04\x10\0\0\0\xfb\x0b\0\0\x5c\0\0\0\
\0\0\0\0\xff\x0b\0\0\x5e\0\0\0\x40\0\0\0\0\0\0\0\0\0\0\x02\x5d\0\0\0\0\0\0\0\0\
\0\0\x0a\0\0\0\0\x0b\x0c\0\0\0\0\0\x08\x5f\0\0\0\x12\x0c\0\0\0\0\0\x08\x60\0\0\
\0\x22\x0c\0\0\0\0\0\x08\x61\0\0\0\x33\x0c\0\0\0\0\0\x01\x08\0\0\0\x40\0\0\0\
\x86\x0c\0\0\x02\0\0\x04\x10\0\0\0\xfb\x0b\0\0\x5c\0\0\0\0\0\0\0\xff\x0b\0\0\
\x5e\0\0\0\x40\0\0\0\0\0\0\0\x02\0\0\x0d\x02\0\0\0\x9d\x01\0\0\x58\0\0\0\xe0\
\x0c\0\0\x09\0\0\0\xe8\x0c\0\0\0\0\0\x0c\x63\0\0\0\0\0\0\0\x01\0\0\x0d\x02\0\0\
\0\x9d\x01\0\0\x58\0\0\0\x3e\x10\0\0\x01\0\0\x0c\x65\0\0\0\x96\x10\0\0\x02\0\0\
\x04\x10\0\0\0\xfb\x0b\0\0\x5c\0\0\0\0\0\0\0\xff\x0b\0\0\x5e\0\0\0\x40\0\0\0\0\
\0\0\0\x01\0\0\x0d\x02\0\0\0\x9d\x01\0\0\x58\0\0\0\x4a\x11\0\0\x01\0\0\x0c\x68\
\0\0\0\x8d\x11\0\0\x01\0\0\x04\x08\0\0\0\xfb\x0b\0\0\x5c\0\0\0\0\0\0\0\xbb\x11\
\0\0\x01\0\0\x04\x08\0\0\0\xfb\x0b\0\0\x5c\0\0\0\0\0\0\0\0\0\0\0\x01\0\0\x0d\
\x02\0\0\0\x9d\x01\0\0\x58\0\0\0\xf6\x11\0\0\x01\0\0\x0c\x6c\0\0\0\x5a\x12\0\0\
\x02\0\0\x04\x10\0\0\0\xfb\x0b\0\0\x5c\0\0\0\0\0\0\0\xff\x0b\0\0\x5e\0\0\0\x40\
\0\0\0\0\0\0\0\x01\0\0\x0d\x02\0\0\0\x9d\x01\0\0\x58\0\0\0\x7f\x12\0\0\x01\0\0\
\x0c\x6f\0\0\0\0\0\0\0\x01\0\0\x0d\x02\0\0\0\x9d\x01\0\0\x58\0\0\0\xf2\x12\0\0\
\x01\0\0\x0c\x71\0\0\0\x53\x13\0\0\x01\0\0\x04\x08\0\0\0\xfb\x0b\0\0\x5c\0\0\0\
\0\0\0\0\0\0\0\0\0\0\0\x02\x75\0\0\0\x95\x13\0\0\x06\0\0\x04\x28\0\0\0\xb3\x13\
\0\0\x76\0\0\0\0\0\0\0\xb7\x13\0\0\x61\0\0\0\x40\0\0\0\xbb\x13\0\0\x22\0\0\0\
\x80\0\0\0\xc1\x13\0\0\x61\0\0\0\xc0\0\0\0\xcb\x13\0\0\x02\0\0\0\0\x01\0\0\xd7\
\x13\0\0\x7a\0\0\0\x20\x01\0\0\xde\x13\0\0\x04\0\0\x04\x08\0\0\0\x4b\0\0\0\x77\
\0\0\0\0\0\0\0\xea\x13\0\0\x78\0\0\0\x10\0\0\0\xf0\x13\0\0\x78\0\0\0\x18\0\0\0\
\xfe\x13\0\0\x02\0\0\0\x20\0\0\0\x02\x14\0\0\0\0\0\x01\x02\0\0\0\x10\0\0\0\x11\
\x14\0\0\0\0\0\x01\x01\0\0\0\x08\0\0\0\x1f\x14\0\0\0\0\0\x01\x01\0\0\0\x08\0\0\
\x01\0\0\0\0\0\0\0\x03\0\0\0\0\x79\0\0\0\x04\0\0\0\0\0\0\0\0\0\0\0\x01\0\0\x0d\
\x02\0\0\0\x9d\x01\0\0\x74\0\0\0\x24\x14\0\0\x01\0\0\x0c\x7b\0\0\0\0\0\0\0\0\0\
\0\x02\x7e\0\0\0\x14\x15\0\0\x04\0\0\x04\x18\0\0\0\xb3\x13\0\0\x76\0\0\0\0\0\0\
\0\xb7\x13\0\0\x61\0\0\0\x40\0\0\0\xbb\x13\0\0\x22\0\0\0\x80\0\0\0\xd7\x13\0\0\
\x7a\0\0\0\xa0\0\0\0\0\0\0\0\x01\0\0\x0d\x02\0\0\0\x9d\x01\0\0\x7d\0\0\0\x31\
\x15\0\0\x01\0\0\x0c\x7f\0\0\0\0\0\0\0\0\0\0\x02\x82\0\0\0\xe2\x15\0\0\x0c\0\0\
\x04\x50\0\0\0\xb3\x13\0\0\x76\0\0\0\0\0\0\0\x06\x16\0\0\x61\0\0\0\x40\0\0\0\
\x10\x16\0\0\x83\0\0\0\x80\0\0\0\x19\x16\0\0\x83\0\0\0\x88\0\0\0\x77\0\0\0\x5e\
\0\0\0\xc0\0\0\0\x23\x16\0\0\x5e\0\0\0\0\x01\0\0\x29\x16\0\0\x58\0\0\0\x40\x01\
\0\0\x33\x16\0\0\x02\0\0\0\x80\x01\0\0\xfb\x0b\0\0\x58\0\0\0\xc0\x01\0\0\xff\
\x0b\0\0\x5e\0\0\0\0\x02\0\0\xc1\x13\0\0\x61\0\0\0\x40\x02\0\0\xd7\x13\0\0\x7a\
\0\0\0\x80\x02\0\0\x37\x16\0\0\0\0\0\x08\x84\0\0\0\x3c\x16\0\0\0\0\0\x01\x01\0\
\0\0\x08\0\0\x04\0\0\0\0\x01\0\0\x0d\x02\0\0\0\x9d\x01\0\0\x81\0\0\0\x42\x16\0\
\0\x01\0\0\x0c\x85\0\0\0\0\0\0\0\0\0\0\x02\x88\0\0\0\x49\x17\0\0\x05\0\0\x04\
\x20\0\0\0\xb3\x13\0\0\x76\0\0\0\0\0\0\0\x29\x16\0\0\x58\0\0\0\x40\0\0\0\x33\
\x16\0\0\x02\0\0\0\x80\0\0\0\xfb\x0b\0\0\x58\0\0\0\xc0\0\0\0\xd7\x13\0\0\x7a\0\
\0\0\0\x01\0\0\0\0\0\0\x01\0\0\x0d\x02\0\0\0\x9d\x01\0\0\x87\0\0\0\x6c\x17\0\0\
\x01\0\0\x0c\x89\0\0\0\0\0\0\0\0\0\0\x0a\x8c\0\0\0\0\0\0\0\0\0\0\x09\x5e\0\0\0\
\x32\x18\0\0\0\0\0\x0e\x8b\0\0\0\x01\0\0\0\x3b\x18\0\0\0\0\0\x0e\x8b\0\0\0\x01\
\0\0\0\x44\x18\0\0\0\0\0\x0e\x8b\0\0\0\x01\0\0\0\0\0\0\0\0\0\0\x0a\x91\0\0\0\0\
\0\0\0\0\0\0\x09\x0a\0\0\0\x4e\x18\0\0\0\0\0\x0e\x90\0\0\0\x01\0\0\0\0\0\0\0\0\
\0\0\x0a\x94\0\0\0\0\0\0\0\0\0\0\x09\x83\0\0\0\x5a\x18\0\0\0\0\0\x0e\x93\0\0\0\
\x01\0\0\0\x64\x18\0\0\0\0\0\x0e\x90\0\0\0\x01\0\0\0\x70\x18\0\0\0\0\0\x0e\x93\
\0\0\0\x01\0\0\0\0\0\0\0\0\0\0\x03\0\0\0\0\x79\0\0\0\x04\0\0\0\x04\0\0\0\x80\
\x18\0\0\0\0\0\x0e\x98\0\0\0\x01\0\0\0\0\0\0\0\0\0\0\x0a\x79\0\0\0\0\0\0\0\0\0\
\0\x03\0\0\0\0\x9a\0\0\0\x04\0\0\0\x29\0\0\0\x88\x18\0\0\0\0\0\x0e\x9b\0\0\0\0\
\0\0\0\0\0\0\0\0\0\0\x03\0\0\0\0\x9a\0\0\0\x04\0\0\0\x22\0\0\0\x9f\x18\0\0\0\0\
\0\x0e\x9d\0\0\0\0\0\0\0\0\0\0\0\0\0\0\x03\0\0\0\0\x9a\0\0\0\x04\0\0\0\x1b\0\0\
\0\xbd\x18\0\0\0\0\0\x0e\x9f\0\0\0\0\0\0\0\0\0\0\0\0\0\0\x03\0\0\0\0\x9a\0\0\0\
\x04\0\0\0\x28\0\0\0\xd5\x18\0\0\0\0\0\x0e\xa1\0\0\0\0\0\0\0\xed\x18\0\0\0\0\0\
\x0e\x17\0\0\0\0\0\0\0\xfb\x18\0\0\x01\0\0\x0f\0\0\0\0\xa3\0\0\0\0\0\0\0\x08\0\
\0\0\0\x19\0\0\x05\0\0\x0f\0\0\0\0\x0f\0\0\0\0\0\0\0\x20\0\0\0\x15\0\0\0\0\0\0\
\0\x20\0\0\0\x1a\0\0\0\0\0\0\0\x20\0\0\0\x1c\0\0\0\0\0\0\0\x20\0\0\0\x24\0\0\0\
\0\0\0\0\x10\0\0\0\x06\x19\0\0\x0b\0\0\x0f\0\0\0\0\x8d\0\0\0\0\0\0\0\x08\0\0\0\
\x8e\0\0\0\0\0\0\0\x08\0\0\0\x8f\0\0\0\0\0\0\0\x08\0\0\0\x92\0\0\0\0\0\0\0\x08\
\0\0\0\x95\0\0\0\0\0\0\0\x01\0\0\0\x96\0\0\0\0\0\0\0\x08\0\0\0\x97\0\0\0\0\0\0\
\0\x01\0\0\0\x9c\0\0\0\x31\0\0\0\x29\0\0\0\x9e\0\0\0\x5a\0\0\0\x22\0\0\0\xa0\0\
\0\0\x7c\0\0\0\x1b\0\0\0\xa2\0\0\0\x97\0\0\0\x28\0\0\0\x0e\x19\0\0\x01\0\0\x0f\
\0\0\0\0\x99\0\0\0\0\0\0\0\x04\0\0\0\0\x69\x6e\x74\0\x5f\x5f\x41\x52\x52\x41\
\x59\x5f\x53\x49\x5a\x45\x5f\x54\x59\x50\x45\x5f\x5f\0\x70\x69\x64\x5f\x74\0\
\x5f\x5f\x6b\x65\x72\x6e\x65\x6c\x5f\x70\x69\x64\x5f\x74\0\x75\x36\x34\0\x5f\
\x5f\x75\x36\x34\0\x75\x6e\x73\x69\x67\x6e\x65\x64\x20\x6c\x6f\x6e\x67\x20\x6c\
\x6f\x6e\x67\0\x74\x79\x70\x65\0\x6b\x65\x79\0\x76\x61\x6c\x75\x65\0\x6d\x61\
\x78\x5f\x65\x6e\x74\x72\x69\x65\x73\0\x73\x69\x7a\x65\x73\0\x61\x6c\x6c\x6f\
\x63\x5f\x69\x6e\x66\x6f\0\x73\x69\x7a\x65\0\x74\x69\x6d\x65\x73\x74\x61\x6d\
\x70\x5f\x6e\x73\0\x73\x74\x61\x63\x6b\x5f\x69\x64\0\x61\x6c\x6c\x6f\x63\x73\0\
\x63\x6f\x6d\x62\x69\x6e\x65\x64\x5f\x61\x6c\x6c\x6f\x63\x5f\x69\x6e\x66\x6f\0\
\x62\x69\x74\x73\0\x74\x6f\x74\x61\x6c\x5f\x73\x69\x7a\x65\0\x6e\x75\x6d\x62\
\x65\x72\x5f\x6f\x66\x5f\x61\x6c\x6c\x6f\x63\x73\0\x63\x6f\x6d\x62\x69\x6e\x65\
\x64\x5f\x61\x6c\x6c\x6f\x63\x73\0\x6d\x65\x6d\x70\x74\x72\x73\0\x75\x33\x32\0\
\x5f\x5f\x75\x33\x32\0\x75\x6e\x73\x69\x67\x6e\x65\x64\x20\x69\x6e\x74\0\x73\
\x74\x61\x63\x6b\x5f\x74\x72\x61\x63\x65\x73\0\x70\x74\x5f\x72\x65\x67\x73\0\
\x6f\x72\x69\x67\x5f\x78\x30\0\x73\x79\x73\x63\x61\x6c\x6c\x6e\x6f\0\x70\x6d\
\x72\0\x73\x64\x65\x69\x5f\x74\x74\x62\x72\x31\0\x73\x74\x61\x63\x6b\x66\x72\
\x61\x6d\x65\0\x75\x73\x65\x72\x5f\x72\x65\x67\x73\0\x75\x73\x65\x72\x5f\x70\
\x74\x5f\x72\x65\x67\x73\0\x72\x65\x67\x73\0\x73\x70\0\x70\x63\0\x70\x73\x74\
\x61\x74\x65\0\x73\x33\x32\0\x5f\x5f\x73\x33\x32\0\x66\x72\x61\x6d\x65\x5f\x72\
\x65\x63\x6f\x72\x64\x5f\x6d\x65\x74\x61\0\x72\x65\x63\x6f\x72\x64\0\x66\x72\
\x61\x6d\x65\x5f\x72\x65\x63\x6f\x72\x64\0\x66\x70\0\x6c\x72\0\x63\x74\x78\0\
\x6d\x61\x6c\x6c\x6f\x63\x5f\x65\x6e\x74\x65\x72\0\x75\x70\x72\x6f\x62\x65\0\
\x30\x3a\x30\x3a\x30\0\x2f\x68\x6f\x6d\x65\x2f\x6a\x69\x6e\x2f\x61\x72\x6d\x36\
\x34\x5f\x6c\x69\x62\x2f\x62\x70\x66\x2d\x65\x78\x61\x6d\x70\x6c\x65\x2f\x6d\
\x65\x6d\x6c\x65\x61\x6b\x2f\x6d\x65\x6d\x6c\x65\x61\x6b\x2e\x62\x70\x66\x2e\
\x63\0\x69\x6e\x74\x20\x42\x50\x46\x5f\x4b\x50\x52\x4f\x42\x45\x28\x6d\x61\x6c\
\x6c\x6f\x63\x5f\x65\x6e\x74\x65\x72\x2c\x20\x73\x69\x7a\x65\x5f\x74\x20\x73\
\x69\x7a\x65\x29\0\x09\x69\x66\x20\x28\x73\x69\x7a\x65\x20\x3c\x20\x6d\x69\x6e\
\x5f\x73\x69\x7a\x65\x20\x7c\x7c\x20\x73\x69\x7a\x65\x20\x3e\x20\x6d\x61\x78\
\x5f\x73\x69\x7a\x65\x29\0\x09\x69\x66\x20\x28\x73\x61\x6d\x70\x6c\x65\x5f\x72\
\x61\x74\x65\x20\x3e\x20\x31\x29\x20\x7b\0\x09\x09\x69\x66\x20\x28\x62\x70\x66\
\x5f\x6b\x74\x69\x6d\x65\x5f\x67\x65\x74\x5f\x6e\x73\x28\x29\x20\x25\x20\x73\
\x61\x6d\x70\x6c\x65\x5f\x72\x61\x74\x65\x20\x21\x3d\x20\x30\x29\0\x09\x63\x6f\
\x6e\x73\x74\x20\x70\x69\x64\x5f\x74\x20\x70\x69\x64\x20\x3d\x20\x62\x70\x66\
\x5f\x67\x65\x74\x5f\x63\x75\x72\x72\x65\x6e\x74\x5f\x70\x69\x64\x5f\x74\x67\
\x69\x64\x28\x29\x20\x3e\x3e\x20\x33\x32\x3b\0\x09\x62\x70\x66\x5f\x6d\x61\x70\
\x5f\x75\x70\x64\x61\x74\x65\x5f\x65\x6c\x65\x6d\x28\x26\x73\x69\x7a\x65\x73\
\x2c\x20\x26\x70\x69\x64\x2c\x20\x26\x73\x69\x7a\x65\x2c\x20\x42\x50\x46\x5f\
\x41\x4e\x59\x29\x3b\0\x09\x69\x66\x20\x28\x74\x72\x61\x63\x65\x5f\x61\x6c\x6c\
\x29\0\x09\x09\x62\x70\x66\x5f\x70\x72\x69\x6e\x74\x6b\x28\x22\x61\x6c\x6c\x6f\
\x63\x20\x65\x6e\x74\x65\x72\x65\x64\x2c\x20\x73\x69\x7a\x65\x20\x3d\x20\x25\
\x6c\x75\x5c\x6e\x22\x2c\x20\x73\x69\x7a\x65\x29\x3b\0\x6d\x61\x6c\x6c\x6f\x63\
\x5f\x65\x78\x69\x74\0\x75\x72\x65\x74\x70\x72\x6f\x62\x65\0\x09\x72\x65\x74\
\x75\x72\x6e\x20\x67\x65\x6e\x5f\x61\x6c\x6c\x6f\x63\x5f\x65\x78\x69\x74\x32\
\x28\x63\x74\x78\x2c\x20\x50\x54\x5f\x52\x45\x47\x53\x5f\x52\x43\x28\x63\x74\
\x78\x29\x29\x3b\0\x69\x6e\x74\x20\x42\x50\x46\x5f\x4b\x52\x45\x54\x50\x52\x4f\
\x42\x45\x28\x6d\x61\x6c\x6c\x6f\x63\x5f\x65\x78\x69\x74\x29\0\x66\x72\x65\x65\
\x5f\x65\x6e\x74\x65\x72\0\x69\x6e\x74\x20\x42\x50\x46\x5f\x4b\x50\x52\x4f\x42\
\x45\x28\x66\x72\x65\x65\x5f\x65\x6e\x74\x65\x72\x2c\x20\x76\x6f\x69\x64\x20\
\x2a\x61\x64\x64\x72\x65\x73\x73\x29\0\x09\x63\x6f\x6e\x73\x74\x20\x75\x36\x34\
\x20\x61\x64\x64\x72\x20\x3d\x20\x28\x75\x36\x34\x29\x61\x64\x64\x72\x65\x73\
\x73\x3b\0\x09\x63\x6f\x6e\x73\x74\x20\x73\x74\x72\x75\x63\x74\x20\x61\x6c\x6c\
\x6f\x63\x5f\x69\x6e\x66\x6f\x20\x2a\x69\x6e\x66\x6f\x20\x3d\x20\x62\x70\x66\
\x5f\x6d\x61\x70\x5f\x6c\x6f\x6f\x6b\x75\x70\x5f\x65\x6c\x65\x6d\x28\x26\x61\
\x6c\x6c\x6f\x63\x73\x2c\x20\x26\x61\x64\x64\x72\x29\x3b\0\x09\x69\x66\x20\x28\
\x21\x69\x6e\x66\x6f\x29\0\x09\x62\x70\x66\x5f\x6d\x61\x70\x5f\x64\x65\x6c\x65\
\x74\x65\x5f\x65\x6c\x65\x6d\x28\x26\x61\x6c\x6c\x6f\x63\x73\x2c\x20\x26\x61\
\x64\x64\x72\x29\x3b\0\x09\x75\x70\x64\x61\x74\x65\x5f\x73\x74\x61\x74\x69\x73\
\x74\x69\x63\x73\x5f\x64\x65\x6c\x28\x69\x6e\x66\x6f\x2d\x3e\x73\x74\x61\x63\
\x6b\x5f\x69\x64\x2c\x20\x69\x6e\x66\x6f\x2d\x3e\x73\x69\x7a\x65\x29\x3b\0\x09\
\x65\x78\x69\x73\x74\x69\x6e\x67\x5f\x63\x69\x6e\x66\x6f\x20\x3d\x20\x62\x70\
\x66\x5f\x6d\x61\x70\x5f\x6c\x6f\x6f\x6b\x75\x70\x5f\x65\x6c\x65\x6d\x28\x26\
\x63\x6f\x6d\x62\x69\x6e\x65\x64\x5f\x61\x6c\x6c\x6f\x63\x73\x2c\x20\x26\x73\
\x74\x61\x63\x6b\x5f\x69\x64\x29\x3b\0\x09\x69\x66\x20\x28\x21\x65\x78\x69\x73\
\x74\x69\x6e\x67\x5f\x63\x69\x6e\x66\x6f\x29\x20\x7b\0\x09\x09\x62\x70\x66\x5f\
\x70\x72\x69\x6e\x74\x6b\x28\x22\x66\x61\x69\x6c\x65\x64\x20\x74\x6f\x20\x6c\
\x6f\x6f\x6b\x75\x70\x20\x63\x6f\x6d\x62\x69\x6e\x65\x64\x20\x61\x6c\x6c\x6f\
\x63\x73\x5c\x6e\x22\x29\x3b\0\x09\x09\x2e\x74\x6f\x74\x61\x6c\x5f\x73\x69\x7a\
\x65\x20\x3d\x20\x73\x7a\x2c\0\x09\x5f\x5f\x73\x79\x6e\x63\x5f\x66\x65\x74\x63\
\x68\x5f\x61\x6e\x64\x5f\x73\x75\x62\x28\x26\x65\x78\x69\x73\x74\x69\x6e\x67\
\x5f\x63\x69\x6e\x66\x6f\x2d\x3e\x62\x69\x74\x73\x2c\x20\x64\x65\x63\x72\x65\
\x6d\x65\x6e\x74\x61\x6c\x5f\x63\x69\x6e\x66\x6f\x2e\x62\x69\x74\x73\x29\x3b\0\
\x09\x69\x66\x20\x28\x74\x72\x61\x63\x65\x5f\x61\x6c\x6c\x29\x20\x7b\0\x09\x09\
\x62\x70\x66\x5f\x70\x72\x69\x6e\x74\x6b\x28\x22\x66\x72\x65\x65\x20\x65\x6e\
\x74\x65\x72\x65\x64\x2c\x20\x61\x64\x64\x72\x65\x73\x73\x20\x3d\x20\x25\x6c\
\x78\x2c\x20\x73\x69\x7a\x65\x20\x3d\x20\x25\x6c\x75\x5c\x6e\x22\x2c\0\x63\x61\
\x6c\x6c\x6f\x63\x5f\x65\x6e\x74\x65\x72\0\x69\x6e\x74\x20\x42\x50\x46\x5f\x4b\
\x50\x52\x4f\x42\x45\x28\x63\x61\x6c\x6c\x6f\x63\x5f\x65\x6e\x74\x65\x72\x2c\
\x20\x73\x69\x7a\x65\x5f\x74\x20\x6e\x6d\x65\x6d\x62\x2c\x20\x73\x69\x7a\x65\
\x5f\x74\x20\x73\x69\x7a\x65\x29\0\x30\x3a\x30\x3a\x31\0\x09\x72\x65\x74\x75\
\x72\x6e\x20\x67\x65\x6e\x5f\x61\x6c\x6c\x6f\x63\x5f\x65\x6e\x74\x65\x72\x28\
\x6e\x6d\x65\x6d\x62\x20\x2a\x20\x73\x69\x7a\x65\x29\x3b\0\x63\x61\x6c\x6c\x6f\
\x63\x5f\x65\x78\x69\x74\0\x69\x6e\x74\x20\x42\x50\x46\x5f\x4b\x52\x45\x54\x50\
\x52\x4f\x42\x45\x28\x63\x61\x6c\x6c\x6f\x63\x5f\x65\x78\x69\x74\x29\0\x72\x65\
\x61\x6c\x6c\x6f\x63\x5f\x65\x6e\x74\x65\x72\0\x69\x6e\x74\x20\x42\x50\x46\x5f\
\x4b\x50\x52\x4f\x42\x45\x28\x72\x65\x61\x6c\x6c\x6f\x63\x5f\x65\x6e\x74\x65\
\x72\x2c\x20\x76\x6f\x69\x64\x20\x2a\x70\x74\x72\x2c\x20\x73\x69\x7a\x65\x5f\
\x74\x20\x73\x69\x7a\x65\x29\0\x72\x65\x61\x6c\x6c\x6f\x63\x5f\x65\x78\x69\x74\
\0\x69\x6e\x74\x20\x42\x50\x46\x5f\x4b\x52\x45\x54\x50\x52\x4f\x42\x45\x28\x72\
\x65\x61\x6c\x6c\x6f\x63\x5f\x65\x78\x69\x74\x29\0\x6d\x6d\x61\x70\x5f\x65\x6e\
\x74\x65\x72\0\x69\x6e\x74\x20\x42\x50\x46\x5f\x4b\x50\x52\x4f\x42\x45\x28\x6d\
\x6d\x61\x70\x5f\x65\x6e\x74\x65\x72\x2c\x20\x76\x6f\x69\x64\x20\x2a\x61\x64\
\x64\x72\x65\x73\x73\x2c\x20\x73\x69\x7a\x65\x5f\x74\x20\x73\x69\x7a\x65\x29\0\
\x6d\x6d\x61\x70\x5f\x65\x78\x69\x74\0\x69\x6e\x74\x20\x42\x50\x46\x5f\x4b\x52\
\x45\x54\x50\x52\x4f\x42\x45\x28\x6d\x6d\x61\x70\x5f\x65\x78\x69\x74\x29\0\x6d\
\x75\x6e\x6d\x61\x70\x5f\x65\x6e\x74\x65\x72\0\x69\x6e\x74\x20\x42\x50\x46\x5f\
\x4b\x50\x52\x4f\x42\x45\x28\x6d\x75\x6e\x6d\x61\x70\x5f\x65\x6e\x74\x65\x72\
\x2c\x20\x76\x6f\x69\x64\x20\x2a\x61\x64\x64\x72\x65\x73\x73\x29\0\x70\x6f\x73\
\x69\x78\x5f\x6d\x65\x6d\x61\x6c\x69\x67\x6e\x5f\x65\x6e\x74\x65\x72\0\x30\x3a\
\x30\x3a\x32\0\x69\x6e\x74\x20\x42\x50\x46\x5f\x4b\x50\x52\x4f\x42\x45\x28\x70\
\x6f\x73\x69\x78\x5f\x6d\x65\x6d\x61\x6c\x69\x67\x6e\x5f\x65\x6e\x74\x65\x72\
\x2c\x20\x76\x6f\x69\x64\x20\x2a\x2a\x6d\x65\x6d\x70\x74\x72\x2c\x20\x73\x69\
\x7a\x65\x5f\x74\x20\x61\x6c\x69\x67\x6e\x6d\x65\x6e\x74\x2c\x20\x73\x69\x7a\
\x65\x5f\x74\x20\x73\x69\x7a\x65\x29\0\x09\x63\x6f\x6e\x73\x74\x20\x75\x36\x34\
\x20\x6d\x65\x6d\x70\x74\x72\x36\x34\x20\x3d\x20\x28\x75\x36\x34\x29\x28\x73\
\x69\x7a\x65\x5f\x74\x29\x6d\x65\x6d\x70\x74\x72\x3b\0\x09\x63\x6f\x6e\x73\x74\
\x20\x75\x36\x34\x20\x70\x69\x64\x20\x3d\x20\x62\x70\x66\x5f\x67\x65\x74\x5f\
\x63\x75\x72\x72\x65\x6e\x74\x5f\x70\x69\x64\x5f\x74\x67\x69\x64\x28\x29\x20\
\x3e\x3e\x20\x33\x32\x3b\0\x09\x62\x70\x66\x5f\x6d\x61\x70\x5f\x75\x70\x64\x61\
\x74\x65\x5f\x65\x6c\x65\x6d\x28\x26\x6d\x65\x6d\x70\x74\x72\x73\x2c\x20\x26\
\x70\x69\x64\x2c\x20\x26\x6d\x65\x6d\x70\x74\x72\x36\x34\x2c\x20\x42\x50\x46\
\x5f\x41\x4e\x59\x29\x3b\0\x70\x6f\x73\x69\x78\x5f\x6d\x65\x6d\x61\x6c\x69\x67\
\x6e\x5f\x65\x78\x69\x74\0\x69\x6e\x74\x20\x42\x50\x46\x5f\x4b\x52\x45\x54\x50\
\x52\x4f\x42\x45\x28\x70\x6f\x73\x69\x78\x5f\x6d\x65\x6d\x61\x6c\x69\x67\x6e\
\x5f\x65\x78\x69\x74\x29\0\x09\x6d\x65\x6d\x70\x74\x72\x36\x34\x20\x3d\x20\x62\
\x70\x66\x5f\x6d\x61\x70\x5f\x6c\x6f\x6f\x6b\x75\x70\x5f\x65\x6c\x65\x6d\x28\
\x26\x6d\x65\x6d\x70\x74\x72\x73\x2c\x20\x26\x70\x69\x64\x29\x3b\0\x09\x69\x66\
\x20\x28\x21\x6d\x65\x6d\x70\x74\x72\x36\x34\x29\0\x09\x62\x70\x66\x5f\x6d\x61\
\x70\x5f\x64\x65\x6c\x65\x74\x65\x5f\x65\x6c\x65\x6d\x28\x26\x6d\x65\x6d\x70\
\x74\x72\x73\x2c\x20\x26\x70\x69\x64\x29\x3b\0\x09\x69\x66\x20\x28\x62\x70\x66\
\x5f\x70\x72\x6f\x62\x65\x5f\x72\x65\x61\x64\x5f\x75\x73\x65\x72\x28\x26\x61\
\x64\x64\x72\x2c\x20\x73\x69\x7a\x65\x6f\x66\x28\x76\x6f\x69\x64\x2a\x29\x2c\
\x20\x28\x76\x6f\x69\x64\x2a\x29\x28\x73\x69\x7a\x65\x5f\x74\x29\x2a\x6d\x65\
\x6d\x70\x74\x72\x36\x34\x29\x29\0\x09\x63\x6f\x6e\x73\x74\x20\x75\x36\x34\x20\
\x61\x64\x64\x72\x36\x34\x20\x3d\x20\x28\x75\x36\x34\x29\x28\x73\x69\x7a\x65\
\x5f\x74\x29\x61\x64\x64\x72\x3b\0\x09\x72\x65\x74\x75\x72\x6e\x20\x67\x65\x6e\
\x5f\x61\x6c\x6c\x6f\x63\x5f\x65\x78\x69\x74\x32\x28\x63\x74\x78\x2c\x20\x61\
\x64\x64\x72\x36\x34\x29\x3b\0\x61\x6c\x69\x67\x6e\x65\x64\x5f\x61\x6c\x6c\x6f\
\x63\x5f\x65\x6e\x74\x65\x72\0\x69\x6e\x74\x20\x42\x50\x46\x5f\x4b\x50\x52\x4f\
\x42\x45\x28\x61\x6c\x69\x67\x6e\x65\x64\x5f\x61\x6c\x6c\x6f\x63\x5f\x65\x6e\
\x74\x65\x72\x2c\x20\x73\x69\x7a\x65\x5f\x74\x20\x61\x6c\x69\x67\x6e\x6d\x65\
\x6e\x74\x2c\x20\x73\x69\x7a\x65\x5f\x74\x20\x73\x69\x7a\x65\x29\0\x61\x6c\x69\
\x67\x6e\x65\x64\x5f\x61\x6c\x6c\x6f\x63\x5f\x65\x78\x69\x74\0\x69\x6e\x74\x20\
\x42\x50\x46\x5f\x4b\x52\x45\x54\x50\x52\x4f\x42\x45\x28\x61\x6c\x69\x67\x6e\
\x65\x64\x5f\x61\x6c\x6c\x6f\x63\x5f\x65\x78\x69\x74\x29\0\x76\x61\x6c\x6c\x6f\
\x63\x5f\x65\x6e\x74\x65\x72\0\x69\x6e\x74\x20\x42\x50\x46\x5f\x4b\x50\x52\x4f\
\x42\x45\x28\x76\x61\x6c\x6c\x6f\x63\x5f\x65\x6e\x74\x65\x72\x2c\x20\x73\x69\
\x7a\x65\x5f\x74\x20\x73\x69\x7a\x65\x29\0\x76\x61\x6c\x6c\x6f\x63\x5f\x65\x78\
\x69\x74\0\x69\x6e\x74\x20\x42\x50\x46\x5f\x4b\x52\x45\x54\x50\x52\x4f\x42\x45\
\x28\x76\x61\x6c\x6c\x6f\x63\x5f\x65\x78\x69\x74\x29\0\x6d\x65\x6d\x61\x6c\x69\
\x67\x6e\x5f\x65\x6e\x74\x65\x72\0\x69\x6e\x74\x20\x42\x50\x46\x5f\x4b\x50\x52\
\x4f\x42\x45\x28\x6d\x65\x6d\x61\x6c\x69\x67\x6e\x5f\x65\x6e\x74\x65\x72\x2c\
\x20\x73\x69\x7a\x65\x5f\x74\x20\x61\x6c\x69\x67\x6e\x6d\x65\x6e\x74\x2c\x20\
\x73\x69\x7a\x65\x5f\x74\x20\x73\x69\x7a\x65\x29\0\x6d\x65\x6d\x61\x6c\x69\x67\
\x6e\x5f\x65\x78\x69\x74\0\x69\x6e\x74\x20\x42\x50\x46\x5f\x4b\x52\x45\x54\x50\
\x52\x4f\x42\x45\x28\x6d\x65\x6d\x61\x6c\x69\x67\x6e\x5f\x65\x78\x69\x74\x29\0\
\x70\x76\x61\x6c\x6c\x6f\x63\x5f\x65\x6e\x74\x65\x72\0\x69\x6e\x74\x20\x42\x50\
\x46\x5f\x4b\x50\x52\x4f\x42\x45\x28\x70\x76\x61\x6c\x6c\x6f\x63\x5f\x65\x6e\
\x74\x65\x72\x2c\x20\x73\x69\x7a\x65\x5f\x74\x20\x73\x69\x7a\x65\x29\0\x70\x76\
\x61\x6c\x6c\x6f\x63\x5f\x65\x78\x69\x74\0\x69\x6e\x74\x20\x42\x50\x46\x5f\x4b\
\x52\x45\x54\x50\x52\x4f\x42\x45\x28\x70\x76\x61\x6c\x6c\x6f\x63\x5f\x65\x78\
\x69\x74\x29\0\x6d\x65\x6d\x6c\x65\x61\x6b\x5f\x5f\x6b\x6d\x61\x6c\x6c\x6f\x63\
\0\x74\x72\x61\x63\x65\x70\x6f\x69\x6e\x74\x2f\x6b\x6d\x65\x6d\x2f\x6b\x6d\x61\
\x6c\x6c\x6f\x63\0\x69\x6e\x74\x20\x6d\x65\x6d\x6c\x65\x61\x6b\x5f\x5f\x6b\x6d\
\x61\x6c\x6c\x6f\x63\x28\x76\x6f\x69\x64\x20\x2a\x63\x74\x78\x29\0\x74\x72\x61\
\x63\x65\x5f\x65\x76\x65\x6e\x74\x5f\x72\x61\x77\x5f\x6b\x6d\x65\x6d\x5f\x61\
\x6c\x6c\x6f\x63\x5f\x5f\x5f\x78\0\x70\x74\x72\0\x62\x79\x74\x65\x73\x5f\x61\
\x6c\x6c\x6f\x63\0\x73\x69\x7a\x65\x5f\x74\0\x5f\x5f\x6b\x65\x72\x6e\x65\x6c\
\x5f\x73\x69\x7a\x65\x5f\x74\0\x5f\x5f\x6b\x65\x72\x6e\x65\x6c\x5f\x75\x6c\x6f\
\x6e\x67\x5f\x74\0\x75\x6e\x73\x69\x67\x6e\x65\x64\x20\x6c\x6f\x6e\x67\0\x30\0\
\x09\x69\x66\x20\x28\x68\x61\x73\x5f\x6b\x6d\x65\x6d\x5f\x61\x6c\x6c\x6f\x63\
\x28\x29\x29\x20\x7b\0\x30\x3a\x30\0\x09\x09\x70\x74\x72\x20\x3d\x20\x42\x50\
\x46\x5f\x43\x4f\x52\x45\x5f\x52\x45\x41\x44\x28\x61\x72\x67\x73\x2c\x20\x70\
\x74\x72\x29\x3b\0\x30\x3a\x31\0\x74\x72\x61\x63\x65\x5f\x65\x76\x65\x6e\x74\
\x5f\x72\x61\x77\x5f\x6b\x6d\x61\x6c\x6c\x6f\x63\x5f\x5f\x5f\x78\0\x09\x69\x66\
\x20\x28\x77\x61\x5f\x6d\x69\x73\x73\x69\x6e\x67\x5f\x66\x72\x65\x65\x29\0\x09\
\x72\x65\x74\x75\x72\x6e\x20\x67\x65\x6e\x5f\x61\x6c\x6c\x6f\x63\x5f\x65\x78\
\x69\x74\x32\x28\x63\x74\x78\x2c\x20\x28\x75\x36\x34\x29\x70\x74\x72\x29\x3b\0\
\x61\x64\x64\x72\x65\x73\x73\0\x67\x65\x6e\x5f\x61\x6c\x6c\x6f\x63\x5f\x65\x78\
\x69\x74\x32\0\x2e\x74\x65\x78\x74\0\x73\x74\x61\x74\x69\x63\x20\x69\x6e\x74\
\x20\x67\x65\x6e\x5f\x61\x6c\x6c\x6f\x63\x5f\x65\x78\x69\x74\x32\x28\x76\x6f\
\x69\x64\x20\x2a\x63\x74\x78\x2c\x20\x75\x36\x34\x20\x61\x64\x64\x72\x65\x73\
\x73\x29\0\x09\x63\x6f\x6e\x73\x74\x20\x75\x36\x34\x2a\x20\x73\x69\x7a\x65\x20\
\x3d\x20\x62\x70\x66\x5f\x6d\x61\x70\x5f\x6c\x6f\x6f\x6b\x75\x70\x5f\x65\x6c\
\x65\x6d\x28\x26\x73\x69\x7a\x65\x73\x2c\x20\x26\x70\x69\x64\x29\x3b\0\x09\x69\
\x66\x20\x28\x21\x73\x69\x7a\x65\x29\0\x09\x5f\x5f\x62\x75\x69\x6c\x74\x69\x6e\
\x5f\x6d\x65\x6d\x73\x65\x74\x28\x26\x69\x6e\x66\x6f\x2c\x20\x30\x2c\x20\x73\
\x69\x7a\x65\x6f\x66\x28\x69\x6e\x66\x6f\x29\x29\x3b\0\x09\x69\x6e\x66\x6f\x2e\
\x73\x69\x7a\x65\x20\x3d\x20\x2a\x73\x69\x7a\x65\x3b\0\x09\x62\x70\x66\x5f\x6d\
\x61\x70\x5f\x64\x65\x6c\x65\x74\x65\x5f\x65\x6c\x65\x6d\x28\x26\x73\x69\x7a\
\x65\x73\x2c\x20\x26\x70\x69\x64\x29\x3b\0\x09\x69\x66\x20\x28\x61\x64\x64\x72\
\x65\x73\x73\x20\x21\x3d\x20\x30\x29\x20\x7b\0\x09\x09\x69\x6e\x66\x6f\x2e\x74\
\x69\x6d\x65\x73\x74\x61\x6d\x70\x5f\x6e\x73\x20\x3d\x20\x62\x70\x66\x5f\x6b\
\x74\x69\x6d\x65\x5f\x67\x65\x74\x5f\x6e\x73\x28\x29\x3b\0\x09\x09\x69\x6e\x66\
\x6f\x2e\x73\x74\x61\x63\x6b\x5f\x69\x64\x20\x3d\x20\x62\x70\x66\x5f\x67\x65\
\x74\x5f\x73\x74\x61\x63\x6b\x69\x64\x28\x63\x74\x78\x2c\x20\x26\x73\x74\x61\
\x63\x6b\x5f\x74\x72\x61\x63\x65\x73\x2c\x20\x73\x74\x61\x63\x6b\x5f\x66\x6c\
\x61\x67\x73\x29\x3b\0\x09\x09\x62\x70\x66\x5f\x6d\x61\x70\x5f\x75\x70\x64\x61\
\x74\x65\x5f\x65\x6c\x65\x6d\x28\x26\x61\x6c\x6c\x6f\x63\x73\x2c\x20\x26\x61\
\x64\x64\x72\x65\x73\x73\x2c\x20\x26\x69\x6e\x66\x6f\x2c\x20\x42\x50\x46\x5f\
\x41\x4e\x59\x29\x3b\0\x09\x09\x75\x70\x64\x61\x74\x65\x5f\x73\x74\x61\x74\x69\
\x73\x74\x69\x63\x73\x5f\x61\x64\x64\x28\x69\x6e\x66\x6f\x2e\x73\x74\x61\x63\
\x6b\x5f\x69\x64\x2c\x20\x69\x6e\x66\x6f\x2e\x73\x69\x7a\x65\x29\x3b\0\x2f\x68\
\x6f\x6d\x65\x2f\x6a\x69\x6e\x2f\x61\x72\x6d\x36\x34\x5f\x6c\x69\x62\x2f\x62\
\x70\x66\x2d\x65\x78\x61\x6d\x70\x6c\x65\x2f\x6d\x65\x6d\x6c\x65\x61\x6b\x2f\
\x2e\x2f\x6d\x61\x70\x73\x2e\x62\x70\x66\x2e\x68\0\x09\x76\x61\x6c\x20\x3d\x20\
\x62\x70\x66\x5f\x6d\x61\x70\x5f\x6c\x6f\x6f\x6b\x75\x70\x5f\x65\x6c\x65\x6d\
\x28\x6d\x61\x70\x2c\x20\x6b\x65\x79\x29\x3b\0\x09\x69\x66\x20\x28\x76\x61\x6c\
\x29\0\x09\x65\x72\x72\x20\x3d\x20\x62\x70\x66\x5f\x6d\x61\x70\x5f\x75\x70\x64\
\x61\x74\x65\x5f\x65\x6c\x65\x6d\x28\x6d\x61\x70\x2c\x20\x6b\x65\x79\x2c\x20\
\x69\x6e\x69\x74\x2c\x20\x42\x50\x46\x5f\x4e\x4f\x45\x58\x49\x53\x54\x29\x3b\0\
\x09\x69\x66\x20\x28\x65\x72\x72\x20\x26\x26\x20\x65\x72\x72\x20\x21\x3d\x20\
\x2d\x45\x45\x58\x49\x53\x54\x29\0\x09\x72\x65\x74\x75\x72\x6e\x20\x62\x70\x66\
\x5f\x6d\x61\x70\x5f\x6c\x6f\x6f\x6b\x75\x70\x5f\x65\x6c\x65\x6d\x28\x6d\x61\
\x70\x2c\x20\x6b\x65\x79\x29\x3b\0\x09\x69\x66\x20\x28\x21\x65\x78\x69\x73\x74\
\x69\x6e\x67\x5f\x63\x69\x6e\x66\x6f\x29\0\x09\x5f\x5f\x73\x79\x6e\x63\x5f\x66\
\x65\x74\x63\x68\x5f\x61\x6e\x64\x5f\x61\x64\x64\x28\x26\x65\x78\x69\x73\x74\
\x69\x6e\x67\x5f\x63\x69\x6e\x66\x6f\x2d\x3e\x62\x69\x74\x73\x2c\x20\x69\x6e\
\x63\x72\x65\x6d\x65\x6e\x74\x61\x6c\x5f\x63\x69\x6e\x66\x6f\x2e\x62\x69\x74\
\x73\x29\x3b\0\x09\x09\x62\x70\x66\x5f\x70\x72\x69\x6e\x74\x6b\x28\x22\x61\x6c\
\x6c\x6f\x63\x20\x65\x78\x69\x74\x65\x64\x2c\x20\x73\x69\x7a\x65\x20\x3d\x20\
\x25\x6c\x75\x2c\x20\x72\x65\x73\x75\x6c\x74\x20\x3d\x20\x25\x6c\x78\x5c\x6e\
\x22\x2c\0\x7d\0\x6d\x65\x6d\x6c\x65\x61\x6b\x5f\x5f\x6b\x6d\x61\x6c\x6c\x6f\
\x63\x5f\x6e\x6f\x64\x65\0\x74\x72\x61\x63\x65\x70\x6f\x69\x6e\x74\x2f\x6b\x6d\
\x65\x6d\x2f\x6b\x6d\x61\x6c\x6c\x6f\x63\x5f\x6e\x6f\x64\x65\0\x69\x6e\x74\x20\
\x6d\x65\x6d\x6c\x65\x61\x6b\x5f\x5f\x6b\x6d\x61\x6c\x6c\x6f\x63\x5f\x6e\x6f\
\x64\x65\x28\x76\x6f\x69\x64\x20\x2a\x63\x74\x78\x29\0\x74\x72\x61\x63\x65\x5f\
\x65\x76\x65\x6e\x74\x5f\x72\x61\x77\x5f\x6b\x6d\x65\x6d\x5f\x61\x6c\x6c\x6f\
\x63\x5f\x6e\x6f\x64\x65\x5f\x5f\x5f\x78\0\x09\x69\x66\x20\x28\x68\x61\x73\x5f\
\x6b\x6d\x65\x6d\x5f\x61\x6c\x6c\x6f\x63\x5f\x6e\x6f\x64\x65\x28\x29\x29\x20\
\x7b\0\x09\x09\x62\x79\x74\x65\x73\x5f\x61\x6c\x6c\x6f\x63\x20\x3d\x20\x42\x50\
\x46\x5f\x43\x4f\x52\x45\x5f\x52\x45\x41\x44\x28\x61\x72\x67\x73\x2c\x20\x62\
\x79\x74\x65\x73\x5f\x61\x6c\x6c\x6f\x63\x29\x3b\0\x09\x09\x69\x66\x20\x28\x77\
\x61\x5f\x6d\x69\x73\x73\x69\x6e\x67\x5f\x66\x72\x65\x65\x29\0\x09\x09\x72\x65\
\x74\x75\x72\x6e\x20\x67\x65\x6e\x5f\x61\x6c\x6c\x6f\x63\x5f\x65\x78\x69\x74\
\x32\x28\x63\x74\x78\x2c\x20\x28\x75\x36\x34\x29\x70\x74\x72\x29\x3b\0\x6d\x65\
\x6d\x6c\x65\x61\x6b\x5f\x5f\x6b\x66\x72\x65\x65\0\x74\x72\x61\x63\x65\x70\x6f\
\x69\x6e\x74\x2f\x6b\x6d\x65\x6d\x2f\x6b\x66\x72\x65\x65\0\x69\x6e\x74\x20\x6d\
\x65\x6d\x6c\x65\x61\x6b\x5f\x5f\x6b\x66\x72\x65\x65\x28\x76\x6f\x69\x64\x20\
\x2a\x63\x74\x78\x29\0\x74\x72\x61\x63\x65\x5f\x65\x76\x65\x6e\x74\x5f\x72\x61\
\x77\x5f\x6b\x66\x72\x65\x65\x5f\x5f\x5f\x78\0\x09\x69\x66\x20\x28\x68\x61\x73\
\x5f\x6b\x66\x72\x65\x65\x28\x29\x29\x20\x7b\0\x74\x72\x61\x63\x65\x5f\x65\x76\
\x65\x6e\x74\x5f\x72\x61\x77\x5f\x6b\x6d\x65\x6d\x5f\x66\x72\x65\x65\x5f\x5f\
\x5f\x78\0\x09\x72\x65\x74\x75\x72\x6e\x20\x67\x65\x6e\x5f\x66\x72\x65\x65\x5f\
\x65\x6e\x74\x65\x72\x28\x70\x74\x72\x29\x3b\0\x6d\x65\x6d\x6c\x65\x61\x6b\x5f\
\x5f\x6b\x6d\x65\x6d\x5f\x63\x61\x63\x68\x65\x5f\x61\x6c\x6c\x6f\x63\0\x74\x72\
\x61\x63\x65\x70\x6f\x69\x6e\x74\x2f\x6b\x6d\x65\x6d\x2f\x6b\x6d\x65\x6d\x5f\
\x63\x61\x63\x68\x65\x5f\x61\x6c\x6c\x6f\x63\0\x69\x6e\x74\x20\x6d\x65\x6d\x6c\
\x65\x61\x6b\x5f\x5f\x6b\x6d\x65\x6d\x5f\x63\x61\x63\x68\x65\x5f\x61\x6c\x6c\
\x6f\x63\x28\x76\x6f\x69\x64\x20\x2a\x63\x74\x78\x29\0\x74\x72\x61\x63\x65\x5f\
\x65\x76\x65\x6e\x74\x5f\x72\x61\x77\x5f\x6b\x6d\x65\x6d\x5f\x63\x61\x63\x68\
\x65\x5f\x61\x6c\x6c\x6f\x63\x5f\x5f\x5f\x78\0\x6d\x65\x6d\x6c\x65\x61\x6b\x5f\
\x5f\x6b\x6d\x65\x6d\x5f\x63\x61\x63\x68\x65\x5f\x61\x6c\x6c\x6f\x63\x5f\x6e\
\x6f\x64\x65\0\x74\x72\x61\x63\x65\x70\x6f\x69\x6e\x74\x2f\x6b\x6d\x65\x6d\x2f\
\x6b\x6d\x65\x6d\x5f\x63\x61\x63\x68\x65\x5f\x61\x6c\x6c\x6f\x63\x5f\x6e\x6f\
\x64\x65\0\x69\x6e\x74\x20\x6d\x65\x6d\x6c\x65\x61\x6b\x5f\x5f\x6b\x6d\x65\x6d\
\x5f\x63\x61\x63\x68\x65\x5f\x61\x6c\x6c\x6f\x63\x5f\x6e\x6f\x64\x65\x28\x76\
\x6f\x69\x64\x20\x2a\x63\x74\x78\x29\0\x6d\x65\x6d\x6c\x65\x61\x6b\x5f\x5f\x6b\
\x6d\x65\x6d\x5f\x63\x61\x63\x68\x65\x5f\x66\x72\x65\x65\0\x74\x72\x61\x63\x65\
\x70\x6f\x69\x6e\x74\x2f\x6b\x6d\x65\x6d\x2f\x6b\x6d\x65\x6d\x5f\x63\x61\x63\
\x68\x65\x5f\x66\x72\x65\x65\0\x69\x6e\x74\x20\x6d\x65\x6d\x6c\x65\x61\x6b\x5f\
\x5f\x6b\x6d\x65\x6d\x5f\x63\x61\x63\x68\x65\x5f\x66\x72\x65\x65\x28\x76\x6f\
\x69\x64\x20\x2a\x63\x74\x78\x29\0\x74\x72\x61\x63\x65\x5f\x65\x76\x65\x6e\x74\
\x5f\x72\x61\x77\x5f\x6b\x6d\x65\x6d\x5f\x63\x61\x63\x68\x65\x5f\x66\x72\x65\
\x65\x5f\x5f\x5f\x78\0\x09\x69\x66\x20\x28\x68\x61\x73\x5f\x6b\x6d\x65\x6d\x5f\
\x63\x61\x63\x68\x65\x5f\x66\x72\x65\x65\x28\x29\x29\x20\x7b\0\x74\x72\x61\x63\
\x65\x5f\x65\x76\x65\x6e\x74\x5f\x72\x61\x77\x5f\x6d\x6d\x5f\x70\x61\x67\x65\
\x5f\x61\x6c\x6c\x6f\x63\0\x65\x6e\x74\0\x70\x66\x6e\0\x6f\x72\x64\x65\x72\0\
\x67\x66\x70\x5f\x66\x6c\x61\x67\x73\0\x6d\x69\x67\x72\x61\x74\x65\x74\x79\x70\
\x65\0\x5f\x5f\x64\x61\x74\x61\0\x74\x72\x61\x63\x65\x5f\x65\x6e\x74\x72\x79\0\
\x66\x6c\x61\x67\x73\0\x70\x72\x65\x65\x6d\x70\x74\x5f\x63\x6f\x75\x6e\x74\0\
\x70\x69\x64\0\x75\x6e\x73\x69\x67\x6e\x65\x64\x20\x73\x68\x6f\x72\x74\0\x75\
\x6e\x73\x69\x67\x6e\x65\x64\x20\x63\x68\x61\x72\0\x63\x68\x61\x72\0\x6d\x65\
\x6d\x6c\x65\x61\x6b\x5f\x5f\x6d\x6d\x5f\x70\x61\x67\x65\x5f\x61\x6c\x6c\x6f\
\x63\0\x74\x72\x61\x63\x65\x70\x6f\x69\x6e\x74\x2f\x6b\x6d\x65\x6d\x2f\x6d\x6d\
\x5f\x70\x61\x67\x65\x5f\x61\x6c\x6c\x6f\x63\0\x69\x6e\x74\x20\x6d\x65\x6d\x6c\
\x65\x61\x6b\x5f\x5f\x6d\x6d\x5f\x70\x61\x67\x65\x5f\x61\x6c\x6c\x6f\x63\x28\
\x73\x74\x72\x75\x63\x74\x20\x74\x72\x61\x63\x65\x5f\x65\x76\x65\x6e\x74\x5f\
\x72\x61\x77\x5f\x6d\x6d\x5f\x70\x61\x67\x65\x5f\x61\x6c\x6c\x6f\x63\x20\x2a\
\x63\x74\x78\x29\0\x30\x3a\x32\0\x09\x67\x65\x6e\x5f\x61\x6c\x6c\x6f\x63\x5f\
\x65\x6e\x74\x65\x72\x28\x70\x61\x67\x65\x5f\x73\x69\x7a\x65\x20\x3c\x3c\x20\
\x42\x50\x46\x5f\x43\x4f\x52\x45\x5f\x52\x45\x41\x44\x28\x63\x74\x78\x2c\x20\
\x6f\x72\x64\x65\x72\x29\x29\x3b\0\x09\x72\x65\x74\x75\x72\x6e\x20\x67\x65\x6e\
\x5f\x61\x6c\x6c\x6f\x63\x5f\x65\x78\x69\x74\x32\x28\x63\x74\x78\x2c\x20\x42\
\x50\x46\x5f\x43\x4f\x52\x45\x5f\x52\x45\x41\x44\x28\x63\x74\x78\x2c\x20\x70\
\x66\x6e\x29\x29\x3b\0\x74\x72\x61\x63\x65\x5f\x65\x76\x65\x6e\x74\x5f\x72\x61\
\x77\x5f\x6d\x6d\x5f\x70\x61\x67\x65\x5f\x66\x72\x65\x65\0\x6d\x65\x6d\x6c\x65\
\x61\x6b\x5f\x5f\x6d\x6d\x5f\x70\x61\x67\x65\x5f\x66\x72\x65\x65\0\x74\x72\x61\
\x63\x65\x70\x6f\x69\x6e\x74\x2f\x6b\x6d\x65\x6d\x2f\x6d\x6d\x5f\x70\x61\x67\
\x65\x5f\x66\x72\x65\x65\0\x69\x6e\x74\x20\x6d\x65\x6d\x6c\x65\x61\x6b\x5f\x5f\
\x6d\x6d\x5f\x70\x61\x67\x65\x5f\x66\x72\x65\x65\x28\x73\x74\x72\x75\x63\x74\
\x20\x74\x72\x61\x63\x65\x5f\x65\x76\x65\x6e\x74\x5f\x72\x61\x77\x5f\x6d\x6d\
\x5f\x70\x61\x67\x65\x5f\x66\x72\x65\x65\x20\x2a\x63\x74\x78\x29\0\x09\x72\x65\
\x74\x75\x72\x6e\x20\x67\x65\x6e\x5f\x66\x72\x65\x65\x5f\x65\x6e\x74\x65\x72\
\x28\x28\x76\x6f\x69\x64\x20\x2a\x29\x20\x42\x50\x46\x5f\x43\x4f\x52\x45\x5f\
\x52\x45\x41\x44\x28\x63\x74\x78\x2c\x20\x70\x66\x6e\x29\x29\x3b\0\x74\x72\x61\
\x63\x65\x5f\x65\x76\x65\x6e\x74\x5f\x72\x61\x77\x5f\x70\x65\x72\x63\x70\x75\
\x5f\x61\x6c\x6c\x6f\x63\x5f\x70\x65\x72\x63\x70\x75\0\x63\x61\x6c\x6c\x5f\x73\
\x69\x74\x65\0\x72\x65\x73\x65\x72\x76\x65\x64\0\x69\x73\x5f\x61\x74\x6f\x6d\
\x69\x63\0\x61\x6c\x69\x67\x6e\0\x62\x61\x73\x65\x5f\x61\x64\x64\x72\0\x6f\x66\
\x66\0\x62\x6f\x6f\x6c\0\x5f\x42\x6f\x6f\x6c\0\x6d\x65\x6d\x6c\x65\x61\x6b\x5f\
\x5f\x70\x65\x72\x63\x70\x75\x5f\x61\x6c\x6c\x6f\x63\x5f\x70\x65\x72\x63\x70\
\x75\0\x74\x72\x61\x63\x65\x70\x6f\x69\x6e\x74\x2f\x70\x65\x72\x63\x70\x75\x2f\
\x70\x65\x72\x63\x70\x75\x5f\x61\x6c\x6c\x6f\x63\x5f\x70\x65\x72\x63\x70\x75\0\
\x69\x6e\x74\x20\x6d\x65\x6d\x6c\x65\x61\x6b\x5f\x5f\x70\x65\x72\x63\x70\x75\
\x5f\x61\x6c\x6c\x6f\x63\x5f\x70\x65\x72\x63\x70\x75\x28\x73\x74\x72\x75\x63\
\x74\x20\x74\x72\x61\x63\x65\x5f\x65\x76\x65\x6e\x74\x5f\x72\x61\x77\x5f\x70\
\x65\x72\x63\x70\x75\x5f\x61\x6c\x6c\x6f\x63\x5f\x70\x65\x72\x63\x70\x75\x20\
\x2a\x63\x74\x78\x29\0\x30\x3a\x39\0\x09\x67\x65\x6e\x5f\x61\x6c\x6c\x6f\x63\
\x5f\x65\x6e\x74\x65\x72\x28\x42\x50\x46\x5f\x43\x4f\x52\x45\x5f\x52\x45\x41\
\x44\x28\x63\x74\x78\x2c\x20\x62\x79\x74\x65\x73\x5f\x61\x6c\x6c\x6f\x63\x29\
\x29\x3b\0\x30\x3a\x38\0\x09\x72\x65\x74\x75\x72\x6e\x20\x67\x65\x6e\x5f\x61\
\x6c\x6c\x6f\x63\x5f\x65\x78\x69\x74\x32\x28\x63\x74\x78\x2c\x20\x42\x50\x46\
\x5f\x43\x4f\x52\x45\x5f\x52\x45\x41\x44\x28\x63\x74\x78\x2c\x20\x70\x74\x72\
\x29\x29\x3b\0\x74\x72\x61\x63\x65\x5f\x65\x76\x65\x6e\x74\x5f\x72\x61\x77\x5f\
\x70\x65\x72\x63\x70\x75\x5f\x66\x72\x65\x65\x5f\x70\x65\x72\x63\x70\x75\0\x6d\
\x65\x6d\x6c\x65\x61\x6b\x5f\x5f\x70\x65\x72\x63\x70\x75\x5f\x66\x72\x65\x65\
\x5f\x70\x65\x72\x63\x70\x75\0\x74\x72\x61\x63\x65\x70\x6f\x69\x6e\x74\x2f\x70\
\x65\x72\x63\x70\x75\x2f\x70\x65\x72\x63\x70\x75\x5f\x66\x72\x65\x65\x5f\x70\
\x65\x72\x63\x70\x75\0\x69\x6e\x74\x20\x6d\x65\x6d\x6c\x65\x61\x6b\x5f\x5f\x70\
\x65\x72\x63\x70\x75\x5f\x66\x72\x65\x65\x5f\x70\x65\x72\x63\x70\x75\x28\x73\
\x74\x72\x75\x63\x74\x20\x74\x72\x61\x63\x65\x5f\x65\x76\x65\x6e\x74\x5f\x72\
\x61\x77\x5f\x70\x65\x72\x63\x70\x75\x5f\x66\x72\x65\x65\x5f\x70\x65\x72\x63\
\x70\x75\x20\x2a\x63\x74\x78\x29\0\x30\x3a\x33\0\x09\x72\x65\x74\x75\x72\x6e\
\x20\x67\x65\x6e\x5f\x66\x72\x65\x65\x5f\x65\x6e\x74\x65\x72\x28\x42\x50\x46\
\x5f\x43\x4f\x52\x45\x5f\x52\x45\x41\x44\x28\x63\x74\x78\x2c\x20\x70\x74\x72\
\x29\x29\x3b\0\x6d\x69\x6e\x5f\x73\x69\x7a\x65\0\x6d\x61\x78\x5f\x73\x69\x7a\
\x65\0\x70\x61\x67\x65\x5f\x73\x69\x7a\x65\0\x73\x61\x6d\x70\x6c\x65\x5f\x72\
\x61\x74\x65\0\x74\x72\x61\x63\x65\x5f\x61\x6c\x6c\0\x73\x74\x61\x63\x6b\x5f\
\x66\x6c\x61\x67\x73\0\x77\x61\x5f\x6d\x69\x73\x73\x69\x6e\x67\x5f\x66\x72\x65\
\x65\0\x4c\x49\x43\x45\x4e\x53\x45\0\x67\x65\x6e\x5f\x66\x72\x65\x65\x5f\x65\
\x6e\x74\x65\x72\x2e\x5f\x5f\x5f\x5f\x66\x6d\x74\0\x75\x70\x64\x61\x74\x65\x5f\
\x73\x74\x61\x74\x69\x73\x74\x69\x63\x73\x5f\x64\x65\x6c\x2e\x5f\x5f\x5f\x5f\
\x66\x6d\x74\0\x67\x65\x6e\x5f\x61\x6c\x6c\x6f\x63\x5f\x65\x6e\x74\x65\x72\x2e\
\x5f\x5f\x5f\x5f\x66\x6d\x74\0\x67\x65\x6e\x5f\x61\x6c\x6c\x6f\x63\x5f\x65\x78\
\x69\x74\x32\x2e\x5f\x5f\x5f\x5f\x66\x6d\x74\0\x69\x6e\x69\x74\x69\x61\x6c\x5f\
\x63\x69\x6e\x66\x6f\0\x2e\x62\x73\x73\0\x2e\x6d\x61\x70\x73\0\x2e\x72\x6f\x64\
\x61\x74\x61\0\x6c\x69\x63\x65\x6e\x73\x65\0\0\0\x9f\xeb\x01\0\x20\0\0\0\0\0\0\
\0\x64\x01\0\0\x64\x01\0\0\xbc\x28\0\0\x20\x2a\0\0\x84\x03\0\0\x08\0\0\0\xae\
\x01\0\0\x0b\0\0\0\0\0\0\0\x31\0\0\0\x60\x01\0\0\x35\0\0\0\xf0\x02\0\0\x37\0\0\
\0\x60\x04\0\0\x3b\0\0\0\x40\x07\0\0\x3f\0\0\0\xa0\x08\0\0\x43\0\0\0\x30\x0a\0\
\0\x45\0\0\0\xf8\x0b\0\0\x49\0\0\0\x58\x0d\0\0\x4d\0\0\0\xb8\x0e\0\0\x51\0\0\0\
\x18\x10\0\0\x55\0\0\0\x41\x03\0\0\x09\0\0\0\0\0\0\0\x33\0\0\0\x20\0\0\0\x39\0\
\0\0\x40\0\0\0\x3d\0\0\0\x60\0\0\0\x41\0\0\0\x80\0\0\0\x47\0\0\0\x58\x01\0\0\
\x4b\0\0\0\x78\x01\0\0\x4f\0\0\0\x98\x01\0\0\x53\0\0\0\xb8\x01\0\0\x57\0\0\0\
\xa4\x0b\0\0\x01\0\0\0\0\0\0\0\x5a\0\0\0\xf8\x0c\0\0\x01\0\0\0\0\0\0\0\x64\0\0\
\0\x54\x10\0\0\x01\0\0\0\0\0\0\0\x66\0\0\0\x59\x11\0\0\x01\0\0\0\0\0\0\0\x69\0\
\0\0\x10\x12\0\0\x01\0\0\0\0\0\0\0\x6d\0\0\0\x9e\x12\0\0\x01\0\0\0\0\0\0\0\x70\
\0\0\0\x0b\x13\0\0\x01\0\0\0\0\0\0\0\x72\0\0\0\x3b\x14\0\0\x01\0\0\0\0\0\0\0\
\x7c\0\0\0\x47\x15\0\0\x01\0\0\0\0\0\0\0\x80\0\0\0\x5f\x16\0\0\x01\0\0\0\0\0\0\
\0\x86\0\0\0\x88\x17\0\0\x01\0\0\0\0\0\0\0\x8a\0\0\0\x10\0\0\0\xae\x01\0\0\xf2\
\0\0\0\0\0\0\0\xbb\x01\0\0\xf1\x01\0\0\x05\x5c\x03\0\x10\0\0\0\xbb\x01\0\0\x1b\
\x02\0\0\x0d\x30\x02\0\x28\0\0\0\xbb\x01\0\0\x1b\x02\0\0\x16\x30\x02\0\x30\0\0\
\0\xbb\x01\0\0\x1b\x02\0\0\x20\x30\x02\0\x48\0\0\0\xbb\x01\0\0\x1b\x02\0\0\x06\
\x30\x02\0\x50\0\0\0\xbb\x01\0\0\x44\x02\0\0\x06\x3c\x02\0\x70\0\0\0\xbb\x01\0\
\0\x44\x02\0\0\x06\x3c\x02\0\x78\0\0\0\xbb\x01\0\0\x5c\x02\0\0\x07\x40\x02\0\
\x80\0\0\0\xbb\x01\0\0\x5c\x02\0\0\x1c\x40\x02\0\x88\0\0\0\xbb\x01\0\0\x5c\x02\
\0\0\x1a\x40\x02\0\xa8\0\0\0\xbb\x01\0\0\x5c\x02\0\0\x07\x40\x02\0\xb0\0\0\0\
\xbb\x01\0\0\x89\x02\0\0\x14\x50\x02\0\xb8\0\0\0\xbb\x01\0\0\x89\x02\0\0\x2f\
\x50\x02\0\xc0\0\0\0\xbb\x01\0\0\x89\x02\0\0\x0e\x50\x02\0\xd0\0\0\0\xbb\x01\0\
\0\x89\x02\0\0\x14\x50\x02\0\xe8\0\0\0\xbb\x01\0\0\xbe\x02\0\0\x02\x54\x02\0\
\x08\x01\0\0\xbb\x01\0\0\xf2\x02\0\0\x06\x5c\x02\0\x20\x01\0\0\xbb\x01\0\0\xf2\
\x02\0\0\x06\x5c\x02\0\x28\x01\0\0\xbb\x01\0\0\x02\x03\0\0\x03\x60\x02\0\x50\
\x01\0\0\xbb\x01\0\0\xf1\x01\0\0\x05\x5c\x03\0\x60\x01\0\0\xbb\x01\0\0\xa4\x03\
\0\0\x05\x8c\x03\0\x68\x01\0\0\xbb\x01\0\0\xce\x03\0\0\x0c\x14\x03\0\x78\x01\0\
\0\xbb\x01\0\0\0\0\0\0\0\0\0\0\x80\x01\0\0\xbb\x01\0\0\xee\x03\0\0\x22\x1c\x03\
\0\xa0\x01\0\0\xbb\x01\0\0\x34\x04\0\0\x06\x20\x03\0\xb0\x01\0\0\xbb\x01\0\0\0\
\0\0\0\0\0\0\0\xb8\x01\0\0\xbb\x01\0\0\x40\x04\0\0\x02\x2c\x03\0\xd0\x01\0\0\
\xbb\x01\0\0\x66\x04\0\0\x2e\x30\x03\0\xd8\x01\0\0\xbb\x01\0\0\x66\x04\0\0\x1e\
\x30\x03\0\0\x02\0\0\xbb\x01\0\0\0\0\0\0\0\0\0\0\x08\x02\0\0\xbb\x01\0\0\x9a\
\x04\0\0\x13\xec\x01\0\x20\x02\0\0\xbb\x01\0\0\xde\x04\0\0\x06\xf0\x01\0\x28\
\x02\0\0\xbb\x01\0\0\xf6\x04\0\0\x03\xf4\x01\0\x60\x02\0\0\xbb\x01\0\0\x2a\x05\
\0\0\x03\x0c\x02\0\x80\x02\0\0\xbb\x01\0\0\x3e\x05\0\0\x02\x1c\x02\0\x90\x02\0\
\0\xbb\x01\0\0\x84\x05\0\0\x06\x38\x03\0\xa8\x02\0\0\xbb\x01\0\0\x84\x05\0\0\
\x06\x38\x03\0\xb0\x02\0\0\xbb\x01\0\0\x96\x05\0\0\x03\x3c\x03\0\xe0\x02\0\0\
\xbb\x01\0\0\xa4\x03\0\0\x05\x8c\x03\0\xf0\x02\0\0\xbb\x01\0\0\xdd\x05\0\0\x05\
\xa4\x03\0\0\x03\0\0\xbb\x01\0\0\x1b\x06\0\0\x1f\xac\x03\0\x10\x03\0\0\xbb\x01\
\0\0\x1b\x02\0\0\x0d\x30\x02\0\x28\x03\0\0\xbb\x01\0\0\x1b\x02\0\0\x16\x30\x02\
\0\x30\x03\0\0\xbb\x01\0\0\x1b\x02\0\0\x20\x30\x02\0\x48\x03\0\0\xbb\x01\0\0\
\x1b\x02\0\0\x06\x30\x02\0\x50\x03\0\0\xbb\x01\0\0\x44\x02\0\0\x06\x3c\x02\0\
\x70\x03\0\0\xbb\x01\0\0\x44\x02\0\0\x06\x3c\x02\0\x78\x03\0\0\xbb\x01\0\0\x5c\
\x02\0\0\x07\x40\x02\0\x80\x03\0\0\xbb\x01\0\0\x5c\x02\0\0\x1c\x40\x02\0\x88\
\x03\0\0\xbb\x01\0\0\x5c\x02\0\0\x1a\x40\x02\0\xa8\x03\0\0\xbb\x01\0\0\x5c\x02\
\0\0\x07\x40\x02\0\xb0\x03\0\0\xbb\x01\0\0\x89\x02\0\0\x14\x50\x02\0\xb8\x03\0\
\0\xbb\x01\0\0\x89\x02\0\0\x2f\x50\x02\0\xc0\x03\0\0\xbb\x01\0\0\x89\x02\0\0\
\x0e\x50\x02\0\xd0\x03\0\0\xbb\x01\0\0\x89\x02\0\0\x14\x50\x02\0\xe8\x03\0\0\
\xbb\x01\0\0\xbe\x02\0\0\x02\x54\x02\0\x08\x04\0\0\xbb\x01\0\0\xf2\x02\0\0\x06\
\x5c\x02\0\x20\x04\0\0\xbb\x01\0\0\xf2\x02\0\0\x06\x5c\x02\0\x28\x04\0\0\xbb\
\x01\0\0\x02\x03\0\0\x03\x60\x02\0\x50\x04\0\0\xbb\x01\0\0\xdd\x05\0\0\x05\xa4\
\x03\0\x60\x04\0\0\xbb\x01\0\0\x7b\x06\0\0\x05\xd4\x03\0\x70\x04\0\0\xbb\x01\0\
\0\xce\x03\0\0\x0c\x14\x03\0\x80\x04\0\0\xbb\x01\0\0\0\0\0\0\0\0\0\0\x88\x04\0\
\0\xbb\x01\0\0\xee\x03\0\0\x22\x1c\x03\0\xa8\x04\0\0\xbb\x01\0\0\x34\x04\0\0\
\x06\x20\x03\0\xb8\x04\0\0\xbb\x01\0\0\0\0\0\0\0\0\0\0\xc0\x04\0\0\xbb\x01\0\0\
\x40\x04\0\0\x02\x2c\x03\0\xd8\x04\0\0\xbb\x01\0\0\x66\x04\0\0\x2e\x30\x03\0\
\xe0\x04\0\0\xbb\x01\0\0\x66\x04\0\0\x1e\x30\x03\0\x08\x05\0\0\xbb\x01\0\0\0\0\
\0\0\0\0\0\0\x10\x05\0\0\xbb\x01\0\0\x9a\x04\0\0\x13\xec\x01\0\x28\x05\0\0\xbb\
\x01\0\0\xde\x04\0\0\x06\xf0\x01\0\x30\x05\0\0\xbb\x01\0\0\xf6\x04\0\0\x03\xf4\
\x01\0\x68\x05\0\0\xbb\x01\0\0\x2a\x05\0\0\x03\x0c\x02\0\x88\x05\0\0\xbb\x01\0\
\0\x3e\x05\0\0\x02\x1c\x02\0\x98\x05\0\0\xbb\x01\0\0\x84\x05\0\0\x06\x38\x03\0\
\xb0\x05\0\0\xbb\x01\0\0\x84\x05\0\0\x06\x38\x03\0\xb8\x05\0\0\xbb\x01\0\0\x96\
\x05\0\0\x03\x3c\x03\0\xf0\x05\0\0\xbb\x01\0\0\x1b\x02\0\0\x0d\x30\x02\0\x08\
\x06\0\0\xbb\x01\0\0\x1b\x02\0\0\x16\x30\x02\0\x10\x06\0\0\xbb\x01\0\0\x1b\x02\
\0\0\x20\x30\x02\0\x28\x06\0\0\xbb\x01\0\0\x1b\x02\0\0\x06\x30\x02\0\x30\x06\0\
\0\xbb\x01\0\0\x44\x02\0\0\x06\x3c\x02\0\x50\x06\0\0\xbb\x01\0\0\x44\x02\0\0\
\x06\x3c\x02\0\x58\x06\0\0\xbb\x01\0\0\x5c\x02\0\0\x07\x40\x02\0\x60\x06\0\0\
\xbb\x01\0\0\x5c\x02\0\0\x1c\x40\x02\0\x68\x06\0\0\xbb\x01\0\0\x5c\x02\0\0\x1a\
\x40\x02\0\x88\x06\0\0\xbb\x01\0\0\x5c\x02\0\0\x07\x40\x02\0\x90\x06\0\0\xbb\
\x01\0\0\x89\x02\0\0\x14\x50\x02\0\x98\x06\0\0\xbb\x01\0\0\x89\x02\0\0\x2f\x50\
\x02\0\xa0\x06\0\0\xbb\x01\0\0\x89\x02\0\0\x0e\x50\x02\0\xb0\x06\0\0\xbb\x01\0\
\0\x89\x02\0\0\x14\x50\x02\0\xc8\x06\0\0\xbb\x01\0\0\xbe\x02\0\0\x02\x54\x02\0\
\xe8\x06\0\0\xbb\x01\0\0\xf2\x02\0\0\x06\x5c\x02\0\0\x07\0\0\xbb\x01\0\0\xf2\
\x02\0\0\x06\x5c\x02\0\x08\x07\0\0\xbb\x01\0\0\x02\x03\0\0\x03\x60\x02\0\x30\
\x07\0\0\xbb\x01\0\0\x7b\x06\0\0\x05\xd4\x03\0\x40\x07\0\0\xbb\x01\0\0\xe9\x06\
\0\0\x05\x0c\x04\0\x50\x07\0\0\xbb\x01\0\0\x1b\x02\0\0\x0d\x30\x02\0\x68\x07\0\
\0\xbb\x01\0\0\x1b\x02\0\0\x16\x30\x02\0\x70\x07\0\0\xbb\x01\0\0\x1b\x02\0\0\
\x20\x30\x02\0\x88\x07\0\0\xbb\x01\0\0\x1b\x02\0\0\x06\x30\x02\0\x90\x07\0\0\
\xbb\x01\0\0\x44\x02\0\0\x06\x3c\x02\0\xb0\x07\0\0\xbb\x01\0\0\x44\x02\0\0\x06\
\x3c\x02\0\xb8\x07\0\0\xbb\x01\0\0\x5c\x02\0\0\x07\x40\x02\0\xc0\x07\0\0\xbb\
\x01\0\0\x5c\x02\0\0\x1c\x40\x02\0\xc8\x07\0\0\xbb\x01\0\0\x5c\x02\0\0\x1a\x40\
\x02\0\xe8\x07\0\0\xbb\x01\0\0\x5c\x02\0\0\x07\x40\x02\0\xf0\x07\0\0\xbb\x01\0\
\0\x89\x02\0\0\x14\x50\x02\0\xf8\x07\0\0\xbb\x01\0\0\x89\x02\0\0\x2f\x50\x02\0\
\0\x08\0\0\xbb\x01\0\0\x89\x02\0\0\x0e\x50\x02\0\x10\x08\0\0\xbb\x01\0\0\x89\
\x02\0\0\x14\x50\x02\0\x28\x08\0\0\xbb\x01\0\0\xbe\x02\0\0\x02\x54\x02\0\x48\
\x08\0\0\xbb\x01\0\0\xf2\x02\0\0\x06\x5c\x02\0\x60\x08\0\0\xbb\x01\0\0\xf2\x02\
\0\0\x06\x5c\x02\0\x68\x08\0\0\xbb\x01\0\0\x02\x03\0\0\x03\x60\x02\0\x90\x08\0\
\0\xbb\x01\0\0\xe9\x06\0\0\x05\x0c\x04\0\xa0\x08\0\0\xbb\x01\0\0\x54\x07\0\0\
\x05\x3c\x04\0\xa8\x08\0\0\xbb\x01\0\0\xce\x03\0\0\x0c\x14\x03\0\xb8\x08\0\0\
\xbb\x01\0\0\0\0\0\0\0\0\0\0\xc0\x08\0\0\xbb\x01\0\0\xee\x03\0\0\x22\x1c\x03\0\
\xe0\x08\0\0\xbb\x01\0\0\x34\x04\0\0\x06\x20\x03\0\xf0\x08\0\0\xbb\x01\0\0\0\0\
\0\0\0\0\0\0\xf8\x08\0\0\xbb\x01\0\0\x40\x04\0\0\x02\x2c\x03\0\x10\x09\0\0\xbb\
\x01\0\0\x66\x04\0\0\x2e\x30\x03\0\x18\x09\0\0\xbb\x01\0\0\x66\x04\0\0\x1e\x30\
\x03\0\x40\x09\0\0\xbb\x01\0\0\0\0\0\0\0\0\0\0\x48\x09\0\0\xbb\x01\0\0\x9a\x04\
\0\0\x13\xec\x01\0\x60\x09\0\0\xbb\x01\0\0\xde\x04\0\0\x06\xf0\x01\0\x68\x09\0\
\0\xbb\x01\0\0\xf6\x04\0\0\x03\xf4\x01\0\xa0\x09\0\0\xbb\x01\0\0\x2a\x05\0\0\
\x03\x0c\x02\0\xc0\x09\0\0\xbb\x01\0\0\x3e\x05\0\0\x02\x1c\x02\0\xd0\x09\0\0\
\xbb\x01\0\0\x84\x05\0\0\x06\x38\x03\0\xe8\x09\0\0\xbb\x01\0\0\x84\x05\0\0\x06\
\x38\x03\0\xf0\x09\0\0\xbb\x01\0\0\x96\x05\0\0\x03\x3c\x03\0\x20\x0a\0\0\xbb\
\x01\0\0\x54\x07\0\0\x05\x3c\x04\0\x30\x0a\0\0\xbb\x01\0\0\x9b\x07\0\0\x05\x54\
\x04\0\x40\x0a\0\0\xbb\x01\0\0\xee\x07\0\0\x0c\x5c\x04\0\x48\x0a\0\0\xbb\x01\0\
\0\x19\x08\0\0\x12\x60\x04\0\x50\x0a\0\0\xbb\x01\0\0\x19\x08\0\0\x2d\x60\x04\0\
\x58\x0a\0\0\xbb\x01\0\0\x19\x08\0\0\x0c\x60\x04\0\x68\x0a\0\0\xbb\x01\0\0\0\0\
\0\0\0\0\0\0\x80\x0a\0\0\xbb\x01\0\0\x4c\x08\0\0\x02\x64\x04\0\xa8\x0a\0\0\xbb\
\x01\0\0\x1b\x02\0\0\x0d\x30\x02\0\xc0\x0a\0\0\xbb\x01\0\0\x1b\x02\0\0\x16\x30\
\x02\0\xc8\x0a\0\0\xbb\x01\0\0\x1b\x02\0\0\x20\x30\x02\0\xe0\x0a\0\0\xbb\x01\0\
\0\x1b\x02\0\0\x06\x30\x02\0\xe8\x0a\0\0\xbb\x01\0\0\x44\x02\0\0\x06\x3c\x02\0\
\x08\x0b\0\0\xbb\x01\0\0\x44\x02\0\0\x06\x3c\x02\0\x10\x0b\0\0\xbb\x01\0\0\x5c\
\x02\0\0\x07\x40\x02\0\x18\x0b\0\0\xbb\x01\0\0\x5c\x02\0\0\x1c\x40\x02\0\x20\
\x0b\0\0\xbb\x01\0\0\x5c\x02\0\0\x1a\x40\x02\0\x40\x0b\0\0\xbb\x01\0\0\x5c\x02\
\0\0\x07\x40\x02\0\x48\x0b\0\0\xbb\x01\0\0\x89\x02\0\0\x14\x50\x02\0\x50\x0b\0\
\0\xbb\x01\0\0\x89\x02\0\0\x2f\x50\x02\0\x58\x0b\0\0\xbb\x01\0\0\x89\x02\0\0\
\x0e\x50\x02\0\x68\x0b\0\0\xbb\x01\0\0\x89\x02\0\0\x14\x50\x02\0\x80\x0b\0\0\
\xbb\x01\0\0\xbe\x02\0\0\x02\x54\x02\0\xa0\x0b\0\0\xbb\x01\0\0\xf2\x02\0\0\x06\
\x5c\x02\0\xb8\x0b\0\0\xbb\x01\0\0\xf2\x02\0\0\x06\x5c\x02\0\xc0\x0b\0\0\xbb\
\x01\0\0\x02\x03\0\0\x03\x60\x02\0\xe8\x0b\0\0\xbb\x01\0\0\x9b\x07\0\0\x05\x54\
\x04\0\xf8\x0b\0\0\xbb\x01\0\0\xd3\x09\0\0\x05\xd0\x04\0\x08\x0c\0\0\xbb\x01\0\
\0\x1b\x02\0\0\x0d\x30\x02\0\x20\x0c\0\0\xbb\x01\0\0\x1b\x02\0\0\x16\x30\x02\0\
\x28\x0c\0\0\xbb\x01\0\0\x1b\x02\0\0\x20\x30\x02\0\x40\x0c\0\0\xbb\x01\0\0\x1b\
\x02\0\0\x06\x30\x02\0\x48\x0c\0\0\xbb\x01\0\0\x44\x02\0\0\x06\x3c\x02\0\x68\
\x0c\0\0\xbb\x01\0\0\x44\x02\0\0\x06\x3c\x02\0\x70\x0c\0\0\xbb\x01\0\0\x5c\x02\
\0\0\x07\x40\x02\0\x78\x0c\0\0\xbb\x01\0\0\x5c\x02\0\0\x1c\x40\x02\0\x80\x0c\0\
\0\xbb\x01\0\0\x5c\x02\0\0\x1a\x40\x02\0\xa0\x0c\0\0\xbb\x01\0\0\x5c\x02\0\0\
\x07\x40\x02\0\xa8\x0c\0\0\xbb\x01\0\0\x89\x02\0\0\x14\x50\x02\0\xb0\x0c\0\0\
\xbb\x01\0\0\x89\x02\0\0\x2f\x50\x02\0\xb8\x0c\0\0\xbb\x01\0\0\x89\x02\0\0\x0e\
\x50\x02\0\xc8\x0c\0\0\xbb\x01\0\0\x89\x02\0\0\x14\x50\x02\0\xe0\x0c\0\0\xbb\
\x01\0\0\xbe\x02\0\0\x02\x54\x02\0\0\x0d\0\0\xbb\x01\0\0\xf2\x02\0\0\x06\x5c\
\x02\0\x18\x0d\0\0\xbb\x01\0\0\xf2\x02\0\0\x06\x5c\x02\0\x20\x0d\0\0\xbb\x01\0\
\0\x02\x03\0\0\x03\x60\x02\0\x48\x0d\0\0\xbb\x01\0\0\xd3\x09\0\0\x05\xd0\x04\0\
\x58\x0d\0\0\xbb\x01\0\0\x5c\x0a\0\0\x05\0\x05\0\x68\x0d\0\0\xbb\x01\0\0\x1b\
\x02\0\0\x0d\x30\x02\0\x80\x0d\0\0\xbb\x01\0\0\x1b\x02\0\0\x16\x30\x02\0\x88\
\x0d\0\0\xbb\x01\0\0\x1b\x02\0\0\x20\x30\x02\0\xa0\x0d\0\0\xbb\x01\0\0\x1b\x02\
\0\0\x06\x30\x02\0\xa8\x0d\0\0\xbb\x01\0\0\x44\x02\0\0\x06\x3c\x02\0\xc8\x0d\0\
\0\xbb\x01\0\0\x44\x02\0\0\x06\x3c\x02\0\xd0\x0d\0\0\xbb\x01\0\0\x5c\x02\0\0\
\x07\x40\x02\0\xd8\x0d\0\0\xbb\x01\0\0\x5c\x02\0\0\x1c\x40\x02\0\xe0\x0d\0\0\
\xbb\x01\0\0\x5c\x02\0\0\x1a\x40\x02\0\0\x0e\0\0\xbb\x01\0\0\x5c\x02\0\0\x07\
\x40\x02\0\x08\x0e\0\0\xbb\x01\0\0\x89\x02\0\0\x14\x50\x02\0\x10\x0e\0\0\xbb\
\x01\0\0\x89\x02\0\0\x2f\x50\x02\0\x18\x0e\0\0\xbb\x01\0\0\x89\x02\0\0\x0e\x50\
\x02\0\x28\x0e\0\0\xbb\x01\0\0\x89\x02\0\0\x14\x50\x02\0\x40\x0e\0\0\xbb\x01\0\
\0\xbe\x02\0\0\x02\x54\x02\0\x60\x0e\0\0\xbb\x01\0\0\xf2\x02\0\0\x06\x5c\x02\0\
\x78\x0e\0\0\xbb\x01\0\0\xf2\x02\0\0\x06\x5c\x02\0\x80\x0e\0\0\xbb\x01\0\0\x02\
\x03\0\0\x03\x60\x02\0\xa8\x0e\0\0\xbb\x01\0\0\x5c\x0a\0\0\x05\0\x05\0\xb8\x0e\
\0\0\xbb\x01\0\0\xc0\x0a\0\0\x05\x30\x05\0\xc8\x0e\0\0\xbb\x01\0\0\x1b\x02\0\0\
\x0d\x30\x02\0\xe0\x0e\0\0\xbb\x01\0\0\x1b\x02\0\0\x16\x30\x02\0\xe8\x0e\0\0\
\xbb\x01\0\0\x1b\x02\0\0\x20\x30\x02\0\0\x0f\0\0\xbb\x01\0\0\x1b\x02\0\0\x06\
\x30\x02\0\x08\x0f\0\0\xbb\x01\0\0\x44\x02\0\0\x06\x3c\x02\0\x28\x0f\0\0\xbb\
\x01\0\0\x44\x02\0\0\x06\x3c\x02\0\x30\x0f\0\0\xbb\x01\0\0\x5c\x02\0\0\x07\x40\
\x02\0\x38\x0f\0\0\xbb\x01\0\0\x5c\x02\0\0\x1c\x40\x02\0\x40\x0f\0\0\xbb\x01\0\
\0\x5c\x02\0\0\x1a\x40\x02\0\x60\x0f\0\0\xbb\x01\0\0\x5c\x02\0\0\x07\x40\x02\0\
\x68\x0f\0\0\xbb\x01\0\0\x89\x02\0\0\x14\x50\x02\0\x70\x0f\0\0\xbb\x01\0\0\x89\
\x02\0\0\x2f\x50\x02\0\x78\x0f\0\0\xbb\x01\0\0\x89\x02\0\0\x0e\x50\x02\0\x88\
\x0f\0\0\xbb\x01\0\0\x89\x02\0\0\x14\x50\x02\0\xa0\x0f\0\0\xbb\x01\0\0\xbe\x02\
\0\0\x02\x54\x02\0\xc0\x0f\0\0\xbb\x01\0\0\xf2\x02\0\0\x06\x5c\x02\0\xd8\x0f\0\
\0\xbb\x01\0\0\xf2\x02\0\0\x06\x5c\x02\0\xe0\x0f\0\0\xbb\x01\0\0\x02\x03\0\0\
\x03\x60\x02\0\x08\x10\0\0\xbb\x01\0\0\xc0\x0a\0\0\x05\x30\x05\0\x18\x10\0\0\
\xbb\x01\0\0\x3b\x0b\0\0\x05\x60\x05\0\x28\x10\0\0\xbb\x01\0\0\x1b\x02\0\0\x0d\
\x30\x02\0\x40\x10\0\0\xbb\x01\0\0\x1b\x02\0\0\x16\x30\x02\0\x48\x10\0\0\xbb\
\x01\0\0\x1b\x02\0\0\x20\x30\x02\0\x60\x10\0\0\xbb\x01\0\0\x1b\x02\0\0\x06\x30\
\x02\0\x68\x10\0\0\xbb\x01\0\0\x44\x02\0\0\x06\x3c\x02\0\x88\x10\0\0\xbb\x01\0\
\0\x44\x02\0\0\x06\x3c\x02\0\x90\x10\0\0\xbb\x01\0\0\x5c\x02\0\0\x07\x40\x02\0\
\x98\x10\0\0\xbb\x01\0\0\x5c\x02\0\0\x1c\x40\x02\0\xa0\x10\0\0\xbb\x01\0\0\x5c\
\x02\0\0\x1a\x40\x02\0\xc0\x10\0\0\xbb\x01\0\0\x5c\x02\0\0\x07\x40\x02\0\xc8\
\x10\0\0\xbb\x01\0\0\x89\x02\0\0\x14\x50\x02\0\xd0\x10\0\0\xbb\x01\0\0\x89\x02\
\0\0\x2f\x50\x02\0\xd8\x10\0\0\xbb\x01\0\0\x89\x02\0\0\x0e\x50\x02\0\xe8\x10\0\
\0\xbb\x01\0\0\x89\x02\0\0\x14\x50\x02\0\0\x11\0\0\xbb\x01\0\0\xbe\x02\0\0\x02\
\x54\x02\0\x20\x11\0\0\xbb\x01\0\0\xf2\x02\0\0\x06\x5c\x02\0\x38\x11\0\0\xbb\
\x01\0\0\xf2\x02\0\0\x06\x5c\x02\0\x40\x11\0\0\xbb\x01\0\0\x02\x03\0\0\x03\x60\
\x02\0\x68\x11\0\0\xbb\x01\0\0\x3b\x0b\0\0\x05\x60\x05\0\x41\x03\0\0\x28\0\0\0\
\0\0\0\0\xbb\x01\0\0\x4b\x03\0\0\x1e\xfc\x02\0\x08\0\0\0\xbb\x01\0\0\x4b\x03\0\
\0\x09\xfc\x02\0\x10\0\0\0\xbb\x01\0\0\x7a\x03\0\0\x05\x74\x03\0\x20\0\0\0\xbb\
\x01\0\0\x4b\x03\0\0\x1e\xfc\x02\0\x28\0\0\0\xbb\x01\0\0\x4b\x03\0\0\x09\xfc\
\x02\0\x30\0\0\0\xbb\x01\0\0\x4e\x06\0\0\x05\xbc\x03\0\x40\0\0\0\xbb\x01\0\0\
\x4b\x03\0\0\x1e\xfc\x02\0\x48\0\0\0\xbb\x01\0\0\x4b\x03\0\0\x09\xfc\x02\0\x50\
\0\0\0\xbb\x01\0\0\xbe\x06\0\0\x05\xf4\x03\0\x60\0\0\0\xbb\x01\0\0\x4b\x03\0\0\
\x1e\xfc\x02\0\x68\0\0\0\xbb\x01\0\0\x4b\x03\0\0\x09\xfc\x02\0\x70\0\0\0\xbb\
\x01\0\0\x2a\x07\0\0\x05\x24\x04\0\x80\0\0\0\xbb\x01\0\0\x9a\x08\0\0\0\x7c\x04\
\0\x88\0\0\0\xbb\x01\0\0\x19\x08\0\0\x12\x84\x04\0\x90\0\0\0\xbb\x01\0\0\x19\
\x08\0\0\x2d\x84\x04\0\x98\0\0\0\xbb\x01\0\0\x19\x08\0\0\x0c\x84\x04\0\xa8\0\0\
\0\xbb\x01\0\0\0\0\0\0\0\0\0\0\xb0\0\0\0\xbb\x01\0\0\xc1\x08\0\0\x0d\x94\x04\0\
\xd0\0\0\0\xbb\x01\0\0\xf2\x08\0\0\x06\x98\x04\0\xe0\0\0\0\xbb\x01\0\0\0\0\0\0\
\0\0\0\0\xe8\0\0\0\xbb\x01\0\0\x02\x09\0\0\x02\xa4\x04\0\0\x01\0\0\xbb\x01\0\0\
\x28\x09\0\0\x3f\xac\x04\0\x10\x01\0\0\xbb\x01\0\0\0\0\0\0\0\0\0\0\x18\x01\0\0\
\xbb\x01\0\0\x28\x09\0\0\x06\xac\x04\0\x28\x01\0\0\xbb\x01\0\0\x28\x09\0\0\x06\
\xac\x04\0\x30\x01\0\0\xbb\x01\0\0\x72\x09\0\0\x22\xb8\x04\0\x38\x01\0\0\xbb\
\x01\0\0\x99\x09\0\0\x09\xc0\x04\0\x48\x01\0\0\xbb\x01\0\0\x9a\x08\0\0\x05\x7c\
\x04\0\x58\x01\0\0\xbb\x01\0\0\x4b\x03\0\0\x1e\xfc\x02\0\x60\x01\0\0\xbb\x01\0\
\0\x4b\x03\0\0\x09\xfc\x02\0\x68\x01\0\0\xbb\x01\0\0\x29\x0a\0\0\x05\xe8\x04\0\
\x78\x01\0\0\xbb\x01\0\0\x4b\x03\0\0\x1e\xfc\x02\0\x80\x01\0\0\xbb\x01\0\0\x4b\
\x03\0\0\x09\xfc\x02\0\x88\x01\0\0\xbb\x01\0\0\x92\x0a\0\0\x05\x18\x05\0\x98\
\x01\0\0\xbb\x01\0\0\x4b\x03\0\0\x1e\xfc\x02\0\xa0\x01\0\0\xbb\x01\0\0\x4b\x03\
\0\0\x09\xfc\x02\0\xa8\x01\0\0\xbb\x01\0\0\x0c\x0b\0\0\x05\x48\x05\0\xb8\x01\0\
\0\xbb\x01\0\0\x4b\x03\0\0\x1e\xfc\x02\0\xc0\x01\0\0\xbb\x01\0\0\x4b\x03\0\0\
\x09\xfc\x02\0\xc8\x01\0\0\xbb\x01\0\0\x73\x0b\0\0\x05\x78\x05\0\xa4\x0b\0\0\
\x2e\0\0\0\0\0\0\0\xbb\x01\0\0\xbc\x0b\0\0\0\x58\x06\0\x10\0\0\0\xbb\x01\0\0\
\x43\x0c\0\0\x06\x6c\x06\0\x38\0\0\0\xbb\x01\0\0\0\0\0\0\0\0\0\0\x40\0\0\0\xbb\
\x01\0\0\x60\x0c\0\0\x09\x74\x06\0\x80\0\0\0\xbb\x01\0\0\0\0\0\0\0\0\0\0\x88\0\
\0\0\xbb\x01\0\0\x60\x0c\0\0\x09\x84\x06\0\xb0\0\0\0\xbb\x01\0\0\0\0\0\0\0\0\0\
\0\xe0\0\0\0\xbb\x01\0\0\xa2\x0c\0\0\x06\x94\x06\0\xf8\0\0\0\xbb\x01\0\0\xa2\
\x0c\0\0\x06\x94\x06\0\x08\x01\0\0\xbb\x01\0\0\xce\x03\0\0\x0c\x14\x03\0\x18\
\x01\0\0\xbb\x01\0\0\0\0\0\0\0\0\0\0\x20\x01\0\0\xbb\x01\0\0\xee\x03\0\0\x22\
\x1c\x03\0\x40\x01\0\0\xbb\x01\0\0\x34\x04\0\0\x06\x20\x03\0\x50\x01\0\0\xbb\
\x01\0\0\0\0\0\0\0\0\0\0\x58\x01\0\0\xbb\x01\0\0\x40\x04\0\0\x02\x2c\x03\0\x70\
\x01\0\0\xbb\x01\0\0\x66\x04\0\0\x2e\x30\x03\0\x78\x01\0\0\xbb\x01\0\0\x66\x04\
\0\0\x1e\x30\x03\0\xa0\x01\0\0\xbb\x01\0\0\0\0\0\0\0\0\0\0\xa8\x01\0\0\xbb\x01\
\0\0\x9a\x04\0\0\x13\xec\x01\0\xc0\x01\0\0\xbb\x01\0\0\xde\x04\0\0\x06\xf0\x01\
\0\xc8\x01\0\0\xbb\x01\0\0\xf6\x04\0\0\x03\xf4\x01\0\0\x02\0\0\xbb\x01\0\0\x2a\
\x05\0\0\x03\x0c\x02\0\x20\x02\0\0\xbb\x01\0\0\x3e\x05\0\0\x02\x1c\x02\0\x30\
\x02\0\0\xbb\x01\0\0\x84\x05\0\0\x06\x38\x03\0\x48\x02\0\0\xbb\x01\0\0\x84\x05\
\0\0\x06\x38\x03\0\x50\x02\0\0\xbb\x01\0\0\x96\x05\0\0\x03\x3c\x03\0\x90\x02\0\
\0\xbb\x01\0\0\x1b\x02\0\0\x0d\x30\x02\0\xa8\x02\0\0\xbb\x01\0\0\x1b\x02\0\0\
\x16\x30\x02\0\xb0\x02\0\0\xbb\x01\0\0\x1b\x02\0\0\x20\x30\x02\0\xc8\x02\0\0\
\xbb\x01\0\0\x1b\x02\0\0\x06\x30\x02\0\xd0\x02\0\0\xbb\x01\0\0\x44\x02\0\0\x06\
\x3c\x02\0\xf0\x02\0\0\xbb\x01\0\0\x44\x02\0\0\x06\x3c\x02\0\xf8\x02\0\0\xbb\
\x01\0\0\x5c\x02\0\0\x07\x40\x02\0\0\x03\0\0\xbb\x01\0\0\x5c\x02\0\0\x1c\x40\
\x02\0\x08\x03\0\0\xbb\x01\0\0\x5c\x02\0\0\x1a\x40\x02\0\x28\x03\0\0\xbb\x01\0\
\0\x5c\x02\0\0\x07\x40\x02\0\x30\x03\0\0\xbb\x01\0\0\x89\x02\0\0\x14\x50\x02\0\
\x38\x03\0\0\xbb\x01\0\0\x89\x02\0\0\x2f\x50\x02\0\x40\x03\0\0\xbb\x01\0\0\x89\
\x02\0\0\x0e\x50\x02\0\x50\x03\0\0\xbb\x01\0\0\x89\x02\0\0\x14\x50\x02\0\x68\
\x03\0\0\xbb\x01\0\0\xbe\x02\0\0\x02\x54\x02\0\x88\x03\0\0\xbb\x01\0\0\xf2\x02\
\0\0\x06\x5c\x02\0\xa0\x03\0\0\xbb\x01\0\0\xf2\x02\0\0\x06\x5c\x02\0\xa8\x03\0\
\0\xbb\x01\0\0\x02\x03\0\0\x03\x60\x02\0\xd0\x03\0\0\xbb\x01\0\0\xb8\x0c\0\0\
\x09\xa8\x06\0\xe8\x03\0\0\xbb\x01\0\0\xb8\x0c\0\0\x02\xa8\x06\0\xf8\x0c\0\0\
\x23\0\0\0\0\0\0\0\xbb\x01\0\0\xfe\x0c\0\0\0\x74\x02\0\x18\0\0\0\xbb\x01\0\0\
\x89\x02\0\0\x14\x7c\x02\0\x20\0\0\0\xbb\x01\0\0\x89\x02\0\0\x2f\x7c\x02\0\x28\
\0\0\0\xbb\x01\0\0\x89\x02\0\0\x0e\x7c\x02\0\x38\0\0\0\xbb\x01\0\0\0\0\0\0\0\0\
\0\0\x40\0\0\0\xbb\x01\0\0\x31\x0d\0\0\x14\x88\x02\0\x58\0\0\0\xbb\x01\0\0\x67\
\x0d\0\0\x06\x8c\x02\0\x68\0\0\0\xbb\x01\0\0\x73\x0d\0\0\x02\x98\x02\0\x78\0\0\
\0\xbb\x01\0\0\x9e\x0d\0\0\x0e\xa0\x02\0\x80\0\0\0\xbb\x01\0\0\x9e\x0d\0\0\x0c\
\xa0\x02\0\x90\0\0\0\xbb\x01\0\0\x73\x0d\0\0\x02\x98\x02\0\x98\0\0\0\xbb\x01\0\
\0\xb2\x0d\0\0\x02\xa4\x02\0\xb0\0\0\0\xbb\x01\0\0\xd6\x0d\0\0\x06\xac\x02\0\
\xb8\0\0\0\xbb\x01\0\0\xeb\x0d\0\0\x17\xb0\x02\0\xc0\0\0\0\xbb\x01\0\0\xeb\x0d\
\0\0\x15\xb0\x02\0\xc8\0\0\0\xbb\x01\0\0\x15\x0e\0\0\x37\xb8\x02\0\xe0\0\0\0\
\xbb\x01\0\0\x15\x0e\0\0\x13\xb8\x02\0\0\x01\0\0\xbb\x01\0\0\x15\x0e\0\0\x11\
\xb8\x02\0\x10\x01\0\0\xbb\x01\0\0\xeb\x0d\0\0\x17\xb0\x02\0\x28\x01\0\0\xbb\
\x01\0\0\x59\x0e\0\0\x03\xc0\x02\0\x48\x01\0\0\xbb\x01\0\0\x93\x0e\0\0\x2d\xc8\
\x02\0\x50\x01\0\0\xbb\x01\0\0\x93\x0e\0\0\x1e\xc8\x02\0\x78\x01\0\0\xbb\x01\0\
\0\xeb\x0d\0\0\x17\xb0\x02\0\x80\x01\0\0\xc6\x0e\0\0\xfb\x0e\0\0\x08\x3c\0\0\
\x98\x01\0\0\xc6\x0e\0\0\x21\x0f\0\0\x06\x40\0\0\xa8\x01\0\0\xc6\x0e\0\0\x2b\
\x0f\0\0\x08\x4c\0\0\xe0\x01\0\0\xc6\x0e\0\0\x64\x0f\0\0\x0a\x50\0\0\xf8\x01\0\
\0\xc6\x0e\0\0\x80\x0f\0\0\x09\x5c\0\0\x18\x02\0\0\xbb\x01\0\0\xa7\x0f\0\0\x06\
\xb0\x01\0\x30\x02\0\0\xbb\x01\0\0\x2a\x05\0\0\x03\xc0\x01\0\x50\x02\0\0\xbb\
\x01\0\0\xbd\x0f\0\0\x02\xd0\x01\0\x58\x02\0\0\xbb\x01\0\0\x84\x05\0\0\x06\xd4\
\x02\0\x70\x02\0\0\xbb\x01\0\0\x84\x05\0\0\x06\xd4\x02\0\x78\x02\0\0\xbb\x01\0\
\0\x03\x10\0\0\x03\xd8\x02\0\xa8\x02\0\0\xbb\x01\0\0\x3c\x10\0\0\x01\xec\x02\0\
\x54\x10\0\0\x2f\0\0\0\0\0\0\0\xbb\x01\0\0\x71\x10\0\0\0\xb8\x06\0\x10\0\0\0\
\xbb\x01\0\0\xba\x10\0\0\x06\xcc\x06\0\x38\0\0\0\xbb\x01\0\0\0\0\0\0\0\0\0\0\
\x40\0\0\0\xbb\x01\0\0\x60\x0c\0\0\x09\xd4\x06\0\x68\0\0\0\xbb\x01\0\0\x60\x0c\
\0\0\x09\xd4\x06\0\x78\0\0\0\xbb\x01\0\0\0\0\0\0\0\0\0\0\x80\0\0\0\xbb\x01\0\0\
\xd8\x10\0\0\x11\xd8\x06\0\x90\0\0\0\xbb\x01\0\0\xd8\x10\0\0\x11\xd8\x06\0\x98\
\0\0\0\xbb\x01\0\0\x0a\x11\0\0\x07\xe0\x06\0\xb0\0\0\0\xbb\x01\0\0\x0a\x11\0\0\
\x07\xe0\x06\0\xc0\0\0\0\xbb\x01\0\0\xce\x03\0\0\x0c\x14\x03\0\xd0\0\0\0\xbb\
\x01\0\0\0\0\0\0\0\0\0\0\xd8\0\0\0\xbb\x01\0\0\xee\x03\0\0\x22\x1c\x03\0\xf8\0\
\0\0\xbb\x01\0\0\x34\x04\0\0\x06\x20\x03\0\x08\x01\0\0\xbb\x01\0\0\0\0\0\0\0\0\
\0\0\x10\x01\0\0\xbb\x01\0\0\x40\x04\0\0\x02\x2c\x03\0\x28\x01\0\0\xbb\x01\0\0\
\x66\x04\0\0\x2e\x30\x03\0\x30\x01\0\0\xbb\x01\0\0\x66\x04\0\0\x1e\x30\x03\0\
\x58\x01\0\0\xbb\x01\0\0\0\0\0\0\0\0\0\0\x60\x01\0\0\xbb\x01\0\0\x9a\x04\0\0\
\x13\xec\x01\0\x78\x01\0\0\xbb\x01\0\0\xde\x04\0\0\x06\xf0\x01\0\x80\x01\0\0\
\xbb\x01\0\0\xf6\x04\0\0\x03\xf4\x01\0\xb8\x01\0\0\xbb\x01\0\0\x2a\x05\0\0\x03\
\x0c\x02\0\xd8\x01\0\0\xbb\x01\0\0\x3e\x05\0\0\x02\x1c\x02\0\xe8\x01\0\0\xbb\
\x01\0\0\x84\x05\0\0\x06\x38\x03\0\0\x02\0\0\xbb\x01\0\0\x84\x05\0\0\x06\x38\
\x03\0\x08\x02\0\0\xbb\x01\0\0\x96\x05\0\0\x03\x3c\x03\0\x48\x02\0\0\xbb\x01\0\
\0\x1b\x02\0\0\x0d\x30\x02\0\x60\x02\0\0\xbb\x01\0\0\x1b\x02\0\0\x16\x30\x02\0\
\x68\x02\0\0\xbb\x01\0\0\x1b\x02\0\0\x20\x30\x02\0\x80\x02\0\0\xbb\x01\0\0\x1b\
\x02\0\0\x06\x30\x02\0\x88\x02\0\0\xbb\x01\0\0\x44\x02\0\0\x06\x3c\x02\0\xa8\
\x02\0\0\xbb\x01\0\0\x44\x02\0\0\x06\x3c\x02\0\xb0\x02\0\0\xbb\x01\0\0\x5c\x02\
\0\0\x07\x40\x02\0\xb8\x02\0\0\xbb\x01\0\0\x5c\x02\0\0\x1c\x40\x02\0\xc0\x02\0\
\0\xbb\x01\0\0\x5c\x02\0\0\x1a\x40\x02\0\xe0\x02\0\0\xbb\x01\0\0\x5c\x02\0\0\
\x07\x40\x02\0\xe8\x02\0\0\xbb\x01\0\0\x89\x02\0\0\x14\x50\x02\0\xf0\x02\0\0\
\xbb\x01\0\0\x89\x02\0\0\x2f\x50\x02\0\xf8\x02\0\0\xbb\x01\0\0\x89\x02\0\0\x0e\
\x50\x02\0\x08\x03\0\0\xbb\x01\0\0\x89\x02\0\0\x14\x50\x02\0\x20\x03\0\0\xbb\
\x01\0\0\xbe\x02\0\0\x02\x54\x02\0\x40\x03\0\0\xbb\x01\0\0\xf2\x02\0\0\x06\x5c\
\x02\0\x58\x03\0\0\xbb\x01\0\0\xf2\x02\0\0\x06\x5c\x02\0\x60\x03\0\0\xbb\x01\0\
\0\x02\x03\0\0\x03\x60\x02\0\x88\x03\0\0\xbb\x01\0\0\x21\x11\0\0\x0a\xf4\x06\0\
\xa0\x03\0\0\xbb\x01\0\0\x3c\x10\0\0\x01\x08\x07\0\x59\x11\0\0\x15\0\0\0\0\0\0\
\0\xbb\x01\0\0\x6f\x11\0\0\0\x14\x07\0\x10\0\0\0\xbb\x01\0\0\xa7\x11\0\0\x06\
\x24\x07\0\x40\0\0\0\xbb\x01\0\0\0\0\0\0\0\0\0\0\x60\0\0\0\xbb\x01\0\0\xce\x03\
\0\0\x0c\x14\x03\0\x70\0\0\0\xbb\x01\0\0\0\0\0\0\0\0\0\0\x78\0\0\0\xbb\x01\0\0\
\xee\x03\0\0\x22\x1c\x03\0\x98\0\0\0\xbb\x01\0\0\x34\x04\0\0\x06\x20\x03\0\xa8\
\0\0\0\xbb\x01\0\0\0\0\0\0\0\0\0\0\xb0\0\0\0\xbb\x01\0\0\x40\x04\0\0\x02\x2c\
\x03\0\xc8\0\0\0\xbb\x01\0\0\x66\x04\0\0\x2e\x30\x03\0\xd0\0\0\0\xbb\x01\0\0\
\x66\x04\0\0\x1e\x30\x03\0\xf8\0\0\0\xbb\x01\0\0\0\0\0\0\0\0\0\0\0\x01\0\0\xbb\
\x01\0\0\x9a\x04\0\0\x13\xec\x01\0\x18\x01\0\0\xbb\x01\0\0\xde\x04\0\0\x06\xf0\
\x01\0\x20\x01\0\0\xbb\x01\0\0\xf6\x04\0\0\x03\xf4\x01\0\x58\x01\0\0\xbb\x01\0\
\0\x2a\x05\0\0\x03\x0c\x02\0\x78\x01\0\0\xbb\x01\0\0\x3e\x05\0\0\x02\x1c\x02\0\
\x88\x01\0\0\xbb\x01\0\0\x84\x05\0\0\x06\x38\x03\0\xa0\x01\0\0\xbb\x01\0\0\x84\
\x05\0\0\x06\x38\x03\0\xa8\x01\0\0\xbb\x01\0\0\x96\x05\0\0\x03\x3c\x03\0\xd8\
\x01\0\0\xbb\x01\0\0\xd9\x11\0\0\x02\x44\x07\0\x10\x12\0\0\x2e\0\0\0\0\0\0\0\
\xbb\x01\0\0\x31\x12\0\0\0\x54\x07\0\x10\0\0\0\xbb\x01\0\0\x43\x0c\0\0\x06\x68\
\x07\0\x38\0\0\0\xbb\x01\0\0\0\0\0\0\0\0\0\0\x40\0\0\0\xbb\x01\0\0\x60\x0c\0\0\
\x09\x70\x07\0\x80\0\0\0\xbb\x01\0\0\0\0\0\0\0\0\0\0\x88\0\0\0\xbb\x01\0\0\x60\
\x0c\0\0\x09\x80\x07\0\xb0\0\0\0\xbb\x01\0\0\0\0\0\0\0\0\0\0\xe0\0\0\0\xbb\x01\
\0\0\xa2\x0c\0\0\x06\x90\x07\0\xf8\0\0\0\xbb\x01\0\0\xa2\x0c\0\0\x06\x90\x07\0\
\x08\x01\0\0\xbb\x01\0\0\xce\x03\0\0\x0c\x14\x03\0\x18\x01\0\0\xbb\x01\0\0\0\0\
\0\0\0\0\0\0\x20\x01\0\0\xbb\x01\0\0\xee\x03\0\0\x22\x1c\x03\0\x40\x01\0\0\xbb\
\x01\0\0\x34\x04\0\0\x06\x20\x03\0\x50\x01\0\0\xbb\x01\0\0\0\0\0\0\0\0\0\0\x58\
\x01\0\0\xbb\x01\0\0\x40\x04\0\0\x02\x2c\x03\0\x70\x01\0\0\xbb\x01\0\0\x66\x04\
\0\0\x2e\x30\x03\0\x78\x01\0\0\xbb\x01\0\0\x66\x04\0\0\x1e\x30\x03\0\xa0\x01\0\
\0\xbb\x01\0\0\0\0\0\0\0\0\0\0\xa8\x01\0\0\xbb\x01\0\0\x9a\x04\0\0\x13\xec\x01\
\0\xc0\x01\0\0\xbb\x01\0\0\xde\x04\0\0\x06\xf0\x01\0\xc8\x01\0\0\xbb\x01\0\0\
\xf6\x04\0\0\x03\xf4\x01\0\0\x02\0\0\xbb\x01\0\0\x2a\x05\0\0\x03\x0c\x02\0\x20\
\x02\0\0\xbb\x01\0\0\x3e\x05\0\0\x02\x1c\x02\0\x30\x02\0\0\xbb\x01\0\0\x84\x05\
\0\0\x06\x38\x03\0\x48\x02\0\0\xbb\x01\0\0\x84\x05\0\0\x06\x38\x03\0\x50\x02\0\
\0\xbb\x01\0\0\x96\x05\0\0\x03\x3c\x03\0\x90\x02\0\0\xbb\x01\0\0\x1b\x02\0\0\
\x0d\x30\x02\0\xa8\x02\0\0\xbb\x01\0\0\x1b\x02\0\0\x16\x30\x02\0\xb0\x02\0\0\
\xbb\x01\0\0\x1b\x02\0\0\x20\x30\x02\0\xc8\x02\0\0\xbb\x01\0\0\x1b\x02\0\0\x06\
\x30\x02\0\xd0\x02\0\0\xbb\x01\0\0\x44\x02\0\0\x06\x3c\x02\0\xf0\x02\0\0\xbb\
\x01\0\0\x44\x02\0\0\x06\x3c\x02\0\xf8\x02\0\0\xbb\x01\0\0\x5c\x02\0\0\x07\x40\
\x02\0\0\x03\0\0\xbb\x01\0\0\x5c\x02\0\0\x1c\x40\x02\0\x08\x03\0\0\xbb\x01\0\0\
\x5c\x02\0\0\x1a\x40\x02\0\x28\x03\0\0\xbb\x01\0\0\x5c\x02\0\0\x07\x40\x02\0\
\x30\x03\0\0\xbb\x01\0\0\x89\x02\0\0\x14\x50\x02\0\x38\x03\0\0\xbb\x01\0\0\x89\
\x02\0\0\x2f\x50\x02\0\x40\x03\0\0\xbb\x01\0\0\x89\x02\0\0\x0e\x50\x02\0\x50\
\x03\0\0\xbb\x01\0\0\x89\x02\0\0\x14\x50\x02\0\x68\x03\0\0\xbb\x01\0\0\xbe\x02\
\0\0\x02\x54\x02\0\x88\x03\0\0\xbb\x01\0\0\xf2\x02\0\0\x06\x5c\x02\0\xa0\x03\0\
\0\xbb\x01\0\0\xf2\x02\0\0\x06\x5c\x02\0\xa8\x03\0\0\xbb\x01\0\0\x02\x03\0\0\
\x03\x60\x02\0\xd0\x03\0\0\xbb\x01\0\0\xb8\x0c\0\0\x09\xa4\x07\0\xe8\x03\0\0\
\xbb\x01\0\0\xb8\x0c\0\0\x02\xa4\x07\0\x9e\x12\0\0\x2f\0\0\0\0\0\0\0\xbb\x01\0\
\0\xc4\x12\0\0\0\xb4\x07\0\x10\0\0\0\xbb\x01\0\0\xba\x10\0\0\x06\xc8\x07\0\x38\
\0\0\0\xbb\x01\0\0\0\0\0\0\0\0\0\0\x40\0\0\0\xbb\x01\0\0\x60\x0c\0\0\x09\xd0\
\x07\0\x68\0\0\0\xbb\x01\0\0\x60\x0c\0\0\x09\xd0\x07\0\x78\0\0\0\xbb\x01\0\0\0\
\0\0\0\0\0\0\0\x80\0\0\0\xbb\x01\0\0\xd8\x10\0\0\x11\xd4\x07\0\x90\0\0\0\xbb\
\x01\0\0\xd8\x10\0\0\x11\xd4\x07\0\x98\0\0\0\xbb\x01\0\0\x0a\x11\0\0\x07\xdc\
\x07\0\xb0\0\0\0\xbb\x01\0\0\x0a\x11\0\0\x07\xdc\x07\0\xc0\0\0\0\xbb\x01\0\0\
\xce\x03\0\0\x0c\x14\x03\0\xd0\0\0\0\xbb\x01\0\0\0\0\0\0\0\0\0\0\xd8\0\0\0\xbb\
\x01\0\0\xee\x03\0\0\x22\x1c\x03\0\xf8\0\0\0\xbb\x01\0\0\x34\x04\0\0\x06\x20\
\x03\0\x08\x01\0\0\xbb\x01\0\0\0\0\0\0\0\0\0\0\x10\x01\0\0\xbb\x01\0\0\x40\x04\
\0\0\x02\x2c\x03\0\x28\x01\0\0\xbb\x01\0\0\x66\x04\0\0\x2e\x30\x03\0\x30\x01\0\
\0\xbb\x01\0\0\x66\x04\0\0\x1e\x30\x03\0\x58\x01\0\0\xbb\x01\0\0\0\0\0\0\0\0\0\
\0\x60\x01\0\0\xbb\x01\0\0\x9a\x04\0\0\x13\xec\x01\0\x78\x01\0\0\xbb\x01\0\0\
\xde\x04\0\0\x06\xf0\x01\0\x80\x01\0\0\xbb\x01\0\0\xf6\x04\0\0\x03\xf4\x01\0\
\xb8\x01\0\0\xbb\x01\0\0\x2a\x05\0\0\x03\x0c\x02\0\xd8\x01\0\0\xbb\x01\0\0\x3e\
\x05\0\0\x02\x1c\x02\0\xe8\x01\0\0\xbb\x01\0\0\x84\x05\0\0\x06\x38\x03\0\0\x02\
\0\0\xbb\x01\0\0\x84\x05\0\0\x06\x38\x03\0\x08\x02\0\0\xbb\x01\0\0\x96\x05\0\0\
\x03\x3c\x03\0\x48\x02\0\0\xbb\x01\0\0\x1b\x02\0\0\x0d\x30\x02\0\x60\x02\0\0\
\xbb\x01\0\0\x1b\x02\0\0\x16\x30\x02\0\x68\x02\0\0\xbb\x01\0\0\x1b\x02\0\0\x20\
\x30\x02\0\x80\x02\0\0\xbb\x01\0\0\x1b\x02\0\0\x06\x30\x02\0\x88\x02\0\0\xbb\
\x01\0\0\x44\x02\0\0\x06\x3c\x02\0\xa8\x02\0\0\xbb\x01\0\0\x44\x02\0\0\x06\x3c\
\x02\0\xb0\x02\0\0\xbb\x01\0\0\x5c\x02\0\0\x07\x40\x02\0\xb8\x02\0\0\xbb\x01\0\
\0\x5c\x02\0\0\x1c\x40\x02\0\xc0\x02\0\0\xbb\x01\0\0\x5c\x02\0\0\x1a\x40\x02\0\
\xe0\x02\0\0\xbb\x01\0\0\x5c\x02\0\0\x07\x40\x02\0\xe8\x02\0\0\xbb\x01\0\0\x89\
\x02\0\0\x14\x50\x02\0\xf0\x02\0\0\xbb\x01\0\0\x89\x02\0\0\x2f\x50\x02\0\xf8\
\x02\0\0\xbb\x01\0\0\x89\x02\0\0\x0e\x50\x02\0\x08\x03\0\0\xbb\x01\0\0\x89\x02\
\0\0\x14\x50\x02\0\x20\x03\0\0\xbb\x01\0\0\xbe\x02\0\0\x02\x54\x02\0\x40\x03\0\
\0\xbb\x01\0\0\xf2\x02\0\0\x06\x5c\x02\0\x58\x03\0\0\xbb\x01\0\0\xf2\x02\0\0\
\x06\x5c\x02\0\x60\x03\0\0\xbb\x01\0\0\x02\x03\0\0\x03\x60\x02\0\x88\x03\0\0\
\xbb\x01\0\0\x21\x11\0\0\x0a\xf0\x07\0\xa0\x03\0\0\xbb\x01\0\0\x3c\x10\0\0\x01\
\x04\x08\0\x0b\x13\0\0\x15\0\0\0\0\0\0\0\xbb\x01\0\0\x2b\x13\0\0\0\x10\x08\0\
\x10\0\0\0\xbb\x01\0\0\x77\x13\0\0\x06\x20\x08\0\x40\0\0\0\xbb\x01\0\0\0\0\0\0\
\0\0\0\0\x60\0\0\0\xbb\x01\0\0\xce\x03\0\0\x0c\x14\x03\0\x70\0\0\0\xbb\x01\0\0\
\0\0\0\0\0\0\0\0\x78\0\0\0\xbb\x01\0\0\xee\x03\0\0\x22\x1c\x03\0\x98\0\0\0\xbb\
\x01\0\0\x34\x04\0\0\x06\x20\x03\0\xa8\0\0\0\xbb\x01\0\0\0\0\0\0\0\0\0\0\xb0\0\
\0\0\xbb\x01\0\0\x40\x04\0\0\x02\x2c\x03\0\xc8\0\0\0\xbb\x01\0\0\x66\x04\0\0\
\x2e\x30\x03\0\xd0\0\0\0\xbb\x01\0\0\x66\x04\0\0\x1e\x30\x03\0\xf8\0\0\0\xbb\
\x01\0\0\0\0\0\0\0\0\0\0\0\x01\0\0\xbb\x01\0\0\x9a\x04\0\0\x13\xec\x01\0\x18\
\x01\0\0\xbb\x01\0\0\xde\x04\0\0\x06\xf0\x01\0\x20\x01\0\0\xbb\x01\0\0\xf6\x04\
\0\0\x03\xf4\x01\0\x58\x01\0\0\xbb\x01\0\0\x2a\x05\0\0\x03\x0c\x02\0\x78\x01\0\
\0\xbb\x01\0\0\x3e\x05\0\0\x02\x1c\x02\0\x88\x01\0\0\xbb\x01\0\0\x84\x05\0\0\
\x06\x38\x03\0\xa0\x01\0\0\xbb\x01\0\0\x84\x05\0\0\x06\x38\x03\0\xa8\x01\0\0\
\xbb\x01\0\0\x96\x05\0\0\x03\x3c\x03\0\xd8\x01\0\0\xbb\x01\0\0\xd9\x11\0\0\x02\
\x40\x08\0\x3b\x14\0\0\x1d\0\0\0\0\0\0\0\xbb\x01\0\0\x59\x14\0\0\0\x50\x08\0\
\x20\0\0\0\xbb\x01\0\0\xa3\x14\0\0\x12\x58\x08\0\x40\0\0\0\xbb\x01\0\0\0\0\0\0\
\0\0\0\0\x48\0\0\0\xbb\x01\0\0\xa3\x14\0\0\x1f\x58\x08\0\x58\0\0\0\xbb\x01\0\0\
\xa3\x14\0\0\x1f\x58\x08\0\x60\0\0\0\xbb\x01\0\0\xa3\x14\0\0\x1c\x58\x08\0\x70\
\0\0\0\xbb\x01\0\0\x1b\x02\0\0\x0d\x30\x02\0\x88\0\0\0\xbb\x01\0\0\x1b\x02\0\0\
\x16\x30\x02\0\x90\0\0\0\xbb\x01\0\0\x1b\x02\0\0\x20\x30\x02\0\xa8\0\0\0\xbb\
\x01\0\0\x1b\x02\0\0\x06\x30\x02\0\xb0\0\0\0\xbb\x01\0\0\x44\x02\0\0\x06\x3c\
\x02\0\xd0\0\0\0\xbb\x01\0\0\x44\x02\0\0\x06\x3c\x02\0\xd8\0\0\0\xbb\x01\0\0\
\x5c\x02\0\0\x07\x40\x02\0\xe0\0\0\0\xbb\x01\0\0\x5c\x02\0\0\x1c\x40\x02\0\xe8\
\0\0\0\xbb\x01\0\0\x5c\x02\0\0\x1a\x40\x02\0\x08\x01\0\0\xbb\x01\0\0\x5c\x02\0\
\0\x07\x40\x02\0\x10\x01\0\0\xbb\x01\0\0\x89\x02\0\0\x14\x50\x02\0\x18\x01\0\0\
\xbb\x01\0\0\x89\x02\0\0\x2f\x50\x02\0\x20\x01\0\0\xbb\x01\0\0\x89\x02\0\0\x0e\
\x50\x02\0\x30\x01\0\0\xbb\x01\0\0\x89\x02\0\0\x14\x50\x02\0\x48\x01\0\0\xbb\
\x01\0\0\xbe\x02\0\0\x02\x54\x02\0\x68\x01\0\0\xbb\x01\0\0\xf2\x02\0\0\x06\x5c\
\x02\0\x80\x01\0\0\xbb\x01\0\0\xf2\x02\0\0\x06\x5c\x02\0\x88\x01\0\0\xbb\x01\0\
\0\x02\x03\0\0\x03\x60\x02\0\xd0\x01\0\0\xbb\x01\0\0\0\0\0\0\0\0\0\0\xd8\x01\0\
\0\xbb\x01\0\0\xdd\x14\0\0\x1e\x60\x08\0\xe8\x01\0\0\xbb\x01\0\0\xdd\x14\0\0\
\x1e\x60\x08\0\xf0\x01\0\0\xbb\x01\0\0\xdd\x14\0\0\x09\x60\x08\0\0\x02\0\0\xbb\
\x01\0\0\xdd\x14\0\0\x02\x60\x08\0\x47\x15\0\0\x16\0\0\0\0\0\0\0\xbb\x01\0\0\
\x64\x15\0\0\0\x70\x08\0\x20\0\0\0\xbb\x01\0\0\0\0\0\0\0\0\0\0\x28\0\0\0\xbb\
\x01\0\0\xa8\x15\0\0\x21\x78\x08\0\x38\0\0\0\xbb\x01\0\0\xa8\x15\0\0\x21\x78\
\x08\0\x40\0\0\0\xbb\x01\0\0\xce\x03\0\0\x0c\x14\x03\0\x50\0\0\0\xbb\x01\0\0\0\
\0\0\0\0\0\0\0\x58\0\0\0\xbb\x01\0\0\xee\x03\0\0\x22\x1c\x03\0\x78\0\0\0\xbb\
\x01\0\0\x34\x04\0\0\x06\x20\x03\0\x88\0\0\0\xbb\x01\0\0\0\0\0\0\0\0\0\0\x90\0\
\0\0\xbb\x01\0\0\x40\x04\0\0\x02\x2c\x03\0\xa8\0\0\0\xbb\x01\0\0\x66\x04\0\0\
\x2e\x30\x03\0\xb0\0\0\0\xbb\x01\0\0\x66\x04\0\0\x1e\x30\x03\0\xd8\0\0\0\xbb\
\x01\0\0\0\0\0\0\0\0\0\0\xe0\0\0\0\xbb\x01\0\0\x9a\x04\0\0\x13\xec\x01\0\xf8\0\
\0\0\xbb\x01\0\0\xde\x04\0\0\x06\xf0\x01\0\0\x01\0\0\xbb\x01\0\0\xf6\x04\0\0\
\x03\xf4\x01\0\x38\x01\0\0\xbb\x01\0\0\x2a\x05\0\0\x03\x0c\x02\0\x58\x01\0\0\
\xbb\x01\0\0\x3e\x05\0\0\x02\x1c\x02\0\x68\x01\0\0\xbb\x01\0\0\x84\x05\0\0\x06\
\x38\x03\0\x80\x01\0\0\xbb\x01\0\0\x84\x05\0\0\x06\x38\x03\0\x88\x01\0\0\xbb\
\x01\0\0\x96\x05\0\0\x03\x3c\x03\0\xb8\x01\0\0\xbb\x01\0\0\xa8\x15\0\0\x02\x78\
\x08\0\x5f\x16\0\0\x1b\0\0\0\0\0\0\0\xbb\x01\0\0\x85\x16\0\0\0\x88\x08\0\x28\0\
\0\0\xbb\x01\0\0\0\0\0\0\0\0\0\0\x30\0\0\0\xbb\x01\0\0\xdb\x16\0\0\x12\x90\x08\
\0\x40\0\0\0\xbb\x01\0\0\xdb\x16\0\0\x12\x90\x08\0\x50\0\0\0\xbb\x01\0\0\x1b\
\x02\0\0\x0d\x30\x02\0\x68\0\0\0\xbb\x01\0\0\x1b\x02\0\0\x16\x30\x02\0\x70\0\0\
\0\xbb\x01\0\0\x1b\x02\0\0\x20\x30\x02\0\x88\0\0\0\xbb\x01\0\0\x1b\x02\0\0\x06\
\x30\x02\0\x90\0\0\0\xbb\x01\0\0\x44\x02\0\0\x06\x3c\x02\0\xb0\0\0\0\xbb\x01\0\
\0\x44\x02\0\0\x06\x3c\x02\0\xb8\0\0\0\xbb\x01\0\0\x5c\x02\0\0\x07\x40\x02\0\
\xc0\0\0\0\xbb\x01\0\0\x5c\x02\0\0\x1c\x40\x02\0\xc8\0\0\0\xbb\x01\0\0\x5c\x02\
\0\0\x1a\x40\x02\0\xe8\0\0\0\xbb\x01\0\0\x5c\x02\0\0\x07\x40\x02\0\xf0\0\0\0\
\xbb\x01\0\0\x89\x02\0\0\x14\x50\x02\0\xf8\0\0\0\xbb\x01\0\0\x89\x02\0\0\x2f\
\x50\x02\0\0\x01\0\0\xbb\x01\0\0\x89\x02\0\0\x0e\x50\x02\0\x10\x01\0\0\xbb\x01\
\0\0\x89\x02\0\0\x14\x50\x02\0\x28\x01\0\0\xbb\x01\0\0\xbe\x02\0\0\x02\x54\x02\
\0\x48\x01\0\0\xbb\x01\0\0\xf2\x02\0\0\x06\x5c\x02\0\x60\x01\0\0\xbb\x01\0\0\
\xf2\x02\0\0\x06\x5c\x02\0\x68\x01\0\0\xbb\x01\0\0\x02\x03\0\0\x03\x60\x02\0\
\xb0\x01\0\0\xbb\x01\0\0\0\0\0\0\0\0\0\0\xb8\x01\0\0\xbb\x01\0\0\x12\x17\0\0\
\x1e\x98\x08\0\xc8\x01\0\0\xbb\x01\0\0\x12\x17\0\0\x1e\x98\x08\0\xd0\x01\0\0\
\xbb\x01\0\0\x12\x17\0\0\x09\x98\x08\0\xe0\x01\0\0\xbb\x01\0\0\x12\x17\0\0\x02\
\x98\x08\0\x88\x17\0\0\x16\0\0\0\0\0\0\0\xbb\x01\0\0\xad\x17\0\0\0\xa8\x08\0\
\x20\0\0\0\xbb\x01\0\0\0\0\0\0\0\0\0\0\x28\0\0\0\xbb\x01\0\0\x01\x18\0\0\x18\
\xb0\x08\0\x38\0\0\0\xbb\x01\0\0\x01\x18\0\0\x18\xb0\x08\0\x40\0\0\0\xbb\x01\0\
\0\xce\x03\0\0\x0c\x14\x03\0\x50\0\0\0\xbb\x01\0\0\0\0\0\0\0\0\0\0\x58\0\0\0\
\xbb\x01\0\0\xee\x03\0\0\x22\x1c\x03\0\x78\0\0\0\xbb\x01\0\0\x34\x04\0\0\x06\
\x20\x03\0\x88\0\0\0\xbb\x01\0\0\0\0\0\0\0\0\0\0\x90\0\0\0\xbb\x01\0\0\x40\x04\
\0\0\x02\x2c\x03\0\xa8\0\0\0\xbb\x01\0\0\x66\x04\0\0\x2e\x30\x03\0\xb0\0\0\0\
\xbb\x01\0\0\x66\x04\0\0\x1e\x30\x03\0\xd8\0\0\0\xbb\x01\0\0\0\0\0\0\0\0\0\0\
\xe0\0\0\0\xbb\x01\0\0\x9a\x04\0\0\x13\xec\x01\0\xf8\0\0\0\xbb\x01\0\0\xde\x04\
\0\0\x06\xf0\x01\0\0\x01\0\0\xbb\x01\0\0\xf6\x04\0\0\x03\xf4\x01\0\x38\x01\0\0\
\xbb\x01\0\0\x2a\x05\0\0\x03\x0c\x02\0\x58\x01\0\0\xbb\x01\0\0\x3e\x05\0\0\x02\
\x1c\x02\0\x68\x01\0\0\xbb\x01\0\0\x84\x05\0\0\x06\x38\x03\0\x80\x01\0\0\xbb\
\x01\0\0\x84\x05\0\0\x06\x38\x03\0\x88\x01\0\0\xbb\x01\0\0\x96\x05\0\0\x03\x3c\
\x03\0\xb8\x01\0\0\xbb\x01\0\0\x01\x18\0\0\x02\xb0\x08\0\x10\0\0\0\xae\x01\0\0\
\x0e\0\0\0\0\0\0\0\x28\0\0\0\xb5\x01\0\0\0\0\0\0\x60\x01\0\0\x28\0\0\0\xb5\x01\
\0\0\0\0\0\0\xf0\x02\0\0\x28\0\0\0\xb5\x01\0\0\0\0\0\0\xf8\x02\0\0\x28\0\0\0\
\x15\x06\0\0\0\0\0\0\x60\x04\0\0\x28\0\0\0\x15\x06\0\0\0\0\0\0\x68\x04\0\0\x28\
\0\0\0\xb5\x01\0\0\0\0\0\0\x40\x07\0\0\x28\0\0\0\x15\x06\0\0\0\0\0\0\xa0\x08\0\
\0\x28\0\0\0\xb5\x01\0\0\0\0\0\0\x30\x0a\0\0\x28\0\0\0\x95\x07\0\0\0\0\0\0\x38\
\x0a\0\0\x28\0\0\0\xb5\x01\0\0\0\0\0\0\xf8\x0b\0\0\x28\0\0\0\x15\x06\0\0\0\0\0\
\0\x58\x0d\0\0\x28\0\0\0\xb5\x01\0\0\0\0\0\0\xb8\x0e\0\0\x28\0\0\0\x15\x06\0\0\
\0\0\0\0\x18\x10\0\0\x28\0\0\0\xb5\x01\0\0\0\0\0\0\x41\x03\0\0\x08\0\0\0\0\0\0\
\0\x28\0\0\0\xb5\x01\0\0\0\0\0\0\x20\0\0\0\x28\0\0\0\xb5\x01\0\0\0\0\0\0\x40\0\
\0\0\x28\0\0\0\xb5\x01\0\0\0\0\0\0\x60\0\0\0\x28\0\0\0\xb5\x01\0\0\0\0\0\0\x58\
\x01\0\0\x28\0\0\0\xb5\x01\0\0\0\0\0\0\x78\x01\0\0\x28\0\0\0\xb5\x01\0\0\0\0\0\
\0\x98\x01\0\0\x28\0\0\0\xb5\x01\0\0\0\0\0\0\xb8\x01\0\0\x28\0\0\0\xb5\x01\0\0\
\0\0\0\0\xa4\x0b\0\0\x05\0\0\0\x08\0\0\0\x5b\0\0\0\x41\x0c\0\0\x08\0\0\0\x18\0\
\0\0\x5b\0\0\0\x5c\x0c\0\0\0\0\0\0\x50\0\0\0\x5b\0\0\0\x82\x0c\0\0\0\0\0\0\x60\
\0\0\0\x62\0\0\0\x5c\x0c\0\0\0\0\0\0\x98\0\0\0\x62\0\0\0\x82\x0c\0\0\0\0\0\0\
\x54\x10\0\0\x03\0\0\0\x08\0\0\0\x67\0\0\0\x41\x0c\0\0\x08\0\0\0\x18\0\0\0\x67\
\0\0\0\x5c\x0c\0\0\0\0\0\0\x50\0\0\0\x67\0\0\0\x82\x0c\0\0\0\0\0\0\x59\x11\0\0\
\x03\0\0\0\x08\0\0\0\x6a\0\0\0\x41\x0c\0\0\x08\0\0\0\x18\0\0\0\x6a\0\0\0\x5c\
\x0c\0\0\0\0\0\0\x28\0\0\0\x6b\0\0\0\x5c\x0c\0\0\0\0\0\0\x10\x12\0\0\x05\0\0\0\
\x08\0\0\0\x5b\0\0\0\x41\x0c\0\0\x08\0\0\0\x18\0\0\0\x5b\0\0\0\x5c\x0c\0\0\0\0\
\0\0\x50\0\0\0\x5b\0\0\0\x82\x0c\0\0\0\0\0\0\x60\0\0\0\x6e\0\0\0\x5c\x0c\0\0\0\
\0\0\0\x98\0\0\0\x6e\0\0\0\x82\x0c\0\0\0\0\0\0\x9e\x12\0\0\x03\0\0\0\x08\0\0\0\
\x67\0\0\0\x41\x0c\0\0\x08\0\0\0\x18\0\0\0\x67\0\0\0\x5c\x0c\0\0\0\0\0\0\x50\0\
\0\0\x67\0\0\0\x82\x0c\0\0\0\0\0\0\x0b\x13\0\0\x03\0\0\0\x08\0\0\0\x73\0\0\0\
\x41\x0c\0\0\x08\0\0\0\x18\0\0\0\x73\0\0\0\x5c\x0c\0\0\0\0\0\0\x28\0\0\0\x6b\0\
\0\0\x5c\x0c\0\0\0\0\0\0\x3b\x14\0\0\x02\0\0\0\x08\0\0\0\x75\0\0\0\x9f\x14\0\0\
\0\0\0\0\xb0\x01\0\0\x75\0\0\0\x82\x0c\0\0\0\0\0\0\x47\x15\0\0\x01\0\0\0\x08\0\
\0\0\x7e\0\0\0\x82\x0c\0\0\0\0\0\0\x5f\x16\0\0\x02\0\0\0\x08\0\0\0\x82\0\0\0\
\xd7\x16\0\0\0\0\0\0\x90\x01\0\0\x82\0\0\0\x0e\x17\0\0\0\0\0\0\x88\x17\0\0\x01\
\0\0\0\x08\0\0\0\x88\0\0\0\xfd\x17\0\0\0\0\0\0\0\0\0\0\0\0\0\0\0\0\0\0\0\0\0\0\
\0\0\0\0\0\0\0\0\0\0\0\0\x03\0\x02\0\0\0\0\0\0\0\0\0\0\0\0\0\0\0\0\0\0\0\0\0\
\x03\0\x04\0\0\0\0\0\0\0\0\0\0\0\0\0\0\0\0\0\x9f\x05\0\0\0\0\x04\0\x50\x01\0\0\
\0\0\0\0\0\0\0\0\0\0\0\0\x5f\x06\0\0\0\0\x04\0\xb0\0\0\0\0\0\0\0\0\0\0\0\0\0\0\
\0\xbb\0\0\0\x01\0\x1c\0\x7c\0\0\0\0\0\0\0\x1b\0\0\0\0\0\0\0\0\0\0\0\x03\0\x06\
\0\0\0\0\0\0\0\0\0\0\0\0\0\0\0\0\0\xd5\x06\0\0\x02\0\x02\0\0\0\0\0\0\0\0\0\xb0\
\x02\0\0\0\0\0\0\x80\x05\0\0\0\0\x04\0\xe0\x02\0\0\0\0\0\0\0\0\0\0\0\0\0\0\xa4\
\x06\0\0\0\0\x04\0\x50\x02\0\0\0\0\0\0\0\0\0\0\0\0\0\0\xd3\0\0\0\x01\0\x1c\0\
\x5a\0\0\0\0\0\0\0\x22\0\0\0\0\0\0\0\x50\x06\0\0\0\0\x04\0\x90\x02\0\0\0\0\0\0\
\0\0\0\0\0\0\0\0\xa4\0\0\0\x01\0\x1c\0\x31\0\0\0\0\0\0\0\x29\0\0\0\0\0\0\0\x71\
\x05\0\0\0\0\x04\0\x50\x04\0\0\0\0\0\0\0\0\0\0\0\0\0\0\x49\x06\0\0\0\0\x04\0\
\xb0\x03\0\0\0\0\0\0\0\0\0\0\0\0\0\0\x5a\x05\0\0\0\0\x04\0\xe8\x05\0\0\0\0\0\0\
\0\0\0\0\0\0\0\0\x8d\x06\0\0\0\0\x04\0\x58\x05\0\0\0\0\0\0\0\0\0\0\0\0\0\0\x3a\
\x06\0\0\0\0\x04\0\x98\x05\0\0\0\0\0\0\0\0\0\0\0\0\0\0\x05\x07\0\0\0\0\x04\0\
\x30\x07\0\0\0\0\0\0\0\0\0\0\0\0\0\0\x1f\x07\0\0\0\0\x04\0\x90\x06\0\0\0\0\0\0\
\0\0\0\0\0\0\0\0\x3b\x05\0\0\0\0\x04\0\x90\x08\0\0\0\0\0\0\0\0\0\0\0\0\0\0\x23\
\x06\0\0\0\0\x04\0\xf0\x07\0\0\0\0\0\0\0\0\0\0\0\0\0\0\x1c\x05\0\0\0\0\x04\0\
\x20\x0a\0\0\0\0\0\0\0\0\0\0\0\0\0\0\x76\x06\0\0\0\0\x04\0\x90\x09\0\0\0\0\0\0\
\0\0\0\0\0\0\0\0\x04\x06\0\0\0\0\x04\0\xd0\x09\0\0\0\0\0\0\0\0\0\0\0\0\0\0\xae\
\x05\0\0\0\0\x04\0\xe8\x0b\0\0\0\0\0\0\0\0\0\0\0\0\0\0\x6e\x06\0\0\0\0\x04\0\
\x48\x0b\0\0\0\0\0\0\0\0\0\0\0\0\0\0\xab\x06\0\0\0\0\x06\0\x48\x01\0\0\0\0\0\0\
\0\0\0\0\0\0\0\0\x8f\x05\0\0\0\0\x04\0\x48\x0d\0\0\0\0\0\0\0\0\0\0\0\0\0\0\x57\
\x06\0\0\0\0\x04\0\xa8\x0c\0\0\0\0\0\0\0\0\0\0\0\0\0\0\x69\x05\0\0\0\0\x04\0\
\xa8\x0e\0\0\0\0\0\0\0\0\0\0\0\0\0\0\x41\x06\0\0\0\0\x04\0\x08\x0e\0\0\0\0\0\0\
\0\0\0\0\0\0\0\0\x52\x05\0\0\0\0\x04\0\x08\x10\0\0\0\0\0\0\0\0\0\0\0\0\0\0\x32\
\x06\0\0\0\0\x04\0\x68\x0f\0\0\0\0\0\0\0\0\0\0\0\0\0\0\x33\x05\0\0\0\0\x04\0\
\x68\x11\0\0\0\0\0\0\0\0\0\0\0\0\0\0\x1b\x06\0\0\0\0\x04\0\xc8\x10\0\0\0\0\0\0\
\0\0\0\0\0\0\0\0\0\0\0\0\x03\0\x08\0\0\0\0\0\0\0\0\0\0\0\0\0\0\0\0\0\xfd\x06\0\
\0\0\0\x08\0\x60\0\0\0\0\0\0\0\0\0\0\0\0\0\0\0\xbb\x06\0\0\0\0\x08\0\xa0\0\0\0\
\0\0\0\0\0\0\0\0\0\0\0\0\x16\x07\0\0\0\0\x08\0\x88\x02\0\0\0\0\0\0\0\0\0\0\0\0\
\0\0\x30\x07\0\0\0\0\x08\0\x80\x02\0\0\0\0\0\0\0\0\0\0\0\0\0\0\x02\x05\0\0\0\0\
\x08\0\xf0\x01\0\0\0\0\0\0\0\0\0\0\0\0\0\0\xda\x04\0\0\0\0\x08\0\x30\x02\0\0\0\
\0\0\0\0\0\0\0\0\0\0\0\x13\x05\0\0\0\0\x08\0\xd0\x03\0\0\0\0\0\0\0\0\0\0\0\0\0\
\0\xfb\x05\0\0\0\0\x08\0\x30\x03\0\0\0\0\0\0\0\0\0\0\0\0\0\0\xba\x04\0\0\0\0\
\x02\0\xa8\x02\0\0\0\0\0\0\0\0\0\0\0\0\0\0\xfa\x04\0\0\0\0\x02\0\x58\x02\0\0\0\
\0\0\0\0\0\0\0\0\0\0\0\x97\x05\0\0\0\0\x02\0\x20\x02\0\0\0\0\0\0\0\0\0\0\0\0\0\
\0\x30\x02\0\0\x01\0\x1f\0\0\0\0\0\0\0\0\0\x08\0\0\0\0\0\0\0\xd8\x05\0\0\0\0\
\x02\0\xf0\x01\0\0\0\0\0\0\0\0\0\0\0\0\0\0\xf1\0\0\0\x01\0\x1c\0\x97\0\0\0\0\0\
\0\0\x28\0\0\0\0\0\0\0\0\0\0\0\x03\0\x0a\0\0\0\0\0\0\0\0\0\0\0\0\0\0\0\0\0\xbf\
\x05\0\0\0\0\x0a\0\xa0\x03\0\0\0\0\0\0\0\0\0\0\0\0\0\0\xb2\x04\0\0\0\0\x0a\0\
\x40\x02\0\0\0\0\0\0\0\0\0\0\0\0\0\0\xd2\x04\0\0\0\0\x0a\0\x38\x02\0\0\0\0\0\0\
\0\0\0\0\0\0\0\0\xd0\x05\0\0\0\0\x0a\0\xa8\x01\0\0\0\0\0\0\0\0\0\0\0\0\0\0\x87\
\x05\0\0\0\0\x0a\0\xe8\x01\0\0\0\0\0\0\0\0\0\0\0\0\0\0\xf2\x05\0\0\0\0\x0a\0\
\x88\x03\0\0\0\0\0\0\0\0\0\0\0\0\0\0\xcc\x06\0\0\0\0\x0a\0\xe8\x02\0\0\0\0\0\0\
\0\0\0\0\0\0\0\0\0\0\0\0\x03\0\x0c\0\0\0\0\0\0\0\0\0\0\0\0\0\0\0\0\0\xf5\x06\0\
\0\0\0\x0c\0\x28\0\0\0\0\0\0\0\0\0\0\0\0\0\0\0\x9c\x06\0\0\0\0\x0c\0\x30\0\0\0\
\0\0\0\0\0\0\0\0\0\0\0\0\xaa\x04\0\0\0\0\x0c\0\xd8\x01\0\0\0\0\0\0\0\0\0\0\0\0\
\0\0\x78\x05\0\0\0\0\x0c\0\x48\x01\0\0\0\0\0\0\0\0\0\0\0\0\0\0\xf2\x04\0\0\0\0\
\x0c\0\x88\x01\0\0\0\0\0\0\0\0\0\0\0\0\0\0\0\0\0\0\x03\0\x0e\0\0\0\0\0\0\0\0\0\
\0\0\0\0\0\0\0\0\xed\x06\0\0\0\0\x0e\0\x60\0\0\0\0\0\0\0\0\0\0\0\0\0\0\0\x94\
\x06\0\0\0\0\x0e\0\xa0\0\0\0\0\0\0\0\0\0\0\0\0\0\0\0\x0d\x07\0\0\0\0\x0e\0\x88\
\x02\0\0\0\0\0\0\0\0\0\0\0\0\0\0\x27\x07\0\0\0\0\x0e\0\x80\x02\0\0\0\0\0\0\0\0\
\0\0\0\0\0\0\xea\x04\0\0\0\0\x0e\0\xf0\x01\0\0\0\0\0\0\0\0\0\0\0\0\0\0\xca\x04\
\0\0\0\0\x0e\0\x30\x02\0\0\0\0\0\0\0\0\0\0\0\0\0\0\x0a\x05\0\0\0\0\x0e\0\xd0\
\x03\0\0\0\0\0\0\0\0\0\0\0\0\0\0\xe9\x05\0\0\0\0\x0e\0\x30\x03\0\0\0\0\0\0\0\0\
\0\0\0\0\0\0\0\0\0\0\x03\0\x10\0\0\0\0\0\0\0\0\0\0\0\0\0\0\0\0\0\xb6\x05\0\0\0\
\0\x10\0\xa0\x03\0\0\0\0\0\0\0\0\0\0\0\0\0\0\xa2\x04\0\0\0\0\x10\0\x40\x02\0\0\
\0\0\0\0\0\0\0\0\0\0\0\0\xc2\x04\0\0\0\0\x10\0\x38\x02\0\0\0\0\0\0\0\0\0\0\0\0\
\0\0\xc8\x05\0\0\0\0\x10\0\xa8\x01\0\0\0\0\0\0\0\0\0\0\0\0\0\0\x61\x05\0\0\0\0\
\x10\0\xe8\x01\0\0\0\0\0\0\0\0\0\0\0\0\0\0\xe0\x05\0\0\0\0\x10\0\x88\x03\0\0\0\
\0\0\0\0\0\0\0\0\0\0\0\xc3\x06\0\0\0\0\x10\0\xe8\x02\0\0\0\0\0\0\0\0\0\0\0\0\0\
\0\0\0\0\0\x03\0\x12\0\0\0\0\0\0\0\0\0\0\0\0\0\0\0\0\0\xe5\x06\0\0\0\0\x12\0\
\x28\0\0\0\0\0\0\0\0\0\0\0\0\0\0\0\x85\x06\0\0\0\0\x12\0\x30\0\0\0\0\0\0\0\0\0\
\0\0\0\0\0\0\x9a\x04\0\0\0\0\x12\0\xd8\x01\0\0\0\0\0\0\0\0\0\0\0\0\0\0\x4a\x05\
\0\0\0\0\x12\0\x48\x01\0\0\0\0\0\0\0\0\0\0\0\0\0\0\xe2\x04\0\0\0\0\x12\0\x88\
\x01\0\0\0\0\0\0\0\0\0\0\0\0\0\0\0\0\0\0\x03\0\x14\0\0\0\0\0\0\0\0\0\0\0\0\0\0\
\0\0\0\x42\x05\0\0\0\0\x14\0\xb0\x01\0\0\0\0\0\0\0\0\0\0\0\0\0\0\x2a\x06\0\0\0\
\0\x14\0\x10\x01\0\0\0\0\0\0\0\0\0\0\0\0\0\0\0\0\0\0\x03\0\x16\0\0\0\0\0\0\0\0\
\0\0\0\0\0\0\0\0\0\x2b\x05\0\0\0\0\x16\0\xb8\x01\0\0\0\0\0\0\0\0\0\0\0\0\0\0\
\x7d\x06\0\0\0\0\x16\0\x28\x01\0\0\0\0\0\0\0\0\0\0\0\0\0\0\x13\x06\0\0\0\0\x16\
\0\x68\x01\0\0\0\0\0\0\0\0\0\0\0\0\0\0\0\0\0\0\x03\0\x18\0\0\0\0\0\0\0\0\0\0\0\
\0\0\0\0\0\0\x23\x05\0\0\0\0\x18\0\x90\x01\0\0\0\0\0\0\0\0\0\0\0\0\0\0\x0b\x06\
\0\0\0\0\x18\0\xf0\0\0\0\0\0\0\0\0\0\0\0\0\0\0\0\0\0\0\0\x03\0\x1a\0\0\0\0\0\0\
\0\0\0\0\0\0\0\0\0\0\0\xa6\x05\0\0\0\0\x1a\0\xb8\x01\0\0\0\0\0\0\0\0\0\0\0\0\0\
\0\xb3\x06\0\0\0\0\x1a\0\x28\x01\0\0\0\0\0\0\0\0\0\0\0\0\0\0\x66\x06\0\0\0\0\
\x1a\0\x68\x01\0\0\0\0\0\0\0\0\0\0\0\0\0\0\0\0\0\0\x03\0\x1c\0\0\0\0\0\0\0\0\0\
\0\0\0\0\0\0\0\0\0\0\0\0\x03\0\x1f\0\0\0\0\0\0\0\0\0\0\0\0\0\0\0\0\0\xf4\x01\0\
\0\x12\0\x04\0\0\0\0\0\0\0\0\0\x60\x01\0\0\0\0\0\0\x5f\x02\0\0\x11\0\x1c\0\0\0\
\0\0\0\0\0\0\x08\0\0\0\0\0\0\0\x56\x02\0\0\x11\0\x1c\0\x08\0\0\0\0\0\0\0\x08\0\
\0\0\0\0\0\0\x72\x02\0\0\x11\0\x1c\0\x18\0\0\0\0\0\0\0\x08\0\0\0\0\0\0\0\x8b\
\x01\0\0\x11\0\x1e\0\0\0\0\0\0\0\0\0\x20\0\0\0\0\0\0\0\x3e\x02\0\0\x11\0\x1c\0\
\x20\0\0\0\0\0\0\0\x01\0\0\0\0\0\0\0\x34\x01\0\0\x12\0\x06\0\0\0\0\0\0\0\0\0\
\x20\0\0\0\0\0\0\0\xdb\x01\0\0\x12\0\x04\0\x60\x01\0\0\0\0\0\0\x90\x01\0\0\0\0\
\0\0\xa7\x01\0\0\x11\0\x1e\0\x20\0\0\0\0\0\0\0\x20\0\0\0\0\0\0\0\x9e\x01\0\0\
\x11\0\x1e\0\x40\0\0\0\0\0\0\0\x20\0\0\0\0\0\0\0\x0f\x02\0\0\x12\0\x04\0\xf0\
\x02\0\0\0\0\0\0\x70\x01\0\0\0\0\0\0\x4d\x01\0\0\x12\0\x06\0\x20\0\0\0\0\0\0\0\
\x20\0\0\0\0\0\0\0\x01\x02\0\0\x12\0\x04\0\x60\x04\0\0\0\0\0\0\xe0\x02\0\0\0\0\
\0\0\x40\x01\0\0\x12\0\x06\0\x40\0\0\0\0\0\0\0\x20\0\0\0\0\0\0\0\xbb\x01\0\0\
\x12\0\x04\0\x40\x07\0\0\0\0\0\0\x60\x01\0\0\0\0\0\0\x09\x01\0\0\x12\0\x06\0\
\x60\0\0\0\0\0\0\0\x20\0\0\0\0\0\0\0\xae\x01\0\0\x12\0\x04\0\xa0\x08\0\0\0\0\0\
\0\x90\x01\0\0\0\0\0\0\xc6\x01\0\0\x12\0\x04\0\x30\x0a\0\0\0\0\0\0\xc8\x01\0\0\
\0\0\0\0\x71\x01\0\0\x11\0\x1e\0\x60\0\0\0\0\0\0\0\x20\0\0\0\0\0\0\0\x13\x01\0\
\0\x12\0\x06\0\x80\0\0\0\0\0\0\0\xd8\0\0\0\0\0\0\0\x1c\x02\0\0\x12\0\x04\0\xf8\
\x0b\0\0\0\0\0\0\x60\x01\0\0\0\0\0\0\x59\x01\0\0\x12\0\x06\0\x58\x01\0\0\0\0\0\
\0\x20\0\0\0\0\0\0\0\xe7\x01\0\0\x12\0\x04\0\x58\x0d\0\0\0\0\0\0\x60\x01\0\0\0\
\0\0\0\x28\x01\0\0\x12\0\x06\0\x78\x01\0\0\0\0\0\0\x20\0\0\0\0\0\0\0\xcc\x01\0\
\0\x12\0\x04\0\xb8\x0e\0\0\0\0\0\0\x60\x01\0\0\0\0\0\0\x19\x01\0\0\x12\0\x06\0\
\x98\x01\0\0\0\0\0\0\x20\0\0\0\0\0\0\0\xe6\x01\0\0\x12\0\x04\0\x18\x10\0\0\0\0\
\0\0\x60\x01\0\0\0\0\0\0\x27\x01\0\0\x12\0\x06\0\xb8\x01\0\0\0\0\0\0\x20\0\0\0\
\0\0\0\0\xcc\x03\0\0\x12\0\x08\0\0\0\0\0\0\0\0\0\xf8\x03\0\0\0\0\0\0\xaf\x02\0\
\0\x11\0\x1c\0\x30\0\0\0\0\0\0\0\x01\0\0\0\0\0\0\0\x7f\x01\0\0\x11\0\x1c\0\x28\
\0\0\0\0\0\0\0\x08\0\0\0\0\0\0\0\x91\x01\0\0\x11\0\x1e\0\x80\0\0\0\0\0\0\0\x10\
\0\0\0\0\0\0\0\x33\x03\0\0\x12\0\x0a\0\0\0\0\0\0\0\0\0\xb0\x03\0\0\0\0\0\0\x86\
\x02\0\0\x12\0\x0c\0\0\0\0\0\0\0\0\0\xe8\x01\0\0\0\0\0\0\xf9\x03\0\0\x12\0\x0e\
\0\0\0\0\0\0\0\0\0\xf8\x03\0\0\0\0\0\0\x6a\x03\0\0\x12\0\x10\0\0\0\0\0\0\0\0\0\
\xb0\x03\0\0\0\0\0\0\xbf\x02\0\0\x12\0\x12\0\0\0\0\0\0\0\0\0\xe8\x01\0\0\0\0\0\
\0\x38\x04\0\0\x12\0\x14\0\0\0\0\0\0\0\0\0\x10\x02\0\0\0\0\0\0\x68\x02\0\0\x11\
\0\x1c\0\x10\0\0\0\0\0\0\0\x08\0\0\0\0\0\0\0\xfc\x02\0\0\x12\0\x16\0\0\0\0\0\0\
\0\0\0\xc8\x01\0\0\0\0\0\0\x46\0\0\0\x12\0\x18\0\0\0\0\0\0\0\0\0\xf0\x01\0\0\0\
\0\0\0\x01\0\0\0\x12\0\x1a\0\0\0\0\0\0\0\0\0\xc8\x01\0\0\0\0\0\0\x92\x04\0\0\
\x11\0\x1d\0\0\0\0\0\0\0\0\0\x04\0\0\0\0\0\0\0\x40\0\0\0\0\0\0\0\x01\0\0\0\x6c\
\0\0\0\x98\0\0\0\0\0\0\0\x01\0\0\0\x6c\0\0\0\xc8\0\0\0\0\0\0\0\x01\0\0\0\x86\0\
\0\0\xe8\0\0\0\0\0\0\0\x01\0\0\0\x87\0\0\0\x28\x01\0\0\0\0\0\0\x01\0\0\0\x70\0\
\0\0\x80\x01\0\0\0\0\0\0\x01\0\0\0\x71\0\0\0\xb0\x01\0\0\0\0\0\0\x01\0\0\0\x71\
\0\0\0\xc0\x01\0\0\0\0\0\0\x01\0\0\0\x67\0\0\0\0\x02\0\0\0\0\0\0\x01\0\0\0\x71\
\0\0\0\x58\x02\0\0\0\0\0\0\x01\0\0\0\x6d\0\0\0\x88\x02\0\0\0\0\0\0\x01\0\0\0\
\x66\0\0\0\x10\0\0\0\0\0\0\0\x01\0\0\0\x69\0\0\0\x30\0\0\0\0\0\0\0\x01\0\0\0\
\x6a\0\0\0\x50\0\0\0\0\0\0\0\x01\0\0\0\x6b\0\0\0\xe8\0\0\0\0\0\0\0\x01\0\0\0\
\x6c\0\0\0\x08\x01\0\0\0\0\0\0\x01\0\0\0\x6d\0\0\0\x30\x01\0\0\0\0\0\0\x01\0\0\
\0\x66\0\0\0\x80\x01\0\0\0\0\0\0\x01\0\0\0\x70\0\0\0\xb8\x01\0\0\0\0\0\0\x01\0\
\0\0\x70\0\0\0\x08\x02\0\0\0\0\0\0\x01\0\0\0\x71\0\0\0\x28\x02\0\0\0\0\0\0\x01\
\0\0\0\x66\0\0\0\x90\x02\0\0\0\0\0\0\x01\0\0\0\x6d\0\0\0\xb8\x02\0\0\0\0\0\0\
\x01\0\0\0\x66\0\0\0\x10\x03\0\0\0\0\0\0\x01\0\0\0\x69\0\0\0\x30\x03\0\0\0\0\0\
\0\x01\0\0\0\x6a\0\0\0\x50\x03\0\0\0\0\0\0\x01\0\0\0\x6b\0\0\0\xe8\x03\0\0\0\0\
\0\0\x01\0\0\0\x6c\0\0\0\x08\x04\0\0\0\0\0\0\x01\0\0\0\x6d\0\0\0\x30\x04\0\0\0\
\0\0\0\x01\0\0\0\x66\0\0\0\x88\x04\0\0\0\0\0\0\x01\0\0\0\x70\0\0\0\xc0\x04\0\0\
\0\0\0\0\x01\0\0\0\x70\0\0\0\x10\x05\0\0\0\0\0\0\x01\0\0\0\x71\0\0\0\x30\x05\0\
\0\0\0\0\0\x01\0\0\0\x66\0\0\0\x98\x05\0\0\0\0\0\0\x01\0\0\0\x6d\0\0\0\xc0\x05\
\0\0\0\0\0\0\x01\0\0\0\x66\0\0\0\xf0\x05\0\0\0\0\0\0\x01\0\0\0\x69\0\0\0\x10\
\x06\0\0\0\0\0\0\x01\0\0\0\x6a\0\0\0\x30\x06\0\0\0\0\0\0\x01\0\0\0\x6b\0\0\0\
\xc8\x06\0\0\0\0\0\0\x01\0\0\0\x6c\0\0\0\xe8\x06\0\0\0\0\0\0\x01\0\0\0\x6d\0\0\
\0\x10\x07\0\0\0\0\0\0\x01\0\0\0\x66\0\0\0\x50\x07\0\0\0\0\0\0\x01\0\0\0\x69\0\
\0\0\x70\x07\0\0\0\0\0\0\x01\0\0\0\x6a\0\0\0\x90\x07\0\0\0\0\0\0\x01\0\0\0\x6b\
\0\0\0\x28\x08\0\0\0\0\0\0\x01\0\0\0\x6c\0\0\0\x48\x08\0\0\0\0\0\0\x01\0\0\0\
\x6d\0\0\0\x70\x08\0\0\0\0\0\0\x01\0\0\0\x66\0\0\0\xc0\x08\0\0\0\0\0\0\x01\0\0\
\0\x70\0\0\0\xf8\x08\0\0\0\0\0\0\x01\0\0\0\x70\0\0\0\x48\x09\0\0\0\0\0\0\x01\0\
\0\0\x71\0\0\0\x68\x09\0\0\0\0\0\0\x01\0\0\0\x66\0\0\0\xd0\x09\0\0\0\0\0\0\x01\
\0\0\0\x6d\0\0\0\xf8\x09\0\0\0\0\0\0\x01\0\0\0\x66\0\0\0\x80\x0a\0\0\0\0\0\0\
\x01\0\0\0\x7a\0\0\0\xa8\x0a\0\0\0\0\0\0\x01\0\0\0\x69\0\0\0\xc8\x0a\0\0\0\0\0\
\0\x01\0\0\0\x6a\0\0\0\xe8\x0a\0\0\0\0\0\0\x01\0\0\0\x6b\0\0\0\x80\x0b\0\0\0\0\
\0\0\x01\0\0\0\x6c\0\0\0\xa0\x0b\0\0\0\0\0\0\x01\0\0\0\x6d\0\0\0\xc8\x0b\0\0\0\
\0\0\0\x01\0\0\0\x66\0\0\0\x08\x0c\0\0\0\0\0\0\x01\0\0\0\x69\0\0\0\x28\x0c\0\0\
\0\0\0\0\x01\0\0\0\x6a\0\0\0\x48\x0c\0\0\0\0\0\0\x01\0\0\0\x6b\0\0\0\xe0\x0c\0\
\0\0\0\0\0\x01\0\0\0\x6c\0\0\0\0\x0d\0\0\0\0\0\0\x01\0\0\0\x6d\0\0\0\x28\x0d\0\
\0\0\0\0\0\x01\0\0\0\x66\0\0\0\x68\x0d\0\0\0\0\0\0\x01\0\0\0\x69\0\0\0\x88\x0d\
\0\0\0\0\0\0\x01\0\0\0\x6a\0\0\0\xa8\x0d\0\0\0\0\0\0\x01\0\0\0\x6b\0\0\0\x40\
\x0e\0\0\0\0\0\0\x01\0\0\0\x6c\0\0\0\x60\x0e\0\0\0\0\0\0\x01\0\0\0\x6d\0\0\0\
\x88\x0e\0\0\0\0\0\0\x01\0\0\0\x66\0\0\0\xc8\x0e\0\0\0\0\0\0\x01\0\0\0\x69\0\0\
\0\xe8\x0e\0\0\0\0\0\0\x01\0\0\0\x6a\0\0\0\x08\x0f\0\0\0\0\0\0\x01\0\0\0\x6b\0\
\0\0\xa0\x0f\0\0\0\0\0\0\x01\0\0\0\x6c\0\0\0\xc0\x0f\0\0\0\0\0\0\x01\0\0\0\x6d\
\0\0\0\xe8\x0f\0\0\0\0\0\0\x01\0\0\0\x66\0\0\0\x28\x10\0\0\0\0\0\0\x01\0\0\0\
\x69\0\0\0\x48\x10\0\0\0\0\0\0\x01\0\0\0\x6a\0\0\0\x68\x10\0\0\0\0\0\0\x01\0\0\
\0\x6b\0\0\0\0\x11\0\0\0\0\0\0\x01\0\0\0\x6c\0\0\0\x20\x11\0\0\0\0\0\0\x01\0\0\
\0\x6d\0\0\0\x48\x11\0\0\0\0\0\0\x01\0\0\0\x66\0\0\0\x08\0\0\0\0\0\0\0\x0a\0\0\
\0\x01\0\0\0\x28\0\0\0\0\0\0\0\x0a\0\0\0\x01\0\0\0\x48\0\0\0\0\0\0\0\x0a\0\0\0\
\x01\0\0\0\x68\0\0\0\0\0\0\0\x0a\0\0\0\x01\0\0\0\xb0\0\0\0\0\0\0\0\x01\0\0\0\
\x7a\0\0\0\xe8\0\0\0\0\0\0\0\x01\0\0\0\x7a\0\0\0\x40\x01\0\0\0\0\0\0\x0a\0\0\0\
\x01\0\0\0\x60\x01\0\0\0\0\0\0\x0a\0\0\0\x01\0\0\0\x80\x01\0\0\0\0\0\0\x0a\0\0\
\0\x01\0\0\0\xa0\x01\0\0\0\0\0\0\x0a\0\0\0\x01\0\0\0\xc0\x01\0\0\0\0\0\0\x0a\0\
\0\0\x01\0\0\0\xe0\0\0\0\0\0\0\0\x01\0\0\0\x85\0\0\0\x20\x01\0\0\0\0\0\0\x01\0\
\0\0\x70\0\0\0\x58\x01\0\0\0\0\0\0\x01\0\0\0\x70\0\0\0\xa8\x01\0\0\0\0\0\0\x01\
\0\0\0\x71\0\0\0\xc8\x01\0\0\0\0\0\0\x01\0\0\0\x66\0\0\0\x30\x02\0\0\0\0\0\0\
\x01\0\0\0\x6d\0\0\0\x58\x02\0\0\0\0\0\0\x01\0\0\0\x66\0\0\0\x90\x02\0\0\0\0\0\
\0\x01\0\0\0\x69\0\0\0\xb0\x02\0\0\0\0\0\0\x01\0\0\0\x6a\0\0\0\xd0\x02\0\0\0\0\
\0\0\x01\0\0\0\x6b\0\0\0\x68\x03\0\0\0\0\0\0\x01\0\0\0\x6c\0\0\0\x88\x03\0\0\0\
\0\0\0\x01\0\0\0\x6d\0\0\0\xb0\x03\0\0\0\0\0\0\x01\0\0\0\x66\0\0\0\xe0\x03\0\0\
\0\0\0\0\x0a\0\0\0\x01\0\0\0\x98\0\0\0\0\0\0\0\x01\0\0\0\x85\0\0\0\xd8\0\0\0\0\
\0\0\0\x01\0\0\0\x70\0\0\0\x10\x01\0\0\0\0\0\0\x01\0\0\0\x70\0\0\0\x60\x01\0\0\
\0\0\0\0\x01\0\0\0\x71\0\0\0\x80\x01\0\0\0\0\0\0\x01\0\0\0\x66\0\0\0\xe8\x01\0\
\0\0\0\0\0\x01\0\0\0\x6d\0\0\0\x10\x02\0\0\0\0\0\0\x01\0\0\0\x66\0\0\0\x48\x02\
\0\0\0\0\0\0\x01\0\0\0\x69\0\0\0\x68\x02\0\0\0\0\0\0\x01\0\0\0\x6a\0\0\0\x88\
\x02\0\0\0\0\0\0\x01\0\0\0\x6b\0\0\0\x20\x03\0\0\0\0\0\0\x01\0\0\0\x6c\0\0\0\
\x40\x03\0\0\0\0\0\0\x01\0\0\0\x6d\0\0\0\x68\x03\0\0\0\0\0\0\x01\0\0\0\x66\0\0\
\0\x98\x03\0\0\0\0\0\0\x0a\0\0\0\x01\0\0\0\x78\0\0\0\0\0\0\0\x01\0\0\0\x70\0\0\
\0\xb0\0\0\0\0\0\0\0\x01\0\0\0\x70\0\0\0\0\x01\0\0\0\0\0\0\x01\0\0\0\x71\0\0\0\
\x20\x01\0\0\0\0\0\0\x01\0\0\0\x66\0\0\0\x88\x01\0\0\0\0\0\0\x01\0\0\0\x6d\0\0\
\0\xb0\x01\0\0\0\0\0\0\x01\0\0\0\x66\0\0\0\xe0\0\0\0\0\0\0\0\x01\0\0\0\x85\0\0\
\0\x20\x01\0\0\0\0\0\0\x01\0\0\0\x70\0\0\0\x58\x01\0\0\0\0\0\0\x01\0\0\0\x70\0\
\0\0\xa8\x01\0\0\0\0\0\0\x01\0\0\0\x71\0\0\0\xc8\x01\0\0\0\0\0\0\x01\0\0\0\x66\
\0\0\0\x30\x02\0\0\0\0\0\0\x01\0\0\0\x6d\0\0\0\x58\x02\0\0\0\0\0\0\x01\0\0\0\
\x66\0\0\0\x90\x02\0\0\0\0\0\0\x01\0\0\0\x69\0\0\0\xb0\x02\0\0\0\0\0\0\x01\0\0\
\0\x6a\0\0\0\xd0\x02\0\0\0\0\0\0\x01\0\0\0\x6b\0\0\0\x68\x03\0\0\0\0\0\0\x01\0\
\0\0\x6c\0\0\0\x88\x03\0\0\0\0\0\0\x01\0\0\0\x6d\0\0\0\xb0\x03\0\0\0\0\0\0\x01\
\0\0\0\x66\0\0\0\xe0\x03\0\0\0\0\0\0\x0a\0\0\0\x01\0\0\0\x98\0\0\0\0\0\0\0\x01\
\0\0\0\x85\0\0\0\xd8\0\0\0\0\0\0\0\x01\0\0\0\x70\0\0\0\x10\x01\0\0\0\0\0\0\x01\
\0\0\0\x70\0\0\0\x60\x01\0\0\0\0\0\0\x01\0\0\0\x71\0\0\0\x80\x01\0\0\0\0\0\0\
\x01\0\0\0\x66\0\0\0\xe8\x01\0\0\0\0\0\0\x01\0\0\0\x6d\0\0\0\x10\x02\0\0\0\0\0\
\0\x01\0\0\0\x66\0\0\0\x48\x02\0\0\0\0\0\0\x01\0\0\0\x69\0\0\0\x68\x02\0\0\0\0\
\0\0\x01\0\0\0\x6a\0\0\0\x88\x02\0\0\0\0\0\0\x01\0\0\0\x6b\0\0\0\x20\x03\0\0\0\
\0\0\0\x01\0\0\0\x6c\0\0\0\x40\x03\0\0\0\0\0\0\x01\0\0\0\x6d\0\0\0\x68\x03\0\0\
\0\0\0\0\x01\0\0\0\x66\0\0\0\x98\x03\0\0\0\0\0\0\x0a\0\0\0\x01\0\0\0\x78\0\0\0\
\0\0\0\0\x01\0\0\0\x70\0\0\0\xb0\0\0\0\0\0\0\0\x01\0\0\0\x70\0\0\0\0\x01\0\0\0\
\0\0\0\x01\0\0\0\x71\0\0\0\x20\x01\0\0\0\0\0\0\x01\0\0\0\x66\0\0\0\x88\x01\0\0\
\0\0\0\0\x01\0\0\0\x6d\0\0\0\xb0\x01\0\0\0\0\0\0\x01\0\0\0\x66\0\0\0\x20\0\0\0\
\0\0\0\0\x01\0\0\0\x8e\0\0\0\x70\0\0\0\0\0\0\0\x01\0\0\0\x69\0\0\0\x90\0\0\0\0\
\0\0\0\x01\0\0\0\x6a\0\0\0\xb0\0\0\0\0\0\0\0\x01\0\0\0\x6b\0\0\0\x48\x01\0\0\0\
\0\0\0\x01\0\0\0\x6c\0\0\0\x68\x01\0\0\0\0\0\0\x01\0\0\0\x6d\0\0\0\x90\x01\0\0\
\0\0\0\0\x01\0\0\0\x66\0\0\0\xf8\x01\0\0\0\0\0\0\x0a\0\0\0\x01\0\0\0\x58\0\0\0\
\0\0\0\0\x01\0\0\0\x70\0\0\0\x90\0\0\0\0\0\0\0\x01\0\0\0\x70\0\0\0\xe0\0\0\0\0\
\0\0\0\x01\0\0\0\x71\0\0\0\0\x01\0\0\0\0\0\0\x01\0\0\0\x66\0\0\0\x68\x01\0\0\0\
\0\0\0\x01\0\0\0\x6d\0\0\0\x90\x01\0\0\0\0\0\0\x01\0\0\0\x66\0\0\0\x50\0\0\0\0\
\0\0\0\x01\0\0\0\x69\0\0\0\x70\0\0\0\0\0\0\0\x01\0\0\0\x6a\0\0\0\x90\0\0\0\0\0\
\0\0\x01\0\0\0\x6b\0\0\0\x28\x01\0\0\0\0\0\0\x01\0\0\0\x6c\0\0\0\x48\x01\0\0\0\
\0\0\0\x01\0\0\0\x6d\0\0\0\x70\x01\0\0\0\0\0\0\x01\0\0\0\x66\0\0\0\xd8\x01\0\0\
\0\0\0\0\x0a\0\0\0\x01\0\0\0\x58\0\0\0\0\0\0\0\x01\0\0\0\x70\0\0\0\x90\0\0\0\0\
\0\0\0\x01\0\0\0\x70\0\0\0\xe0\0\0\0\0\0\0\0\x01\0\0\0\x71\0\0\0\0\x01\0\0\0\0\
\0\0\x01\0\0\0\x66\0\0\0\x68\x01\0\0\0\0\0\0\x01\0\0\0\x6d\0\0\0\x90\x01\0\0\0\
\0\0\0\x01\0\0\0\x66\0\0\0\xdc\x0d\0\0\0\0\0\0\x04\0\0\0\x67\0\0\0\xf4\x0d\0\0\
\0\0\0\0\x04\0\0\0\x6c\0\0\0\0\x0e\0\0\0\0\0\0\x04\0\0\0\x70\0\0\0\x0c\x0e\0\0\
\0\0\0\0\x04\0\0\0\x71\0\0\0\x18\x0e\0\0\0\0\0\0\x04\0\0\0\x7a\0\0\0\x24\x0e\0\
\0\0\0\0\0\x04\0\0\0\x87\0\0\0\x3c\x0e\0\0\0\0\0\0\x03\0\0\0\x69\0\0\0\x48\x0e\
\0\0\0\0\0\0\x03\0\0\0\x6a\0\0\0\x54\x0e\0\0\0\0\0\0\x03\0\0\0\x8e\0\0\0\x60\
\x0e\0\0\0\0\0\0\x03\0\0\0\x6b\0\0\0\x6c\x0e\0\0\0\0\0\0\x03\0\0\0\x6d\0\0\0\
\x78\x0e\0\0\0\0\0\0\x03\0\0\0\x86\0\0\0\x84\x0e\0\0\0\0\0\0\x03\0\0\0\x85\0\0\
\0\x90\x0e\0\0\0\0\0\0\x03\0\0\0\x66\0\0\0\x9c\x0e\0\0\0\0\0\0\x03\0\0\0\x66\0\
\0\0\xa8\x0e\0\0\0\0\0\0\x03\0\0\0\x66\0\0\0\xb4\x0e\0\0\0\0\0\0\x03\0\0\0\x66\
\0\0\0\xcc\x0e\0\0\0\0\0\0\x04\0\0\0\x92\0\0\0\x2c\0\0\0\0\0\0\0\x04\0\0\0\x02\
\0\0\0\x34\0\0\0\0\0\0\0\x04\0\0\0\x02\0\0\0\x3c\0\0\0\0\0\0\0\x04\0\0\0\x02\0\
\0\0\x44\0\0\0\0\0\0\0\x04\0\0\0\x02\0\0\0\x4c\0\0\0\0\0\0\0\x04\0\0\0\x02\0\0\
\0\x54\0\0\0\0\0\0\0\x04\0\0\0\x02\0\0\0\x5c\0\0\0\0\0\0\0\x04\0\0\0\x02\0\0\0\
\x64\0\0\0\0\0\0\0\x04\0\0\0\x02\0\0\0\x6c\0\0\0\0\0\0\0\x04\0\0\0\x02\0\0\0\
\x74\0\0\0\0\0\0\0\x04\0\0\0\x02\0\0\0\x7c\0\0\0\0\0\0\0\x04\0\0\0\x02\0\0\0\
\x8c\0\0\0\0\0\0\0\x04\0\0\0\x06\0\0\0\x94\0\0\0\0\0\0\0\x04\0\0\0\x06\0\0\0\
\x9c\0\0\0\0\0\0\0\x04\0\0\0\x06\0\0\0\xa4\0\0\0\0\0\0\0\x04\0\0\0\x06\0\0\0\
\xac\0\0\0\0\0\0\0\x04\0\0\0\x06\0\0\0\xb4\0\0\0\0\0\0\0\x04\0\0\0\x06\0\0\0\
\xbc\0\0\0\0\0\0\0\x04\0\0\0\x06\0\0\0\xc4\0\0\0\0\0\0\0\x04\0\0\0\x06\0\0\0\
\xcc\0\0\0\0\0\0\0\x04\0\0\0\x06\0\0\0\xdc\0\0\0\0\0\0\0\x04\0\0\0\x24\0\0\0\
\xec\0\0\0\0\0\0\0\x04\0\0\0\x01\0\0\0\xfc\0\0\0\0\0\0\0\x04\0\0\0\x33\0\0\0\
\x0c\x01\0\0\0\0\0\0\x04\0\0\0\x3b\0\0\0\x1c\x01\0\0\0\0\0\0\x04\0\0\0\x41\0\0\
\0\x2c\x01\0\0\0\0\0\0\x04\0\0\0\x4a\0\0\0\x3c\x01\0\0\0\0\0\0\x04\0\0\0\x52\0\
\0\0\x4c\x01\0\0\0\0\0\0\x04\0\0\0\x58\0\0\0\x5c\x01\0\0\0\0\0\0\x04\0\0\0\x5b\
\0\0\0\x6c\x01\0\0\0\0\0\0\x04\0\0\0\x5f\0\0\0\x7c\x01\0\0\0\0\0\0\x04\0\0\0\
\x62\0\0\0\x90\x01\0\0\0\0\0\0\x04\0\0\0\x02\0\0\0\xa0\x01\0\0\0\0\0\0\x04\0\0\
\0\x02\0\0\0\xb0\x01\0\0\0\0\0\0\x04\0\0\0\x02\0\0\0\xc0\x01\0\0\0\0\0\0\x04\0\
\0\0\x02\0\0\0\xd0\x01\0\0\0\0\0\0\x04\0\0\0\x02\0\0\0\xe0\x01\0\0\0\0\0\0\x04\
\0\0\0\x02\0\0\0\xf0\x01\0\0\0\0\0\0\x04\0\0\0\x02\0\0\0\0\x02\0\0\0\0\0\0\x04\
\0\0\0\x02\0\0\0\x10\x02\0\0\0\0\0\0\x04\0\0\0\x02\0\0\0\x20\x02\0\0\0\0\0\0\
\x04\0\0\0\x02\0\0\0\x30\x02\0\0\0\0\0\0\x04\0\0\0\x02\0\0\0\x40\x02\0\0\0\0\0\
\0\x04\0\0\0\x02\0\0\0\x50\x02\0\0\0\0\0\0\x04\0\0\0\x02\0\0\0\x60\x02\0\0\0\0\
\0\0\x04\0\0\0\x02\0\0\0\x70\x02\0\0\0\0\0\0\x04\0\0\0\x02\0\0\0\x80\x02\0\0\0\
\0\0\0\x04\0\0\0\x02\0\0\0\x90\x02\0\0\0\0\0\0\x04\0\0\0\x02\0\0\0\xa0\x02\0\0\
\0\0\0\0\x04\0\0\0\x02\0\0\0\xb0\x02\0\0\0\0\0\0\x04\0\0\0\x02\0\0\0\xc0\x02\0\
\0\0\0\0\0\x04\0\0\0\x02\0\0\0\xd0\x02\0\0\0\0\0\0\x04\0\0\0\x02\0\0\0\xe0\x02\
\0\0\0\0\0\0\x04\0\0\0\x02\0\0\0\xf0\x02\0\0\0\0\0\0\x04\0\0\0\x02\0\0\0\0\x03\
\0\0\0\0\0\0\x04\0\0\0\x02\0\0\0\x10\x03\0\0\0\0\0\0\x04\0\0\0\x02\0\0\0\x20\
\x03\0\0\0\0\0\0\x04\0\0\0\x02\0\0\0\x30\x03\0\0\0\0\0\0\x04\0\0\0\x02\0\0\0\
\x40\x03\0\0\0\0\0\0\x04\0\0\0\x02\0\0\0\x50\x03\0\0\0\0\0\0\x04\0\0\0\x02\0\0\
\0\x60\x03\0\0\0\0\0\0\x04\0\0\0\x02\0\0\0\x70\x03\0\0\0\0\0\0\x04\0\0\0\x02\0\
\0\0\x80\x03\0\0\0\0\0\0\x04\0\0\0\x02\0\0\0\x90\x03\0\0\0\0\0\0\x04\0\0\0\x02\
\0\0\0\xa0\x03\0\0\0\0\0\0\x04\0\0\0\x02\0\0\0\xb0\x03\0\0\0\0\0\0\x04\0\0\0\
\x02\0\0\0\xc0\x03\0\0\0\0\0\0\x04\0\0\0\x02\0\0\0\xd0\x03\0\0\0\0\0\0\x04\0\0\
\0\x02\0\0\0\xe0\x03\0\0\0\0\0\0\x04\0\0\0\x02\0\0\0\xf0\x03\0\0\0\0\0\0\x04\0\
\0\0\x02\0\0\0\0\x04\0\0\0\0\0\0\x04\0\0\0\x02\0\0\0\x10\x04\0\0\0\0\0\0\x04\0\
\0\0\x02\0\0\0\x20\x04\0\0\0\0\0\0\x04\0\0\0\x02\0\0\0\x30\x04\0\0\0\0\0\0\x04\
\0\0\0\x02\0\0\0\x40\x04\0\0\0\0\0\0\x04\0\0\0\x02\0\0\0\x50\x04\0\0\0\0\0\0\
\x04\0\0\0\x02\0\0\0\x60\x04\0\0\0\0\0\0\x04\0\0\0\x02\0\0\0\x70\x04\0\0\0\0\0\
\0\x04\0\0\0\x02\0\0\0\x80\x04\0\0\0\0\0\0\x04\0\0\0\x02\0\0\0\x90\x04\0\0\0\0\
\0\0\x04\0\0\0\x02\0\0\0\xa0\x04\0\0\0\0\0\0\x04\0\0\0\x02\0\0\0\xb0\x04\0\0\0\
\0\0\0\x04\0\0\0\x02\0\0\0\xc0\x04\0\0\0\0\0\0\x04\0\0\0\x02\0\0\0\xd0\x04\0\0\
\0\0\0\0\x04\0\0\0\x02\0\0\0\xe0\x04\0\0\0\0\0\0\x04\0\0\0\x02\0\0\0\xf0\x04\0\
\0\0\0\0\0\x04\0\0\0\x02\0\0\0\0\x05\0\0\0\0\0\0\x04\0\0\0\x02\0\0\0\x10\x05\0\
\0\0\0\0\0\x04\0\0\0\x02\0\0\0\x20\x05\0\0\0\0\0\0\x04\0\0\0\x02\0\0\0\x30\x05\
\0\0\0\0\0\0\x04\0\0\0\x02\0\0\0\x40\x05\0\0\0\0\0\0\x04\0\0\0\x02\0\0\0\x50\
\x05\0\0\0\0\0\0\x04\0\0\0\x02\0\0\0\x60\x05\0\0\0\0\0\0\x04\0\0\0\x02\0\0\0\
\x70\x05\0\0\0\0\0\0\x04\0\0\0\x02\0\0\0\x80\x05\0\0\0\0\0\0\x04\0\0\0\x02\0\0\
\0\x90\x05\0\0\0\0\0\0\x04\0\0\0\x02\0\0\0\xa0\x05\0\0\0\0\0\0\x04\0\0\0\x02\0\
\0\0\xb0\x05\0\0\0\0\0\0\x04\0\0\0\x02\0\0\0\xc0\x05\0\0\0\0\0\0\x04\0\0\0\x02\
\0\0\0\xd0\x05\0\0\0\0\0\0\x04\0\0\0\x02\0\0\0\xe0\x05\0\0\0\0\0\0\x04\0\0\0\
\x02\0\0\0\xf0\x05\0\0\0\0\0\0\x04\0\0\0\x02\0\0\0\0\x06\0\0\0\0\0\0\x04\0\0\0\
\x02\0\0\0\x10\x06\0\0\0\0\0\0\x04\0\0\0\x02\0\0\0\x20\x06\0\0\0\0\0\0\x04\0\0\
\0\x02\0\0\0\x30\x06\0\0\0\0\0\0\x04\0\0\0\x02\0\0\0\x40\x06\0\0\0\0\0\0\x04\0\
\0\0\x02\0\0\0\x50\x06\0\0\0\0\0\0\x04\0\0\0\x02\0\0\0\x60\x06\0\0\0\0\0\0\x04\
\0\0\0\x02\0\0\0\x70\x06\0\0\0\0\0\0\x04\0\0\0\x02\0\0\0\x80\x06\0\0\0\0\0\0\
\x04\0\0\0\x02\0\0\0\x90\x06\0\0\0\0\0\0\x04\0\0\0\x02\0\0\0\xa0\x06\0\0\0\0\0\
\0\x04\0\0\0\x02\0\0\0\xb0\x06\0\0\0\0\0\0\x04\0\0\0\x02\0\0\0\xc0\x06\0\0\0\0\
\0\0\x04\0\0\0\x02\0\0\0\xd0\x06\0\0\0\0\0\0\x04\0\0\0\x02\0\0\0\xe0\x06\0\0\0\
\0\0\0\x04\0\0\0\x02\0\0\0\xf0\x06\0\0\0\0\0\0\x04\0\0\0\x02\0\0\0\0\x07\0\0\0\
\0\0\0\x04\0\0\0\x02\0\0\0\x10\x07\0\0\0\0\0\0\x04\0\0\0\x02\0\0\0\x20\x07\0\0\
\0\0\0\0\x04\0\0\0\x02\0\0\0\x30\x07\0\0\0\0\0\0\x04\0\0\0\x02\0\0\0\x40\x07\0\
\0\0\0\0\0\x04\0\0\0\x02\0\0\0\x50\x07\0\0\0\0\0\0\x04\0\0\0\x02\0\0\0\x60\x07\
\0\0\0\0\0\0\x04\0\0\0\x02\0\0\0\x70\x07\0\0\0\0\0\0\x04\0\0\0\x02\0\0\0\x80\
\x07\0\0\0\0\0\0\x04\0\0\0\x02\0\0\0\x90\x07\0\0\0\0\0\0\x04\0\0\0\x02\0\0\0\
\xa0\x07\0\0\0\0\0\0\x04\0\0\0\x02\0\0\0\xb0\x07\0\0\0\0\0\0\x04\0\0\0\x02\0\0\
\0\xc0\x07\0\0\0\0\0\0\x04\0\0\0\x02\0\0\0\xd0\x07\0\0\0\0\0\0\x04\0\0\0\x02\0\
\0\0\xe0\x07\0\0\0\0\0\0\x04\0\0\0\x02\0\0\0\xf0\x07\0\0\0\0\0\0\x04\0\0\0\x02\
\0\0\0\0\x08\0\0\0\0\0\0\x04\0\0\0\x02\0\0\0\x10\x08\0\0\0\0\0\0\x04\0\0\0\x02\
\0\0\0\x20\x08\0\0\0\0\0\0\x04\0\0\0\x02\0\0\0\x30\x08\0\0\0\0\0\0\x04\0\0\0\
\x02\0\0\0\x40\x08\0\0\0\0\0\0\x04\0\0\0\x02\0\0\0\x50\x08\0\0\0\0\0\0\x04\0\0\
\0\x02\0\0\0\x60\x08\0\0\0\0\0\0\x04\0\0\0\x02\0\0\0\x70\x08\0\0\0\0\0\0\x04\0\
\0\0\x02\0\0\0\x80\x08\0\0\0\0\0\0\x04\0\0\0\x02\0\0\0\x90\x08\0\0\0\0\0\0\x04\
\0\0\0\x02\0\0\0\xa0\x08\0\0\0\0\0\0\x04\0\0\0\x02\0\0\0\xb0\x08\0\0\0\0\0\0\
\x04\0\0\0\x02\0\0\0\xc0\x08\0\0\0\0\0\0\x04\0\0\0\x02\0\0\0\xd0\x08\0\0\0\0\0\
\0\x04\0\0\0\x02\0\0\0\xe0\x08\0\0\0\0\0\0\x04\0\0\0\x02\0\0\0\xf0\x08\0\0\0\0\
\0\0\x04\0\0\0\x02\0\0\0\0\x09\0\0\0\0\0\0\x04\0\0\0\x02\0\0\0\x10\x09\0\0\0\0\
\0\0\x04\0\0\0\x02\0\0\0\x20\x09\0\0\0\0\0\0\x04\0\0\0\x02\0\0\0\x30\x09\0\0\0\
\0\0\0\x04\0\0\0\x02\0\0\0\x40\x09\0\0\0\0\0\0\x04\0\0\0\x02\0\0\0\x50\x09\0\0\
\0\0\0\0\x04\0\0\0\x02\0\0\0\x60\x09\0\0\0\0\0\0\x04\0\0\0\x02\0\0\0\x70\x09\0\
\0\0\0\0\0\x04\0\0\0\x02\0\0\0\x80\x09\0\0\0\0\0\0\x04\0\0\0\x02\0\0\0\x90\x09\
\0\0\0\0\0\0\x04\0\0\0\x02\0\0\0\xa0\x09\0\0\0\0\0\0\x04\0\0\0\x02\0\0\0\xb0\
\x09\0\0\0\0\0\0\x04\0\0\0\x02\0\0\0\xc0\x09\0\0\0\0\0\0\x04\0\0\0\x02\0\0\0\
\xd0\x09\0\0\0\0\0\0\x04\0\0\0\x02\0\0\0\xe0\x09\0\0\0\0\0\0\x04\0\0\0\x02\0\0\
\0\xf0\x09\0\0\0\0\0\0\x04\0\0\0\x02\0\0\0\0\x0a\0\0\0\0\0\0\x04\0\0\0\x02\0\0\
\0\x10\x0a\0\0\0\0\0\0\x04\0\0\0\x02\0\0\0\x20\x0a\0\0\0\0\0\0\x04\0\0\0\x02\0\
\0\0\x30\x0a\0\0\0\0\0\0\x04\0\0\0\x02\0\0\0\x40\x0a\0\0\0\0\0\0\x04\0\0\0\x02\
\0\0\0\x50\x0a\0\0\0\0\0\0\x04\0\0\0\x02\0\0\0\x60\x0a\0\0\0\0\0\0\x04\0\0\0\
\x02\0\0\0\x70\x0a\0\0\0\0\0\0\x04\0\0\0\x02\0\0\0\x80\x0a\0\0\0\0\0\0\x04\0\0\
\0\x02\0\0\0\x90\x0a\0\0\0\0\0\0\x04\0\0\0\x02\0\0\0\xa0\x0a\0\0\0\0\0\0\x04\0\
\0\0\x02\0\0\0\xb0\x0a\0\0\0\0\0\0\x04\0\0\0\x02\0\0\0\xc0\x0a\0\0\0\0\0\0\x04\
\0\0\0\x02\0\0\0\xd0\x0a\0\0\0\0\0\0\x04\0\0\0\x02\0\0\0\xe0\x0a\0\0\0\0\0\0\
\x04\0\0\0\x02\0\0\0\xf0\x0a\0\0\0\0\0\0\x04\0\0\0\x02\0\0\0\0\x0b\0\0\0\0\0\0\
\x04\0\0\0\x02\0\0\0\x10\x0b\0\0\0\0\0\0\x04\0\0\0\x02\0\0\0\x20\x0b\0\0\0\0\0\
\0\x04\0\0\0\x02\0\0\0\x30\x0b\0\0\0\0\0\0\x04\0\0\0\x02\0\0\0\x40\x0b\0\0\0\0\
\0\0\x04\0\0\0\x02\0\0\0\x50\x0b\0\0\0\0\0\0\x04\0\0\0\x02\0\0\0\x60\x0b\0\0\0\
\0\0\0\x04\0\0\0\x02\0\0\0\x70\x0b\0\0\0\0\0\0\x04\0\0\0\x02\0\0\0\x80\x0b\0\0\
\0\0\0\0\x04\0\0\0\x02\0\0\0\x90\x0b\0\0\0\0\0\0\x04\0\0\0\x02\0\0\0\xa0\x0b\0\
\0\0\0\0\0\x04\0\0\0\x02\0\0\0\xb0\x0b\0\0\0\0\0\0\x04\0\0\0\x02\0\0\0\xc0\x0b\
\0\0\0\0\0\0\x04\0\0\0\x02\0\0\0\xd0\x0b\0\0\0\0\0\0\x04\0\0\0\x02\0\0\0\xe0\
\x0b\0\0\0\0\0\0\x04\0\0\0\x02\0\0\0\xf0\x0b\0\0\0\0\0\0\x04\0\0\0\x02\0\0\0\0\
\x0c\0\0\0\0\0\0\x04\0\0\0\x02\0\0\0\x10\x0c\0\0\0\0\0\0\x04\0\0\0\x02\0\0\0\
\x20\x0c\0\0\0\0\0\0\x04\0\0\0\x02\0\0\0\x30\x0c\0\0\0\0\0\0\x04\0\0\0\x02\0\0\
\0\x40\x0c\0\0\0\0\0\0\x04\0\0\0\x02\0\0\0\x50\x0c\0\0\0\0\0\0\x04\0\0\0\x02\0\
\0\0\x60\x0c\0\0\0\0\0\0\x04\0\0\0\x02\0\0\0\x70\x0c\0\0\0\0\0\0\x04\0\0\0\x02\
\0\0\0\x80\x0c\0\0\0\0\0\0\x04\0\0\0\x02\0\0\0\x90\x0c\0\0\0\0\0\0\x04\0\0\0\
\x02\0\0\0\xa0\x0c\0\0\0\0\0\0\x04\0\0\0\x02\0\0\0\xb0\x0c\0\0\0\0\0\0\x04\0\0\
\0\x02\0\0\0\xc0\x0c\0\0\0\0\0\0\x04\0\0\0\x02\0\0\0\xd0\x0c\0\0\0\0\0\0\x04\0\
\0\0\x02\0\0\0\xe0\x0c\0\0\0\0\0\0\x04\0\0\0\x02\0\0\0\xf0\x0c\0\0\0\0\0\0\x04\
\0\0\0\x02\0\0\0\0\x0d\0\0\0\0\0\0\x04\0\0\0\x02\0\0\0\x10\x0d\0\0\0\0\0\0\x04\
\0\0\0\x02\0\0\0\x20\x0d\0\0\0\0\0\0\x04\0\0\0\x02\0\0\0\x30\x0d\0\0\0\0\0\0\
\x04\0\0\0\x02\0\0\0\x40\x0d\0\0\0\0\0\0\x04\0\0\0\x02\0\0\0\x50\x0d\0\0\0\0\0\
\0\x04\0\0\0\x02\0\0\0\x60\x0d\0\0\0\0\0\0\x04\0\0\0\x02\0\0\0\x70\x0d\0\0\0\0\
\0\0\x04\0\0\0\x02\0\0\0\x80\x0d\0\0\0\0\0\0\x04\0\0\0\x02\0\0\0\x90\x0d\0\0\0\
\0\0\0\x04\0\0\0\x02\0\0\0\xa0\x0d\0\0\0\0\0\0\x04\0\0\0\x02\0\0\0\xb0\x0d\0\0\
\0\0\0\0\x04\0\0\0\x02\0\0\0\xc0\x0d\0\0\0\0\0\0\x04\0\0\0\x02\0\0\0\xd0\x0d\0\
\0\0\0\0\0\x04\0\0\0\x02\0\0\0\xe0\x0d\0\0\0\0\0\0\x04\0\0\0\x02\0\0\0\xf0\x0d\
\0\0\0\0\0\0\x04\0\0\0\x02\0\0\0\0\x0e\0\0\0\0\0\0\x04\0\0\0\x02\0\0\0\x10\x0e\
\0\0\0\0\0\0\x04\0\0\0\x02\0\0\0\x20\x0e\0\0\0\0\0\0\x04\0\0\0\x02\0\0\0\x30\
\x0e\0\0\0\0\0\0\x04\0\0\0\x02\0\0\0\x40\x0e\0\0\0\0\0\0\x04\0\0\0\x02\0\0\0\
\x50\x0e\0\0\0\0\0\0\x04\0\0\0\x02\0\0\0\x60\x0e\0\0\0\0\0\0\x04\0\0\0\x02\0\0\
\0\x70\x0e\0\0\0\0\0\0\x04\0\0\0\x02\0\0\0\x80\x0e\0\0\0\0\0\0\x04\0\0\0\x02\0\
\0\0\x90\x0e\0\0\0\0\0\0\x04\0\0\0\x02\0\0\0\xa0\x0e\0\0\0\0\0\0\x04\0\0\0\x02\
\0\0\0\xb0\x0e\0\0\0\0\0\0\x04\0\0\0\x02\0\0\0\xc0\x0e\0\0\0\0\0\0\x04\0\0\0\
\x02\0\0\0\xd0\x0e\0\0\0\0\0\0\x04\0\0\0\x02\0\0\0\xe0\x0e\0\0\0\0\0\0\x04\0\0\
\0\x02\0\0\0\xf0\x0e\0\0\0\0\0\0\x04\0\0\0\x02\0\0\0\0\x0f\0\0\0\0\0\0\x04\0\0\
\0\x02\0\0\0\x10\x0f\0\0\0\0\0\0\x04\0\0\0\x02\0\0\0\x20\x0f\0\0\0\0\0\0\x04\0\
\0\0\x02\0\0\0\x30\x0f\0\0\0\0\0\0\x04\0\0\0\x02\0\0\0\x40\x0f\0\0\0\0\0\0\x04\
\0\0\0\x02\0\0\0\x50\x0f\0\0\0\0\0\0\x04\0\0\0\x02\0\0\0\x60\x0f\0\0\0\0\0\0\
\x04\0\0\0\x02\0\0\0\x70\x0f\0\0\0\0\0\0\x04\0\0\0\x02\0\0\0\x80\x0f\0\0\0\0\0\
\0\x04\0\0\0\x02\0\0\0\x90\x0f\0\0\0\0\0\0\x04\0\0\0\x02\0\0\0\xa0\x0f\0\0\0\0\
\0\0\x04\0\0\0\x02\0\0\0\xb0\x0f\0\0\0\0\0\0\x04\0\0\0\x02\0\0\0\xc0\x0f\0\0\0\
\0\0\0\x04\0\0\0\x02\0\0\0\xd0\x0f\0\0\0\0\0\0\x04\0\0\0\x02\0\0\0\xe0\x0f\0\0\
\0\0\0\0\x04\0\0\0\x02\0\0\0\xf0\x0f\0\0\0\0\0\0\x04\0\0\0\x02\0\0\0\0\x10\0\0\
\0\0\0\0\x04\0\0\0\x02\0\0\0\x10\x10\0\0\0\0\0\0\x04\0\0\0\x02\0\0\0\x20\x10\0\
\0\0\0\0\0\x04\0\0\0\x02\0\0\0\x30\x10\0\0\0\0\0\0\x04\0\0\0\x02\0\0\0\x40\x10\
\0\0\0\0\0\0\x04\0\0\0\x02\0\0\0\x50\x10\0\0\0\0\0\0\x04\0\0\0\x02\0\0\0\x60\
\x10\0\0\0\0\0\0\x04\0\0\0\x02\0\0\0\x70\x10\0\0\0\0\0\0\x04\0\0\0\x02\0\0\0\
\x80\x10\0\0\0\0\0\0\x04\0\0\0\x02\0\0\0\x90\x10\0\0\0\0\0\0\x04\0\0\0\x02\0\0\
\0\xa0\x10\0\0\0\0\0\0\x04\0\0\0\x02\0\0\0\xb8\x10\0\0\0\0\0\0\x04\0\0\0\x06\0\
\0\0\xc8\x10\0\0\0\0\0\0\x04\0\0\0\x06\0\0\0\xd8\x10\0\0\0\0\0\0\x04\0\0\0\x06\
\0\0\0\xe8\x10\0\0\0\0\0\0\x04\0\0\0\x06\0\0\0\xf8\x10\0\0\0\0\0\0\x04\0\0\0\
\x06\0\0\0\x08\x11\0\0\0\0\0\0\x04\0\0\0\x06\0\0\0\x18\x11\0\0\0\0\0\0\x04\0\0\
\0\x06\0\0\0\x28\x11\0\0\0\0\0\0\x04\0\0\0\x06\0\0\0\x38\x11\0\0\0\0\0\0\x04\0\
\0\0\x06\0\0\0\x48\x11\0\0\0\0\0\0\x04\0\0\0\x06\0\0\0\x58\x11\0\0\0\0\0\0\x04\
\0\0\0\x06\0\0\0\x68\x11\0\0\0\0\0\0\x04\0\0\0\x06\0\0\0\x78\x11\0\0\0\0\0\0\
\x04\0\0\0\x06\0\0\0\x88\x11\0\0\0\0\0\0\x04\0\0\0\x06\0\0\0\x98\x11\0\0\0\0\0\
\0\x04\0\0\0\x06\0\0\0\xa8\x11\0\0\0\0\0\0\x04\0\0\0\x06\0\0\0\xb8\x11\0\0\0\0\
\0\0\x04\0\0\0\x06\0\0\0\xc8\x11\0\0\0\0\0\0\x04\0\0\0\x06\0\0\0\xd8\x11\0\0\0\
\0\0\0\x04\0\0\0\x06\0\0\0\xe8\x11\0\0\0\0\0\0\x04\0\0\0\x06\0\0\0\xf8\x11\0\0\
\0\0\0\0\x04\0\0\0\x06\0\0\0\x08\x12\0\0\0\0\0\0\x04\0\0\0\x06\0\0\0\x18\x12\0\
\0\0\0\0\0\x04\0\0\0\x06\0\0\0\x28\x12\0\0\0\0\0\0\x04\0\0\0\x06\0\0\0\x38\x12\
\0\0\0\0\0\0\x04\0\0\0\x06\0\0\0\x48\x12\0\0\0\0\0\0\x04\0\0\0\x06\0\0\0\x58\
\x12\0\0\0\0\0\0\x04\0\0\0\x06\0\0\0\x68\x12\0\0\0\0\0\0\x04\0\0\0\x06\0\0\0\
\x78\x12\0\0\0\0\0\0\x04\0\0\0\x06\0\0\0\x88\x12\0\0\0\0\0\0\x04\0\0\0\x06\0\0\
\0\x98\x12\0\0\0\0\0\0\x04\0\0\0\x06\0\0\0\xa8\x12\0\0\0\0\0\0\x04\0\0\0\x06\0\
\0\0\xb8\x12\0\0\0\0\0\0\x04\0\0\0\x06\0\0\0\xc8\x12\0\0\0\0\0\0\x04\0\0\0\x06\
\0\0\0\xd8\x12\0\0\0\0\0\0\x04\0\0\0\x06\0\0\0\xe8\x12\0\0\0\0\0\0\x04\0\0\0\
\x06\0\0\0\xf8\x12\0\0\0\0\0\0\x04\0\0\0\x06\0\0\0\x08\x13\0\0\0\0\0\0\x04\0\0\
\0\x06\0\0\0\x18\x13\0\0\0\0\0\0\x04\0\0\0\x06\0\0\0\x28\x13\0\0\0\0\0\0\x04\0\
\0\0\x06\0\0\0\x40\x13\0\0\0\0\0\0\x04\0\0\0\x24\0\0\0\x50\x13\0\0\0\0\0\0\x04\
\0\0\0\x24\0\0\0\x60\x13\0\0\0\0\0\0\x04\0\0\0\x24\0\0\0\x70\x13\0\0\0\0\0\0\
\x04\0\0\0\x24\0\0\0\x80\x13\0\0\0\0\0\0\x04\0\0\0\x24\0\0\0\x90\x13\0\0\0\0\0\
\0\x04\0\0\0\x24\0\0\0\xa0\x13\0\0\0\0\0\0\x04\0\0\0\x24\0\0\0\xb0\x13\0\0\0\0\
\0\0\x04\0\0\0\x24\0\0\0\xc0\x13\0\0\0\0\0\0\x04\0\0\0\x24\0\0\0\xd0\x13\0\0\0\
\0\0\0\x04\0\0\0\x24\0\0\0\xe0\x13\0\0\0\0\0\0\x04\0\0\0\x24\0\0\0\xf0\x13\0\0\
\0\0\0\0\x04\0\0\0\x24\0\0\0\0\x14\0\0\0\0\0\0\x04\0\0\0\x24\0\0\0\x10\x14\0\0\
\0\0\0\0\x04\0\0\0\x24\0\0\0\x20\x14\0\0\0\0\0\0\x04\0\0\0\x24\0\0\0\x30\x14\0\
\0\0\0\0\0\x04\0\0\0\x24\0\0\0\x40\x14\0\0\0\0\0\0\x04\0\0\0\x24\0\0\0\x50\x14\
\0\0\0\0\0\0\x04\0\0\0\x24\0\0\0\x60\x14\0\0\0\0\0\0\x04\0\0\0\x24\0\0\0\x70\
\x14\0\0\0\0\0\0\x04\0\0\0\x24\0\0\0\x80\x14\0\0\0\0\0\0\x04\0\0\0\x24\0\0\0\
\x90\x14\0\0\0\0\0\0\x04\0\0\0\x24\0\0\0\xa0\x14\0\0\0\0\0\0\x04\0\0\0\x24\0\0\
\0\xb0\x14\0\0\0\0\0\0\x04\0\0\0\x24\0\0\0\xc0\x14\0\0\0\0\0\0\x04\0\0\0\x24\0\
\0\0\xd0\x14\0\0\0\0\0\0\x04\0\0\0\x24\0\0\0\xe0\x14\0\0\0\0\0\0\x04\0\0\0\x24\
\0\0\0\xf0\x14\0\0\0\0\0\0\x04\0\0\0\x24\0\0\0\0\x15\0\0\0\0\0\0\x04\0\0\0\x24\
\0\0\0\x10\x15\0\0\0\0\0\0\x04\0\0\0\x24\0\0\0\x20\x15\0\0\0\0\0\0\x04\0\0\0\
\x24\0\0\0\x30\x15\0\0\0\0\0\0\x04\0\0\0\x24\0\0\0\x40\x15\0\0\0\0\0\0\x04\0\0\
\0\x24\0\0\0\x50\x15\0\0\0\0\0\0\x04\0\0\0\x24\0\0\0\x60\x15\0\0\0\0\0\0\x04\0\
\0\0\x24\0\0\0\x70\x15\0\0\0\0\0\0\x04\0\0\0\x24\0\0\0\x80\x15\0\0\0\0\0\0\x04\
\0\0\0\x24\0\0\0\x90\x15\0\0\0\0\0\0\x04\0\0\0\x24\0\0\0\xa0\x15\0\0\0\0\0\0\
\x04\0\0\0\x24\0\0\0\xb0\x15\0\0\0\0\0\0\x04\0\0\0\x24\0\0\0\xc0\x15\0\0\0\0\0\
\0\x04\0\0\0\x24\0\0\0\xd0\x15\0\0\0\0\0\0\x04\0\0\0\x24\0\0\0\xe0\x15\0\0\0\0\
\0\0\x04\0\0\0\x24\0\0\0\xf0\x15\0\0\0\0\0\0\x04\0\0\0\x24\0\0\0\0\x16\0\0\0\0\
\0\0\x04\0\0\0\x24\0\0\0\x10\x16\0\0\0\0\0\0\x04\0\0\0\x24\0\0\0\x28\x16\0\0\0\
\0\0\0\x04\0\0\0\x01\0\0\0\x38\x16\0\0\0\0\0\0\x04\0\0\0\x01\0\0\0\x48\x16\0\0\
\0\0\0\0\x04\0\0\0\x01\0\0\0\x58\x16\0\0\0\0\0\0\x04\0\0\0\x01\0\0\0\x68\x16\0\
\0\0\0\0\0\x04\0\0\0\x01\0\0\0\x78\x16\0\0\0\0\0\0\x04\0\0\0\x01\0\0\0\x88\x16\
\0\0\0\0\0\0\x04\0\0\0\x01\0\0\0\x98\x16\0\0\0\0\0\0\x04\0\0\0\x01\0\0\0\xa8\
\x16\0\0\0\0\0\0\x04\0\0\0\x01\0\0\0\xb8\x16\0\0\0\0\0\0\x04\0\0\0\x01\0\0\0\
\xc8\x16\0\0\0\0\0\0\x04\0\0\0\x01\0\0\0\xd8\x16\0\0\0\0\0\0\x04\0\0\0\x01\0\0\
\0\xe8\x16\0\0\0\0\0\0\x04\0\0\0\x01\0\0\0\xf8\x16\0\0\0\0\0\0\x04\0\0\0\x01\0\
\0\0\x08\x17\0\0\0\0\0\0\x04\0\0\0\x01\0\0\0\x18\x17\0\0\0\0\0\0\x04\0\0\0\x01\
\0\0\0\x28\x17\0\0\0\0\0\0\x04\0\0\0\x01\0\0\0\x38\x17\0\0\0\0\0\0\x04\0\0\0\
\x01\0\0\0\x48\x17\0\0\0\0\0\0\x04\0\0\0\x01\0\0\0\x58\x17\0\0\0\0\0\0\x04\0\0\
\0\x01\0\0\0\x68\x17\0\0\0\0\0\0\x04\0\0\0\x01\0\0\0\x78\x17\0\0\0\0\0\0\x04\0\
\0\0\x01\0\0\0\x88\x17\0\0\0\0\0\0\x04\0\0\0\x01\0\0\0\x98\x17\0\0\0\0\0\0\x04\
\0\0\0\x01\0\0\0\xa8\x17\0\0\0\0\0\0\x04\0\0\0\x01\0\0\0\xb8\x17\0\0\0\0\0\0\
\x04\0\0\0\x01\0\0\0\xc8\x17\0\0\0\0\0\0\x04\0\0\0\x01\0\0\0\xd8\x17\0\0\0\0\0\
\0\x04\0\0\0\x01\0\0\0\xe8\x17\0\0\0\0\0\0\x04\0\0\0\x01\0\0\0\xf8\x17\0\0\0\0\
\0\0\x04\0\0\0\x01\0\0\0\x08\x18\0\0\0\0\0\0\x04\0\0\0\x01\0\0\0\x18\x18\0\0\0\
\0\0\0\x04\0\0\0\x01\0\0\0\x28\x18\0\0\0\0\0\0\x04\0\0\0\x01\0\0\0\x38\x18\0\0\
\0\0\0\0\x04\0\0\0\x01\0\0\0\x48\x18\0\0\0\0\0\0\x04\0\0\0\x01\0\0\0\x60\x18\0\
\0\0\0\0\0\x04\0\0\0\x33\0\0\0\x70\x18\0\0\0\0\0\0\x04\0\0\0\x33\0\0\0\x80\x18\
\0\0\0\0\0\0\x04\0\0\0\x33\0\0\0\x90\x18\0\0\0\0\0\0\x04\0\0\0\x33\0\0\0\xa0\
\x18\0\0\0\0\0\0\x04\0\0\0\x33\0\0\0\xb0\x18\0\0\0\0\0\0\x04\0\0\0\x33\0\0\0\
\xc0\x18\0\0\0\0\0\0\x04\0\0\0\x33\0\0\0\xd0\x18\0\0\0\0\0\0\x04\0\0\0\x33\0\0\
\0\xe0\x18\0\0\0\0\0\0\x04\0\0\0\x33\0\0\0\xf0\x18\0\0\0\0\0\0\x04\0\0\0\x33\0\
\0\0\0\x19\0\0\0\0\0\0\x04\0\0\0\x33\0\0\0\x10\x19\0\0\0\0\0\0\x04\0\0\0\x33\0\
\0\0\x20\x19\0\0\0\0\0\0\x04\0\0\0\x33\0\0\0\x30\x19\0\0\0\0\0\0\x04\0\0\0\x33\
\0\0\0\x40\x19\0\0\0\0\0\0\x04\0\0\0\x33\0\0\0\x50\x19\0\0\0\0\0\0\x04\0\0\0\
\x33\0\0\0\x60\x19\0\0\0\0\0\0\x04\0\0\0\x33\0\0\0\x70\x19\0\0\0\0\0\0\x04\0\0\
\0\x33\0\0\0\x80\x19\0\0\0\0\0\0\x04\0\0\0\x33\0\0\0\x90\x19\0\0\0\0\0\0\x04\0\
\0\0\x33\0\0\0\xa0\x19\0\0\0\0\0\0\x04\0\0\0\x33\0\0\0\xb0\x19\0\0\0\0\0\0\x04\
\0\0\0\x33\0\0\0\xc0\x19\0\0\0\0\0\0\x04\0\0\0\x33\0\0\0\xd0\x19\0\0\0\0\0\0\
\x04\0\0\0\x33\0\0\0\xe0\x19\0\0\0\0\0\0\x04\0\0\0\x33\0\0\0\xf0\x19\0\0\0\0\0\
\0\x04\0\0\0\x33\0\0\0\0\x1a\0\0\0\0\0\0\x04\0\0\0\x33\0\0\0\x10\x1a\0\0\0\0\0\
\0\x04\0\0\0\x33\0\0\0\x20\x1a\0\0\0\0\0\0\x04\0\0\0\x33\0\0\0\x30\x1a\0\0\0\0\
\0\0\x04\0\0\0\x33\0\0\0\x40\x1a\0\0\0\0\0\0\x04\0\0\0\x33\0\0\0\x50\x1a\0\0\0\
\0\0\0\x04\0\0\0\x33\0\0\0\x60\x1a\0\0\0\0\0\0\x04\0\0\0\x33\0\0\0\x70\x1a\0\0\
\0\0\0\0\x04\0\0\0\x33\0\0\0\x80\x1a\0\0\0\0\0\0\x04\0\0\0\x33\0\0\0\x90\x1a\0\
\0\0\0\0\0\x04\0\0\0\x33\0\0\0\xa0\x1a\0\0\0\0\0\0\x04\0\0\0\x33\0\0\0\xb0\x1a\
\0\0\0\0\0\0\x04\0\0\0\x33\0\0\0\xc0\x1a\0\0\0\0\0\0\x04\0\0\0\x33\0\0\0\xd0\
\x1a\0\0\0\0\0\0\x04\0\0\0\x33\0\0\0\xe0\x1a\0\0\0\0\0\0\x04\0\0\0\x33\0\0\0\
\xf0\x1a\0\0\0\0\0\0\x04\0\0\0\x33\0\0\0\0\x1b\0\0\0\0\0\0\x04\0\0\0\x33\0\0\0\
\x10\x1b\0\0\0\0\0\0\x04\0\0\0\x33\0\0\0\x20\x1b\0\0\0\0\0\0\x04\0\0\0\x33\0\0\
\0\x30\x1b\0\0\0\0\0\0\x04\0\0\0\x33\0\0\0\x40\x1b\0\0\0\0\0\0\x04\0\0\0\x33\0\
\0\0\x58\x1b\0\0\0\0\0\0\x04\0\0\0\x3b\0\0\0\x68\x1b\0\0\0\0\0\0\x04\0\0\0\x3b\
\0\0\0\x78\x1b\0\0\0\0\0\0\x04\0\0\0\x3b\0\0\0\x88\x1b\0\0\0\0\0\0\x04\0\0\0\
\x3b\0\0\0\x98\x1b\0\0\0\0\0\0\x04\0\0\0\x3b\0\0\0\xa8\x1b\0\0\0\0\0\0\x04\0\0\
\0\x3b\0\0\0\xb8\x1b\0\0\0\0\0\0\x04\0\0\0\x3b\0\0\0\xc8\x1b\0\0\0\0\0\0\x04\0\
\0\0\x3b\0\0\0\xd8\x1b\0\0\0\0\0\0\x04\0\0\0\x3b\0\0\0\xe8\x1b\0\0\0\0\0\0\x04\
\0\0\0\x3b\0\0\0\xf8\x1b\0\0\0\0\0\0\x04\0\0\0\x3b\0\0\0\x08\x1c\0\0\0\0\0\0\
\x04\0\0\0\x3b\0\0\0\x18\x1c\0\0\0\0\0\0\x04\0\0\0\x3b\0\0\0\x28\x1c\0\0\0\0\0\
\0\x04\0\0\0\x3b\0\0\0\x38\x1c\0\0\0\0\0\0\x04\0\0\0\x3b\0\0\0\x48\x1c\0\0\0\0\
\0\0\x04\0\0\0\x3b\0\0\0\x58\x1c\0\0\0\0\0\0\x04\0\0\0\x3b\0\0\0\x68\x1c\0\0\0\
\0\0\0\x04\0\0\0\x3b\0\0\0\x78\x1c\0\0\0\0\0\0\x04\0\0\0\x3b\0\0\0\x88\x1c\0\0\
\0\0\0\0\x04\0\0\0\x3b\0\0\0\x98\x1c\0\0\0\0\0\0\x04\0\0\0\x3b\0\0\0\xb0\x1c\0\
\0\0\0\0\0\x04\0\0\0\x41\0\0\0\xc0\x1c\0\0\0\0\0\0\x04\0\0\0\x41\0\0\0\xd0\x1c\
\0\0\0\0\0\0\x04\0\0\0\x41\0\0\0\xe0\x1c\0\0\0\0\0\0\x04\0\0\0\x41\0\0\0\xf0\
\x1c\0\0\0\0\0\0\x04\0\0\0\x41\0\0\0\0\x1d\0\0\0\0\0\0\x04\0\0\0\x41\0\0\0\x10\
\x1d\0\0\0\0\0\0\x04\0\0\0\x41\0\0\0\x20\x1d\0\0\0\0\0\0\x04\0\0\0\x41\0\0\0\
\x30\x1d\0\0\0\0\0\0\x04\0\0\0\x41\0\0\0\x40\x1d\0\0\0\0\0\0\x04\0\0\0\x41\0\0\
\0\x50\x1d\0\0\0\0\0\0\x04\0\0\0\x41\0\0\0\x60\x1d\0\0\0\0\0\0\x04\0\0\0\x41\0\
\0\0\x70\x1d\0\0\0\0\0\0\x04\0\0\0\x41\0\0\0\x80\x1d\0\0\0\0\0\0\x04\0\0\0\x41\
\0\0\0\x90\x1d\0\0\0\0\0\0\x04\0\0\0\x41\0\0\0\xa0\x1d\0\0\0\0\0\0\x04\0\0\0\
\x41\0\0\0\xb0\x1d\0\0\0\0\0\0\x04\0\0\0\x41\0\0\0\xc0\x1d\0\0\0\0\0\0\x04\0\0\
\0\x41\0\0\0\xd0\x1d\0\0\0\0\0\0\x04\0\0\0\x41\0\0\0\xe0\x1d\0\0\0\0\0\0\x04\0\
\0\0\x41\0\0\0\xf0\x1d\0\0\0\0\0\0\x04\0\0\0\x41\0\0\0\0\x1e\0\0\0\0\0\0\x04\0\
\0\0\x41\0\0\0\x10\x1e\0\0\0\0\0\0\x04\0\0\0\x41\0\0\0\x20\x1e\0\0\0\0\0\0\x04\
\0\0\0\x41\0\0\0\x30\x1e\0\0\0\0\0\0\x04\0\0\0\x41\0\0\0\x40\x1e\0\0\0\0\0\0\
\x04\0\0\0\x41\0\0\0\x50\x1e\0\0\0\0\0\0\x04\0\0\0\x41\0\0\0\x60\x1e\0\0\0\0\0\
\0\x04\0\0\0\x41\0\0\0\x70\x1e\0\0\0\0\0\0\x04\0\0\0\x41\0\0\0\x80\x1e\0\0\0\0\
\0\0\x04\0\0\0\x41\0\0\0\x90\x1e\0\0\0\0\0\0\x04\0\0\0\x41\0\0\0\xa0\x1e\0\0\0\
\0\0\0\x04\0\0\0\x41\0\0\0\xb0\x1e\0\0\0\0\0\0\x04\0\0\0\x41\0\0\0\xc0\x1e\0\0\
\0\0\0\0\x04\0\0\0\x41\0\0\0\xd0\x1e\0\0\0\0\0\0\x04\0\0\0\x41\0\0\0\xe0\x1e\0\
\0\0\0\0\0\x04\0\0\0\x41\0\0\0\xf0\x1e\0\0\0\0\0\0\x04\0\0\0\x41\0\0\0\0\x1f\0\
\0\0\0\0\0\x04\0\0\0\x41\0\0\0\x10\x1f\0\0\0\0\0\0\x04\0\0\0\x41\0\0\0\x20\x1f\
\0\0\0\0\0\0\x04\0\0\0\x41\0\0\0\x30\x1f\0\0\0\0\0\0\x04\0\0\0\x41\0\0\0\x40\
\x1f\0\0\0\0\0\0\x04\0\0\0\x41\0\0\0\x50\x1f\0\0\0\0\0\0\x04\0\0\0\x41\0\0\0\
\x60\x1f\0\0\0\0\0\0\x04\0\0\0\x41\0\0\0\x70\x1f\0\0\0\0\0\0\x04\0\0\0\x41\0\0\
\0\x80\x1f\0\0\0\0\0\0\x04\0\0\0\x41\0\0\0\x98\x1f\0\0\0\0\0\0\x04\0\0\0\x4a\0\
\0\0\xa8\x1f\0\0\0\0\0\0\x04\0\0\0\x4a\0\0\0\xb8\x1f\0\0\0\0\0\0\x04\0\0\0\x4a\
\0\0\0\xc8\x1f\0\0\0\0\0\0\x04\0\0\0\x4a\0\0\0\xd8\x1f\0\0\0\0\0\0\x04\0\0\0\
\x4a\0\0\0\xe8\x1f\0\0\0\0\0\0\x04\0\0\0\x4a\0\0\0\xf8\x1f\0\0\0\0\0\0\x04\0\0\
\0\x4a\0\0\0\x08\x20\0\0\0\0\0\0\x04\0\0\0\x4a\0\0\0\x18\x20\0\0\0\0\0\0\x04\0\
\0\0\x4a\0\0\0\x28\x20\0\0\0\0\0\0\x04\0\0\0\x4a\0\0\0\x38\x20\0\0\0\0\0\0\x04\
\0\0\0\x4a\0\0\0\x48\x20\0\0\0\0\0\0\x04\0\0\0\x4a\0\0\0\x58\x20\0\0\0\0\0\0\
\x04\0\0\0\x4a\0\0\0\x68\x20\0\0\0\0\0\0\x04\0\0\0\x4a\0\0\0\x78\x20\0\0\0\0\0\
\0\x04\0\0\0\x4a\0\0\0\x88\x20\0\0\0\0\0\0\x04\0\0\0\x4a\0\0\0\x98\x20\0\0\0\0\
\0\0\x04\0\0\0\x4a\0\0\0\xa8\x20\0\0\0\0\0\0\x04\0\0\0\x4a\0\0\0\xb8\x20\0\0\0\
\0\0\0\x04\0\0\0\x4a\0\0\0\xc8\x20\0\0\0\0\0\0\x04\0\0\0\x4a\0\0\0\xd8\x20\0\0\
\0\0\0\0\x04\0\0\0\x4a\0\0\0\xe8\x20\0\0\0\0\0\0\x04\0\0\0\x4a\0\0\0\xf8\x20\0\
\0\0\0\0\0\x04\0\0\0\x4a\0\0\0\x08\x21\0\0\0\0\0\0\x04\0\0\0\x4a\0\0\0\x18\x21\
\0\0\0\0\0\0\x04\0\0\0\x4a\0\0\0\x28\x21\0\0\0\0\0\0\x04\0\0\0\x4a\0\0\0\x38\
\x21\0\0\0\0\0\0\x04\0\0\0\x4a\0\0\0\x48\x21\0\0\0\0\0\0\x04\0\0\0\x4a\0\0\0\
\x58\x21\0\0\0\0\0\0\x04\0\0\0\x4a\0\0\0\x68\x21\0\0\0\0\0\0\x04\0\0\0\x4a\0\0\
\0\x78\x21\0\0\0\0\0\0\x04\0\0\0\x4a\0\0\0\x88\x21\0\0\0\0\0\0\x04\0\0\0\x4a\0\
\0\0\x98\x21\0\0\0\0\0\0\x04\0\0\0\x4a\0\0\0\xa8\x21\0\0\0\0\0\0\x04\0\0\0\x4a\
\0\0\0\xb8\x21\0\0\0\0\0\0\x04\0\0\0\x4a\0\0\0\xc8\x21\0\0\0\0\0\0\x04\0\0\0\
\x4a\0\0\0\xd8\x21\0\0\0\0\0\0\x04\0\0\0\x4a\0\0\0\xe8\x21\0\0\0\0\0\0\x04\0\0\
\0\x4a\0\0\0\xf8\x21\0\0\0\0\0\0\x04\0\0\0\x4a\0\0\0\x08\x22\0\0\0\0\0\0\x04\0\
\0\0\x4a\0\0\0\x18\x22\0\0\0\0\0\0\x04\0\0\0\x4a\0\0\0\x28\x22\0\0\0\0\0\0\x04\
\0\0\0\x4a\0\0\0\x38\x22\0\0\0\0\0\0\x04\0\0\0\x4a\0\0\0\x48\x22\0\0\0\0\0\0\
\x04\0\0\0\x4a\0\0\0\x58\x22\0\0\0\0\0\0\x04\0\0\0\x4a\0\0\0\x68\x22\0\0\0\0\0\
\0\x04\0\0\0\x4a\0\0\0\x78\x22\0\0\0\0\0\0\x04\0\0\0\x4a\0\0\0\x90\x22\0\0\0\0\
\0\0\x04\0\0\0\x52\0\0\0\xa0\x22\0\0\0\0\0\0\x04\0\0\0\x52\0\0\0\xb0\x22\0\0\0\
\0\0\0\x04\0\0\0\x52\0\0\0\xc0\x22\0\0\0\0\0\0\x04\0\0\0\x52\0\0\0\xd0\x22\0\0\
\0\0\0\0\x04\0\0\0\x52\0\0\0\xe0\x22\0\0\0\0\0\0\x04\0\0\0\x52\0\0\0\xf0\x22\0\
\0\0\0\0\0\x04\0\0\0\x52\0\0\0\0\x23\0\0\0\0\0\0\x04\0\0\0\x52\0\0\0\x10\x23\0\
\0\0\0\0\0\x04\0\0\0\x52\0\0\0\x20\x23\0\0\0\0\0\0\x04\0\0\0\x52\0\0\0\x30\x23\
\0\0\0\0\0\0\x04\0\0\0\x52\0\0\0\x40\x23\0\0\0\0\0\0\x04\0\0\0\x52\0\0\0\x50\
\x23\0\0\0\0\0\0\x04\0\0\0\x52\0\0\0\x60\x23\0\0\0\0\0\0\x04\0\0\0\x52\0\0\0\
\x70\x23\0\0\0\0\0\0\x04\0\0\0\x52\0\0\0\x80\x23\0\0\0\0\0\0\x04\0\0\0\x52\0\0\
\0\x90\x23\0\0\0\0\0\0\x04\0\0\0\x52\0\0\0\xa0\x23\0\0\0\0\0\0\x04\0\0\0\x52\0\
\0\0\xb0\x23\0\0\0\0\0\0\x04\0\0\0\x52\0\0\0\xc0\x23\0\0\0\0\0\0\x04\0\0\0\x52\
\0\0\0\xd0\x23\0\0\0\0\0\0\x04\0\0\0\x52\0\0\0\xe8\x23\0\0\0\0\0\0\x04\0\0\0\
\x58\0\0\0\xf8\x23\0\0\0\0\0\0\x04\0\0\0\x58\0\0\0\x08\x24\0\0\0\0\0\0\x04\0\0\
\0\x58\0\0\0\x18\x24\0\0\0\0\0\0\x04\0\0\0\x58\0\0\0\x28\x24\0\0\0\0\0\0\x04\0\
\0\0\x58\0\0\0\x38\x24\0\0\0\0\0\0\x04\0\0\0\x58\0\0\0\x48\x24\0\0\0\0\0\0\x04\
\0\0\0\x58\0\0\0\x58\x24\0\0\0\0\0\0\x04\0\0\0\x58\0\0\0\x68\x24\0\0\0\0\0\0\
\x04\0\0\0\x58\0\0\0\x78\x24\0\0\0\0\0\0\x04\0\0\0\x58\0\0\0\x88\x24\0\0\0\0\0\
\0\x04\0\0\0\x58\0\0\0\x98\x24\0\0\0\0\0\0\x04\0\0\0\x58\0\0\0\xa8\x24\0\0\0\0\
\0\0\x04\0\0\0\x58\0\0\0\xb8\x24\0\0\0\0\0\0\x04\0\0\0\x58\0\0\0\xc8\x24\0\0\0\
\0\0\0\x04\0\0\0\x58\0\0\0\xd8\x24\0\0\0\0\0\0\x04\0\0\0\x58\0\0\0\xe8\x24\0\0\
\0\0\0\0\x04\0\0\0\x58\0\0\0\xf8\x24\0\0\0\0\0\0\x04\0\0\0\x58\0\0\0\x08\x25\0\
\0\0\0\0\0\x04\0\0\0\x58\0\0\0\x18\x25\0\0\0\0\0\0\x04\0\0\0\x58\0\0\0\x28\x25\
\0\0\0\0\0\0\x04\0\0\0\x58\0\0\0\x38\x25\0\0\0\0\0\0\x04\0\0\0\x58\0\0\0\x48\
\x25\0\0\0\0\0\0\x04\0\0\0\x58\0\0\0\x58\x25\0\0\0\0\0\0\x04\0\0\0\x58\0\0\0\
\x68\x25\0\0\0\0\0\0\x04\0\0\0\x58\0\0\0\x78\x25\0\0\0\0\0\0\x04\0\0\0\x58\0\0\
\0\x88\x25\0\0\0\0\0\0\x04\0\0\0\x58\0\0\0\x98\x25\0\0\0\0\0\0\x04\0\0\0\x58\0\
\0\0\xa8\x25\0\0\0\0\0\0\x04\0\0\0\x58\0\0\0\xc0\x25\0\0\0\0\0\0\x04\0\0\0\x5b\
\0\0\0\xd0\x25\0\0\0\0\0\0\x04\0\0\0\x5b\0\0\0\xe0\x25\0\0\0\0\0\0\x04\0\0\0\
\x5b\0\0\0\xf0\x25\0\0\0\0\0\0\x04\0\0\0\x5b\0\0\0\0\x26\0\0\0\0\0\0\x04\0\0\0\
\x5b\0\0\0\x10\x26\0\0\0\0\0\0\x04\0\0\0\x5b\0\0\0\x20\x26\0\0\0\0\0\0\x04\0\0\
\0\x5b\0\0\0\x30\x26\0\0\0\0\0\0\x04\0\0\0\x5b\0\0\0\x40\x26\0\0\0\0\0\0\x04\0\
\0\0\x5b\0\0\0\x50\x26\0\0\0\0\0\0\x04\0\0\0\x5b\0\0\0\x60\x26\0\0\0\0\0\0\x04\
\0\0\0\x5b\0\0\0\x70\x26\0\0\0\0\0\0\x04\0\0\0\x5b\0\0\0\x80\x26\0\0\0\0\0\0\
\x04\0\0\0\x5b\0\0\0\x90\x26\0\0\0\0\0\0\x04\0\0\0\x5b\0\0\0\xa0\x26\0\0\0\0\0\
\0\x04\0\0\0\x5b\0\0\0\xb0\x26\0\0\0\0\0\0\x04\0\0\0\x5b\0\0\0\xc0\x26\0\0\0\0\
\0\0\x04\0\0\0\x5b\0\0\0\xd0\x26\0\0\0\0\0\0\x04\0\0\0\x5b\0\0\0\xe0\x26\0\0\0\
\0\0\0\x04\0\0\0\x5b\0\0\0\xf0\x26\0\0\0\0\0\0\x04\0\0\0\x5b\0\0\0\0\x27\0\0\0\
\0\0\0\x04\0\0\0\x5b\0\0\0\x10\x27\0\0\0\0\0\0\x04\0\0\0\x5b\0\0\0\x28\x27\0\0\
\0\0\0\0\x04\0\0\0\x5f\0\0\0\x38\x27\0\0\0\0\0\0\x04\0\0\0\x5f\0\0\0\x48\x27\0\
\0\0\0\0\0\x04\0\0\0\x5f\0\0\0\x58\x27\0\0\0\0\0\0\x04\0\0\0\x5f\0\0\0\x68\x27\
\0\0\0\0\0\0\x04\0\0\0\x5f\0\0\0\x78\x27\0\0\0\0\0\0\x04\0\0\0\x5f\0\0\0\x88\
\x27\0\0\0\0\0\0\x04\0\0\0\x5f\0\0\0\x98\x27\0\0\0\0\0\0\x04\0\0\0\x5f\0\0\0\
\xa8\x27\0\0\0\0\0\0\x04\0\0\0\x5f\0\0\0\xb8\x27\0\0\0\0\0\0\x04\0\0\0\x5f\0\0\
\0\xc8\x27\0\0\0\0\0\0\x04\0\0\0\x5f\0\0\0\xd8\x27\0\0\0\0\0\0\x04\0\0\0\x5f\0\
\0\0\xe8\x27\0\0\0\0\0\0\x04\0\0\0\x5f\0\0\0\xf8\x27\0\0\0\0\0\0\x04\0\0\0\x5f\
\0\0\0\x08\x28\0\0\0\0\0\0\x04\0\0\0\x5f\0\0\0\x18\x28\0\0\0\0\0\0\x04\0\0\0\
\x5f\0\0\0\x28\x28\0\0\0\0\0\0\x04\0\0\0\x5f\0\0\0\x38\x28\0\0\0\0\0\0\x04\0\0\
\0\x5f\0\0\0\x48\x28\0\0\0\0\0\0\x04\0\0\0\x5f\0\0\0\x58\x28\0\0\0\0\0\0\x04\0\
\0\0\x5f\0\0\0\x68\x28\0\0\0\0\0\0\x04\0\0\0\x5f\0\0\0\x78\x28\0\0\0\0\0\0\x04\
\0\0\0\x5f\0\0\0\x88\x28\0\0\0\0\0\0\x04\0\0\0\x5f\0\0\0\x98\x28\0\0\0\0\0\0\
\x04\0\0\0\x5f\0\0\0\xa8\x28\0\0\0\0\0\0\x04\0\0\0\x5f\0\0\0\xb8\x28\0\0\0\0\0\
\0\x04\0\0\0\x5f\0\0\0\xc8\x28\0\0\0\0\0\0\x04\0\0\0\x5f\0\0\0\xe0\x28\0\0\0\0\
\0\0\x04\0\0\0\x62\0\0\0\xf0\x28\0\0\0\0\0\0\x04\0\0\0\x62\0\0\0\0\x29\0\0\0\0\
\0\0\x04\0\0\0\x62\0\0\0\x10\x29\0\0\0\0\0\0\x04\0\0\0\x62\0\0\0\x20\x29\0\0\0\
\0\0\0\x04\0\0\0\x62\0\0\0\x30\x29\0\0\0\0\0\0\x04\0\0\0\x62\0\0\0\x40\x29\0\0\
\0\0\0\0\x04\0\0\0\x62\0\0\0\x50\x29\0\0\0\0\0\0\x04\0\0\0\x62\0\0\0\x60\x29\0\
\0\0\0\0\0\x04\0\0\0\x62\0\0\0\x70\x29\0\0\0\0\0\0\x04\0\0\0\x62\0\0\0\x80\x29\
\0\0\0\0\0\0\x04\0\0\0\x62\0\0\0\x90\x29\0\0\0\0\0\0\x04\0\0\0\x62\0\0\0\xa0\
\x29\0\0\0\0\0\0\x04\0\0\0\x62\0\0\0\xb0\x29\0\0\0\0\0\0\x04\0\0\0\x62\0\0\0\
\xc0\x29\0\0\0\0\0\0\x04\0\0\0\x62\0\0\0\xd0\x29\0\0\0\0\0\0\x04\0\0\0\x62\0\0\
\0\xe0\x29\0\0\0\0\0\0\x04\0\0\0\x62\0\0\0\xf0\x29\0\0\0\0\0\0\x04\0\0\0\x62\0\
\0\0\0\x2a\0\0\0\0\0\0\x04\0\0\0\x62\0\0\0\x10\x2a\0\0\0\0\0\0\x04\0\0\0\x62\0\
\0\0\x20\x2a\0\0\0\0\0\0\x04\0\0\0\x62\0\0\0\x30\x2a\0\0\0\0\0\0\x04\0\0\0\x62\
\0\0\0\x4c\x2a\0\0\0\0\0\0\x04\0\0\0\x02\0\0\0\x5c\x2a\0\0\0\0\0\0\x04\0\0\0\
\x02\0\0\0\x6c\x2a\0\0\0\0\0\0\x04\0\0\0\x02\0\0\0\x7c\x2a\0\0\0\0\0\0\x04\0\0\
\0\x02\0\0\0\x8c\x2a\0\0\0\0\0\0\x04\0\0\0\x02\0\0\0\x9c\x2a\0\0\0\0\0\0\x04\0\
\0\0\x02\0\0\0\xac\x2a\0\0\0\0\0\0\x04\0\0\0\x02\0\0\0\xbc\x2a\0\0\0\0\0\0\x04\
\0\0\0\x02\0\0\0\xcc\x2a\0\0\0\0\0\0\x04\0\0\0\x02\0\0\0\xdc\x2a\0\0\0\0\0\0\
\x04\0\0\0\x02\0\0\0\xec\x2a\0\0\0\0\0\0\x04\0\0\0\x02\0\0\0\xfc\x2a\0\0\0\0\0\
\0\x04\0\0\0\x02\0\0\0\x0c\x2b\0\0\0\0\0\0\x04\0\0\0\x02\0\0\0\x1c\x2b\0\0\0\0\
\0\0\x04\0\0\0\x02\0\0\0\x34\x2b\0\0\0\0\0\0\x04\0\0\0\x06\0\0\0\x44\x2b\0\0\0\
\0\0\0\x04\0\0\0\x06\0\0\0\x54\x2b\0\0\0\0\0\0\x04\0\0\0\x06\0\0\0\x64\x2b\0\0\
\0\0\0\0\x04\0\0\0\x06\0\0\0\x74\x2b\0\0\0\0\0\0\x04\0\0\0\x06\0\0\0\x84\x2b\0\
\0\0\0\0\0\x04\0\0\0\x06\0\0\0\x94\x2b\0\0\0\0\0\0\x04\0\0\0\x06\0\0\0\xa4\x2b\
\0\0\0\0\0\0\x04\0\0\0\x06\0\0\0\xbc\x2b\0\0\0\0\0\0\x04\0\0\0\x24\0\0\0\xcc\
\x2b\0\0\0\0\0\0\x04\0\0\0\x24\0\0\0\xdc\x2b\0\0\0\0\0\0\x04\0\0\0\x24\0\0\0\
\xec\x2b\0\0\0\0\0\0\x04\0\0\0\x24\0\0\0\xfc\x2b\0\0\0\0\0\0\x04\0\0\0\x24\0\0\
\0\x14\x2c\0\0\0\0\0\0\x04\0\0\0\x33\0\0\0\x24\x2c\0\0\0\0\0\0\x04\0\0\0\x33\0\
\0\0\x34\x2c\0\0\0\0\0\0\x04\0\0\0\x33\0\0\0\x4c\x2c\0\0\0\0\0\0\x04\0\0\0\x3b\
\0\0\0\x5c\x2c\0\0\0\0\0\0\x04\0\0\0\x3b\0\0\0\x6c\x2c\0\0\0\0\0\0\x04\0\0\0\
\x3b\0\0\0\x84\x2c\0\0\0\0\0\0\x04\0\0\0\x41\0\0\0\x94\x2c\0\0\0\0\0\0\x04\0\0\
\0\x41\0\0\0\xa4\x2c\0\0\0\0\0\0\x04\0\0\0\x41\0\0\0\xb4\x2c\0\0\0\0\0\0\x04\0\
\0\0\x41\0\0\0\xc4\x2c\0\0\0\0\0\0\x04\0\0\0\x41\0\0\0\xdc\x2c\0\0\0\0\0\0\x04\
\0\0\0\x4a\0\0\0\xec\x2c\0\0\0\0\0\0\x04\0\0\0\x4a\0\0\0\xfc\x2c\0\0\0\0\0\0\
\x04\0\0\0\x4a\0\0\0\x14\x2d\0\0\0\0\0\0\x04\0\0\0\x52\0\0\0\x24\x2d\0\0\0\0\0\
\0\x04\0\0\0\x52\0\0\0\x34\x2d\0\0\0\0\0\0\x04\0\0\0\x52\0\0\0\x4c\x2d\0\0\0\0\
\0\0\x04\0\0\0\x58\0\0\0\x5c\x2d\0\0\0\0\0\0\x04\0\0\0\x58\0\0\0\x74\x2d\0\0\0\
\0\0\0\x04\0\0\0\x5b\0\0\0\x8c\x2d\0\0\0\0\0\0\x04\0\0\0\x5f\0\0\0\x9c\x2d\0\0\
\0\0\0\0\x04\0\0\0\x5f\0\0\0\xb4\x2d\0\0\0\0\0\0\x04\0\0\0\x62\0\0\0\x72\x78\
\x79\x7c\x7d\x7e\x7f\x80\x01\x81\x01\x82\x01\x83\x01\x85\x01\x86\x01\x87\x01\
\x88\x01\x89\x01\x8a\x01\x8b\x01\x8c\x01\x8d\x01\x8e\x01\x92\x01\x93\x01\x94\
\x01\x95\x01\x96\x01\x97\x01\x99\x01\x9a\x01\x9b\x01\x73\x74\x98\x01\x75\x77\
\x90\x01\x8f\x01\x9c\x01\x76\x7a\x7b\x84\x01\x91\x01\x0d\x0b\x06\x33\x31\0\x6d\
\x65\x6d\x6c\x65\x61\x6b\x5f\x5f\x70\x65\x72\x63\x70\x75\x5f\x66\x72\x65\x65\
\x5f\x70\x65\x72\x63\x70\x75\0\x2e\x72\x65\x6c\x74\x72\x61\x63\x65\x70\x6f\x69\
\x6e\x74\x2f\x70\x65\x72\x63\x70\x75\x2f\x70\x65\x72\x63\x70\x75\x5f\x66\x72\
\x65\x65\x5f\x70\x65\x72\x63\x70\x75\0\x6d\x65\x6d\x6c\x65\x61\x6b\x5f\x5f\x70\
\x65\x72\x63\x70\x75\x5f\x61\x6c\x6c\x6f\x63\x5f\x70\x65\x72\x63\x70\x75\0\x2e\
\x72\x65\x6c\x74\x72\x61\x63\x65\x70\x6f\x69\x6e\x74\x2f\x70\x65\x72\x63\x70\
\x75\x2f\x70\x65\x72\x63\x70\x75\x5f\x61\x6c\x6c\x6f\x63\x5f\x70\x65\x72\x63\
\x70\x75\0\x2e\x72\x65\x6c\x2e\x74\x65\x78\x74\0\x2e\x72\x65\x6c\x2e\x42\x54\
\x46\x2e\x65\x78\x74\0\x67\x65\x6e\x5f\x66\x72\x65\x65\x5f\x65\x6e\x74\x65\x72\
\x2e\x5f\x5f\x5f\x5f\x66\x6d\x74\0\x67\x65\x6e\x5f\x61\x6c\x6c\x6f\x63\x5f\x65\
\x6e\x74\x65\x72\x2e\x5f\x5f\x5f\x5f\x66\x6d\x74\0\x75\x70\x64\x61\x74\x65\x5f\
\x73\x74\x61\x74\x69\x73\x74\x69\x63\x73\x5f\x64\x65\x6c\x2e\x5f\x5f\x5f\x5f\
\x66\x6d\x74\0\x67\x65\x6e\x5f\x61\x6c\x6c\x6f\x63\x5f\x65\x78\x69\x74\x32\x2e\
\x5f\x5f\x5f\x5f\x66\x6d\x74\0\x6d\x6d\x61\x70\x5f\x65\x78\x69\x74\0\x70\x6f\
\x73\x69\x78\x5f\x6d\x65\x6d\x61\x6c\x69\x67\x6e\x5f\x65\x78\x69\x74\0\x70\x76\
\x61\x6c\x6c\x6f\x63\x5f\x65\x78\x69\x74\0\x6d\x61\x6c\x6c\x6f\x63\x5f\x65\x78\
\x69\x74\0\x72\x65\x61\x6c\x6c\x6f\x63\x5f\x65\x78\x69\x74\0\x63\x61\x6c\x6c\
\x6f\x63\x5f\x65\x78\x69\x74\0\x61\x6c\x69\x67\x6e\x65\x64\x5f\x61\x6c\x6c\x6f\
\x63\x5f\x65\x78\x69\x74\0\x2e\x62\x73\x73\0\x6d\x65\x6d\x70\x74\x72\x73\0\x2e\
\x6d\x61\x70\x73\0\x73\x74\x61\x63\x6b\x5f\x66\x6c\x61\x67\x73\0\x73\x69\x7a\
\x65\x73\0\x73\x74\x61\x63\x6b\x5f\x74\x72\x61\x63\x65\x73\0\x63\x6f\x6d\x62\
\x69\x6e\x65\x64\x5f\x61\x6c\x6c\x6f\x63\x73\0\x6d\x75\x6e\x6d\x61\x70\x5f\x65\
\x6e\x74\x65\x72\0\x6d\x6d\x61\x70\x5f\x65\x6e\x74\x65\x72\0\x70\x6f\x73\x69\
\x78\x5f\x6d\x65\x6d\x61\x6c\x69\x67\x6e\x5f\x65\x6e\x74\x65\x72\0\x66\x72\x65\
\x65\x5f\x65\x6e\x74\x65\x72\0\x70\x76\x61\x6c\x6c\x6f\x63\x5f\x65\x6e\x74\x65\
\x72\0\x6d\x61\x6c\x6c\x6f\x63\x5f\x65\x6e\x74\x65\x72\0\x72\x65\x61\x6c\x6c\
\x6f\x63\x5f\x65\x6e\x74\x65\x72\0\x63\x61\x6c\x6c\x6f\x63\x5f\x65\x6e\x74\x65\
\x72\0\x61\x6c\x69\x67\x6e\x65\x64\x5f\x61\x6c\x6c\x6f\x63\x5f\x65\x6e\x74\x65\
\x72\0\x69\x6e\x69\x74\x69\x61\x6c\x5f\x63\x69\x6e\x66\x6f\0\x74\x72\x61\x63\
\x65\x5f\x61\x6c\x6c\0\x2e\x6c\x6c\x76\x6d\x5f\x61\x64\x64\x72\x73\x69\x67\0\
\x6d\x61\x78\x5f\x73\x69\x7a\x65\0\x6d\x69\x6e\x5f\x73\x69\x7a\x65\0\x70\x61\
\x67\x65\x5f\x73\x69\x7a\x65\0\x73\x61\x6d\x70\x6c\x65\x5f\x72\x61\x74\x65\0\
\x6c\x69\x63\x65\x6e\x73\x65\0\x6d\x65\x6d\x6c\x65\x61\x6b\x5f\x5f\x6b\x66\x72\
\x65\x65\0\x2e\x72\x65\x6c\x74\x72\x61\x63\x65\x70\x6f\x69\x6e\x74\x2f\x6b\x6d\
\x65\x6d\x2f\x6b\x66\x72\x65\x65\0\x77\x61\x5f\x6d\x69\x73\x73\x69\x6e\x67\x5f\
\x66\x72\x65\x65\0\x6d\x65\x6d\x6c\x65\x61\x6b\x5f\x5f\x6b\x6d\x65\x6d\x5f\x63\
\x61\x63\x68\x65\x5f\x66\x72\x65\x65\0\x2e\x72\x65\x6c\x74\x72\x61\x63\x65\x70\
\x6f\x69\x6e\x74\x2f\x6b\x6d\x65\x6d\x2f\x6b\x6d\x65\x6d\x5f\x63\x61\x63\x68\
\x65\x5f\x66\x72\x65\x65\0\x6d\x65\x6d\x6c\x65\x61\x6b\x5f\x5f\x6d\x6d\x5f\x70\
\x61\x67\x65\x5f\x66\x72\x65\x65\0\x2e\x72\x65\x6c\x74\x72\x61\x63\x65\x70\x6f\
\x69\x6e\x74\x2f\x6b\x6d\x65\x6d\x2f\x6d\x6d\x5f\x70\x61\x67\x65\x5f\x66\x72\
\x65\x65\0\x6d\x65\x6d\x6c\x65\x61\x6b\x5f\x5f\x6b\x6d\x61\x6c\x6c\x6f\x63\x5f\
\x6e\x6f\x64\x65\0\x2e\x72\x65\x6c\x74\x72\x61\x63\x65\x70\x6f\x69\x6e\x74\x2f\
\x6b\x6d\x65\x6d\x2f\x6b\x6d\x61\x6c\x6c\x6f\x63\x5f\x6e\x6f\x64\x65\0\x6d\x65\
\x6d\x6c\x65\x61\x6b\x5f\x5f\x6b\x6d\x65\x6d\x5f\x63\x61\x63\x68\x65\x5f\x61\
\x6c\x6c\x6f\x63\x5f\x6e\x6f\x64\x65\0\x2e\x72\x65\x6c\x74\x72\x61\x63\x65\x70\
\x6f\x69\x6e\x74\x2f\x6b\x6d\x65\x6d\x2f\x6b\x6d\x65\x6d\x5f\x63\x61\x63\x68\
\x65\x5f\x61\x6c\x6c\x6f\x63\x5f\x6e\x6f\x64\x65\0\x2e\x72\x65\x6c\x75\x70\x72\
\x6f\x62\x65\0\x2e\x72\x65\x6c\x75\x72\x65\x74\x70\x72\x6f\x62\x65\0\x6d\x65\
\x6d\x6c\x65\x61\x6b\x5f\x5f\x6b\x6d\x61\x6c\x6c\x6f\x63\0\x2e\x72\x65\x6c\x74\
\x72\x61\x63\x65\x70\x6f\x69\x6e\x74\x2f\x6b\x6d\x65\x6d\x2f\x6b\x6d\x61\x6c\
\x6c\x6f\x63\0\x6d\x65\x6d\x6c\x65\x61\x6b\x5f\x5f\x6b\x6d\x65\x6d\x5f\x63\x61\
\x63\x68\x65\x5f\x61\x6c\x6c\x6f\x63\0\x2e\x72\x65\x6c\x74\x72\x61\x63\x65\x70\
\x6f\x69\x6e\x74\x2f\x6b\x6d\x65\x6d\x2f\x6b\x6d\x65\x6d\x5f\x63\x61\x63\x68\
\x65\x5f\x61\x6c\x6c\x6f\x63\0\x6d\x65\x6d\x6c\x65\x61\x6b\x5f\x5f\x6d\x6d\x5f\
\x70\x61\x67\x65\x5f\x61\x6c\x6c\x6f\x63\0\x2e\x72\x65\x6c\x74\x72\x61\x63\x65\
\x70\x6f\x69\x6e\x74\x2f\x6b\x6d\x65\x6d\x2f\x6d\x6d\x5f\x70\x61\x67\x65\x5f\
\x61\x6c\x6c\x6f\x63\0\x2e\x73\x74\x72\x74\x61\x62\0\x2e\x73\x79\x6d\x74\x61\
\x62\0\x2e\x72\x6f\x64\x61\x74\x61\0\x2e\x72\x65\x6c\x2e\x42\x54\x46\0\x4c\x49\
\x43\x45\x4e\x53\x45\0\x4c\x42\x42\x32\x36\x5f\x39\0\x4c\x42\x42\x32\x35\x5f\
\x39\0\x4c\x42\x42\x32\x33\x5f\x39\0\x4c\x42\x42\x32\x32\x5f\x39\0\x4c\x42\x42\
\x32\x31\x5f\x39\0\x4c\x42\x42\x32\x35\x5f\x38\0\x4c\x42\x42\x32\x34\x5f\x38\0\
\x4c\x42\x42\x32\x32\x5f\x38\0\x4c\x42\x42\x32\x30\x5f\x38\0\x4c\x42\x42\x32\
\x36\x5f\x37\0\x4c\x42\x42\x32\x34\x5f\x37\0\x4c\x42\x42\x32\x33\x5f\x37\0\x4c\
\x42\x42\x32\x31\x5f\x37\0\x4c\x42\x42\x32\x30\x5f\x37\0\x4c\x42\x42\x32\x34\
\x5f\x31\x37\0\x4c\x42\x42\x32\x30\x5f\x31\x37\0\x4c\x42\x42\x39\x5f\x36\0\x4c\
\x42\x42\x32\x39\x5f\x36\0\x4c\x42\x42\x32\x38\x5f\x36\0\x4c\x42\x42\x31\x38\
\x5f\x36\0\x4c\x42\x42\x37\x5f\x36\0\x4c\x42\x42\x32\x37\x5f\x36\0\x4c\x42\x42\
\x32\x36\x5f\x36\0\x4c\x42\x42\x31\x36\x5f\x36\0\x4c\x42\x42\x35\x5f\x36\0\x4c\
\x42\x42\x32\x35\x5f\x36\0\x4c\x42\x42\x31\x34\x5f\x36\0\x4c\x42\x42\x33\x5f\
\x36\0\x4c\x42\x42\x32\x33\x5f\x36\0\x4c\x42\x42\x32\x5f\x36\0\x4c\x42\x42\x32\
\x32\x5f\x36\0\x4c\x42\x42\x31\x32\x5f\x36\0\x4c\x42\x42\x32\x31\x5f\x36\0\x4c\
\x42\x42\x30\x5f\x36\0\x4c\x42\x42\x33\x30\x5f\x36\0\x4c\x42\x42\x31\x30\x5f\
\x36\0\x4c\x42\x42\x32\x35\x5f\x31\x36\0\x4c\x42\x42\x32\x32\x5f\x31\x36\0\x4c\
\x42\x42\x32\x35\x5f\x35\0\x4c\x42\x42\x32\x32\x5f\x35\0\x4c\x42\x42\x32\x31\
\x5f\x35\0\x4c\x42\x42\x32\x35\x5f\x31\x35\0\x4c\x42\x42\x32\x34\x5f\x31\x35\0\
\x4c\x42\x42\x32\x32\x5f\x31\x35\0\x4c\x42\x42\x32\x30\x5f\x31\x35\0\x4c\x42\
\x42\x39\x5f\x34\0\x4c\x42\x42\x32\x39\x5f\x34\0\x4c\x42\x42\x32\x38\x5f\x34\0\
\x4c\x42\x42\x31\x38\x5f\x34\0\x4c\x42\x42\x37\x5f\x34\0\x4c\x42\x42\x32\x37\
\x5f\x34\0\x4c\x42\x42\x31\x36\x5f\x34\0\x4c\x42\x42\x35\x5f\x34\0\x4c\x42\x42\
\x31\x34\x5f\x34\0\x4c\x42\x42\x33\x5f\x34\0\x4c\x42\x42\x32\x5f\x34\0\x4c\x42\
\x42\x31\x32\x5f\x34\0\x4c\x42\x42\x30\x5f\x34\0\x4c\x42\x42\x33\x30\x5f\x34\0\
\x4c\x42\x42\x31\x30\x5f\x34\0\x4c\x42\x42\x39\x5f\x33\0\x4c\x42\x42\x32\x38\
\x5f\x33\0\x4c\x42\x42\x32\x36\x5f\x33\0\x4c\x42\x42\x35\x5f\x33\0\x4c\x42\x42\
\x32\x34\x5f\x33\0\x4c\x42\x42\x32\x33\x5f\x33\0\x4c\x42\x42\x32\x5f\x33\0\x4c\
\x42\x42\x31\x31\x5f\x33\0\x4c\x42\x42\x33\x30\x5f\x33\0\x4c\x42\x42\x32\x30\
\x5f\x33\0\x4c\x42\x42\x32\x35\x5f\x31\x33\0\x4c\x42\x42\x32\x32\x5f\x31\x33\0\
\x67\x65\x6e\x5f\x61\x6c\x6c\x6f\x63\x5f\x65\x78\x69\x74\x32\0\x4c\x42\x42\x32\
\x36\x5f\x32\0\x4c\x42\x42\x32\x34\x5f\x32\0\x4c\x42\x42\x32\x33\x5f\x32\0\x4c\
\x42\x42\x32\x30\x5f\x32\0\x4c\x42\x42\x35\x5f\x31\x32\0\x4c\x42\x42\x32\x34\
\x5f\x31\x31\0\x4c\x42\x42\x32\x30\x5f\x31\x31\0\x4c\x42\x42\x35\x5f\x31\x30\0\
\x4c\x42\x42\x32\x34\x5f\x31\x30\0\x4c\x42\x42\x32\x30\x5f\x31\x30\0\0\0\0\0\0\
\0\0\0\0\0\0\0\0\0\0\0\0\0\0\0\0\0\0\0\0\0\0\0\0\0\0\0\0\0\0\0\0\0\0\0\0\0\0\0\
\0\0\0\0\0\0\0\0\0\0\0\0\0\0\0\0\0\0\0\0\0\0\x71\x04\0\0\x03\0\0\0\0\0\0\0\0\0\
\0\0\0\0\0\0\0\0\0\0\x6d\xd0\0\0\0\0\0\0\x39\x07\0\0\0\0\0\0\0\0\0\0\0\0\0\0\
\x01\0\0\0\0\0\0\0\0\0\0\0\0\0\0\0\x91\0\0\0\x01\0\0\0\x06\0\0\0\0\0\0\0\0\0\0\
\0\0\0\0\0\x40\0\0\0\0\0\0\0\xb0\x02\0\0\0\0\0\0\0\0\0\0\0\0\0\0\x08\0\0\0\0\0\
\0\0\0\0\0\0\0\0\0\0\x8d\0\0\0\x09\0\0\0\x40\0\0\0\0\0\0\0\0\0\0\0\0\0\0\0\xc0\
\x95\0\0\0\0\0\0\xb0\0\0\0\0\0\0\0\x25\0\0\0\x02\0\0\0\x08\0\0\0\0\0\0\0\x10\0\
\0\0\0\0\0\0\xb7\x03\0\0\x01\0\0\0\x06\0\0\0\0\0\0\0\0\0\0\0\0\0\0\0\xf0\x02\0\
\0\0\0\0\0\x78\x11\0\0\0\0\0\0\0\0\0\0\0\0\0\0\x08\0\0\0\0\0\0\0\0\0\0\0\0\0\0\
\0\xb3\x03\0\0\x09\0\0\0\x40\0\0\0\0\0\0\0\0\0\0\0\0\0\0\0\x70\x96\0\0\0\0\0\0\
\x90\x04\0\0\0\0\0\0\x25\0\0\0\x04\0\0\0\x08\0\0\0\0\0\0\0\x10\0\0\0\0\0\0\0\
\xc2\x03\0\0\x01\0\0\0\x06\0\0\0\0\0\0\0\0\0\0\0\0\0\0\0\x68\x14\0\0\0\0\0\0\
\xd8\x01\0\0\0\0\0\0\0\0\0\0\0\0\0\0\x08\0\0\0\0\0\0\0\0\0\0\0\0\0\0\0\xbe\x03\
\0\0\x09\0\0\0\x40\0\0\0\0\0\0\0\0\0\0\0\0\0\0\0\0\x9b\0\0\0\0\0\0\xb0\0\0\0\0\
\0\0\0\x25\0\0\0\x06\0\0\0\x08\0\0\0\0\0\0\0\x10\0\0\0\0\0\0\0\xe1\x03\0\0\x01\
\0\0\0\x06\0\0\0\0\0\0\0\0\0\0\0\0\0\0\0\x40\x16\0\0\0\0\0\0\xf8\x03\0\0\0\0\0\
\0\0\0\0\0\0\0\0\0\x08\0\0\0\0\0\0\0\0\0\0\0\0\0\0\0\xdd\x03\0\0\x09\0\0\0\x40\
\0\0\0\0\0\0\0\0\0\0\0\0\0\0\0\xb0\x9b\0\0\0\0\0\0\xe0\0\0\0\0\0\0\0\x25\0\0\0\
\x08\0\0\0\x08\0\0\0\0\0\0\0\x10\0\0\0\0\0\0\0\x4d\x03\0\0\x01\0\0\0\x06\0\0\0\
\0\0\0\0\0\0\0\0\0\0\0\0\x38\x1a\0\0\0\0\0\0\xb0\x03\0\0\0\0\0\0\0\0\0\0\0\0\0\
\0\x08\0\0\0\0\0\0\0\0\0\0\0\0\0\0\0\x49\x03\0\0\x09\0\0\0\x40\0\0\0\0\0\0\0\0\
\0\0\0\0\0\0\0\x90\x9c\0\0\0\0\0\0\xe0\0\0\0\0\0\0\0\x25\0\0\0\x0a\0\0\0\x08\0\
\0\0\0\0\0\0\x10\0\0\0\0\0\0\0\x99\x02\0\0\x01\0\0\0\x06\0\0\0\0\0\0\0\0\0\0\0\
\0\0\0\0\xe8\x1d\0\0\0\0\0\0\xe8\x01\0\0\0\0\0\0\0\0\0\0\0\0\0\0\x08\0\0\0\0\0\
\0\0\0\0\0\0\0\0\0\0\x95\x02\0\0\x09\0\0\0\x40\0\0\0\0\0\0\0\0\0\0\0\0\0\0\0\
\x70\x9d\0\0\0\0\0\0\x60\0\0\0\0\0\0\0\x25\0\0\0\x0c\0\0\0\x08\0\0\0\0\0\0\0\
\x10\0\0\0\0\0\0\0\x17\x04\0\0\x01\0\0\0\x06\0\0\0\0\0\0\0\0\0\0\0\0\0\0\0\xd0\
\x1f\0\0\0\0\0\0\xf8\x03\0\0\0\0\0\0\0\0\0\0\0\0\0\0\x08\0\0\0\0\0\0\0\0\0\0\0\
\0\0\0\0\x13\x04\0\0\x09\0\0\0\x40\0\0\0\0\0\0\0\0\0\0\0\0\0\0\0\xd0\x9d\0\0\0\
\0\0\0\xe0\0\0\0\0\0\0\0\x25\0\0\0\x0e\0\0\0\x08\0\0\0\0\0\0\0\x10\0\0\0\0\0\0\
\0\x8d\x03\0\0\x01\0\0\0\x06\0\0\0\0\0\0\0\0\0\0\0\0\0\0\0\xc8\x23\0\0\0\0\0\0\
\xb0\x03\0\0\0\0\0\0\0\0\0\0\0\0\0\0\x08\0\0\0\0\0\0\0\0\0\0\0\0\0\0\0\x89\x03\
\0\0\x09\0\0\0\x40\0\0\0\0\0\0\0\0\0\0\0\0\0\0\0\xb0\x9e\0\0\0\0\0\0\xe0\0\0\0\
\0\0\0\0\x25\0\0\0\x10\0\0\0\x08\0\0\0\0\0\0\0\x10\0\0\0\0\0\0\0\xdc\x02\0\0\
\x01\0\0\0\x06\0\0\0\0\0\0\0\0\0\0\0\0\0\0\0\x78\x27\0\0\0\0\0\0\xe8\x01\0\0\0\
\0\0\0\0\0\0\0\0\0\0\0\x08\0\0\0\0\0\0\0\0\0\0\0\0\0\0\0\xd8\x02\0\0\x09\0\0\0\
\x40\0\0\0\0\0\0\0\0\0\0\0\0\0\0\0\x90\x9f\0\0\0\0\0\0\x60\0\0\0\0\0\0\0\x25\0\
\0\0\x12\0\0\0\x08\0\0\0\0\0\0\0\x10\0\0\0\0\0\0\0\x53\x04\0\0\x01\0\0\0\x06\0\
\0\0\0\0\0\0\0\0\0\0\0\0\0\0\x60\x29\0\0\0\0\0\0\x10\x02\0\0\0\0\0\0\0\0\0\0\0\
\0\0\0\x08\0\0\0\0\0\0\0\0\0\0\0\0\0\0\0\x4f\x04\0\0\x09\0\0\0\x40\0\0\0\0\0\0\
\0\0\0\0\0\0\0\0\0\xf0\x9f\0\0\0\0\0\0\x80\0\0\0\0\0\0\0\x25\0\0\0\x14\0\0\0\
\x08\0\0\0\0\0\0\0\x10\0\0\0\0\0\0\0\x16\x03\0\0\x01\0\0\0\x06\0\0\0\0\0\0\0\0\
\0\0\0\0\0\0\0\x70\x2b\0\0\0\0\0\0\xc8\x01\0\0\0\0\0\0\0\0\0\0\0\0\0\0\x08\0\0\
\0\0\0\0\0\0\0\0\0\0\0\0\0\x12\x03\0\0\x09\0\0\0\x40\0\0\0\0\0\0\0\0\0\0\0\0\0\
\0\0\x70\xa0\0\0\0\0\0\0\x60\0\0\0\0\0\0\0\x25\0\0\0\x16\0\0\0\x08\0\0\0\0\0\0\
\0\x10\0\0\0\0\0\0\0\x67\0\0\0\x01\0\0\0\x06\0\0\0\0\0\0\0\0\0\0\0\0\0\0\0\x38\
\x2d\0\0\0\0\0\0\xf0\x01\0\0\0\0\0\0\0\0\0\0\0\0\0\0\x08\0\0\0\0\0\0\0\0\0\0\0\
\0\0\0\0\x63\0\0\0\x09\0\0\0\x40\0\0\0\0\0\0\0\0\0\0\0\0\0\0\0\xd0\xa0\0\0\0\0\
\0\0\x70\0\0\0\0\0\0\0\x25\0\0\0\x18\0\0\0\x08\0\0\0\0\0\0\0\x10\0\0\0\0\0\0\0\
\x21\0\0\0\x01\0\0\0\x06\0\0\0\0\0\0\0\0\0\0\0\0\0\0\0\x28\x2f\0\0\0\0\0\0\xc8\
\x01\0\0\0\0\0\0\0\0\0\0\0\0\0\0\x08\0\0\0\0\0\0\0\0\0\0\0\0\0\0\0\x1d\0\0\0\
\x09\0\0\0\x40\0\0\0\0\0\0\0\0\0\0\0\0\0\0\0\x40\xa1\0\0\0\0\0\0\x60\0\0\0\0\0\
\0\0\x25\0\0\0\x1a\0\0\0\x08\0\0\0\0\0\0\0\x10\0\0\0\0\0\0\0\x81\x04\0\0\x01\0\
\0\0\x02\0\0\0\0\0\0\0\0\0\0\0\0\0\0\0\xf0\x30\0\0\0\0\0\0\xbf\0\0\0\0\0\0\0\0\
\0\0\0\0\0\0\0\x08\0\0\0\0\0\0\0\0\0\0\0\0\0\0\0\x7e\x02\0\0\x01\0\0\0\x03\0\0\
\0\0\0\0\0\0\0\0\0\0\0\0\0\xaf\x31\0\0\0\0\0\0\x04\0\0\0\0\0\0\0\0\0\0\0\0\0\0\
\0\x01\0\0\0\0\0\0\0\0\0\0\0\0\0\0\0\x79\x01\0\0\x01\0\0\0\x03\0\0\0\0\0\0\0\0\
\0\0\0\0\0\0\0\xb8\x31\0\0\0\0\0\0\x90\0\0\0\0\0\0\0\0\0\0\0\0\0\0\0\x08\0\0\0\
\0\0\0\0\0\0\0\0\0\0\0\0\x6c\x01\0\0\x08\0\0\0\x03\0\0\0\0\0\0\0\0\0\0\0\0\0\0\
\0\x48\x32\0\0\0\0\0\0\x08\0\0\0\0\0\0\0\0\0\0\0\0\0\0\0\x08\0\0\0\0\0\0\0\0\0\
\0\0\0\0\0\0\x8d\x04\0\0\x01\0\0\0\0\0\0\0\0\0\0\0\0\0\0\0\0\0\0\0\x48\x32\0\0\
\0\0\0\0\xea\x27\0\0\0\0\0\0\0\0\0\0\0\0\0\0\x04\0\0\0\0\0\0\0\0\0\0\0\0\0\0\0\
\x89\x04\0\0\x09\0\0\0\x40\0\0\0\0\0\0\0\0\0\0\0\0\0\0\0\xa0\xa1\0\0\0\0\0\0\
\x20\x01\0\0\0\0\0\0\x25\0\0\0\x20\0\0\0\x08\0\0\0\0\0\0\0\x10\0\0\0\0\0\0\0\
\x9b\0\0\0\x01\0\0\0\0\0\0\0\0\0\0\0\0\0\0\0\0\0\0\0\x34\x5a\0\0\0\0\0\0\xc4\
\x2d\0\0\0\0\0\0\0\0\0\0\0\0\0\0\x04\0\0\0\0\0\0\0\0\0\0\0\0\0\0\0\x97\0\0\0\
\x09\0\0\0\x40\0\0\0\0\0\0\0\0\0\0\0\0\0\0\0\xc0\xa2\0\0\0\0\0\0\x60\x2d\0\0\0\
\0\0\0\x25\0\0\0\x22\0\0\0\x08\0\0\0\0\0\0\0\x10\0\0\0\0\0\0\0\x48\x02\0\0\x03\
\x4c\xff\x6f\0\0\0\x80\0\0\0\0\0\0\0\0\0\0\0\0\x20\xd0\0\0\0\0\0\0\x4d\0\0\0\0\
\0\0\0\0\0\0\0\0\0\0\0\x01\0\0\0\0\0\0\0\0\0\0\0\0\0\0\0\x79\x04\0\0\x02\0\0\0\
\0\0\0\0\0\0\0\0\0\0\0\0\0\0\0\0\xf8\x87\0\0\0\0\0\0\xc8\x0d\0\0\0\0\0\0\x01\0\
\0\0\x68\0\0\0\x08\0\0\0\0\0\0\0\x18\0\0\0\0\0\0\0";

	*sz = sizeof(data) - 1;
	return (const void *)data;
}

#ifdef __cplusplus
struct memleak_bpf *memleak_bpf::open(const struct bpf_object_open_opts *opts) { return memleak_bpf__open_opts(opts); }
struct memleak_bpf *memleak_bpf::open_and_load() { return memleak_bpf__open_and_load(); }
int memleak_bpf::load(struct memleak_bpf *skel) { return memleak_bpf__load(skel); }
int memleak_bpf::attach(struct memleak_bpf *skel) { return memleak_bpf__attach(skel); }
void memleak_bpf::detach(struct memleak_bpf *skel) { memleak_bpf__detach(skel); }
void memleak_bpf::destroy(struct memleak_bpf *skel) { memleak_bpf__destroy(skel); }
const void *memleak_bpf::elf_bytes(size_t *sz) { return memleak_bpf__elf_bytes(sz); }
#endif /* __cplusplus */

__attribute__((unused)) static void
memleak_bpf__assert(struct memleak_bpf *s __attribute__((unused)))
{
#ifdef __cplusplus
#define _Static_assert static_assert
#endif
	_Static_assert(sizeof(s->rodata->min_size) == 8, "unexpected size of 'min_size'");
	_Static_assert(sizeof(s->rodata->max_size) == 8, "unexpected size of 'max_size'");
	_Static_assert(sizeof(s->rodata->page_size) == 8, "unexpected size of 'page_size'");
	_Static_assert(sizeof(s->rodata->sample_rate) == 8, "unexpected size of 'sample_rate'");
	_Static_assert(sizeof(s->rodata->trace_all) == 1, "unexpected size of 'trace_all'");
	_Static_assert(sizeof(s->rodata->stack_flags) == 8, "unexpected size of 'stack_flags'");
	_Static_assert(sizeof(s->rodata->wa_missing_free) == 1, "unexpected size of 'wa_missing_free'");
#ifdef __cplusplus
#undef _Static_assert
#endif
}

#endif /* __MEMLEAK_BPF_SKEL_H__ */
